{"level":"info","message":"Created client session 1306baa2fd64b0c9b104a822","timestamp":"2026-07-04 00:09:02"}
{"level":"info","message":"Created client session c65a3a6588040968751367d5","timestamp":"2026-07-04 00:19:19"}
{"level":"info","message":"Created client session 555c47899884620fb51d6241","timestamp":"2026-07-04 00:20:08"}
{"level":"info","message":"Created client session 974438ff0001e6bc06f62946","timestamp":"2026-07-04 00:20:08"}
{"level":"info","message":"Created client session b41a94fa5b03dccf60caa875","timestamp":"2026-07-04 00:20:09"}
{"level":"info","message":"Created client session 2e649c707ddc1368999889f9","timestamp":"2026-07-04 00:54:00"}
{"level":"info","message":"Created Folder with id [0kY927ozJkICzTVt]","timestamp":"2026-07-04 00:57:48"}
{"level":"info","message":"Created Folder with id [uVdRfwzvQVPLq6EZ]","timestamp":"2026-07-04 00:57:52"}
{"level":"info","message":"Created Folder with id [87Spp50NXb7d5p0p]","timestamp":"2026-07-04 00:58:05"}
{"level":"info","message":"Created Folder with id [QW1KaXdayLzAjZQy]","timestamp":"2026-07-04 00:58:12"}
{"level":"info","message":"Created Folder with id [drfXGci1FlYgvIRb]","timestamp":"2026-07-04 00:58:17"}
{"level":"info","message":"Deleted Actor with id [UURprzVjhkByO8YY]","timestamp":"2026-07-04 00:58:51"}
{"level":"info","message":"Created User with id [VHCXm10moFp0Cn5b]","timestamp":"2026-07-04 00:59:07"}
{"level":"info","message":"Created User with id [KozeLkCf7s0I2baM]","timestamp":"2026-07-04 00:59:07"}
{"level":"info","message":"Created User with id [3vZiDyybi0TUv5gv]","timestamp":"2026-07-04 00:59:07"}
{"level":"info","message":"Created User with id [hisAKmwZpnqyxaz9]","timestamp":"2026-07-04 00:59:08"}
{"level":"info","message":"Created User with id [cBIwMH3b7DjWKHRM]","timestamp":"2026-07-04 00:59:08"}
{"level":"info","message":"No system update for FIST: Ultra Edition is currently available.","timestamp":"2026-07-04 00:59:38"}
{"level":"info","message":"Vended World data to User [xmljeyMGZBPkULO7] in 405ms","timestamp":"2026-07-04 00:59:38"}
{"level":"info","message":"Created Actor with id [mllcWdMqnO2njBE1]","timestamp":"2026-07-04 01:00:00"}
{"level":"info","message":"Created Actor with id [51pZd628y37ZwHkC]","timestamp":"2026-07-04 01:00:06"}
{"level":"info","message":"Created Actor with id [kYyoCa5q0zwc5tQC]","timestamp":"2026-07-04 01:00:11"}
{"level":"info","message":"Created Actor with id [g61NRCkvGSTdHoPK]","timestamp":"2026-07-04 01:00:39"}
{"level":"info","message":"Created Actor with id [DjSeodRobay6PwUy]","timestamp":"2026-07-04 01:00:46"}
{"level":"info","message":"Created Actor with id [sksnONCUDOAvWEyE]","timestamp":"2026-07-04 01:00:51"}
{"level":"info","message":"Created Actor with id [jl1IwaDcZJkSUU3h]","timestamp":"2026-07-04 01:00:58"}
{"level":"info","message":"Created Actor with id [Bi1gGMR9ygEEYqXW]","timestamp":"2026-07-04 01:01:03"}
{"level":"info","message":"Created Actor with id [G3PbCrISOM0eCcnH]","timestamp":"2026-07-04 01:01:11"}
{"level":"info","message":"Created Actor with id [0647oASaoyHikMHR]","timestamp":"2026-07-04 01:01:17"}
{"level":"info","message":"Created Actor with id [Al12lFYJ6ZKJfgOh]","timestamp":"2026-07-04 01:01:23"}
{"level":"info","message":"Created Actor with id [lpNKzeOFpExxnQRy]","timestamp":"2026-07-04 01:01:28"}
{"level":"info","message":"Created Actor with id [jB6sq5s5dt79eVT9]","timestamp":"2026-07-04 01:01:36"}
{"level":"info","message":"Created Actor with id [ZGSLzCCEwYHIX01L]","timestamp":"2026-07-04 01:01:41"}
{"level":"info","message":"Created Actor with id [1soVq3t1urgTFSkK]","timestamp":"2026-07-04 01:01:46"}
{"level":"info","message":"Toggling game pause status to false","timestamp":"2026-07-04 01:05:12"}
{"level":"info","message":"Created Scene with id [IOWKYwlXPrhEMiU6]","timestamp":"2026-07-04 01:11:01"}
{"level":"info","message":"Extracted base64 asset: \"/home/ubuntu/foundryuserdata/Data/worlds/fist-milk-run/assets/scenes/IOWKYwlXPrhEMiU6-thumb.webp\"","timestamp":"2026-07-04 01:11:14"}
{"level":"info","message":"Created Drawing with id [aCT3zBBA10SludH6] in parent Scene [IOWKYwlXPrhEMiU6]","timestamp":"2026-07-04 01:11:40"}
{"level":"info","message":"Created client session 21bc3b0ca6984ce5705c9af4","timestamp":"2026-07-04 01:13:41"}
{"level":"info","message":"Created client session 2aa8ca059aa1fc5d9c7af214","timestamp":"2026-07-04 01:13:42"}
{"level":"info","message":"No system update for FIST: Ultra Edition is currently available.","timestamp":"2026-07-04 01:14:37"}
{"level":"info","message":"Vended World data to User [xmljeyMGZBPkULO7] in 404ms","timestamp":"2026-07-04 01:14:37"}
{"level":"info","message":"Created ChatMessage with id [z4NLQ0TX6xdYfaP4]","timestamp":"2026-07-04 01:14:38"}
{"level":"info","message":"Created client session 8d25e6408ba53e7ab76d36f5","timestamp":"2026-07-04 01:16:40"}
{"ip":"38.143.253.121","level":"info","message":"User authentication successful for user Coffee","session":"8d25e6408ba53e7ab76d36f5","timestamp":"2026-07-04 01:18:27"}
{"level":"info","message":"No system update for FIST: Ultra Edition is currently available.","timestamp":"2026-07-04 01:18:28"}
{"level":"info","message":"Vended World data to User [VHCXm10moFp0Cn5b] in 463ms","timestamp":"2026-07-04 01:18:28"}
{"level":"info","message":"Created ChatMessage with id [DCdMvU3FHJTj3xzZ]","timestamp":"2026-07-04 01:18:29"}
{"level":"info","message":"Logged user VHCXm10moFp0Cn5b out of active World","timestamp":"2026-07-04 01:18:50"}
{"ip":"38.143.253.121","level":"info","message":"User authentication successful for user Darakoi","session":"8d25e6408ba53e7ab76d36f5","timestamp":"2026-07-04 01:18:52"}
{"level":"info","message":"No system update for FIST: Ultra Edition is currently available.","timestamp":"2026-07-04 01:18:53"}
{"level":"info","message":"Vended World data to User [KozeLkCf7s0I2baM] in 347ms","timestamp":"2026-07-04 01:18:53"}
{"level":"info","message":"Created ChatMessage with id [Ce4QmgdNhvm63CCV]","timestamp":"2026-07-04 01:18:53"}
{"level":"info","message":"Logged user KozeLkCf7s0I2baM out of active World","timestamp":"2026-07-04 01:19:03"}
{"ip":"38.143.253.121","level":"info","message":"User authentication successful for user Lebastian","session":"8d25e6408ba53e7ab76d36f5","timestamp":"2026-07-04 01:19:06"}
{"level":"info","message":"No system update for FIST: Ultra Edition is currently available.","timestamp":"2026-07-04 01:19:07"}
{"level":"info","message":"Vended World data to User [3vZiDyybi0TUv5gv] in 361ms","timestamp":"2026-07-04 01:19:07"}
{"level":"info","message":"Created ChatMessage with id [0t1bRF8yhVGaLZ6R]","timestamp":"2026-07-04 01:19:07"}
{"level":"info","message":"Logged user 3vZiDyybi0TUv5gv out of active World","timestamp":"2026-07-04 01:19:20"}
{"ip":"38.143.253.121","level":"info","message":"User authentication successful for user Levi","session":"8d25e6408ba53e7ab76d36f5","timestamp":"2026-07-04 01:19:23"}
{"level":"info","message":"No system update for FIST: Ultra Edition is currently available.","timestamp":"2026-07-04 01:19:24"}
{"level":"info","message":"Vended World data to User [hisAKmwZpnqyxaz9] in 369ms","timestamp":"2026-07-04 01:19:24"}
{"level":"info","message":"Created ChatMessage with id [apnvoPo9AgTTbWdF]","timestamp":"2026-07-04 01:19:25"}
{"level":"info","message":"Logged user hisAKmwZpnqyxaz9 out of active World","timestamp":"2026-07-04 01:19:42"}
{"ip":"38.143.253.121","level":"info","message":"User authentication successful for user Yuri","session":"8d25e6408ba53e7ab76d36f5","timestamp":"2026-07-04 01:19:44"}
{"level":"info","message":"No system update for FIST: Ultra Edition is currently available.","timestamp":"2026-07-04 01:19:45"}
{"level":"info","message":"Vended World data to User [cBIwMH3b7DjWKHRM] in 380ms","timestamp":"2026-07-04 01:19:45"}
{"level":"info","message":"Created ChatMessage with id [N1rf4xqwWaIOXXvK]","timestamp":"2026-07-04 01:19:46"}
{"level":"info","message":"Logged user cBIwMH3b7DjWKHRM out of active World","timestamp":"2026-07-04 01:19:58"}
{"level":"info","message":"Logged user xmljeyMGZBPkULO7 out of active World","timestamp":"2026-07-04 01:20:17"}
{"ip":"38.143.253.121","level":"info","message":"User authentication successful for user Gamemaster","session":"a62de2da65a8ae0422bce938","timestamp":"2026-07-04 01:20:24"}
{"level":"info","message":"No system update for FIST: Ultra Edition is currently available.","timestamp":"2026-07-04 01:20:25"}
{"level":"info","message":"Vended World data to User [xmljeyMGZBPkULO7] in 371ms","timestamp":"2026-07-04 01:20:25"}
{"level":"info","message":"No system update for FIST: Ultra Edition is currently available.","timestamp":"2026-07-04 01:20:30"}
{"level":"info","message":"Vended World data to User [xmljeyMGZBPkULO7] in 355ms","timestamp":"2026-07-04 01:20:30"}
{"level":"info","message":"Deactivating session a62de2da65a8ae0422bce938 for User xmljeyMGZBPkULO7","timestamp":"2026-07-04 01:20:52"}
{"level":"info","message":"Created client session 8c23e5fa012f3226c693f99c","timestamp":"2026-07-04 01:20:53"}
{"ip":"38.143.253.121","level":"info","message":"User authentication successful for user Gamemaster","session":"8c23e5fa012f3226c693f99c","timestamp":"2026-07-04 01:21:02"}
{"level":"info","message":"No system update for FIST: Ultra Edition is currently available.","timestamp":"2026-07-04 01:21:03"}
{"level":"info","message":"Vended World data to User [xmljeyMGZBPkULO7] in 449ms","timestamp":"2026-07-04 01:21:03"}
{"level":"info","message":"Logged user xmljeyMGZBPkULO7 out of active World","timestamp":"2026-07-04 01:21:07"}
{"ip":"38.143.253.121","level":"info","message":"User authentication successful for user Coffee","session":"8c23e5fa012f3226c693f99c","timestamp":"2026-07-04 01:21:09"}
{"level":"info","message":"No system update for FIST: Ultra Edition is currently available.","timestamp":"2026-07-04 01:21:10"}
{"level":"info","message":"Vended World data to User [VHCXm10moFp0Cn5b] in 374ms","timestamp":"2026-07-04 01:21:10"}
{"level":"info","message":"Logged user VHCXm10moFp0Cn5b out of active World","timestamp":"2026-07-04 01:21:11"}
{"ip":"38.143.253.121","level":"warn","message":"User authentication failed for user Gamemaster; invalid password","session":"8c23e5fa012f3226c693f99c","status":401,"timestamp":"2026-07-04 01:21:13"}
{"ip":"38.143.253.121","level":"info","message":"User authentication successful for user Gamemaster","session":"8c23e5fa012f3226c693f99c","timestamp":"2026-07-04 01:21:18"}
{"level":"info","message":"No system update for FIST: Ultra Edition is currently available.","timestamp":"2026-07-04 01:21:19"}
{"level":"info","message":"Vended World data to User [xmljeyMGZBPkULO7] in 396ms","timestamp":"2026-07-04 01:21:19"}
{"level":"info","message":"Logged user xmljeyMGZBPkULO7 out of active World","timestamp":"2026-07-04 01:21:21"}
{"ip":"38.143.253.121","level":"info","message":"User authentication successful for user Darakoi","session":"8c23e5fa012f3226c693f99c","timestamp":"2026-07-04 01:21:36"}
{"level":"info","message":"No system update for FIST: Ultra Edition is currently available.","timestamp":"2026-07-04 01:21:37"}
{"level":"info","message":"Vended World data to User [KozeLkCf7s0I2baM] in 394ms","timestamp":"2026-07-04 01:21:37"}
{"level":"info","message":"Logged user KozeLkCf7s0I2baM out of active World","timestamp":"2026-07-04 01:21:40"}
{"ip":"38.143.253.121","level":"info","message":"User authentication successful for user Lebastian","session":"8d25e6408ba53e7ab76d36f5","timestamp":"2026-07-04 01:22:29"}
{"level":"info","message":"No system update for FIST: Ultra Edition is currently available.","timestamp":"2026-07-04 01:22:31"}
{"level":"info","message":"Vended World data to User [3vZiDyybi0TUv5gv] in 412ms","timestamp":"2026-07-04 01:22:31"}
{"level":"info","message":"Logged user 3vZiDyybi0TUv5gv out of active World","timestamp":"2026-07-04 01:22:32"}
{"ip":"38.143.253.121","level":"warn","message":"User authentication failed for user Gamemaster; invalid password","session":"8d25e6408ba53e7ab76d36f5","status":401,"timestamp":"2026-07-04 01:22:36"}
{"ip":"38.143.253.121","level":"info","message":"User authentication successful for user Levi","session":"8d25e6408ba53e7ab76d36f5","timestamp":"2026-07-04 01:22:38"}
{"level":"info","message":"No system update for FIST: Ultra Edition is currently available.","timestamp":"2026-07-04 01:22:40"}
{"level":"info","message":"Vended World data to User [hisAKmwZpnqyxaz9] in 383ms","timestamp":"2026-07-04 01:22:40"}
{"ip":"38.143.253.121","level":"info","message":"User authentication successful for user Gamemaster","session":"8c23e5fa012f3226c693f99c","timestamp":"2026-07-04 01:24:31"}
{"level":"info","message":"No system update for FIST: Ultra Edition is currently available.","timestamp":"2026-07-04 01:24:33"}
{"level":"info","message":"Vended World data to User [xmljeyMGZBPkULO7] in 381ms","timestamp":"2026-07-04 01:24:33"}
{"level":"info","message":"Created Actor with id [TvO01VGQZqj8aYV6]","timestamp":"2026-07-04 01:24:39"}
{"level":"info","message":"Created Item with id [plrIpnU9wrIlNf7A] in parent Actor [TvO01VGQZqj8aYV6]","timestamp":"2026-07-04 01:24:46"}
{"level":"info","message":"Deleted Item with id [plrIpnU9wrIlNf7A] in parent Actor [TvO01VGQZqj8aYV6]","timestamp":"2026-07-04 01:24:49"}
{"level":"info","message":"Created ChatMessage with id [qdgKuSBRTdqlxWdT]","timestamp":"2026-07-04 01:24:51"}
{"level":"info","message":"Created ChatMessage with id [ynMICjhtAzP8RzvF]","timestamp":"2026-07-04 01:24:59"}
{"level":"info","message":"Created ChatMessage with id [M8pkl5EBumkTZrlh]","timestamp":"2026-07-04 01:25:06"}
{"level":"info","message":"Created ChatMessage with id [G6EkqdXgBlawT6Ed]","timestamp":"2026-07-04 01:25:13"}
{"level":"info","message":"Logged user xmljeyMGZBPkULO7 out of active World","timestamp":"2026-07-04 01:25:27"}
{"level":"info","message":"Created client session 4f5968847bb3e0a3aaf9f46e","timestamp":"2026-07-04 01:27:10"}
{"ip":"38.143.253.121","level":"info","message":"User authentication successful for user Gamemaster","session":"8c23e5fa012f3226c693f99c","timestamp":"2026-07-04 01:30:52"}
{"level":"info","message":"No system update for FIST: Ultra Edition is currently available.","timestamp":"2026-07-04 01:30:53"}
{"level":"info","message":"Vended World data to User [xmljeyMGZBPkULO7] in 378ms","timestamp":"2026-07-04 01:30:53"}
{"level":"info","message":"Created Item with id [fSdpf8jsCIObZp1n] in parent Actor [TvO01VGQZqj8aYV6]","timestamp":"2026-07-04 01:31:02"}
{"level":"info","message":"Created client session dc177d28960e51341c1040af","timestamp":"2026-07-04 01:57:01"}
{"level":"info","message":"Created client session e97dbed3c88bbd68c16970a7","timestamp":"2026-07-04 01:57:06"}
{"level":"info","message":"Created client session d81f53a6147c2eed1904d885","timestamp":"2026-07-04 01:57:06"}
{"ip":"174.63.37.162","level":"info","message":"User authentication successful for user Coffee","session":"dc177d28960e51341c1040af","timestamp":"2026-07-04 01:57:07"}
{"level":"info","message":"No system update for FIST: Ultra Edition is currently available.","timestamp":"2026-07-04 01:57:09"}
{"level":"info","message":"Vended World data to User [VHCXm10moFp0Cn5b] in 447ms","timestamp":"2026-07-04 01:57:09"}
{"level":"info","message":"Created client session bf608f0ec53d00626c58fd4a","timestamp":"2026-07-04 01:57:11"}
{"level":"info","message":"Created client session 9dc833d308e56b1d9b464334","timestamp":"2026-07-04 02:20:54"}
{"level":"info","message":"Created client session 2014a93aa5ac6482dfd4de0f","timestamp":"2026-07-04 02:28:31"}
{"level":"info","message":"Created client session 7ba441e82f7925d386d2af0c","timestamp":"2026-07-04 03:20:04"}
{"level":"info","message":"Created client session 19d818a9924c7b4d0cbac942","timestamp":"2026-07-04 03:49:54"}
{"level":"info","message":"Created client session d4a83e334fef7d4c6ba74f9c","timestamp":"2026-07-04 03:51:07"}
{"level":"info","message":"Created client session d5dc80918c7adefc2459c25f","timestamp":"2026-07-04 04:18:37"}
{"level":"info","message":"Logged user xmljeyMGZBPkULO7 out of active World","timestamp":"2026-07-04 04:19:22"}
{"ip":"38.143.253.121","level":"info","message":"User authentication successful for user Gamemaster","session":"8c23e5fa012f3226c693f99c","timestamp":"2026-07-04 04:19:34"}
{"level":"info","message":"No system update for FIST: Ultra Edition is currently available.","timestamp":"2026-07-04 04:19:36"}
{"level":"info","message":"Vended World data to User [xmljeyMGZBPkULO7] in 349ms","timestamp":"2026-07-04 04:19:36"}
{"level":"info","message":"Created Scene with id [Qd6o0lUHPQsYtKTl]","timestamp":"2026-07-04 04:20:31"}
{"level":"info","message":"Created client session ac88bbddc99243f4f673c52a","timestamp":"2026-07-04 04:21:38"}
{"level":"info","message":"Created client session 9765fc15e4364646dfcc3dc6","timestamp":"2026-07-04 04:24:56"}
{"level":"info","message":"Created client session 075c2cfb9337aed531efd5b9","timestamp":"2026-07-04 04:24:56"}
{"level":"info","message":"Created client session 6abe28ecd0c41f04ff055d65","timestamp":"2026-07-04 04:24:56"}
{"level":"info","message":"Created client session b25dd4b445e826a56160c5ba","timestamp":"2026-07-04 04:24:56"}
{"level":"info","message":"Created client session f53695d97dd4b9b85bb37073","timestamp":"2026-07-04 04:24:56"}
{"level":"info","message":"Created client session e4c3ff3bbbd127c12201f828","timestamp":"2026-07-04 04:24:57"}
{"level":"info","message":"Created client session 7b15898cff5214cb0df41250","timestamp":"2026-07-04 04:24:57"}
{"level":"info","message":"Created client session 2e823271ffeeab8c92b12e2d","timestamp":"2026-07-04 04:24:57"}
{"level":"info","message":"Created client session 40185db0ced8712fad836386","timestamp":"2026-07-04 04:24:57"}
{"level":"info","message":"Created client session 24df7e15c7fae760df93fbfe","timestamp":"2026-07-04 04:24:57"}
{"level":"info","message":"Created client session c08dcd09426f970d8a33fe56","timestamp":"2026-07-04 04:24:57"}
{"level":"info","message":"Created client session 601282f445eec955d016ee78","timestamp":"2026-07-04 04:24:57"}
{"level":"info","message":"Created client session 37f40a1fd97e644427147548","timestamp":"2026-07-04 04:24:57"}
{"level":"info","message":"Created client session 9d8b4a5a62da2aec5e644bed","timestamp":"2026-07-04 04:24:58"}
{"level":"info","message":"Created client session 002a3371f1b502b2ea0b1200","timestamp":"2026-07-04 04:24:58"}
{"level":"info","message":"Created client session 15a8b091839e70049317cb43","timestamp":"2026-07-04 04:24:58"}
{"level":"info","message":"Created client session cc2a62859ea369f0ff845ffc","timestamp":"2026-07-04 04:24:58"}
{"level":"info","message":"Created client session 78acce19c0def786da16f012","timestamp":"2026-07-04 04:24:58"}
{"level":"info","message":"Created client session c8750c5f96c79736c29155f9","timestamp":"2026-07-04 04:24:58"}
{"level":"info","message":"Created client session 2afabb90fa021076f407fb8a","timestamp":"2026-07-04 04:24:58"}
{"level":"info","message":"Created client session 4cc1919c43184e657279fe02","timestamp":"2026-07-04 04:24:58"}
{"level":"info","message":"Created client session 9ea02217049c87b6e833f95d","timestamp":"2026-07-04 04:24:58"}
{"level":"info","message":"Created client session 787cba46f837419d7e6a74ce","timestamp":"2026-07-04 04:24:59"}
{"level":"info","message":"Created client session a783fb5e9f13e9826efb1d22","timestamp":"2026-07-04 04:24:59"}
{"level":"info","message":"Created client session 4c0507a238c143d9b9e25cfb","timestamp":"2026-07-04 04:24:59"}
{"level":"info","message":"Created client session ebe5053a4ba9f6235fd4e14c","timestamp":"2026-07-04 04:24:59"}
{"level":"info","message":"Created client session f0d3453fa26b062e22be2e44","timestamp":"2026-07-04 04:24:59"}
{"level":"info","message":"Created client session e61bf00f2fcc7fd3d06318bc","timestamp":"2026-07-04 04:24:59"}
{"level":"info","message":"Created client session 5ff4c0d2ec93b5469405bcc5","timestamp":"2026-07-04 04:24:59"}
{"level":"info","message":"Created client session f731cd120bfdb4b4a65608de","timestamp":"2026-07-04 04:24:59"}
{"level":"info","message":"Created client session 328e20e52dce89537b9d562e","timestamp":"2026-07-04 04:25:00"}
{"level":"info","message":"Created client session 21b8ca32390d895e6951760b","timestamp":"2026-07-04 04:25:00"}
{"level":"info","message":"Created client session 9d886fe7367bcd3badffa79b","timestamp":"2026-07-04 04:25:00"}
{"level":"info","message":"Created client session 754e990f9b380916ebd99489","timestamp":"2026-07-04 04:25:00"}
{"level":"info","message":"Created client session 56dd88df4dd404afd8b5b5c3","timestamp":"2026-07-04 04:25:00"}
{"level":"info","message":"Created client session e6e300547460bf975f5c28f6","timestamp":"2026-07-04 04:25:00"}
{"level":"info","message":"Created client session 799d4d0284925cc4f2a9d096","timestamp":"2026-07-04 04:25:00"}
{"level":"info","message":"Created client session 5e94ae9fd8e8157451ee6210","timestamp":"2026-07-04 04:25:00"}
{"level":"info","message":"Created client session 34ae3ee6388fae1fc6cb57d7","timestamp":"2026-07-04 04:25:01"}
{"level":"info","message":"Created client session 7eb2e8ac9b6a8e8569b1d05e","timestamp":"2026-07-04 04:25:01"}
{"level":"info","message":"Created client session a8c5477dbcdc9aa056a61e69","timestamp":"2026-07-04 04:25:01"}
{"level":"info","message":"Created client session e1233f9ec9edf1d2482b1e35","timestamp":"2026-07-04 04:25:01"}
{"level":"info","message":"Created client session 1fa7abe26c561571b3c9751b","timestamp":"2026-07-04 04:25:01"}
{"level":"info","message":"Created client session e0be9a823acc6edd7fe162a4","timestamp":"2026-07-04 04:25:01"}
{"level":"info","message":"Created client session 9fb76df6918621ebd89bb490","timestamp":"2026-07-04 04:25:01"}
{"level":"info","message":"Created client session 81937c3d6e366bed07f812d6","timestamp":"2026-07-04 04:25:01"}
{"level":"info","message":"Created client session bc68f6ddfef6fe7934ae12f0","timestamp":"2026-07-04 04:25:02"}
{"level":"info","message":"Created client session 0520ea61eaff97b16f6294b3","timestamp":"2026-07-04 04:25:02"}
{"level":"info","message":"Created client session f88c8db8d19faaada4efaf01","timestamp":"2026-07-04 04:25:02"}
{"level":"info","message":"Created client session 6df8674cc5b44c9c2479eff9","timestamp":"2026-07-04 04:25:02"}
{"level":"info","message":"Created client session 6626f787d7f1f39f51aaeb16","timestamp":"2026-07-04 04:25:02"}
{"level":"info","message":"Created client session 14aff5cd4763e5d7eb50fe75","timestamp":"2026-07-04 04:25:02"}
{"level":"info","message":"Created client session d7895296d468e7edf9619a0b","timestamp":"2026-07-04 04:25:02"}
{"level":"info","message":"Created client session 87b537a03bfc2f2c787940e0","timestamp":"2026-07-04 04:25:02"}
{"level":"info","message":"Created client session 6dece755c5781873f1fd98d7","timestamp":"2026-07-04 04:25:02"}
{"level":"info","message":"Created client session aa01a30da6ddf46cb4b8ecbb","timestamp":"2026-07-04 04:25:03"}
{"level":"info","message":"Created client session 723807b4822996bfc97a7b0a","timestamp":"2026-07-04 04:25:03"}
{"level":"info","message":"Created client session aa0b5e46575a37b93ff253bb","timestamp":"2026-07-04 04:25:03"}
{"level":"info","message":"Created client session 12d0d40ea7ab28429aa71c1f","timestamp":"2026-07-04 04:25:03"}
{"level":"info","message":"Created client session 6c90306b4a417ff69d534109","timestamp":"2026-07-04 04:25:03"}
{"level":"info","message":"Created client session 0aa242041096b877d55938ec","timestamp":"2026-07-04 04:25:03"}
{"level":"info","message":"Created client session ecec751f87b9cbc0307ebef3","timestamp":"2026-07-04 04:25:03"}
{"level":"info","message":"Created client session 22010f6cf4060301fa925ab7","timestamp":"2026-07-04 04:25:03"}
{"level":"info","message":"Created client session 2318113a2f292eecb2dffb0a","timestamp":"2026-07-04 04:25:04"}
{"level":"info","message":"Created client session 964b4d70e2fd10a1a34d60a4","timestamp":"2026-07-04 04:25:04"}
{"level":"info","message":"Created client session eb9cb300f3bf6084cabb0975","timestamp":"2026-07-04 04:25:04"}
{"level":"info","message":"Created client session 84948f914dce917c4a5cba6b","timestamp":"2026-07-04 04:25:04"}
{"level":"info","message":"Created client session 927a89043a613b5b290112b4","timestamp":"2026-07-04 04:25:04"}
{"level":"info","message":"Created client session 68494bf789f07c9ca2d8e6e7","timestamp":"2026-07-04 04:25:04"}
{"level":"info","message":"Created client session f00b4d56dd74810f7206b7fe","timestamp":"2026-07-04 04:25:04"}
{"level":"info","message":"Created client session 01e629de1390dd3534ef4664","timestamp":"2026-07-04 04:25:04"}
{"level":"info","message":"Created client session 8be96a560628698845b2787f","timestamp":"2026-07-04 04:25:05"}
{"level":"info","message":"Created client session eeb268420f2364830a8f45ab","timestamp":"2026-07-04 04:25:05"}
{"level":"info","message":"Created client session 42b6b2949edfe635ea845170","timestamp":"2026-07-04 04:25:05"}
{"level":"info","message":"Created client session e4f963627308cfaec8bab960","timestamp":"2026-07-04 04:25:05"}
{"level":"info","message":"Created client session 43e912e7c364f7f53664cd0a","timestamp":"2026-07-04 04:25:05"}
{"level":"info","message":"Created client session d92141e93d7e2852b301ffcb","timestamp":"2026-07-04 04:25:05"}
{"level":"info","message":"Created client session 508521c76fbc28c6eb27f6ce","timestamp":"2026-07-04 04:25:05"}
{"level":"info","message":"Created client session 5c30403fe45e554972fa1114","timestamp":"2026-07-04 04:25:05"}
{"level":"info","message":"Created client session f417af31f161b9a7ac8bae2b","timestamp":"2026-07-04 04:25:05"}
{"level":"info","message":"Created client session 3944ccfec139c531b1bdaa4e","timestamp":"2026-07-04 04:25:06"}
{"level":"info","message":"Created client session 6a87b6bba00b91733f6f0ede","timestamp":"2026-07-04 04:25:06"}
{"level":"info","message":"Created client session 069a20a398c0bec237102bb8","timestamp":"2026-07-04 04:25:06"}
{"level":"info","message":"Created client session 2c0c83a5d9aa41a4b9867166","timestamp":"2026-07-04 04:25:06"}
{"level":"info","message":"Created client session a4691ff9486e7801c71ac768","timestamp":"2026-07-04 04:25:06"}
{"level":"info","message":"Created client session b9f60895452c92ccde353ef6","timestamp":"2026-07-04 04:25:06"}
{"level":"info","message":"Created client session 18e3bc9d5be143b05dc4ec99","timestamp":"2026-07-04 04:25:06"}
{"level":"info","message":"Created client session 89b7600582a4b7ebb13259a4","timestamp":"2026-07-04 04:25:06"}
{"level":"info","message":"Created client session ccf0a402dc1904d7674b52ff","timestamp":"2026-07-04 04:25:07"}
{"level":"info","message":"Created client session c420bf5238977bbefc593181","timestamp":"2026-07-04 04:25:07"}
{"level":"info","message":"Created client session d397a9da970387d33a25c959","timestamp":"2026-07-04 04:25:07"}
{"level":"info","message":"Created client session 3bd11f95913432a14c0085f1","timestamp":"2026-07-04 04:25:07"}
{"level":"info","message":"Created client session 62091f0ab2c4a56612459ed6","timestamp":"2026-07-04 04:25:07"}
{"level":"info","message":"Created client session 57305775c31b842f32adc5fa","timestamp":"2026-07-04 04:25:07"}
{"level":"info","message":"Created client session 94065db45b87fce860ca0be5","timestamp":"2026-07-04 04:25:07"}
{"level":"info","message":"Created client session 7d3259bc7e49720eb56c6cdf","timestamp":"2026-07-04 04:25:07"}
{"level":"info","message":"Created client session 9c0f6317c0e4b6522365da47","timestamp":"2026-07-04 04:25:08"}
{"level":"info","message":"Created client session d4b5184b1434b57590972819","timestamp":"2026-07-04 04:25:08"}
{"level":"info","message":"Created client session a46424b7a0930bbf3c0af04e","timestamp":"2026-07-04 04:25:08"}
{"level":"info","message":"Created client session aad39a7a146a7a9ea67623ea","timestamp":"2026-07-04 04:25:08"}
{"level":"info","message":"Created client session ba2d042eff65596ac2272247","timestamp":"2026-07-04 04:25:08"}
{"level":"info","message":"Created client session 21774373d363163930c2bf16","timestamp":"2026-07-04 04:25:08"}
{"level":"info","message":"Created client session 6c4a85afe1e6ed055340ff81","timestamp":"2026-07-04 04:25:08"}
{"level":"info","message":"Created client session 0aad4ffc15fe86de1a21d733","timestamp":"2026-07-04 04:25:08"}
{"level":"info","message":"Created client session dd4aebddef8d04452abe5530","timestamp":"2026-07-04 04:25:09"}
{"level":"info","message":"Created client session a43d42786b69c28982a6ba1b","timestamp":"2026-07-04 04:25:09"}
{"level":"info","message":"Created client session d61a9f8040468f4751b277a5","timestamp":"2026-07-04 04:25:09"}
{"level":"info","message":"Created client session d87b9e797744535b0856ce37","timestamp":"2026-07-04 04:25:09"}
{"level":"info","message":"Created client session 52b0f8d8c651a7edabb03aa5","timestamp":"2026-07-04 04:25:09"}
{"level":"info","message":"Created client session 91df983bdd68ca97c705f1d1","timestamp":"2026-07-04 04:25:09"}
{"level":"info","message":"Created client session e82495dbc3b64100e4c1729f","timestamp":"2026-07-04 04:25:09"}
{"level":"info","message":"Created client session f2c39d750f1f2f7564442711","timestamp":"2026-07-04 04:25:09"}
{"level":"info","message":"Created client session 9e3b6893dc672331df00e0fc","timestamp":"2026-07-04 04:25:09"}
{"level":"info","message":"Created client session e944da1ff29608703e840fc5","timestamp":"2026-07-04 04:25:10"}
{"level":"info","message":"Created client session 277d264d155a75bd90ee7201","timestamp":"2026-07-04 04:25:10"}
{"level":"info","message":"Created client session a2c1b2c19f6d7d7acb43884b","timestamp":"2026-07-04 04:25:10"}
{"level":"info","message":"Created client session ff69fe4d873e1b4b3b8adfa4","timestamp":"2026-07-04 04:25:10"}
{"level":"info","message":"Created client session ca7d6a75e4a674f9a3bf0f42","timestamp":"2026-07-04 04:25:10"}
{"level":"info","message":"Created client session 82262c7d9977789240be2d91","timestamp":"2026-07-04 04:25:10"}
{"level":"info","message":"Created client session dce41b7c260edc6ea32a1b22","timestamp":"2026-07-04 04:25:10"}
{"level":"info","message":"Created client session d088808b00b248e71fe6c633","timestamp":"2026-07-04 04:25:10"}
{"level":"info","message":"Created client session 80ba39efad5ec314a523434b","timestamp":"2026-07-04 04:25:11"}
{"level":"info","message":"Created client session a113c4ddc63150a2e4646762","timestamp":"2026-07-04 04:25:11"}
{"level":"info","message":"Created client session d60706378f03b15604a309e5","timestamp":"2026-07-04 04:25:11"}
{"level":"info","message":"Created client session cb74d9f0e302bff86cec831a","timestamp":"2026-07-04 04:25:11"}
{"level":"info","message":"Created client session 480a8397802e4a93fd699d87","timestamp":"2026-07-04 04:25:11"}
{"level":"info","message":"Created client session 8c52651a82c9c15b0620241c","timestamp":"2026-07-04 04:31:13"}
{"level":"info","message":"Created client session cc4b5e33fd21b28e2027e2c3","timestamp":"2026-07-04 04:31:14"}
{"level":"info","message":"Created client session 261b926adf1f90b7c17579a8","timestamp":"2026-07-04 04:31:24"}
{"level":"info","message":"Created client session a3048efa60c67775092b3dc1","timestamp":"2026-07-04 04:31:24"}
{"level":"info","message":"Created client session 5778510a92cf09f425bfc9ba","timestamp":"2026-07-04 04:31:25"}
{"level":"info","message":"Created client session 4c58cda053014f71159a7038","timestamp":"2026-07-04 04:39:53"}
{"level":"info","message":"Created client session 3ff3a086254989741d9afb46","timestamp":"2026-07-04 04:56:33"}
{"level":"info","message":"Created client session 9a23016d78693870a5721230","timestamp":"2026-07-04 04:58:10"}
{"level":"info","message":"Created client session 828dac7860ca227c8eb6c968","timestamp":"2026-07-04 04:58:11"}
{"level":"info","message":"Created client session 7e884a39cc49474dae343b8d","timestamp":"2026-07-04 04:58:11"}
{"level":"info","message":"Created client session a22d8745342013785dbe9144","timestamp":"2026-07-04 04:58:11"}
{"level":"info","message":"Created client session c93cfcc807fa76fddaac84d1","timestamp":"2026-07-04 04:58:11"}
{"level":"info","message":"Created client session 10b7df0056a8fa72f8fb00d1","timestamp":"2026-07-04 04:58:28"}
{"level":"info","message":"Created client session 56b88d8ac54d6f90642ec39d","timestamp":"2026-07-04 05:52:26"}
{"level":"info","message":"Created client session 3bc1db1a553686919feb71d8","timestamp":"2026-07-04 05:55:26"}
{"level":"info","message":"Created client session 5758d07ee4a08716a6882d76","timestamp":"2026-07-04 06:13:43"}
{"level":"info","message":"Created client session 6d7924b246a326548aba7445","timestamp":"2026-07-04 06:18:45"}
{"level":"info","message":"Created client session c148a4e5ab842b1a3696324f","timestamp":"2026-07-04 06:18:45"}
{"level":"info","message":"Created client session d655e1ededc2d8f9ba9747d8","timestamp":"2026-07-04 06:18:45"}
{"level":"info","message":"Created client session 2b020325ab3596f057a1e034","timestamp":"2026-07-04 06:18:45"}
{"level":"info","message":"Created client session 66131ec9b4822807dba76290","timestamp":"2026-07-04 06:18:45"}
{"level":"info","message":"Created client session 1b386c4c90be2c6175646192","timestamp":"2026-07-04 06:18:45"}
{"level":"info","message":"Created client session 5f6de04eecf1e6d320eca0ea","timestamp":"2026-07-04 06:18:45"}
{"level":"info","message":"Created client session 9d40ecac541bd764e51d88b9","timestamp":"2026-07-04 06:18:45"}
{"level":"info","message":"Created client session 365d4df530847f74a63c7dca","timestamp":"2026-07-04 06:18:45"}
{"level":"info","message":"Created client session 800628d51442f9f9222a721d","timestamp":"2026-07-04 06:18:45"}
{"level":"info","message":"Created client session 5408997d7a2eeaecd4f9ad21","timestamp":"2026-07-04 06:18:45"}
{"level":"info","message":"Created client session 99d34ff03a2e0c822ba77b12","timestamp":"2026-07-04 06:18:45"}
{"level":"info","message":"Created client session b79fe2c2dcb4bd4ea9b3cafb","timestamp":"2026-07-04 06:18:45"}
{"level":"info","message":"Created client session a7ede9d2401dc7e41ccd7ea1","timestamp":"2026-07-04 06:18:45"}
{"level":"info","message":"Created client session 9b54c97dbd4d48de5e339c99","timestamp":"2026-07-04 06:18:45"}
{"level":"info","message":"Created client session 1aa084e214cd955dcfa00408","timestamp":"2026-07-04 06:18:45"}
{"level":"info","message":"Created client session fa41912d1ae6c83b5ca0790b","timestamp":"2026-07-04 06:18:45"}
{"level":"info","message":"Created client session ddfa457e3863ca64c70f931b","timestamp":"2026-07-04 06:18:45"}
{"level":"info","message":"Created client session eabdcec4d797110ec30b183e","timestamp":"2026-07-04 06:18:45"}
{"level":"info","message":"Created client session 0b35599dc05c8569a6877fb5","timestamp":"2026-07-04 06:18:45"}
{"level":"info","message":"Created client session e844420f6a9d0db43e765091","timestamp":"2026-07-04 06:18:45"}
{"level":"info","message":"Created client session 60ca77184996d9dd77b70b09","timestamp":"2026-07-04 06:18:45"}
{"level":"info","message":"Created client session 03b6f8c49cd353ebac390032","timestamp":"2026-07-04 06:18:45"}
{"level":"info","message":"Created client session 4e38145f4a2bde449b5c731f","timestamp":"2026-07-04 06:18:45"}
{"level":"info","message":"Created client session c397c104f2e3456903099cea","timestamp":"2026-07-04 06:18:45"}
{"level":"info","message":"Created client session 2fd93d4d2861857cb5473cce","timestamp":"2026-07-04 06:18:45"}
{"level":"info","message":"Created client session 6c81efdedea4ea0f44a6d4ce","timestamp":"2026-07-04 06:18:45"}
{"level":"info","message":"Created client session 57686ee5cac5d85bd4637175","timestamp":"2026-07-04 06:18:45"}
{"level":"info","message":"Created client session 067c30cf56c0d19b4a32c4ed","timestamp":"2026-07-04 06:18:45"}
{"level":"info","message":"Created client session 277c196451f5cf80461a7154","timestamp":"2026-07-04 06:18:45"}
{"level":"info","message":"Created client session cf014504c268d43291a649e2","timestamp":"2026-07-04 06:18:45"}
{"level":"info","message":"Created client session 63bcc5190f9489116afef5c6","timestamp":"2026-07-04 06:18:45"}
{"level":"info","message":"Created client session cdf85f9b421cb9de6fa6ac81","timestamp":"2026-07-04 06:18:45"}
{"level":"info","message":"Created client session f47b494f05e0996a46761677","timestamp":"2026-07-04 06:18:45"}
{"level":"info","message":"Created client session 91fe0d1ff7e3d91e6ae1fd25","timestamp":"2026-07-04 06:18:45"}
{"level":"info","message":"Created client session bb3f83abe6df47743dde1fe8","timestamp":"2026-07-04 06:18:45"}
{"level":"info","message":"Created client session 517286c4517900829b0d4867","timestamp":"2026-07-04 06:18:45"}
{"level":"info","message":"Created client session 7e30d81713eba293f4ea2fa3","timestamp":"2026-07-04 06:18:45"}
{"level":"info","message":"Created client session a3e9b5cb0dc8f802f3798ba2","timestamp":"2026-07-04 06:18:45"}
{"level":"info","message":"Created client session fff0ebad6706a551c09ab556","timestamp":"2026-07-04 06:18:45"}
{"level":"info","message":"Created client session a10aa24c20ca50ad6a7d475b","timestamp":"2026-07-04 06:18:45"}
{"level":"info","message":"Created client session da4ac9d037dc60f92715412f","timestamp":"2026-07-04 06:18:45"}
{"level":"info","message":"Created client session 03669bb98ebb6a74b94c9dc2","timestamp":"2026-07-04 06:18:45"}
{"level":"info","message":"Created client session 8f42a77e9f58f139729ba6a1","timestamp":"2026-07-04 06:18:45"}
{"level":"info","message":"Created client session 3307ab7f3d5958922b609eba","timestamp":"2026-07-04 06:18:45"}
{"level":"info","message":"Created client session 34ed2764f5148c17bb6b5568","timestamp":"2026-07-04 06:18:45"}
{"level":"info","message":"Created client session 3713cacda300640430cabfa1","timestamp":"2026-07-04 06:18:45"}
{"level":"info","message":"Created client session 7522201938c67187adb3c1a0","timestamp":"2026-07-04 06:18:45"}
{"level":"info","message":"Created client session 3bf43e551afdc7a773259f7f","timestamp":"2026-07-04 06:18:45"}
{"level":"info","message":"Created client session b14be8638db75d7405928dd1","timestamp":"2026-07-04 06:18:45"}
{"level":"info","message":"Created client session e0fb3ca195edc2b02764557f","timestamp":"2026-07-04 06:18:45"}
{"level":"info","message":"Created client session 2ec4c7e28818c33948b1372c","timestamp":"2026-07-04 06:18:45"}
{"level":"info","message":"Created client session 3183bcb7f392ad9612fc7d8f","timestamp":"2026-07-04 06:18:45"}
{"level":"info","message":"Created client session 8c59b6196b91ab6bb663ba06","timestamp":"2026-07-04 06:18:45"}
{"level":"info","message":"Created client session 81d26ecb51411cadb652c042","timestamp":"2026-07-04 06:18:45"}
{"level":"info","message":"Created client session 141d98dbcfd8073936363755","timestamp":"2026-07-04 06:18:45"}
{"level":"info","message":"Created client session 7dd7f9afad3b1d5596bb32b4","timestamp":"2026-07-04 06:18:45"}
{"level":"info","message":"Created client session ea656fa07f8b5c63a9b20689","timestamp":"2026-07-04 06:18:45"}
{"level":"info","message":"Created client session 7a6b3aff3d512ef593f1230e","timestamp":"2026-07-04 06:18:45"}
{"level":"info","message":"Created client session 67bfd28e61445ff1bd206b88","timestamp":"2026-07-04 06:18:45"}
{"level":"info","message":"Created client session 10a697d60f45db5e1bd08c10","timestamp":"2026-07-04 06:18:45"}
{"level":"info","message":"Created client session 2d1aed36fba05ee449bc12f3","timestamp":"2026-07-04 06:18:45"}
{"level":"info","message":"Created client session f5740b0a93b3d01eda52c010","timestamp":"2026-07-04 06:18:45"}
{"level":"info","message":"Created client session 71f3246e07917da2203b8b25","timestamp":"2026-07-04 06:18:45"}
{"level":"info","message":"Created client session 3f2c5aebde5d163b1670ead6","timestamp":"2026-07-04 06:18:45"}
{"level":"info","message":"Created client session 4127233fe771108c60f89cc3","timestamp":"2026-07-04 06:18:45"}
{"level":"info","message":"Created client session ab1756e674f2f10b9daa3378","timestamp":"2026-07-04 06:18:45"}
{"level":"info","message":"Created client session d0be0fe9c0a6524b4f8b1165","timestamp":"2026-07-04 06:18:45"}
{"level":"info","message":"Created client session 0a5e0ca727ecac1e8da72c9e","timestamp":"2026-07-04 06:18:45"}
{"level":"info","message":"Created client session c1f5e7a477db97bf6fcc673a","timestamp":"2026-07-04 06:18:45"}
{"level":"info","message":"Created client session e37aefbce996a76da6434166","timestamp":"2026-07-04 06:18:45"}
{"level":"info","message":"Created client session d20dc4712a7f22deced8bb6b","timestamp":"2026-07-04 06:18:45"}
{"level":"info","message":"Created client session 146ef4d2e8d1f4920445ba6a","timestamp":"2026-07-04 06:18:45"}
{"level":"info","message":"Created client session 436c61dc84ca0ed02ebb73b5","timestamp":"2026-07-04 06:18:45"}
{"level":"info","message":"Created client session 3ad897b35fe1d48b95a4b317","timestamp":"2026-07-04 06:18:45"}
{"level":"info","message":"Created client session f2620434fa992e5c9c747854","timestamp":"2026-07-04 06:18:45"}
{"level":"info","message":"Created client session 70366dde3b4f904947f9c259","timestamp":"2026-07-04 06:18:45"}
{"level":"info","message":"Created client session 7e28dbf6d085562bd7f6eead","timestamp":"2026-07-04 06:18:45"}
{"level":"info","message":"Created client session b1744e51242175789ce3b3dd","timestamp":"2026-07-04 06:18:45"}
{"level":"info","message":"Created client session eca0261a683a08bbfa3ff946","timestamp":"2026-07-04 06:18:45"}
{"level":"info","message":"Created client session b041d8ed8593f0d188b76562","timestamp":"2026-07-04 06:18:45"}
{"level":"info","message":"Created client session 93ede551fe6379aa76cf7e7c","timestamp":"2026-07-04 06:18:45"}
{"level":"info","message":"Created client session f7eee8837d3761e11e407eb2","timestamp":"2026-07-04 06:18:45"}
{"level":"info","message":"Created client session 3704696f27ae8bd42a310650","timestamp":"2026-07-04 06:18:45"}
{"level":"info","message":"Created client session c6c8e5edab179f3b64a160dd","timestamp":"2026-07-04 06:18:45"}
{"level":"info","message":"Created client session f6e5413c34196cc258ad8771","timestamp":"2026-07-04 06:18:45"}
{"level":"info","message":"Created client session 59d641d341cfb23ec851632c","timestamp":"2026-07-04 06:18:45"}
{"level":"info","message":"Created client session cced3d4be72932c7f39b8bbb","timestamp":"2026-07-04 06:18:45"}
{"level":"info","message":"Created client session 77ef05994357124873d54488","timestamp":"2026-07-04 06:18:45"}
{"level":"info","message":"Created client session 81bf690111147d85a2114c83","timestamp":"2026-07-04 06:18:45"}
{"level":"info","message":"Created client session 5b44ddc883319211caad1036","timestamp":"2026-07-04 06:18:45"}
{"level":"info","message":"Created client session b56b302ceccfc7595b41b80c","timestamp":"2026-07-04 06:18:45"}
{"level":"info","message":"Created client session bff62f0a514e17ab56793c66","timestamp":"2026-07-04 06:18:45"}
{"level":"info","message":"Created client session 9333e3902acfe477891c2992","timestamp":"2026-07-04 06:18:45"}
{"level":"info","message":"Created client session 1dfc41b163d5369780d8d4a3","timestamp":"2026-07-04 06:18:45"}
{"level":"info","message":"Created client session 59e0388ad7cef15defb31953","timestamp":"2026-07-04 06:18:45"}
{"level":"info","message":"Created client session 36b2709e2d413cfb1d0f0ed6","timestamp":"2026-07-04 06:18:45"}
{"level":"info","message":"Created client session d29cd8c4b2ab889e558f039e","timestamp":"2026-07-04 06:18:45"}
{"level":"info","message":"Created client session 6c5d7429178a58f6dbef54eb","timestamp":"2026-07-04 06:18:45"}
{"level":"info","message":"Created client session 5dd7572fe7b65494548f96f7","timestamp":"2026-07-04 06:18:45"}
{"level":"info","message":"Created client session abdb74eb4a2a17987abf8dea","timestamp":"2026-07-04 06:18:45"}
{"level":"info","message":"Created client session 1b1d00b5c4e50911c4dcbdc5","timestamp":"2026-07-04 06:18:45"}
{"level":"info","message":"Created client session 1ee5093c86ebdf6433c2b4f5","timestamp":"2026-07-04 06:18:45"}
{"level":"info","message":"Created client session 55d46775839d33c9d5f3c6be","timestamp":"2026-07-04 06:18:45"}
{"level":"info","message":"Created client session a3d555afb29f6ab50c86e661","timestamp":"2026-07-04 06:18:45"}
{"level":"info","message":"Created client session a04599b3ecfb136c7ea5ae4a","timestamp":"2026-07-04 06:18:45"}
{"level":"info","message":"Created client session 43684ab809b1c1334a170c5c","timestamp":"2026-07-04 06:18:45"}
{"level":"info","message":"Created client session 54621c2e9af99fb9456e8a58","timestamp":"2026-07-04 06:18:45"}
{"level":"info","message":"Created client session 769d80650d799b0ff4159dfe","timestamp":"2026-07-04 06:18:45"}
{"level":"info","message":"Created client session b39eb2c765f571a55a6f13cc","timestamp":"2026-07-04 06:18:45"}
{"level":"info","message":"Created client session 1ab63bc968305053088ecb2c","timestamp":"2026-07-04 06:18:45"}
{"level":"info","message":"Created client session aa2fe7b7e115881df71ce56c","timestamp":"2026-07-04 06:18:45"}
{"level":"info","message":"Created client session d2775e9fcee6f0c659247736","timestamp":"2026-07-04 06:18:45"}
{"level":"info","message":"Created client session 033be6ce91df5fc0406586db","timestamp":"2026-07-04 06:18:45"}
{"level":"info","message":"Created client session 40bf24d0b4a55ef4f05d6ee4","timestamp":"2026-07-04 06:18:45"}
{"level":"info","message":"Created client session c8618f3953151b1aeb3ff26a","timestamp":"2026-07-04 06:18:45"}
{"level":"info","message":"Created client session fb6c9f18833322fb5bbacc43","timestamp":"2026-07-04 06:18:45"}
{"level":"info","message":"Created client session 8edba1e66686a3f2d987ad2a","timestamp":"2026-07-04 06:18:45"}
{"level":"info","message":"Created client session d96fa53ed00339dbad505b6d","timestamp":"2026-07-04 06:18:45"}
{"level":"info","message":"Created client session 6bbc52d1ec31810e7fb222d4","timestamp":"2026-07-04 06:18:45"}
{"level":"info","message":"Created client session dce56d864b70ea61e7e3bdcc","timestamp":"2026-07-04 06:18:45"}
{"level":"info","message":"Created client session a0b1d56d0df74316edf340d8","timestamp":"2026-07-04 06:18:45"}
{"level":"info","message":"Created client session 3d7f2dd0a6d71766cab9a8b9","timestamp":"2026-07-04 06:18:45"}
{"level":"info","message":"Created client session 0340257612287451b7d507e3","timestamp":"2026-07-04 06:18:45"}
{"level":"info","message":"Created client session f31ab4b8779eea620a7d5967","timestamp":"2026-07-04 06:18:45"}
{"level":"info","message":"Created client session c06d63905f16c509b360acfa","timestamp":"2026-07-04 06:18:45"}
{"level":"info","message":"Created client session 800634596b7fbcf042df2408","timestamp":"2026-07-04 06:18:45"}
{"level":"info","message":"Created client session b8095e357dc8279c1b3810dd","timestamp":"2026-07-04 06:18:45"}
{"level":"info","message":"Created client session c6e5cd7f460ec255cfeea7e6","timestamp":"2026-07-04 06:18:45"}
{"level":"info","message":"Created client session 27ac36bb79d6f102d1b7e478","timestamp":"2026-07-04 06:18:45"}
{"level":"info","message":"Created client session a21e93f71da8fc06452a198e","timestamp":"2026-07-04 06:18:45"}
{"level":"info","message":"Created client session 97fe53ccc6a07f408ec23a7d","timestamp":"2026-07-04 06:18:45"}
{"level":"info","message":"Created client session e2d03903a2b236f4c3a388d2","timestamp":"2026-07-04 06:18:45"}
{"level":"info","message":"Created client session b1e382bfc245d95e8c4d0ebc","timestamp":"2026-07-04 06:18:45"}
{"level":"info","message":"Created client session c8f511915af933621c41c79b","timestamp":"2026-07-04 06:18:45"}
{"level":"info","message":"Created client session 6568a41b1ae792aa7aefdea0","timestamp":"2026-07-04 06:18:45"}
{"level":"info","message":"Created client session acbd3768ac54c12c4cdca924","timestamp":"2026-07-04 06:18:45"}
{"level":"info","message":"Created client session 678ba0395a471d6ee6505989","timestamp":"2026-07-04 06:18:45"}
{"level":"info","message":"Created client session f95cfa850985880f22d315d3","timestamp":"2026-07-04 06:18:45"}
{"level":"info","message":"Created client session 59d64fc8e130f1693d0d9386","timestamp":"2026-07-04 06:18:45"}
{"level":"info","message":"Created client session 1f3656303ffbf3f51d7748be","timestamp":"2026-07-04 06:18:45"}
{"level":"info","message":"Created client session 4d3f042c0ad14b139dc64eec","timestamp":"2026-07-04 06:18:45"}
{"level":"info","message":"Created client session 11f9577269c8480c9ce57259","timestamp":"2026-07-04 06:18:45"}
{"level":"info","message":"Created client session f66629a23a89ac797690edb6","timestamp":"2026-07-04 06:18:45"}
{"level":"info","message":"Created client session 0a290a8eb31d8d0da60650c9","timestamp":"2026-07-04 06:18:45"}
{"level":"info","message":"Created client session bffaa689a8fd4b662eb49e70","timestamp":"2026-07-04 06:18:45"}
{"level":"info","message":"Created client session 0b8b13436a8017803f46741a","timestamp":"2026-07-04 06:18:45"}
{"level":"info","message":"Created client session a3ee47a6c118bb3928e720a3","timestamp":"2026-07-04 06:18:45"}
{"level":"info","message":"Created client session 448265a82b77ddc4b672f69c","timestamp":"2026-07-04 06:18:45"}
{"level":"info","message":"Created client session b09905bb4bae22756afe884e","timestamp":"2026-07-04 06:18:45"}
{"level":"info","message":"Created client session 7b151eae796ca93f6a7ae0ba","timestamp":"2026-07-04 06:18:45"}
{"level":"info","message":"Created client session 5fef81fdc9c9ca07e6f21353","timestamp":"2026-07-04 06:18:45"}
{"level":"info","message":"Created client session 4c0a3b9045e053676854164e","timestamp":"2026-07-04 06:18:45"}
{"level":"info","message":"Created client session 2e17c22a314eda6d2987354e","timestamp":"2026-07-04 06:18:45"}
{"level":"info","message":"Created client session bd43b8c414e0b29e30674f0e","timestamp":"2026-07-04 06:18:45"}
{"level":"info","message":"Created client session fdf220534f01d9d2cd7dabaf","timestamp":"2026-07-04 06:18:45"}
{"level":"info","message":"Created client session 697fdeac6ec3f03081382e6c","timestamp":"2026-07-04 06:18:45"}
{"level":"info","message":"Created client session 6dfb2d270a79587583e721b9","timestamp":"2026-07-04 06:18:45"}
{"level":"info","message":"Created client session 4b6c37edbdc710bc9bdd74c9","timestamp":"2026-07-04 06:18:45"}
{"level":"info","message":"Created client session d46ddac3d7b81b41573898c9","timestamp":"2026-07-04 06:18:45"}
{"level":"info","message":"Created client session cfcf0ab25b3ed67d4215279d","timestamp":"2026-07-04 06:18:45"}
{"level":"info","message":"Created client session 02c7f85a32e2a4bfe8745712","timestamp":"2026-07-04 06:18:45"}
{"level":"info","message":"Created client session 9c39413cc127d2923bf3b5a3","timestamp":"2026-07-04 06:18:45"}
{"level":"info","message":"Created client session 8d481af557abcc86003b3576","timestamp":"2026-07-04 06:18:45"}
{"level":"info","message":"Created client session b4106de40fb4d73918d50532","timestamp":"2026-07-04 06:18:45"}
{"level":"info","message":"Created client session bc5e675b0767f58762946cc7","timestamp":"2026-07-04 06:18:45"}
{"level":"info","message":"Created client session dbdd66476a2ed05dff58ffa4","timestamp":"2026-07-04 06:18:45"}
{"level":"info","message":"Created client session 677313c9177dde66f04ad881","timestamp":"2026-07-04 06:18:45"}
{"level":"info","message":"Created client session 58e5208355ff9e88bc900841","timestamp":"2026-07-04 06:18:45"}
{"level":"info","message":"Created client session db72f59cb645e6359dfa32e0","timestamp":"2026-07-04 06:18:45"}
{"level":"info","message":"Created client session bf11c4b453ec9b65a647aa4f","timestamp":"2026-07-04 06:18:45"}
{"level":"info","message":"Created client session f2910a498228c33f5eb8011e","timestamp":"2026-07-04 06:18:45"}
{"level":"info","message":"Created client session 755459ae76b2e77012a40f39","timestamp":"2026-07-04 06:18:45"}
{"level":"info","message":"Created client session 653cbc23e99cfb7f91cd2413","timestamp":"2026-07-04 06:18:45"}
{"level":"info","message":"Created client session d0fdacd150af7b509c1f4d10","timestamp":"2026-07-04 06:18:45"}
{"level":"info","message":"Created client session 58f33e5eb2d47d00a266ad20","timestamp":"2026-07-04 06:18:45"}
{"level":"info","message":"Created client session 84ccf9b3694b215a995ab6d2","timestamp":"2026-07-04 06:18:45"}
{"level":"info","message":"Created client session a11ac0c416caa4cd6cf84d71","timestamp":"2026-07-04 06:18:45"}
{"level":"info","message":"Created client session cb4e64bf7499067915fde252","timestamp":"2026-07-04 06:18:45"}
{"level":"info","message":"Created client session c7002719120a2142bb0cf6bd","timestamp":"2026-07-04 06:18:45"}
{"level":"info","message":"Created client session 0c524438e911465b7a17dd4a","timestamp":"2026-07-04 06:18:45"}
{"level":"info","message":"Created client session c7d1d7b3e1616d6df15db8f0","timestamp":"2026-07-04 06:18:45"}
{"level":"info","message":"Created client session 69bc96ca5eb42b74549ebba3","timestamp":"2026-07-04 06:18:45"}
{"level":"info","message":"Created client session 7ea5c16453121e59ad465f8b","timestamp":"2026-07-04 06:18:45"}
{"level":"info","message":"Created client session e7395d39f7875618a892c1f3","timestamp":"2026-07-04 06:18:45"}
{"level":"info","message":"Created client session a1028d7fd7dc0296d0350e87","timestamp":"2026-07-04 06:18:45"}
{"level":"info","message":"Created client session 35aedeb0953c2b3753fba2a8","timestamp":"2026-07-04 06:18:45"}
{"level":"info","message":"Created client session 7b8b9c569fd3cb0ba60b939f","timestamp":"2026-07-04 06:18:45"}
{"level":"info","message":"Created client session b309ab6d6c23d3a4696874ee","timestamp":"2026-07-04 06:18:45"}
{"level":"info","message":"Created client session d172eda9eac8ca8aab65d393","timestamp":"2026-07-04 06:18:45"}
{"level":"info","message":"Created client session 76d9a172bc1800ef49b75b20","timestamp":"2026-07-04 06:18:45"}
{"level":"info","message":"Created client session 007ed879b3de9b31b08ebcc9","timestamp":"2026-07-04 06:18:45"}
{"level":"info","message":"Created client session 1f2996108215c8eef847ac18","timestamp":"2026-07-04 06:18:45"}
{"level":"info","message":"Created client session 7f32bdac0e0488e95a4a5f23","timestamp":"2026-07-04 06:18:45"}
{"level":"info","message":"Created client session a898cb9240fa7025c1b0dbd5","timestamp":"2026-07-04 06:18:45"}
{"level":"info","message":"Created client session 5bf119611679f652dc28435c","timestamp":"2026-07-04 06:18:45"}
{"level":"info","message":"Created client session eaae92a9ee55d8bb150042e4","timestamp":"2026-07-04 06:18:45"}
{"level":"info","message":"Created client session f3bfc2666abe5d12a3630a9f","timestamp":"2026-07-04 06:18:45"}
{"level":"info","message":"Created client session d772efb669fbcd2b0a534f33","timestamp":"2026-07-04 06:18:45"}
{"level":"info","message":"Created client session ceac5260f997a022b294fa7d","timestamp":"2026-07-04 06:18:45"}
{"level":"info","message":"Created client session 1fcd35f8a3f3c672611ca3a6","timestamp":"2026-07-04 06:18:45"}
{"level":"info","message":"Created client session 3e569243e7a61abfce5f1c85","timestamp":"2026-07-04 06:18:45"}
{"level":"info","message":"Created client session e726d2f69d8ba87b68a035db","timestamp":"2026-07-04 06:18:45"}
{"level":"info","message":"Created client session 15ea33a7cf03dbbcd721659e","timestamp":"2026-07-04 06:18:45"}
{"level":"info","message":"Created client session 307d6c702e2c36b228ce8a66","timestamp":"2026-07-04 06:18:45"}
{"level":"info","message":"Created client session bc1837a54ffa577e94b7f45f","timestamp":"2026-07-04 06:18:45"}
{"level":"info","message":"Created client session 76252a88a71e9a94de6e9416","timestamp":"2026-07-04 06:18:45"}
{"level":"info","message":"Created client session 2a162d5c374a02b1902f2df3","timestamp":"2026-07-04 06:18:45"}
{"level":"info","message":"Created client session 15c0aee3603633b791d23179","timestamp":"2026-07-04 06:18:45"}
{"level":"info","message":"Created client session df5b76d69e6bfb2f8b4c078b","timestamp":"2026-07-04 06:18:45"}
{"level":"info","message":"Created client session d87f78e5f25a0fa25f916c3c","timestamp":"2026-07-04 06:18:45"}
{"level":"info","message":"Created client session c8d5455520206503a9fc97a7","timestamp":"2026-07-04 06:18:45"}
{"level":"info","message":"Created client session b30c2e3c7de6cec280dd01f6","timestamp":"2026-07-04 06:18:45"}
{"level":"info","message":"Created client session e899bf05447376ab3f35b479","timestamp":"2026-07-04 06:18:45"}
{"level":"info","message":"Created client session 084035a1e34c63febb2c18b3","timestamp":"2026-07-04 06:18:45"}
{"level":"info","message":"Created client session f5d6751776384bdf59d16679","timestamp":"2026-07-04 06:18:45"}
{"level":"info","message":"Created client session 8b28805cee86ddd6c59f05a1","timestamp":"2026-07-04 06:18:45"}
{"level":"info","message":"Created client session ee317dd5032a9a257ae82225","timestamp":"2026-07-04 06:18:45"}
{"level":"info","message":"Created client session 5afc2578ad9b93e5f4d9431c","timestamp":"2026-07-04 06:18:45"}
{"level":"info","message":"Created client session 18c2cfb8ea607379f4695e3e","timestamp":"2026-07-04 06:18:45"}
{"level":"info","message":"Created client session 6d8be611b46d7c3840dbf1b2","timestamp":"2026-07-04 06:18:45"}
{"level":"info","message":"Created client session 3531ca5c8ace14c6a216004f","timestamp":"2026-07-04 06:18:45"}
{"level":"info","message":"Created client session 17a0c5d8cde1ce5683a014c2","timestamp":"2026-07-04 06:18:45"}
{"level":"info","message":"Created client session e7b7c841da81f3ebe16ecac4","timestamp":"2026-07-04 06:18:45"}
{"level":"info","message":"Created client session b3471df028112c04ccbf4990","timestamp":"2026-07-04 06:18:45"}
{"level":"info","message":"Created client session 09c7b05b64846740175a39f7","timestamp":"2026-07-04 06:18:45"}
{"level":"info","message":"Created client session 7bf9797d64826248c313856d","timestamp":"2026-07-04 06:18:45"}
{"level":"info","message":"Created client session 9c339024ce5148853bcbcc9d","timestamp":"2026-07-04 06:18:45"}
{"level":"info","message":"Created client session 1956be33c945914c5df628bd","timestamp":"2026-07-04 06:18:45"}
{"level":"info","message":"Created client session 68d075732ae0f040c837b64c","timestamp":"2026-07-04 06:18:45"}
{"level":"info","message":"Created client session c5a260da9fad5c1d10dc5d36","timestamp":"2026-07-04 06:18:45"}
{"level":"info","message":"Created client session b336f6812a5ccf340d4e5e0f","timestamp":"2026-07-04 06:18:45"}
{"level":"info","message":"Created client session 9669e13905a77ad00a4aaf7e","timestamp":"2026-07-04 06:18:45"}
{"level":"info","message":"Created client session 53c1bcd369aa3c452ee04592","timestamp":"2026-07-04 06:18:45"}
{"level":"info","message":"Created client session 19a7262787a9ddb5844de213","timestamp":"2026-07-04 06:18:45"}
{"level":"info","message":"Created client session 6dcf72ada9857c3e553adfcf","timestamp":"2026-07-04 06:18:45"}
{"level":"info","message":"Created client session 036e4bf770f922ddbaaaf049","timestamp":"2026-07-04 06:18:45"}
{"level":"info","message":"Created client session 51f9f96db7fe68ad11871e8b","timestamp":"2026-07-04 06:18:45"}
{"level":"info","message":"Created client session 0abb6844d0e2ba5febb07d12","timestamp":"2026-07-04 06:18:45"}
{"level":"info","message":"Created client session 65fed0c5ea2af865b0dce955","timestamp":"2026-07-04 06:18:45"}
{"level":"info","message":"Created client session ad57a8d27d1cf5ae668b5261","timestamp":"2026-07-04 06:18:45"}
{"level":"info","message":"Created client session 31743fabb02ac11ae6ac52a3","timestamp":"2026-07-04 06:18:45"}
{"level":"info","message":"Created client session 5252f5808a312f103a463619","timestamp":"2026-07-04 06:18:45"}
{"level":"info","message":"Created client session b48b34a62644277d2cef4711","timestamp":"2026-07-04 06:18:45"}
{"level":"info","message":"Created client session 41d326da990b54f91eaef7bf","timestamp":"2026-07-04 06:18:45"}
{"level":"info","message":"Created client session 0e76b87994e26f2e35e3db27","timestamp":"2026-07-04 06:18:45"}
{"level":"info","message":"Created client session 4141adfd1f48f9fa20c12cd8","timestamp":"2026-07-04 06:18:45"}
{"level":"info","message":"Created client session 2e8c3730376901918afa4992","timestamp":"2026-07-04 06:18:45"}
{"level":"info","message":"Created client session 6337b6b1a081885635ced58d","timestamp":"2026-07-04 06:18:45"}
{"level":"info","message":"Created client session d4c03323a61360733c505238","timestamp":"2026-07-04 06:18:45"}
{"level":"info","message":"Created client session 0dee5fe4ac7471ed4db15696","timestamp":"2026-07-04 06:18:45"}
{"level":"info","message":"Created client session 046e297c90e534efb53e4f02","timestamp":"2026-07-04 06:18:45"}
{"level":"info","message":"Created client session 4f0d96bc1c2c7bc1f511e5a7","timestamp":"2026-07-04 06:18:45"}
{"level":"info","message":"Created client session 023928d34129513f08144ab6","timestamp":"2026-07-04 06:18:45"}
{"level":"info","message":"Created client session 0602bc65900adab2db06dd83","timestamp":"2026-07-04 06:18:45"}
{"level":"info","message":"Created client session b8bc80b7c3db8057010d26a2","timestamp":"2026-07-04 06:18:45"}
{"level":"info","message":"Created client session ed981a4a3157944338c97133","timestamp":"2026-07-04 06:18:45"}
{"level":"info","message":"Created client session 2dee9fb31ff4e2568be67ad4","timestamp":"2026-07-04 06:18:45"}
{"level":"info","message":"Created client session 904be3524aaffc3b774ec3f6","timestamp":"2026-07-04 06:18:45"}
{"level":"info","message":"Created client session 9565b91ae17ffa41bddb5fe2","timestamp":"2026-07-04 06:18:45"}
{"level":"info","message":"Created client session 4ae346069a2d6b7069576dce","timestamp":"2026-07-04 06:18:45"}
{"level":"info","message":"Created client session 046eb6a122c5d609455d2b0e","timestamp":"2026-07-04 06:18:45"}
{"level":"info","message":"Created client session 37dc3ccee5e7128a6f49129e","timestamp":"2026-07-04 06:18:45"}
{"level":"info","message":"Created client session f906e0a11617dbb32951d69e","timestamp":"2026-07-04 06:18:45"}
{"level":"info","message":"Created client session 89f12f57fd1dc465bb9e51d6","timestamp":"2026-07-04 06:18:45"}
{"level":"info","message":"Created client session bf86d0952c3674a047f8d55f","timestamp":"2026-07-04 06:18:45"}
{"level":"info","message":"Created client session 7975caeaebb68d69cf8d4a72","timestamp":"2026-07-04 06:18:45"}
{"level":"info","message":"Created client session 33a46e5785b3db69ea9ba728","timestamp":"2026-07-04 06:18:45"}
{"level":"info","message":"Created client session 0ad1402b154ee1db7d867485","timestamp":"2026-07-04 06:18:45"}
{"level":"info","message":"Created client session 317194babf53c3191f015118","timestamp":"2026-07-04 06:18:45"}
{"level":"info","message":"Created client session 0282341e1736bef9be34f769","timestamp":"2026-07-04 06:18:45"}
{"level":"info","message":"Created client session 8ec93d7e7f4495e0c1d9700c","timestamp":"2026-07-04 06:18:45"}
{"level":"info","message":"Created client session a3579b7d7832ab24d81e5e2c","timestamp":"2026-07-04 06:18:45"}
{"level":"info","message":"Created client session d5d42f9ed42e1d044b68e4ed","timestamp":"2026-07-04 06:18:45"}
{"level":"info","message":"Created client session a37caba22514a9c85aed2281","timestamp":"2026-07-04 06:18:45"}
{"level":"info","message":"Created client session 61ac7977c23ca231be36a9f3","timestamp":"2026-07-04 06:18:45"}
{"level":"info","message":"Created client session 2fc1264b567cbab117b3e9a3","timestamp":"2026-07-04 06:18:45"}
{"level":"info","message":"Created client session 6afb8b8fb2395ba32e7e8816","timestamp":"2026-07-04 06:18:45"}
{"level":"info","message":"Created client session 40ecd1931f12629d75d99ab1","timestamp":"2026-07-04 06:18:45"}
{"level":"info","message":"Created client session 2d18b8e2014028e76811b4ef","timestamp":"2026-07-04 06:18:45"}
{"level":"info","message":"Created client session 6f89a530c5f3749bd388e8e9","timestamp":"2026-07-04 06:18:45"}
{"level":"info","message":"Created client session da50d4b93d50512f131922d3","timestamp":"2026-07-04 06:18:45"}
{"level":"info","message":"Created client session 1a66573d97c6b47caac7d3e9","timestamp":"2026-07-04 06:18:45"}
{"level":"info","message":"Created client session 04a36c66602d07602dca431d","timestamp":"2026-07-04 06:18:45"}
{"level":"info","message":"Created client session bfb9af08d409f4bf8bee0295","timestamp":"2026-07-04 06:18:45"}
{"level":"info","message":"Created client session 21069a987a01f946c2221136","timestamp":"2026-07-04 06:18:45"}
{"level":"info","message":"Created client session 56cbf6cc3bbd8118c90afb6b","timestamp":"2026-07-04 06:18:45"}
{"level":"info","message":"Created client session c46ae95c216e95a7df44776d","timestamp":"2026-07-04 06:18:45"}
{"level":"info","message":"Created client session 5670661574e1d6428b4cbd50","timestamp":"2026-07-04 06:18:45"}
{"level":"info","message":"Created client session 26c34b19a29908c4f41dbd2c","timestamp":"2026-07-04 06:18:45"}
{"level":"info","message":"Created client session f65a06ba95eeecd95269a00c","timestamp":"2026-07-04 06:18:45"}
{"level":"info","message":"Created client session ba3dff4feca05c99231772f8","timestamp":"2026-07-04 06:18:45"}
{"level":"info","message":"Created client session 11c7715f7059d3c9543ca23a","timestamp":"2026-07-04 06:18:45"}
{"level":"info","message":"Created client session 282354fafc9be5e5e5b069eb","timestamp":"2026-07-04 06:18:45"}
{"level":"info","message":"Created client session 41c7c02d50ea71beeb736b83","timestamp":"2026-07-04 06:18:45"}
{"level":"info","message":"Created client session 02acb3fed3903db7d860aeb6","timestamp":"2026-07-04 06:18:45"}
{"level":"info","message":"Created client session 61f975f078729088ad811614","timestamp":"2026-07-04 06:18:45"}
{"level":"info","message":"Created client session 1993ef58c1ec8b05dec8c648","timestamp":"2026-07-04 06:18:45"}
{"level":"info","message":"Created client session 647077cb1a177dba1f6a39bd","timestamp":"2026-07-04 06:24:48"}
{"level":"info","message":"Created client session fd9043db53403147f515078a","timestamp":"2026-07-04 06:24:48"}
{"level":"info","message":"Created client session 0f6a36977160905111c9fa81","timestamp":"2026-07-04 06:24:48"}
{"level":"info","message":"Created client session 27284cf925a056d48c1eb46c","timestamp":"2026-07-04 06:24:48"}
{"level":"info","message":"Created client session 8a03ca36072833d732108bc6","timestamp":"2026-07-04 06:24:48"}
{"level":"info","message":"Created client session c1c14a5ba630cf16a009a3ff","timestamp":"2026-07-04 06:24:48"}
{"level":"info","message":"Created client session 8b8189c81cc7e0e93b04f34a","timestamp":"2026-07-04 06:24:48"}
{"level":"info","message":"Created client session e28f216761333a7682b99bed","timestamp":"2026-07-04 06:24:48"}
{"level":"info","message":"Created client session 4e656238dede566fd50bb7a4","timestamp":"2026-07-04 06:24:48"}
{"level":"info","message":"Created client session 5e9785f5921c4db097cf09b3","timestamp":"2026-07-04 06:24:48"}
{"level":"info","message":"Created client session 7713f8ef0289345c5cee6574","timestamp":"2026-07-04 06:24:49"}
{"level":"info","message":"Created client session 197289444dd8702afbe6ef2f","timestamp":"2026-07-04 06:24:49"}
{"level":"info","message":"Created client session 3937427059cbfb6bf9aa418a","timestamp":"2026-07-04 06:24:49"}
{"level":"info","message":"Created client session ad8a5e2eb0a75ce37447209b","timestamp":"2026-07-04 06:24:49"}
{"level":"info","message":"Created client session 98f2d11aa2c3878420ca40e0","timestamp":"2026-07-04 06:24:49"}
{"level":"info","message":"Created client session 5b062696c4380fe51e61fd1e","timestamp":"2026-07-04 06:24:49"}
{"level":"info","message":"Created client session d3058c90318cf9c7eb7600be","timestamp":"2026-07-04 06:24:49"}
{"level":"info","message":"Created client session 2c2c06306dea9c8b12366a88","timestamp":"2026-07-04 06:24:49"}
{"level":"info","message":"Created client session 86d0a362da425f5ec74a819c","timestamp":"2026-07-04 06:24:49"}
{"level":"info","message":"Created client session cfade7a82e5e5a86fbb3ed0d","timestamp":"2026-07-04 06:24:49"}
{"level":"info","message":"Created client session 3400cb0d1344765e3863b12e","timestamp":"2026-07-04 06:24:49"}
{"level":"info","message":"Created client session 2e50e6faa0966e026e04eff4","timestamp":"2026-07-04 06:24:49"}
{"level":"info","message":"Created client session cdd67c8f1b5b8d0172158253","timestamp":"2026-07-04 06:24:49"}
{"level":"info","message":"Created client session 4950e6e2b6918b8030a18c09","timestamp":"2026-07-04 06:24:49"}
{"level":"info","message":"Created client session dc655bd5ee8d7373aa103c00","timestamp":"2026-07-04 06:24:49"}
{"level":"info","message":"Created client session 9f67808b8b1e35e9325d8175","timestamp":"2026-07-04 06:24:49"}
{"level":"info","message":"Created client session 579bdb96fefc0eba2686cfb1","timestamp":"2026-07-04 06:24:49"}
{"level":"info","message":"Created client session 5c8128faa8575efa2341173e","timestamp":"2026-07-04 06:24:49"}
{"level":"info","message":"Created client session c647954f76f1b0741c858fa0","timestamp":"2026-07-04 06:24:50"}
{"level":"info","message":"Created client session 17538b9edb750b845c035409","timestamp":"2026-07-04 06:24:50"}
{"level":"info","message":"Created client session df75b214372ac3a791880393","timestamp":"2026-07-04 06:24:50"}
{"level":"info","message":"Created client session 994bb5e5d0f1bba74f55e7ff","timestamp":"2026-07-04 06:24:50"}
{"level":"info","message":"Created client session 09c140700d6074862558f3d8","timestamp":"2026-07-04 06:24:50"}
{"level":"info","message":"Created client session d6806938f273919d55ec9523","timestamp":"2026-07-04 06:24:50"}
{"level":"info","message":"Created client session 6ba25f87947d0009a14e6680","timestamp":"2026-07-04 06:24:50"}
{"level":"info","message":"Created client session acea2e6f8dd9c009287ff327","timestamp":"2026-07-04 06:24:50"}
{"level":"info","message":"Created client session c3f42b71733c4506310baa5a","timestamp":"2026-07-04 06:24:50"}
{"level":"info","message":"Created client session 10913a7ea7d6f23c491489a2","timestamp":"2026-07-04 06:24:50"}
{"level":"info","message":"Created client session ea611fb7cbc559aef1109ac3","timestamp":"2026-07-04 06:24:50"}
{"level":"info","message":"Created client session dbba004d28399e6ac6837687","timestamp":"2026-07-04 06:24:50"}
{"level":"info","message":"Created client session 7c7c24439bb76ef649f7c26e","timestamp":"2026-07-04 06:24:50"}
{"level":"info","message":"Created client session 728d872dc749ce5ec8627111","timestamp":"2026-07-04 06:24:51"}
{"level":"info","message":"Created client session dae2cc38832693e2922fa541","timestamp":"2026-07-04 06:24:51"}
{"level":"info","message":"Created client session 011e10a048c5d2f23be5c03f","timestamp":"2026-07-04 06:24:51"}
{"level":"info","message":"Created client session f2eaad89b1fa14e376f5ceae","timestamp":"2026-07-04 06:24:51"}
{"level":"info","message":"Created client session e76cc91022fb1d5047c31c15","timestamp":"2026-07-04 06:24:51"}
{"level":"info","message":"Created client session 691a076664b7ce5cc86b3367","timestamp":"2026-07-04 06:24:51"}
{"level":"info","message":"Created client session 99ec34b5bbd8887decf3cd2e","timestamp":"2026-07-04 06:24:51"}
{"level":"info","message":"Created client session 530c610b7f68f8fb5d0552b4","timestamp":"2026-07-04 06:24:51"}
{"level":"info","message":"Created client session c982e10ae44ab4250b8309a5","timestamp":"2026-07-04 06:24:51"}
{"level":"info","message":"Created client session c7d47bdf93f73c3ecf2aeb54","timestamp":"2026-07-04 06:24:51"}
{"level":"info","message":"Created client session 721dfd760cfb45fde5990c8d","timestamp":"2026-07-04 06:24:51"}
{"level":"info","message":"Created client session 1bc851ac8664722be2e09c69","timestamp":"2026-07-04 06:24:51"}
{"level":"info","message":"Created client session 1f96b94cc0738340c55e4d35","timestamp":"2026-07-04 06:24:51"}
{"level":"info","message":"Created client session 79f6c978898d29a161517f03","timestamp":"2026-07-04 06:24:51"}
{"level":"info","message":"Created client session 4beac308542ac31af359f826","timestamp":"2026-07-04 06:24:51"}
{"level":"info","message":"Created client session 4ecfd8f8e6677eb8866a4e34","timestamp":"2026-07-04 06:24:52"}
{"level":"info","message":"Created client session 164b603de838f3f8c2e69040","timestamp":"2026-07-04 06:24:52"}
{"level":"info","message":"Created client session a6894bc35bb3ca0f0564ce39","timestamp":"2026-07-04 06:24:52"}
{"level":"info","message":"Created client session b8bb11a729e86e7fe39333ee","timestamp":"2026-07-04 06:24:52"}
{"level":"info","message":"Created client session 205e91675143f65798bf8081","timestamp":"2026-07-04 06:24:52"}
{"level":"info","message":"Created client session 7956f1467211061b51c9a486","timestamp":"2026-07-04 06:24:52"}
{"level":"info","message":"Created client session 16fae38be0c4db54ac879945","timestamp":"2026-07-04 06:24:52"}
{"level":"info","message":"Created client session 1d58eb926d6c90a7ae1ca389","timestamp":"2026-07-04 06:24:52"}
{"level":"info","message":"Created client session 1fe8b810cd2ce8e66263c87b","timestamp":"2026-07-04 06:24:52"}
{"level":"info","message":"Created client session 3684fcebda8a5fc1800a56d2","timestamp":"2026-07-04 06:24:52"}
{"level":"info","message":"Created client session 4ea8cde3d9efa414ea1a2d6c","timestamp":"2026-07-04 06:24:52"}
{"level":"info","message":"Created client session a48ce8c1b669da85ac21a6fb","timestamp":"2026-07-04 06:24:52"}
{"level":"info","message":"Created client session e3a339f4b2c7bb20d48a92b8","timestamp":"2026-07-04 06:24:52"}
{"level":"info","message":"Created client session 8f3b7ec3cd91a61fbc5f40a8","timestamp":"2026-07-04 06:24:52"}
{"level":"info","message":"Created client session e00b1e8c595466ae6a850332","timestamp":"2026-07-04 06:24:52"}
{"level":"info","message":"Created client session 1ab3002751ee1be8b54c86db","timestamp":"2026-07-04 06:24:52"}
{"level":"info","message":"Created client session ea67c98572d939cf7323aabe","timestamp":"2026-07-04 06:24:52"}
{"level":"info","message":"Created client session 1f16015125f23ef36a2dbd66","timestamp":"2026-07-04 06:24:52"}
{"level":"info","message":"Created client session 557b34216bcfffec45a61435","timestamp":"2026-07-04 06:24:52"}
{"level":"info","message":"Created client session 01162803320d5650de5247a7","timestamp":"2026-07-04 06:24:52"}
{"level":"info","message":"Created client session c29a153e7cc2e7f2442231fb","timestamp":"2026-07-04 06:24:52"}
{"level":"info","message":"Created client session 5020eadf17dff6934b29abba","timestamp":"2026-07-04 06:24:52"}
{"level":"info","message":"Created client session 01fd5ffe8f20959c2e6f9273","timestamp":"2026-07-04 06:24:52"}
{"level":"info","message":"Created client session 5a2b35de2b84e08d9aee4b61","timestamp":"2026-07-04 06:24:52"}
{"level":"info","message":"Created client session 456a48500ae12cea1bcf3c0c","timestamp":"2026-07-04 06:24:52"}
{"level":"info","message":"Created client session a1ac8a2777fa2833ec5ddac1","timestamp":"2026-07-04 06:24:52"}
{"level":"info","message":"Created client session 403667bd80de82c9bd54f363","timestamp":"2026-07-04 06:24:52"}
{"level":"info","message":"Created client session ecb633c73be428449b25f4cc","timestamp":"2026-07-04 06:24:52"}
{"level":"info","message":"Created client session 38c040f75c2d8c08e0196a96","timestamp":"2026-07-04 06:24:52"}
{"level":"info","message":"Created client session 748bc3a69b857e5d4184c2ac","timestamp":"2026-07-04 06:24:52"}
{"level":"info","message":"Created client session 2dac2e1ae5c10ec73c8444f3","timestamp":"2026-07-04 06:24:52"}
{"level":"info","message":"Created client session 61433596fb3879806cb8d7a9","timestamp":"2026-07-04 06:24:52"}
{"level":"info","message":"Created client session cd96651fb11e949d789758b1","timestamp":"2026-07-04 06:24:52"}
{"level":"info","message":"Created client session 960ea237618959fbd5369c46","timestamp":"2026-07-04 06:24:52"}
{"level":"info","message":"Created client session 72d0cd12e933daa96016ea05","timestamp":"2026-07-04 06:24:52"}
{"level":"info","message":"Created client session d5fadd32e71626dfd0192206","timestamp":"2026-07-04 06:24:52"}
{"level":"info","message":"Created client session 3c3cd6f6f8309b3dc3e1ef0c","timestamp":"2026-07-04 06:24:52"}
{"level":"info","message":"Created client session 7f1939856c3a3392ac7d3b7a","timestamp":"2026-07-04 06:24:52"}
{"level":"info","message":"Created client session a677a59a5d8250019e958408","timestamp":"2026-07-04 06:24:52"}
{"level":"info","message":"Created client session 90583a5336a3a4b38fbf1c6f","timestamp":"2026-07-04 06:24:52"}
{"level":"info","message":"Created client session 52624fdd26622b47d681c0fa","timestamp":"2026-07-04 06:24:52"}
{"level":"info","message":"Created client session f1a6d116485b3b97dfb8ef3a","timestamp":"2026-07-04 06:24:52"}
{"level":"info","message":"Created client session bafd485a94c3d89afafaec05","timestamp":"2026-07-04 06:24:52"}
{"level":"info","message":"Created client session 2478109f9dfaebf6fe3d254a","timestamp":"2026-07-04 06:24:52"}
{"level":"info","message":"Created client session 18e5a184ccd39807dda09f1e","timestamp":"2026-07-04 06:24:52"}
{"level":"info","message":"Created client session c06cb7d0b6840529188b0ffa","timestamp":"2026-07-04 06:24:52"}
{"level":"info","message":"Created client session 1b1998c3868b16413e1042c9","timestamp":"2026-07-04 06:24:52"}
{"level":"info","message":"Created client session 9101b4eb1efc3cd9db35326e","timestamp":"2026-07-04 06:24:53"}
{"level":"info","message":"Created client session 035d13ad47d2b451a78198dd","timestamp":"2026-07-04 06:24:53"}
{"level":"info","message":"Created client session ae3dcfa575f0a3a73f15873f","timestamp":"2026-07-04 06:24:53"}
{"level":"info","message":"Created client session 8a9e4c2ceebb60227bced329","timestamp":"2026-07-04 06:24:53"}
{"level":"info","message":"Created client session fa5f0857074e004b4d33e24e","timestamp":"2026-07-04 06:24:53"}
{"level":"info","message":"Created client session 87ec75868689be3badc7c981","timestamp":"2026-07-04 06:24:53"}
{"level":"info","message":"Created client session 3e47aad419b9b776213b71e7","timestamp":"2026-07-04 06:24:53"}
{"level":"info","message":"Created client session 5f60753cb56834e3bc0ee6ff","timestamp":"2026-07-04 06:24:53"}
{"level":"info","message":"Created client session 3183141d49a03f7ae23be242","timestamp":"2026-07-04 06:24:53"}
{"level":"info","message":"Created client session 0848a8d379d7e1e90da6239f","timestamp":"2026-07-04 06:24:53"}
{"level":"info","message":"Created client session 73bd1e1fa53d94bc90a4f676","timestamp":"2026-07-04 06:24:53"}
{"level":"info","message":"Created client session 72c6eab899d7c9f6f302e021","timestamp":"2026-07-04 06:24:53"}
{"level":"info","message":"Created client session a08b39fee9fc58ed4195284d","timestamp":"2026-07-04 06:24:53"}
{"level":"info","message":"Created client session 80486844a179243c138e92ab","timestamp":"2026-07-04 06:24:53"}
{"level":"info","message":"Created client session 440dcc019bd67dc2d54bc2b1","timestamp":"2026-07-04 06:24:53"}
{"level":"info","message":"Created client session 282e951a74215236c80ba4e1","timestamp":"2026-07-04 06:24:53"}
{"level":"info","message":"Created client session 78810adade89cbad62d5fb34","timestamp":"2026-07-04 06:24:53"}
{"level":"info","message":"Created client session fae5c1d857127b410943427f","timestamp":"2026-07-04 06:24:53"}
{"level":"info","message":"Created client session 4ca7c249afdb902c4f4d2833","timestamp":"2026-07-04 06:24:53"}
{"level":"info","message":"Created client session aabdf0eda057e27e4eb62d08","timestamp":"2026-07-04 06:24:53"}
{"level":"info","message":"Created client session b0cdf1c3d8109620034938fb","timestamp":"2026-07-04 06:24:53"}
{"level":"info","message":"Created client session a9fdee3d1b3ff3194efc15d6","timestamp":"2026-07-04 06:24:53"}
{"level":"info","message":"Created client session d7bf9ab54c1d4aeafe6f4240","timestamp":"2026-07-04 06:24:54"}
{"level":"info","message":"Created client session 1153160f7182a80cda3035a2","timestamp":"2026-07-04 06:24:54"}
{"level":"info","message":"Created client session ef15f18cd35cdfbe9c29fde4","timestamp":"2026-07-04 06:24:54"}
{"level":"info","message":"Created client session 11f8a142da18cddd0998f0ba","timestamp":"2026-07-04 06:24:54"}
{"level":"info","message":"Created client session 0dcbdf57341231b2b3ee0f0c","timestamp":"2026-07-04 06:24:54"}
{"level":"info","message":"Created client session 516135ed68eafa9f3f09c0ea","timestamp":"2026-07-04 06:24:54"}
{"level":"info","message":"Created client session e239908bcc11ac79ddcbc96c","timestamp":"2026-07-04 06:24:54"}
{"level":"info","message":"Created client session 34beae1308f2f53bd969f3ea","timestamp":"2026-07-04 06:24:54"}
{"level":"info","message":"Created client session c64b04cfa1e89c0374b8aeef","timestamp":"2026-07-04 06:24:54"}
{"level":"info","message":"Created client session e4a5b5611b64d9f303235499","timestamp":"2026-07-04 06:24:54"}
{"level":"info","message":"Created client session 2cbbdf80df5ffbfbe3c9b74e","timestamp":"2026-07-04 06:24:54"}
{"level":"info","message":"Created client session 6e053cc8b0de4bab94db68e6","timestamp":"2026-07-04 06:24:54"}
{"level":"info","message":"Created client session 5a1d55198a00d00b278e5d10","timestamp":"2026-07-04 06:24:54"}
{"level":"info","message":"Created client session 64c4e4a902e10dcc1e8eb57a","timestamp":"2026-07-04 06:24:54"}
{"level":"info","message":"Created client session 7f831a3da498f09007d40239","timestamp":"2026-07-04 06:24:54"}
{"level":"info","message":"Created client session f4b7cb3e391f3d2a7bf1ff5b","timestamp":"2026-07-04 06:24:54"}
{"level":"info","message":"Created client session fce1f92d635f3e65e8eac5ff","timestamp":"2026-07-04 06:24:54"}
{"level":"info","message":"Created client session 6c4ef7dde60053e94f9ecf79","timestamp":"2026-07-04 06:24:55"}
{"level":"info","message":"Created client session 807dbc2262fd79d99ed1beac","timestamp":"2026-07-04 06:24:55"}
{"level":"info","message":"Created client session 9b4731253d8f6f94bf8150ef","timestamp":"2026-07-04 06:24:55"}
{"level":"info","message":"Created client session d88d25d0ee71fc4eaed447d4","timestamp":"2026-07-04 06:24:55"}
{"level":"info","message":"Created client session 78edcb88db86a5d4ccb82b75","timestamp":"2026-07-04 06:24:55"}
{"level":"info","message":"Created client session b0d7a717cfc739f194442e9d","timestamp":"2026-07-04 06:24:55"}
{"level":"info","message":"Created client session eef273edea7e8db3f658f175","timestamp":"2026-07-04 06:24:55"}
{"level":"info","message":"Created client session 354e37e99c456098c3175d22","timestamp":"2026-07-04 06:24:55"}
{"level":"info","message":"Created client session ba7a344f42406d82d028dd9d","timestamp":"2026-07-04 06:24:55"}
{"level":"info","message":"Created client session 726b7a29216e2215affabe8e","timestamp":"2026-07-04 06:24:55"}
{"level":"info","message":"Created client session d77c2cbaf2b429c6a2ee02ed","timestamp":"2026-07-04 06:24:55"}
{"level":"info","message":"Created client session 0523106094f166e2b79671c3","timestamp":"2026-07-04 06:24:55"}
{"level":"info","message":"Created client session d36613475474743a498d6efc","timestamp":"2026-07-04 06:24:55"}
{"level":"info","message":"Created client session ef0b5acec2b615efa82fead8","timestamp":"2026-07-04 06:24:55"}
{"level":"info","message":"Created client session 7f37cf1a9034b44dce3b4b6c","timestamp":"2026-07-04 06:24:55"}
{"level":"info","message":"Created client session a0c5bb38df941d6127fc36cb","timestamp":"2026-07-04 06:24:55"}
{"level":"info","message":"Created client session f10fa7ef5c1bfb4e94a32215","timestamp":"2026-07-04 06:24:55"}
{"level":"info","message":"Created client session 2c02035c924add87819a49c1","timestamp":"2026-07-04 06:24:55"}
{"level":"info","message":"Created client session 84b07e332bf50fa5d0690509","timestamp":"2026-07-04 06:24:55"}
{"level":"info","message":"Created client session 06219443c3b9a2b88fe777a6","timestamp":"2026-07-04 06:24:55"}
{"level":"info","message":"Created client session 1a47dbe7cc43a75a7a058734","timestamp":"2026-07-04 06:24:55"}
{"level":"info","message":"Created client session 9a5bc0b264991f4f6e2c921f","timestamp":"2026-07-04 06:24:55"}
{"level":"info","message":"Created client session adf58b0b6b272f201175786a","timestamp":"2026-07-04 06:24:55"}
{"level":"info","message":"Created client session 98863a420ba746576cc6ef61","timestamp":"2026-07-04 06:24:55"}
{"level":"info","message":"Created client session 393dcd022db9cd3444847d24","timestamp":"2026-07-04 06:24:55"}
{"level":"info","message":"Created client session 99abd392f245b9f2255bad83","timestamp":"2026-07-04 06:24:55"}
{"level":"info","message":"Created client session 18ac7c256a73cf9579105b96","timestamp":"2026-07-04 06:24:55"}
{"level":"info","message":"Created client session 2cae0323529b56b0e5df107b","timestamp":"2026-07-04 06:24:55"}
{"level":"info","message":"Created client session 51ed780606efc37dc53161ae","timestamp":"2026-07-04 06:24:55"}
{"level":"info","message":"Created client session abf8e5be11edb0b39baf9145","timestamp":"2026-07-04 06:24:55"}
{"level":"info","message":"Created client session aead7747f1f4ade402750287","timestamp":"2026-07-04 06:24:55"}
{"level":"info","message":"Created client session 2faf45cfe31d6656dc80be25","timestamp":"2026-07-04 06:24:55"}
{"level":"info","message":"Created client session 2d408a9a489c497e47f14125","timestamp":"2026-07-04 06:24:55"}
{"level":"info","message":"Created client session 8bf7b77d37b7a59cff28a2e3","timestamp":"2026-07-04 06:24:55"}
{"level":"info","message":"Created client session 0df8d1555d3851fab31dbea5","timestamp":"2026-07-04 06:24:55"}
{"level":"info","message":"Created client session cf9eda3dd3ef66fa515fe7f6","timestamp":"2026-07-04 06:24:55"}
{"level":"info","message":"Created client session 550d1f75576da9fd22dac6ea","timestamp":"2026-07-04 06:24:56"}
{"level":"info","message":"Created client session 1d91b5114164b14f64f02912","timestamp":"2026-07-04 06:24:56"}
{"level":"info","message":"Created client session 418463df338e8c95db3b5242","timestamp":"2026-07-04 06:24:56"}
{"level":"info","message":"Created client session 49d0b53b45b52ea78003f536","timestamp":"2026-07-04 06:24:56"}
{"level":"info","message":"Created client session 3dce60ba713d44dd2c6d9af4","timestamp":"2026-07-04 06:24:56"}
{"level":"info","message":"Created client session ff9862648b9f26edf0b8d51e","timestamp":"2026-07-04 06:24:56"}
{"level":"info","message":"Created client session 5dbcd0ef357eda1b948e88b4","timestamp":"2026-07-04 06:24:56"}
{"level":"info","message":"Created client session 0e3e550c90ebda68af19785c","timestamp":"2026-07-04 06:24:56"}
{"level":"info","message":"Created client session 26f840f1f9c95114e2acba04","timestamp":"2026-07-04 06:24:57"}
{"level":"info","message":"Created client session 08f66887b2232b2b01a5a2d1","timestamp":"2026-07-04 06:24:57"}
{"level":"info","message":"Created client session fdae089d5fd4cb1d0bcd7fc5","timestamp":"2026-07-04 06:24:57"}
{"level":"info","message":"Created client session 64f4db1cf15abde37970de4b","timestamp":"2026-07-04 06:24:57"}
{"level":"info","message":"Created client session 21bfd6233758cf7bb8fb4ae3","timestamp":"2026-07-04 06:24:57"}
{"level":"info","message":"Created client session 82b6f7e3f24c8dade29640c4","timestamp":"2026-07-04 06:24:57"}
{"level":"info","message":"Created client session 036178bbbee7f108b09cdff3","timestamp":"2026-07-04 06:24:57"}
{"level":"info","message":"Created client session ffd402f02d0cd19802cbfca5","timestamp":"2026-07-04 06:24:57"}
{"level":"info","message":"Created client session 4ecb9a4bc259eed2b2d5dade","timestamp":"2026-07-04 06:24:57"}
{"level":"info","message":"Created client session aff510a3c7b5c58bca7180f5","timestamp":"2026-07-04 06:24:57"}
{"level":"info","message":"Created client session 3c8bc3b28046ebae3bcc31c6","timestamp":"2026-07-04 06:24:57"}
{"level":"info","message":"Created client session 67c06cbe2e820aec0dbfa167","timestamp":"2026-07-04 06:24:57"}
{"level":"info","message":"Created client session 1101c49e9f7b4cce3ae8580d","timestamp":"2026-07-04 06:24:57"}
{"level":"info","message":"Created client session 660a82005e7d45e0a11ef0e9","timestamp":"2026-07-04 06:24:58"}
{"level":"info","message":"Created client session ee007b6157d7370f85e5ed90","timestamp":"2026-07-04 06:24:58"}
{"level":"info","message":"Created client session 308805c089c6ce5689d105f6","timestamp":"2026-07-04 06:24:58"}
{"level":"info","message":"Created client session a8138d51db1c02fe7350a608","timestamp":"2026-07-04 06:24:58"}
{"level":"info","message":"Created client session 66573d69c8dd680d1923448c","timestamp":"2026-07-04 06:24:58"}
{"level":"info","message":"Created client session 63b64d16a3d723092d1e1e20","timestamp":"2026-07-04 06:24:58"}
{"level":"info","message":"Created client session a5a2aa64fa29611901592c71","timestamp":"2026-07-04 06:24:58"}
{"level":"info","message":"Created client session ed91f2f1d43752ead37ada3b","timestamp":"2026-07-04 06:24:58"}
{"level":"info","message":"Created client session fcab94be0affb17b8975ab99","timestamp":"2026-07-04 06:24:58"}
{"level":"info","message":"Created client session 04d6f965e9bc386eaebbf545","timestamp":"2026-07-04 06:24:58"}
{"level":"info","message":"Created client session c1c15a8e99e9d4e460801cc6","timestamp":"2026-07-04 06:24:58"}
{"level":"info","message":"Created client session 6cfc712e1b9f23c2d5815b0f","timestamp":"2026-07-04 06:24:58"}
{"level":"info","message":"Created client session 44836537555be31dc5715e57","timestamp":"2026-07-04 06:24:58"}
{"level":"info","message":"Created client session 5f8567b10bc54a7f203f1891","timestamp":"2026-07-04 06:24:58"}
{"level":"info","message":"Created client session f5065efa71edc7849e160687","timestamp":"2026-07-04 06:24:58"}
{"level":"info","message":"Created client session ed9a5b589e83d9cc7d5a482a","timestamp":"2026-07-04 06:24:58"}
{"level":"info","message":"Created client session fd870aeb6dc3acbcd355a0da","timestamp":"2026-07-04 06:24:58"}
{"level":"info","message":"Created client session 62a9ea2c33dca482271eb069","timestamp":"2026-07-04 06:24:58"}
{"level":"info","message":"Created client session 1720ccb6cbcad182c459a39b","timestamp":"2026-07-04 06:24:58"}
{"level":"info","message":"Created client session 679bceb604adb16f505ae98f","timestamp":"2026-07-04 06:24:58"}
{"level":"info","message":"Created client session 6bd0f51405029debd722ff68","timestamp":"2026-07-04 06:24:59"}
{"level":"info","message":"Created client session a0b506c824e6dcf8ee3ea0fe","timestamp":"2026-07-04 06:24:59"}
{"level":"info","message":"Created client session c618d977f05d09e4886b5c10","timestamp":"2026-07-04 06:24:59"}
{"level":"info","message":"Created client session 49b843ac7ccfaaf6caebd3df","timestamp":"2026-07-04 06:24:59"}
{"level":"info","message":"Created client session 0cf18a089c95784e9c2fd401","timestamp":"2026-07-04 06:24:59"}
{"level":"info","message":"Created client session db5f19695169a6784fadfb5d","timestamp":"2026-07-04 06:24:59"}
{"level":"info","message":"Created client session 45693c7ea88d503b32eecaff","timestamp":"2026-07-04 06:24:59"}
{"level":"info","message":"Created client session cded8956ae1eed4eee19d858","timestamp":"2026-07-04 06:24:59"}
{"level":"info","message":"Created client session efd6e7ee5cff16f9092978a2","timestamp":"2026-07-04 06:24:59"}
{"level":"info","message":"Created client session dabec4b7d8d41e17c0f46730","timestamp":"2026-07-04 06:24:59"}
{"level":"info","message":"Created client session 1af139bfd3de97b02d8629a3","timestamp":"2026-07-04 06:24:59"}
{"level":"info","message":"Created client session 2ec0b8210302ba7bde5bdafc","timestamp":"2026-07-04 06:24:59"}
{"level":"info","message":"Created client session 3f97dcc01ead3598f2780c81","timestamp":"2026-07-04 06:24:59"}
{"level":"info","message":"Created client session 6752c83b747e92224e7798a8","timestamp":"2026-07-04 06:24:59"}
{"level":"info","message":"Created client session 1ea075d48ba95d9339136d42","timestamp":"2026-07-04 06:24:59"}
{"level":"info","message":"Created client session c4f213335685e56e9f0ee4fa","timestamp":"2026-07-04 06:24:59"}
{"level":"info","message":"Created client session cfc286407c82dbefed6003d7","timestamp":"2026-07-04 06:24:59"}
{"level":"info","message":"Created client session fcfa367c227ce1c8887fcd8f","timestamp":"2026-07-04 06:24:59"}
{"level":"info","message":"Created client session 528d3ca1aeedeae008e14690","timestamp":"2026-07-04 06:24:59"}
{"level":"info","message":"Created client session ad7016693816cea481a24dd8","timestamp":"2026-07-04 06:24:59"}
{"level":"info","message":"Created client session 73c5194f30f72d117b92bc21","timestamp":"2026-07-04 06:24:59"}
{"level":"info","message":"Created client session 78397de216f0e2230449137b","timestamp":"2026-07-04 06:24:59"}
{"level":"info","message":"Created client session 44550c5ad82a89263bdcc6a2","timestamp":"2026-07-04 06:24:59"}
{"level":"info","message":"Created client session 1f9e8903dd173055828926b5","timestamp":"2026-07-04 06:24:59"}
{"level":"info","message":"Created client session edd4d5c13a94340ecadaab74","timestamp":"2026-07-04 06:25:00"}
{"level":"info","message":"Created client session b6776605da98a22477a2a1b8","timestamp":"2026-07-04 06:25:00"}
{"level":"info","message":"Created client session fe65f2fb1c9bcb9201e50452","timestamp":"2026-07-04 06:25:00"}
{"level":"info","message":"Created client session 34c64aca4fb449c851f29888","timestamp":"2026-07-04 06:25:00"}
{"level":"info","message":"Created client session abf4e3b98a625927a00654db","timestamp":"2026-07-04 06:25:00"}
{"level":"info","message":"Created client session eb98364877d74444d9ce3860","timestamp":"2026-07-04 06:25:00"}
{"level":"info","message":"Created client session 788dc2384dac2ed583a0c220","timestamp":"2026-07-04 06:25:00"}
{"level":"info","message":"Created client session 357f13186bf83b6c9919f469","timestamp":"2026-07-04 06:25:00"}
{"level":"info","message":"Created client session 4321249eac8d5eb53c4be277","timestamp":"2026-07-04 06:25:00"}
{"level":"info","message":"Created client session c75ff6e5a592d3045687874f","timestamp":"2026-07-04 06:25:00"}
{"level":"info","message":"Created client session e2c45e597bd3f875fb5aeb87","timestamp":"2026-07-04 06:25:00"}
{"level":"info","message":"Created client session 68c80e91390f30849b9482ce","timestamp":"2026-07-04 06:25:00"}
{"level":"info","message":"Created client session ad11040ee251f57749f36f58","timestamp":"2026-07-04 06:25:01"}
{"level":"info","message":"Created client session 5823dcace39b855e22526764","timestamp":"2026-07-04 06:25:01"}
{"level":"info","message":"Created client session e6cd45fbe8c2f1f0dd847e13","timestamp":"2026-07-04 06:25:01"}
{"level":"info","message":"Created client session 3eda8a8616cb76cc1dc5f852","timestamp":"2026-07-04 06:25:01"}
{"level":"info","message":"Created client session 20a2778d1b04402745e7f13c","timestamp":"2026-07-04 06:25:01"}
{"level":"info","message":"Created client session 7b40ee2c39a94df63fa65992","timestamp":"2026-07-04 06:25:01"}
{"level":"info","message":"Created client session 2d54510f78ecd50fdfd57a76","timestamp":"2026-07-04 06:25:01"}
{"level":"info","message":"Created client session 95abb462450ac60926819296","timestamp":"2026-07-04 06:25:01"}
{"level":"info","message":"Created client session d62a40359af6f25431abeb20","timestamp":"2026-07-04 06:25:01"}
{"level":"info","message":"Created client session bc2ba4bd98cca5da73b37a98","timestamp":"2026-07-04 06:25:01"}
{"level":"info","message":"Created client session 45ba6202881c81c4132f2657","timestamp":"2026-07-04 06:25:01"}
{"level":"info","message":"Created client session d0dcdf76b3312db76a8bba19","timestamp":"2026-07-04 06:25:01"}
{"level":"info","message":"Created client session af693e981b888e6bff73c732","timestamp":"2026-07-04 06:25:01"}
{"level":"info","message":"Created client session 32deff559c593c1670849779","timestamp":"2026-07-04 06:25:01"}
{"level":"info","message":"Created client session cba819d9be97dcae1540f90a","timestamp":"2026-07-04 06:25:01"}
{"level":"info","message":"Created client session 3b8d92c9d64f22b0301d82f9","timestamp":"2026-07-04 06:25:01"}
{"level":"info","message":"Created client session 775fae220f058b06b6aee405","timestamp":"2026-07-04 06:25:02"}
{"level":"info","message":"Created client session a0b740bbe6e8c87b05b53aa4","timestamp":"2026-07-04 06:25:02"}
{"level":"info","message":"Created client session c2f9ec06739563aaf020eb36","timestamp":"2026-07-04 06:25:02"}
{"level":"info","message":"Created client session 16b21cc2f6dbf5820fee4dd9","timestamp":"2026-07-04 06:25:02"}
{"level":"info","message":"Created client session b697aa3ebb65d3ffd4f7edd3","timestamp":"2026-07-04 06:25:02"}
{"level":"info","message":"Created client session f6cefdc4af613027871d828d","timestamp":"2026-07-04 06:25:02"}
{"level":"info","message":"Created client session f8754020e11474e1741f01b4","timestamp":"2026-07-04 06:25:02"}
{"level":"info","message":"Created client session 7f47dd0bd12a468298624897","timestamp":"2026-07-04 06:25:02"}
{"level":"info","message":"Created client session 4da7a3801e0e7f61dd278ca7","timestamp":"2026-07-04 06:25:02"}
{"level":"info","message":"Created client session 98885c06e074152c04f9fb35","timestamp":"2026-07-04 06:25:02"}
{"level":"info","message":"Created client session 253b7872b0da041b6f0980d2","timestamp":"2026-07-04 06:25:02"}
{"level":"info","message":"Created client session afbe394f46b71c5ac03b28a5","timestamp":"2026-07-04 06:25:02"}
{"level":"info","message":"Created client session 5cfd9ce91462e2a2ee85094d","timestamp":"2026-07-04 06:25:02"}
{"level":"info","message":"Created client session 6cf7e8ece72c71873f5b3223","timestamp":"2026-07-04 06:25:02"}
{"level":"info","message":"Created client session 662d037549d855762c627b8d","timestamp":"2026-07-04 06:25:02"}
{"level":"info","message":"Created client session 2675e2056779f7e5b929f65e","timestamp":"2026-07-04 06:25:02"}
{"level":"info","message":"Created client session 75314fa6062d6d9a11a415e9","timestamp":"2026-07-04 06:25:02"}
{"level":"info","message":"Created client session ee0209d6a16227930a1aa8c2","timestamp":"2026-07-04 06:25:02"}
{"level":"info","message":"Created client session 35a0e2a01d87337610dfafed","timestamp":"2026-07-04 06:25:02"}
{"level":"info","message":"Created client session de50f71fafe018d31423ec65","timestamp":"2026-07-04 06:25:02"}
{"level":"info","message":"Created client session dd889e7e18fd6f6aa16fa666","timestamp":"2026-07-04 06:25:03"}
{"level":"info","message":"Created client session 1558d65065e444e633d265d1","timestamp":"2026-07-04 06:25:03"}
{"level":"info","message":"Created client session f7ab43a4e53df7e419c7b965","timestamp":"2026-07-04 06:25:03"}
{"level":"info","message":"Created client session d66559453885b60ff4639d28","timestamp":"2026-07-04 06:25:03"}
{"level":"info","message":"Created client session 1155020f5ff01f6f527d642e","timestamp":"2026-07-04 06:25:03"}
{"level":"info","message":"Created client session 740b26e0a5a5b61dbcff6778","timestamp":"2026-07-04 06:25:03"}
{"level":"info","message":"Created client session 797f42d05d2bd3500262c7c5","timestamp":"2026-07-04 06:25:03"}
{"level":"info","message":"Created client session 80014b7f4cb61acb7129c2fe","timestamp":"2026-07-04 06:25:03"}
{"level":"info","message":"Created client session 73df349d0dfaf872ce6fc477","timestamp":"2026-07-04 06:25:03"}
{"level":"info","message":"Created client session df0a67a888c68c44d26dd59c","timestamp":"2026-07-04 06:25:03"}
{"level":"info","message":"Created client session 59f63ad229596e73104741c1","timestamp":"2026-07-04 06:25:03"}
{"level":"info","message":"Created client session 3ce2d2a0c469c7d50903b7a2","timestamp":"2026-07-04 06:25:03"}
{"level":"info","message":"Created client session 4014bbfa55cc8e6132e2075b","timestamp":"2026-07-04 06:25:04"}
{"level":"info","message":"Created client session 5c9db67fb85aa6f64a3e4d8b","timestamp":"2026-07-04 06:25:04"}
{"level":"info","message":"Created client session d80e3840a881aa6ab88be4cf","timestamp":"2026-07-04 06:25:04"}
{"level":"info","message":"Created client session 996071cfad6875c9119274aa","timestamp":"2026-07-04 06:25:04"}
{"level":"info","message":"Created client session 10872fd35787ae32eb473626","timestamp":"2026-07-04 06:25:04"}
{"level":"info","message":"Created client session a5caa8ae34e4a9f9b5e901f8","timestamp":"2026-07-04 06:25:04"}
{"level":"info","message":"Created client session d745610d3a61a2fcdb4c12ea","timestamp":"2026-07-04 06:25:04"}
{"level":"info","message":"Created client session feb2cbbd0537cdc9402d33ab","timestamp":"2026-07-04 06:25:04"}
{"level":"info","message":"Created client session ec2b7b3fb62b70736df71878","timestamp":"2026-07-04 06:25:04"}
{"level":"info","message":"Created client session ad49c764a768a12e7bebb512","timestamp":"2026-07-04 06:25:04"}
{"level":"info","message":"Created client session 9b00fb753b3a7f844087ed26","timestamp":"2026-07-04 06:25:04"}
{"level":"info","message":"Created client session 38277b11dd11cc2751b5e443","timestamp":"2026-07-04 06:25:04"}
{"level":"info","message":"Created client session 815a454e0a049551cef7836e","timestamp":"2026-07-04 06:25:04"}
{"level":"info","message":"Created client session ef074a2eb7af3eb9666decdd","timestamp":"2026-07-04 06:25:04"}
{"level":"info","message":"Created client session f6b52bc327a45b4ef68b4b8d","timestamp":"2026-07-04 06:25:04"}
{"level":"info","message":"Created client session 12f26802b85c9bd621b9c8d2","timestamp":"2026-07-04 06:25:04"}
{"level":"info","message":"Created client session 7eb656175f0b95fe8a8488b9","timestamp":"2026-07-04 06:25:04"}
{"level":"info","message":"Created client session 687a8d6d3379210f1e8b087b","timestamp":"2026-07-04 06:25:04"}
{"level":"info","message":"Created client session 31bb69cefaaa66003fe11992","timestamp":"2026-07-04 06:25:04"}
{"level":"info","message":"Created client session e7a1be0b1b4a602eac61eb1c","timestamp":"2026-07-04 06:25:04"}
{"level":"info","message":"Created client session 1b4b306d0367b95fe98ef77a","timestamp":"2026-07-04 06:25:04"}
{"level":"info","message":"Created client session 49a36c78d439d631b9623233","timestamp":"2026-07-04 06:25:04"}
{"level":"info","message":"Created client session dd1103ad9795be3dd40cc255","timestamp":"2026-07-04 06:25:05"}
{"level":"info","message":"Created client session 0f5cd28e41c0ad0193b46719","timestamp":"2026-07-04 06:25:05"}
{"level":"info","message":"Created client session 87e775b5ff77cc90eaa905b9","timestamp":"2026-07-04 06:25:05"}
{"level":"info","message":"Created client session b60b84db61a356c2a8792874","timestamp":"2026-07-04 06:25:05"}
{"level":"info","message":"Created client session 91983dd27108ca12b047d2da","timestamp":"2026-07-04 06:25:05"}
{"level":"info","message":"Created client session acde550613d6050705b0a3d1","timestamp":"2026-07-04 06:25:05"}
{"level":"info","message":"Created client session a2871d4ac4823e88656730c7","timestamp":"2026-07-04 06:25:05"}
{"level":"info","message":"Created client session 451267b4c0f500d8ae02f8cd","timestamp":"2026-07-04 06:25:05"}
{"level":"info","message":"Created client session 448d74e84099aec00e8d0056","timestamp":"2026-07-04 06:25:05"}
{"level":"info","message":"Created client session ecfc43ef27d8f923c5fa7470","timestamp":"2026-07-04 06:25:05"}
{"level":"info","message":"Created client session de37086369a10aad866f6881","timestamp":"2026-07-04 06:25:05"}
{"level":"info","message":"Created client session 967e2ed1955585999a9430f3","timestamp":"2026-07-04 06:25:05"}
{"level":"info","message":"Created client session 6d7267761d0b3589a3d53519","timestamp":"2026-07-04 06:25:05"}
{"level":"info","message":"Created client session 8bb237a43a4c5de7f45e155e","timestamp":"2026-07-04 06:25:05"}
{"level":"info","message":"Created client session a2bd7673286fec2c8bc2462f","timestamp":"2026-07-04 06:25:05"}
{"level":"info","message":"Created client session 73447f011f155d965b1693b6","timestamp":"2026-07-04 06:25:05"}
{"level":"info","message":"Created client session d1c30839762c2a310361ddbb","timestamp":"2026-07-04 06:25:05"}
{"level":"info","message":"Created client session 0bfd9912dd2b9c36a326fdc4","timestamp":"2026-07-04 06:25:05"}
{"level":"info","message":"Created client session f5c5d5df832d4f094f27804d","timestamp":"2026-07-04 06:25:05"}
{"level":"info","message":"Created client session 833c8679d86c82cc515a92c8","timestamp":"2026-07-04 06:25:05"}
{"level":"info","message":"Created client session d3f760c8df0da0d402170ada","timestamp":"2026-07-04 06:25:05"}
{"level":"info","message":"Created client session 340096dc808ab14545367c02","timestamp":"2026-07-04 06:25:05"}
{"level":"info","message":"Created client session 367a90b717493e97fe4f34fd","timestamp":"2026-07-04 06:25:05"}
{"level":"info","message":"Created client session 698ebe0f3609e9902c6bdb63","timestamp":"2026-07-04 06:25:05"}
{"level":"info","message":"Created client session a68a23126e93bccd5e262825","timestamp":"2026-07-04 06:25:05"}
{"level":"info","message":"Created client session 5dd18af79a67b0b773836f4d","timestamp":"2026-07-04 06:25:05"}
{"level":"info","message":"Created client session c274a0ad4a30ec70fadaeb60","timestamp":"2026-07-04 06:25:05"}
{"level":"info","message":"Created client session c2de9b754a6252cf72ef4851","timestamp":"2026-07-04 06:25:05"}
{"level":"info","message":"Created client session cb2abadc02e0c8b4eaf2b543","timestamp":"2026-07-04 06:25:05"}
{"level":"info","message":"Created client session 449d919baca7248f8b8711ca","timestamp":"2026-07-04 06:25:05"}
{"level":"info","message":"Created client session c078f3acb4518b9eb8239ebd","timestamp":"2026-07-04 06:25:05"}
{"level":"info","message":"Created client session d550ce143b74f982ddc5c263","timestamp":"2026-07-04 06:25:05"}
{"level":"info","message":"Created client session b103d138991cf71411d08506","timestamp":"2026-07-04 06:25:05"}
{"level":"info","message":"Created client session 40dbaa516c7e592bd597c549","timestamp":"2026-07-04 06:25:05"}
{"level":"info","message":"Created client session aa2c82b45f0ddea2d1bdf532","timestamp":"2026-07-04 06:25:05"}
{"level":"info","message":"Created client session fca19d73a6303954be671531","timestamp":"2026-07-04 06:25:05"}
{"level":"info","message":"Created client session adb2b4b25826d72c3c367c14","timestamp":"2026-07-04 06:25:05"}
{"level":"info","message":"Created client session 5f91dd0bf15bdf16a8824d40","timestamp":"2026-07-04 06:25:05"}
{"level":"info","message":"Created client session ec7f64cdfd87bd064b9491e4","timestamp":"2026-07-04 06:25:05"}
{"level":"info","message":"Created client session 6fdc7f7e5b44184ddccf47be","timestamp":"2026-07-04 06:25:05"}
{"level":"info","message":"Created client session 1cb2352d7fa04676f41cd8cf","timestamp":"2026-07-04 06:25:05"}
{"level":"info","message":"Created client session 77b780ea4f1afb4d6ddacc5c","timestamp":"2026-07-04 06:25:05"}
{"level":"info","message":"Created client session 5ebd50fa1996314a077a114a","timestamp":"2026-07-04 06:25:05"}
{"level":"info","message":"Created client session b63a928651b797857f8fd647","timestamp":"2026-07-04 06:25:05"}
{"level":"info","message":"Created client session d9ed55fff157a6c7354cabf0","timestamp":"2026-07-04 06:25:05"}
{"level":"info","message":"Created client session b51294e7e61555d5e401833d","timestamp":"2026-07-04 06:25:05"}
{"level":"info","message":"Created client session 6b402f4836ab748a27e6fda4","timestamp":"2026-07-04 06:25:05"}
{"level":"info","message":"Created client session e74a178121ba57671122aeea","timestamp":"2026-07-04 06:25:05"}
{"level":"info","message":"Created client session 8f5c4bb5643a65c51f517025","timestamp":"2026-07-04 06:25:05"}
{"level":"info","message":"Created client session 07cb32c2c4b789ef5bc91f6b","timestamp":"2026-07-04 06:25:05"}
{"level":"info","message":"Created client session badd26cb61fc37f26c993430","timestamp":"2026-07-04 06:25:05"}
{"level":"info","message":"Created client session f88287705eafa8a4a6747aa2","timestamp":"2026-07-04 06:25:06"}
{"level":"info","message":"Created client session 3b93b4ccd0208f164e280629","timestamp":"2026-07-04 06:25:06"}
{"level":"info","message":"Created client session d9d8506e1975fc68b539fa84","timestamp":"2026-07-04 06:25:06"}
{"level":"info","message":"Created client session bd706381cf1edc40fef26415","timestamp":"2026-07-04 06:25:06"}
{"level":"info","message":"Created client session 6bf71da7b3a46257b9c2a976","timestamp":"2026-07-04 06:25:06"}
{"level":"info","message":"Created client session 5404388dd568375d3738a3b0","timestamp":"2026-07-04 06:25:06"}
{"level":"info","message":"Created client session bc04ca751d79e75ca2befe0b","timestamp":"2026-07-04 06:25:06"}
{"level":"info","message":"Created client session 38fe01cd9b397e9dd42ee5be","timestamp":"2026-07-04 06:25:06"}
{"level":"info","message":"Created client session aa455509e806294a3d732a47","timestamp":"2026-07-04 06:25:06"}
{"level":"info","message":"Created client session cbf93e0e53b34fb6895e3316","timestamp":"2026-07-04 06:25:06"}
{"level":"info","message":"Created client session fc05a316ffe823aff7b393da","timestamp":"2026-07-04 06:25:06"}
{"level":"info","message":"Created client session 2986b305514156dce3c5dbc3","timestamp":"2026-07-04 06:25:06"}
{"level":"info","message":"Created client session 8c35bb4dd4cb630b4b27a06f","timestamp":"2026-07-04 06:25:06"}
{"level":"info","message":"Created client session dcc67573e271400372130ae7","timestamp":"2026-07-04 06:25:06"}
{"level":"info","message":"Created client session 835be36a9ca7defe3094869d","timestamp":"2026-07-04 06:25:06"}
{"level":"info","message":"Created client session 1dbacb46544a29d9ed2c693b","timestamp":"2026-07-04 06:25:06"}
{"level":"info","message":"Created client session 50c84682e2c4e606bc3353fa","timestamp":"2026-07-04 06:25:06"}
{"level":"info","message":"Created client session 6cc7154df69d5ed0d1605cce","timestamp":"2026-07-04 06:25:06"}
{"level":"info","message":"Created client session 5fb1d1f33565e9b51e6ea069","timestamp":"2026-07-04 06:25:06"}
{"level":"info","message":"Created client session 19c39389450ce1589e55ebdf","timestamp":"2026-07-04 06:25:06"}
{"level":"info","message":"Created client session cefe3861b6e7a3bb19cb79ee","timestamp":"2026-07-04 06:25:06"}
{"level":"info","message":"Created client session a4c47494018ecb1ac534ef61","timestamp":"2026-07-04 06:25:06"}
{"level":"info","message":"Created client session c1ade8ffa7c13056f702f83c","timestamp":"2026-07-04 06:25:06"}
{"level":"info","message":"Created client session b640861fce56038d2bbfb079","timestamp":"2026-07-04 06:25:06"}
{"level":"info","message":"Created client session 96741cfbb9c047e74090ad5f","timestamp":"2026-07-04 06:25:06"}
{"level":"info","message":"Created client session ed701a7657b128431a34db45","timestamp":"2026-07-04 06:25:06"}
{"level":"info","message":"Created client session 80beec4af01899ee3c99edb9","timestamp":"2026-07-04 06:25:06"}
{"level":"info","message":"Created client session 3ce8b36e8f4cce46f04836c2","timestamp":"2026-07-04 06:25:06"}
{"level":"info","message":"Created client session 9255a3351ee1925bd52dd01c","timestamp":"2026-07-04 06:25:06"}
{"level":"info","message":"Created client session bef17d167e827e0711e006ce","timestamp":"2026-07-04 06:25:06"}
{"level":"info","message":"Created client session f4db2fe2e1350683a585eefe","timestamp":"2026-07-04 06:25:06"}
{"level":"info","message":"Created client session 3c80b8136b60b55fcb1ee3a2","timestamp":"2026-07-04 06:25:06"}
{"level":"info","message":"Created client session eac113218d4624f7b0a5206b","timestamp":"2026-07-04 06:25:06"}
{"level":"info","message":"Created client session 491a29327d0834af789761a7","timestamp":"2026-07-04 06:25:06"}
{"level":"info","message":"Created client session e032d2811fe61afe4d9f7716","timestamp":"2026-07-04 06:25:06"}
{"level":"info","message":"Created client session 3c7bbfe1153785607bdbffcf","timestamp":"2026-07-04 06:49:49"}
{"level":"info","message":"Created client session b2154c9e092c1b05a1a6c5bf","timestamp":"2026-07-04 06:55:18"}
{"level":"info","message":"Created client session fa99445cb91a3980ba00b69d","timestamp":"2026-07-04 06:55:20"}
{"level":"info","message":"Created client session 2bfb4fef50b097fd7f8e562e","timestamp":"2026-07-04 06:55:23"}
{"level":"info","message":"Created client session eb225fb8eb0b5d41808bbc8f","timestamp":"2026-07-04 06:55:33"}
{"level":"info","message":"Created client session 3f4f9c437017e852bc375f30","timestamp":"2026-07-04 06:55:35"}
{"level":"info","message":"Created client session dfb2702f4274788a0fee6494","timestamp":"2026-07-04 06:55:36"}
{"level":"info","message":"Created client session 5121f3c1658a39fb01e33220","timestamp":"2026-07-04 07:04:24"}
{"level":"info","message":"Created client session 59b1515d7236875b87ec3dc7","timestamp":"2026-07-04 07:43:08"}
{"ip":"71.81.66.111","level":"info","message":"User authentication successful for user Yuri","session":"59b1515d7236875b87ec3dc7","timestamp":"2026-07-04 07:43:12"}
{"level":"info","message":"No system update for FIST: Ultra Edition is currently available.","timestamp":"2026-07-04 07:43:13"}
{"level":"info","message":"Vended World data to User [cBIwMH3b7DjWKHRM] in 350ms","timestamp":"2026-07-04 07:43:13"}
{"level":"info","message":"Created Item with id [gLonlr3dlYmC8AiV] in parent Actor [jB6sq5s5dt79eVT9]","timestamp":"2026-07-04 07:43:44"}
{"level":"info","message":"Created Item with id [PjfbznO7nvPuC0uq] in parent Actor [jB6sq5s5dt79eVT9]","timestamp":"2026-07-04 07:43:45"}
{"level":"info","message":"Deleted Item with id [gLonlr3dlYmC8AiV] in parent Actor [jB6sq5s5dt79eVT9]","timestamp":"2026-07-04 07:43:46"}
{"level":"info","message":"Deleted Item with id [PjfbznO7nvPuC0uq] in parent Actor [jB6sq5s5dt79eVT9]","timestamp":"2026-07-04 07:43:46"}
{"level":"info","message":"Created client session 6c042ea3bd9f0b44cdc8140d","timestamp":"2026-07-04 08:39:39"}
{"level":"info","message":"Created client session 035123b2c159b7e03e1642a6","timestamp":"2026-07-04 08:58:14"}
{"level":"info","message":"Created client session 9ed7a45141318404ab2b666a","timestamp":"2026-07-04 08:58:20"}
{"level":"info","message":"Created client session 6f54275d0b50f52316a9b644","timestamp":"2026-07-04 08:59:16"}
{"level":"info","message":"Logged user cBIwMH3b7DjWKHRM out of active World","timestamp":"2026-07-04 09:04:45"}
{"ip":"71.81.66.111","level":"info","message":"User authentication successful for user Yuri","session":"59b1515d7236875b87ec3dc7","timestamp":"2026-07-04 09:04:48"}
{"level":"info","message":"No system update for FIST: Ultra Edition is currently available.","timestamp":"2026-07-04 09:04:50"}
{"level":"info","message":"Vended World data to User [cBIwMH3b7DjWKHRM] in 362ms","timestamp":"2026-07-04 09:04:50"}
{"level":"info","message":"Created client session 269e35281ea03ec881cac78b","timestamp":"2026-07-04 09:16:48"}
{"level":"info","message":"Created client session f4ec35abc41b614cf71bacfc","timestamp":"2026-07-04 09:22:39"}
{"level":"info","message":"Created client session 8edf78e012aa31269c52ba3c","timestamp":"2026-07-04 09:46:54"}
{"level":"info","message":"Created client session 2d35da94d03db235a94c6045","timestamp":"2026-07-04 09:56:27"}
{"level":"info","message":"Created client session 8781ee1f69f03f5162f875e0","timestamp":"2026-07-04 09:56:44"}
{"level":"info","message":"Created client session ea76ba4ef0ef792557efd613","timestamp":"2026-07-04 10:32:24"}
{"level":"info","message":"Created client session 3bcc17082e388390147eeb4f","timestamp":"2026-07-04 11:07:49"}
{"level":"info","message":"Created client session 64447d52baece3e872d92a97","timestamp":"2026-07-04 11:11:46"}
{"level":"info","message":"Created client session 9e502b355aeb6fdae11c3b39","timestamp":"2026-07-04 11:13:03"}
{"level":"info","message":"Created client session 3b16a5219d29ddad5f1d93db","timestamp":"2026-07-04 11:15:08"}
{"level":"info","message":"Created client session 7b0c0d649c7e3b124ffae272","timestamp":"2026-07-04 11:16:09"}
{"level":"info","message":"Created client session 7a1771896d206ec2b8540f49","timestamp":"2026-07-04 11:16:43"}
{"level":"info","message":"Created client session fa0a222db5da1b23ccc2b7f3","timestamp":"2026-07-04 11:17:56"}
{"level":"info","message":"Created client session 41a8dc4f530f9e7c6157dc40","timestamp":"2026-07-04 11:19:42"}
{"level":"info","message":"Created client session bb92374422d409c217e6bc67","timestamp":"2026-07-04 11:20:18"}
{"level":"info","message":"Created client session ba15c59b749927434a8029a6","timestamp":"2026-07-04 11:21:16"}
{"level":"info","message":"Created client session 97cde8927b5da2dff7080a66","timestamp":"2026-07-04 11:22:09"}
{"level":"info","message":"Created client session b903425311e98e4b9c411b2d","timestamp":"2026-07-04 11:22:58"}
{"level":"info","message":"Created client session 030d6e41910138e54dee06eb","timestamp":"2026-07-04 11:23:40"}
{"ip":"153.55.143.212","level":"info","message":"User authentication successful for user Levi","session":"030d6e41910138e54dee06eb","timestamp":"2026-07-04 11:23:44"}
{"level":"info","message":"No system update for FIST: Ultra Edition is currently available.","timestamp":"2026-07-04 11:23:45"}
{"level":"info","message":"Vended World data to User [hisAKmwZpnqyxaz9] in 332ms","timestamp":"2026-07-04 11:23:45"}
{"level":"info","message":"Created client session 03fec39a348b2a813f46b71a","timestamp":"2026-07-04 11:24:06"}
{"level":"info","message":"Created client session 9fc561d846e39ad0e390e643","timestamp":"2026-07-04 11:24:25"}
{"level":"info","message":"Created client session 41dfe0012cd6f1662eddeb33","timestamp":"2026-07-04 11:24:40"}
{"level":"info","message":"Created client session e9bcb5e37e8f4f42b5f5984a","timestamp":"2026-07-04 11:25:06"}
{"level":"info","message":"Created client session e2410552428561a26d809308","timestamp":"2026-07-04 11:34:40"}
{"level":"info","message":"Created Item with id [ywyZBDvjoWTxHna1] in parent Actor [0647oASaoyHikMHR]","timestamp":"2026-07-04 11:40:26"}
{"level":"info","message":"Created Item with id [lTMlJrF4rQBNcTG9] in parent Actor [0647oASaoyHikMHR]","timestamp":"2026-07-04 11:40:27"}
{"level":"info","message":"Created Item with id [RpJS5Rx45J6G4YaG] in parent Actor [0647oASaoyHikMHR]","timestamp":"2026-07-04 11:41:24"}
{"level":"info","message":"Deleted Item with id [RpJS5Rx45J6G4YaG] in parent Actor [0647oASaoyHikMHR]","timestamp":"2026-07-04 11:41:25"}
{"level":"info","message":"Created Item with id [uN3iip5qYsa93KMo] in parent Actor [0647oASaoyHikMHR]","timestamp":"2026-07-04 11:41:26"}
{"level":"info","message":"Created client session 52a1b58e28e82e1a65c91bca","timestamp":"2026-07-04 11:41:40"}
{"level":"info","message":"Created client session 75493ee51dc0ce1abce97078","timestamp":"2026-07-04 11:41:41"}
{"level":"info","message":"Created client session f274bab7d39548d517f8fee0","timestamp":"2026-07-04 11:41:42"}
{"level":"info","message":"Created client session 192919545a9f1ae0d112a8c4","timestamp":"2026-07-04 12:03:34"}
{"level":"info","message":"Created Item with id [K9V0tfdVpmm9irwv] in parent Actor [0647oASaoyHikMHR]","timestamp":"2026-07-04 12:08:31"}
{"level":"info","message":"Created client session ad2ad6e16750e98260964c41","timestamp":"2026-07-04 12:50:28"}
{"level":"info","message":"Created client session a040960592ae3bfd3ae9cba7","timestamp":"2026-07-04 13:15:08"}
{"level":"info","message":"Created client session 349d2d6ccf4f9e2f722226c4","timestamp":"2026-07-04 13:15:45"}
{"level":"info","message":"Created client session cc57bafb821de650fc0f7a49","timestamp":"2026-07-04 13:17:04"}
{"level":"info","message":"Created client session 0539fb1fae297471f7884727","timestamp":"2026-07-04 13:38:31"}
{"level":"info","message":"Created client session 76897d275e2fc7f5e7a8e450","timestamp":"2026-07-04 14:50:21"}
{"level":"info","message":"Created client session 54634121341c6a3b4a30115f","timestamp":"2026-07-04 14:53:11"}
{"level":"info","message":"Created client session b2a5159eb1de704a6c8d2386","timestamp":"2026-07-04 15:03:07"}
{"level":"info","message":"Created client session 12e7b4b2ed486345ffaf852c","timestamp":"2026-07-04 15:06:02"}
{"level":"info","message":"Created client session 83ac1ed67c32cd68e5d07452","timestamp":"2026-07-04 15:06:03"}
{"level":"info","message":"Created client session ff7488ca6bc28f78cc16c4cf","timestamp":"2026-07-04 15:08:11"}
{"level":"info","message":"Created client session a827047db78134d8c6c4a043","timestamp":"2026-07-04 15:08:20"}
{"level":"info","message":"Created client session 7cc6836af91af5f919bdc261","timestamp":"2026-07-04 15:08:30"}
{"level":"info","message":"Created client session 1c0cab495cd8c5450d3f1a25","timestamp":"2026-07-04 15:10:38"}
{"level":"info","message":"Created client session a8aac915eedfee48f7142bd3","timestamp":"2026-07-04 15:13:34"}
{"level":"info","message":"Logged user xmljeyMGZBPkULO7 out of active World","timestamp":"2026-07-04 16:12:07"}
{"ip":"38.143.253.121","level":"info","message":"User authentication successful for user Gamemaster","session":"8c23e5fa012f3226c693f99c","timestamp":"2026-07-04 16:12:14"}
{"level":"info","message":"No system update for FIST: Ultra Edition is currently available.","timestamp":"2026-07-04 16:12:15"}
{"level":"info","message":"Vended World data to User [xmljeyMGZBPkULO7] in 394ms","timestamp":"2026-07-04 16:12:15"}
{"level":"info","message":"Created Item with id [sfv8fsAlfBYbYigA] in parent Actor [TvO01VGQZqj8aYV6]","timestamp":"2026-07-04 16:12:39"}
{"level":"info","message":"Created Item with id [OfpPOa3z9XBgMNVy] in parent Actor [TvO01VGQZqj8aYV6]","timestamp":"2026-07-04 16:13:00"}
{"level":"info","message":"Created ChatMessage with id [3wjTWGlxhNIS0hFt]","timestamp":"2026-07-04 16:13:01"}
{"level":"info","message":"Created ChatMessage with id [GEUc6iQxmFowg47C]","timestamp":"2026-07-04 16:13:10"}
{"level":"info","message":"Deleted 14 ChatMessage documents","timestamp":"2026-07-04 16:13:31"}
{"level":"info","message":"Logged user xmljeyMGZBPkULO7 out of active World","timestamp":"2026-07-04 16:15:24"}
{"ip":"38.143.253.121","level":"warn","message":"User authentication failed for user Gamemaster; invalid password","session":"8c23e5fa012f3226c693f99c","status":401,"timestamp":"2026-07-04 16:15:30"}
{"ip":"38.143.253.121","level":"info","message":"User authentication successful for user Gamemaster","session":"8c23e5fa012f3226c693f99c","timestamp":"2026-07-04 16:15:35"}
{"level":"info","message":"No system update for FIST: Ultra Edition is currently available.","timestamp":"2026-07-04 16:15:36"}
{"level":"info","message":"Vended World data to User [xmljeyMGZBPkULO7] in 378ms","timestamp":"2026-07-04 16:15:36"}
{"level":"info","message":"Created client session c8abf610e2e932f0fde1ef51","timestamp":"2026-07-04 17:08:55"}
{"level":"info","message":"Created client session 7a87cfb2759ff6e4477b26f8","timestamp":"2026-07-04 17:09:37"}
{"level":"info","message":"Created client session a709d3c20664255831c52b9a","timestamp":"2026-07-04 17:13:25"}
{"level":"info","message":"Created client session 36b7c46802922bdeebc9895a","timestamp":"2026-07-04 18:44:02"}
{"level":"info","message":"Created client session 093d2d394c16d1689184bcf3","timestamp":"2026-07-04 19:08:04"}
{"level":"info","message":"Created client session e0ea04b0f932c5644819c3de","timestamp":"2026-07-04 19:14:56"}
{"level":"info","message":"Created client session 4a84f10f0b5f0ec38bc01dcf","timestamp":"2026-07-04 19:35:20"}
{"ip":"92.33.153.201","level":"info","message":"User authentication successful for user Darakoi","session":"4a84f10f0b5f0ec38bc01dcf","timestamp":"2026-07-04 19:35:28"}
{"level":"info","message":"Core software stable update 14.364 is available!","timestamp":"2026-07-04 19:35:30"}
{"level":"info","message":"No system update for FIST: Ultra Edition is currently available.","timestamp":"2026-07-04 19:35:30"}
{"level":"info","message":"Vended World data to User [KozeLkCf7s0I2baM] in 371ms","timestamp":"2026-07-04 19:35:30"}
{"level":"info","message":"Created Item with id [xOCxCY547pdRSW95] in parent Actor [g61NRCkvGSTdHoPK]","timestamp":"2026-07-04 19:36:30"}
{"level":"info","message":"Created Item with id [uG85kTlXBheJXA26] in parent Actor [g61NRCkvGSTdHoPK]","timestamp":"2026-07-04 19:36:34"}
{"level":"info","message":"Created Item with id [IcQVElNrEsqyuceo] in parent Actor [g61NRCkvGSTdHoPK]","timestamp":"2026-07-04 19:36:36"}
{"level":"info","message":"Created client session 79b96f626bf26bb28dcf5968","timestamp":"2026-07-04 19:39:45"}
{"level":"info","message":"Created client session 138b4b6cd8b14c0d25410a4c","timestamp":"2026-07-04 19:57:03"}
{"level":"info","message":"Created client session 1c7f9ecfdfcceebdabb1b28d","timestamp":"2026-07-04 20:07:18"}
{"level":"info","message":"Created client session e70e9f7a2ffe36352de0ec34","timestamp":"2026-07-04 20:12:36"}
{"level":"info","message":"Created client session e070aad625557e35e6a38c18","timestamp":"2026-07-04 20:49:00"}
{"level":"info","message":"Created client session be0cbc015b976c90946b2d73","timestamp":"2026-07-04 20:53:41"}
{"level":"info","message":"Created client session d92ab199843ae04b81c56c41","timestamp":"2026-07-04 20:54:27"}
{"level":"info","message":"Created client session e5f813cca5539c7c96bb2cf1","timestamp":"2026-07-04 21:33:33"}
{"level":"info","message":"Created client session 8103c1623bf62434afa53b91","timestamp":"2026-07-04 21:45:47"}
{"level":"info","message":"Created client session 2b100f5aeb7284d480d4bee5","timestamp":"2026-07-04 21:49:34"}
{"level":"info","message":"Created client session 0accc9c81fd4d268d4647777","timestamp":"2026-07-04 21:49:36"}
{"level":"info","message":"Created client session b5c16ea6b2b280dd55bd24e6","timestamp":"2026-07-04 22:03:32"}
{"level":"info","message":"Created client session 3277801b2347edc7ce1e2465","timestamp":"2026-07-04 22:12:47"}
{"level":"info","message":"Created client session 8b7e53c2c0e51821bad4531c","timestamp":"2026-07-04 22:12:48"}
{"level":"info","message":"Created client session 1b901d77911ae542c982a1bc","timestamp":"2026-07-04 22:19:20"}
{"level":"info","message":"Created client session e3e09db038087aefc680aebe","timestamp":"2026-07-04 22:19:21"}
{"level":"info","message":"Created client session c9802717f3ef9b5ab77b0d22","timestamp":"2026-07-04 22:41:19"}
{"level":"info","message":"Created client session 69ee412b150fd540f0c79948","timestamp":"2026-07-04 23:21:37"}
{"level":"info","message":"Created client session 246cbe44c4c5ba79228b9d8f","timestamp":"2026-07-04 23:46:51"}
