{"level":"info","message":"Deactivating session bbaf62ad7f3d35c8b819ae69 for User rqLnwhIjz2wZCvXC","timestamp":"2026-09-14 00:01:47"}
{"level":"info","message":"Created client session f801d57d2b0a9e3dfd30e35b","timestamp":"2026-09-14 00:01:48"}
{"ip":"38.143.253.121","level":"warn","message":"Administrator authentication failed for session f801d57d2b0a9e3dfd30e35b; invalid password","status":403,"timestamp":"2026-09-14 00:02:07"}
{"level":"info","message":"Administrator authentication successful for session f801d57d2b0a9e3dfd30e35b","timestamp":"2026-09-14 00:02:11"}
{"level":"info","message":"Connected to database \"actors\"","timestamp":"2026-09-14 00:02:24"}
{"level":"info","message":"Launching World | Loading World Data - 7%","timestamp":"2026-09-14 00:02:24"}
{"level":"info","message":"Connected to database \"cards\"","timestamp":"2026-09-14 00:02:24"}
{"level":"info","message":"Launching World | Loading World Data - 14%","timestamp":"2026-09-14 00:02:24"}
{"level":"info","message":"Connected to database \"messages\"","timestamp":"2026-09-14 00:02:24"}
{"level":"info","message":"Launching World | Loading World Data - 21%","timestamp":"2026-09-14 00:02:24"}
{"level":"info","message":"Connected to database \"combats\"","timestamp":"2026-09-14 00:02:24"}
{"level":"info","message":"Launching World | Loading World Data - 29%","timestamp":"2026-09-14 00:02:24"}
{"level":"info","message":"Connected to database \"fog\"","timestamp":"2026-09-14 00:02:24"}
{"level":"info","message":"Launching World | Loading World Data - 36%","timestamp":"2026-09-14 00:02:24"}
{"level":"info","message":"Connected to database \"folders\"","timestamp":"2026-09-14 00:02:24"}
{"level":"info","message":"Launching World | Loading World Data - 43%","timestamp":"2026-09-14 00:02:24"}
{"level":"info","message":"Connected to database \"items\"","timestamp":"2026-09-14 00:02:24"}
{"level":"info","message":"Launching World | Loading World Data - 50%","timestamp":"2026-09-14 00:02:24"}
{"level":"info","message":"Connected to database \"journal\"","timestamp":"2026-09-14 00:02:24"}
{"level":"info","message":"Launching World | Loading World Data - 57%","timestamp":"2026-09-14 00:02:24"}
{"level":"info","message":"Connected to database \"macros\"","timestamp":"2026-09-14 00:02:24"}
{"level":"info","message":"Launching World | Loading World Data - 64%","timestamp":"2026-09-14 00:02:24"}
{"level":"info","message":"Connected to database \"playlists\"","timestamp":"2026-09-14 00:02:24"}
{"level":"info","message":"Launching World | Loading World Data - 71%","timestamp":"2026-09-14 00:02:24"}
{"level":"info","message":"Connected to database \"tables\"","timestamp":"2026-09-14 00:02:24"}
{"level":"info","message":"Launching World | Loading World Data - 79%","timestamp":"2026-09-14 00:02:24"}
{"level":"info","message":"Connected to database \"scenes\"","timestamp":"2026-09-14 00:02:24"}
{"level":"info","message":"Launching World | Loading World Data - 86%","timestamp":"2026-09-14 00:02:24"}
{"level":"info","message":"Connected to database \"settings\"","timestamp":"2026-09-14 00:02:24"}
{"level":"info","message":"Launching World | Loading World Data - 93%","timestamp":"2026-09-14 00:02:24"}
{"level":"info","message":"Connected to database \"users\"","timestamp":"2026-09-14 00:02:24"}
{"level":"info","message":"Launching World | Loading World Data - 100%","timestamp":"2026-09-14 00:02:24"}
{"level":"info","message":"Launching World | Migrating World Data - 7%","timestamp":"2026-09-14 00:02:24"}
{"level":"info","message":"Launching World | Migrating World Data - 14%","timestamp":"2026-09-14 00:02:24"}
{"level":"info","message":"Launching World | Migrating World Data - 21%","timestamp":"2026-09-14 00:02:24"}
{"level":"info","message":"Launching World | Migrating World Data - 29%","timestamp":"2026-09-14 00:02:24"}
{"level":"info","message":"Launching World | Migrating World Data - 36%","timestamp":"2026-09-14 00:02:24"}
{"level":"info","message":"Launching World | Migrating World Data - 43%","timestamp":"2026-09-14 00:02:24"}
{"level":"info","message":"Launching World | Migrating World Data - 50%","timestamp":"2026-09-14 00:02:24"}
{"level":"info","message":"Launching World | Migrating World Data - 57%","timestamp":"2026-09-14 00:02:24"}
{"level":"info","message":"Launching World | Migrating World Data - 64%","timestamp":"2026-09-14 00:02:24"}
{"level":"info","message":"Launching World | Migrating World Data - 71%","timestamp":"2026-09-14 00:02:24"}
{"level":"info","message":"Launching World | Migrating World Data - 79%","timestamp":"2026-09-14 00:02:24"}
{"level":"info","message":"Launching World | Migrating World Data - 86%","timestamp":"2026-09-14 00:02:24"}
{"level":"info","message":"Launching World | Migrating World Data - 93%","timestamp":"2026-09-14 00:02:24"}
{"level":"info","message":"Launching World | Migrating World Data - 100%","timestamp":"2026-09-14 00:02:24"}
{"level":"info","message":"Connected to database \"world.pilot-items\"","timestamp":"2026-09-14 00:02:24"}
{"level":"info","message":"Launching World | Loading Package Data - 13%","timestamp":"2026-09-14 00:02:24"}
{"level":"info","message":"Connected to database \"world.player-actors\"","timestamp":"2026-09-14 00:02:24"}
{"level":"info","message":"Launching World | Loading Package Data - 25%","timestamp":"2026-09-14 00:02:24"}
{"level":"info","message":"Connected to database \"world.mech-items\"","timestamp":"2026-09-14 00:02:24"}
{"level":"info","message":"Launching World | Loading Package Data - 38%","timestamp":"2026-09-14 00:02:24"}
{"level":"info","message":"Connected to database \"world.npc-actors\"","timestamp":"2026-09-14 00:02:24"}
{"level":"info","message":"Launching World | Loading Package Data - 50%","timestamp":"2026-09-14 00:02:24"}
{"level":"info","message":"Connected to database \"world.npc-items\"","timestamp":"2026-09-14 00:02:25"}
{"level":"info","message":"Launching World | Loading Package Data - 63%","timestamp":"2026-09-14 00:02:25"}
{"level":"info","message":"Connected to database \"world.status-items\"","timestamp":"2026-09-14 00:02:25"}
{"level":"info","message":"Launching World | Loading Package Data - 75%","timestamp":"2026-09-14 00:02:25"}
{"level":"info","message":"Connected to database \"lancer.core_macros\"","timestamp":"2026-09-14 00:02:25"}
{"level":"info","message":"Launching World | Loading Package Data - 88%","timestamp":"2026-09-14 00:02:25"}
{"level":"info","message":"Connected to database \"lancer.lancer_info\"","timestamp":"2026-09-14 00:02:25"}
{"level":"info","message":"Launching World | Loading Package Data - 100%","timestamp":"2026-09-14 00:02:25"}
{"level":"info","message":"Created 0 Folder documents with ids: []","timestamp":"2026-09-14 00:02:25"}
{"level":"info","message":"Launching World | Migrating Package Data - 13%","timestamp":"2026-09-14 00:02:25"}
{"level":"info","message":"Launching World | Migrating Package Data - 25%","timestamp":"2026-09-14 00:02:25"}
{"level":"info","message":"Launching World | Migrating Package Data - 38%","timestamp":"2026-09-14 00:02:25"}
{"level":"info","message":"Launching World | Migrating Package Data - 50%","timestamp":"2026-09-14 00:02:25"}
{"level":"info","message":"Launching World | Migrating Package Data - 63%","timestamp":"2026-09-14 00:02:25"}
{"level":"info","message":"Launching World | Migrating Package Data - 75%","timestamp":"2026-09-14 00:02:25"}
{"level":"info","message":"Launching World | Migrating Package Data - 88%","timestamp":"2026-09-14 00:02:25"}
{"level":"info","message":"Launching World | Migrating Package Data - 100%","timestamp":"2026-09-14 00:02:25"}
{"level":"info","message":"Launching World | Complete","timestamp":"2026-09-14 00:02:25"}
{"level":"info","message":"Connected to database \"actors\"","timestamp":"2026-09-14 00:06:56"}
{"level":"info","message":"Launching World | Loading World Data - 7%","timestamp":"2026-09-14 00:06:56"}
{"level":"info","message":"Connected to database \"cards\"","timestamp":"2026-09-14 00:06:56"}
{"level":"info","message":"Launching World | Loading World Data - 14%","timestamp":"2026-09-14 00:06:56"}
{"level":"info","message":"Connected to database \"messages\"","timestamp":"2026-09-14 00:06:56"}
{"level":"info","message":"Launching World | Loading World Data - 21%","timestamp":"2026-09-14 00:06:56"}
{"level":"info","message":"Connected to database \"combats\"","timestamp":"2026-09-14 00:06:56"}
{"level":"info","message":"Launching World | Loading World Data - 29%","timestamp":"2026-09-14 00:06:56"}
{"level":"info","message":"Connected to database \"fog\"","timestamp":"2026-09-14 00:06:56"}
{"level":"info","message":"Launching World | Loading World Data - 36%","timestamp":"2026-09-14 00:06:56"}
{"level":"info","message":"Connected to database \"folders\"","timestamp":"2026-09-14 00:06:56"}
{"level":"info","message":"Launching World | Loading World Data - 43%","timestamp":"2026-09-14 00:06:56"}
{"level":"info","message":"Connected to database \"items\"","timestamp":"2026-09-14 00:06:56"}
{"level":"info","message":"Launching World | Loading World Data - 50%","timestamp":"2026-09-14 00:06:56"}
{"level":"info","message":"Connected to database \"journal\"","timestamp":"2026-09-14 00:06:56"}
{"level":"info","message":"Launching World | Loading World Data - 57%","timestamp":"2026-09-14 00:06:56"}
{"level":"info","message":"Connected to database \"macros\"","timestamp":"2026-09-14 00:06:56"}
{"level":"info","message":"Launching World | Loading World Data - 64%","timestamp":"2026-09-14 00:06:56"}
{"level":"info","message":"Connected to database \"playlists\"","timestamp":"2026-09-14 00:06:56"}
{"level":"info","message":"Launching World | Loading World Data - 71%","timestamp":"2026-09-14 00:06:56"}
{"level":"info","message":"Connected to database \"tables\"","timestamp":"2026-09-14 00:06:56"}
{"level":"info","message":"Launching World | Loading World Data - 79%","timestamp":"2026-09-14 00:06:56"}
{"level":"info","message":"Connected to database \"scenes\"","timestamp":"2026-09-14 00:06:56"}
{"level":"info","message":"Launching World | Loading World Data - 86%","timestamp":"2026-09-14 00:06:56"}
{"level":"info","message":"Connected to database \"settings\"","timestamp":"2026-09-14 00:06:56"}
{"level":"info","message":"Launching World | Loading World Data - 93%","timestamp":"2026-09-14 00:06:56"}
{"level":"info","message":"Connected to database \"users\"","timestamp":"2026-09-14 00:06:56"}
{"level":"info","message":"Launching World | Loading World Data - 100%","timestamp":"2026-09-14 00:06:56"}
{"level":"info","message":"Launching World | Migrating World Data - 7%","timestamp":"2026-09-14 00:06:56"}
{"level":"info","message":"Launching World | Migrating World Data - 14%","timestamp":"2026-09-14 00:06:56"}
{"level":"info","message":"Launching World | Migrating World Data - 21%","timestamp":"2026-09-14 00:06:56"}
{"level":"info","message":"Launching World | Migrating World Data - 29%","timestamp":"2026-09-14 00:06:56"}
{"level":"info","message":"Launching World | Migrating World Data - 36%","timestamp":"2026-09-14 00:06:56"}
{"level":"info","message":"Launching World | Migrating World Data - 43%","timestamp":"2026-09-14 00:06:56"}
{"level":"info","message":"Launching World | Migrating World Data - 50%","timestamp":"2026-09-14 00:06:56"}
{"level":"info","message":"Launching World | Migrating World Data - 57%","timestamp":"2026-09-14 00:06:56"}
{"level":"info","message":"Launching World | Migrating World Data - 64%","timestamp":"2026-09-14 00:06:56"}
{"level":"info","message":"Launching World | Migrating World Data - 71%","timestamp":"2026-09-14 00:06:56"}
{"level":"info","message":"Launching World | Migrating World Data - 79%","timestamp":"2026-09-14 00:06:56"}
{"level":"info","message":"Launching World | Migrating World Data - 86%","timestamp":"2026-09-14 00:06:56"}
{"level":"info","message":"Launching World | Migrating World Data - 93%","timestamp":"2026-09-14 00:06:56"}
{"level":"info","message":"Launching World | Migrating World Data - 100%","timestamp":"2026-09-14 00:06:56"}
{"level":"info","message":"Connected to database \"world.pilot-items\"","timestamp":"2026-09-14 00:06:56"}
{"level":"info","message":"Launching World | Loading Package Data - 13%","timestamp":"2026-09-14 00:06:56"}
{"level":"info","message":"Connected to database \"world.player-actors\"","timestamp":"2026-09-14 00:06:56"}
{"level":"info","message":"Launching World | Loading Package Data - 25%","timestamp":"2026-09-14 00:06:56"}
{"level":"info","message":"Connected to database \"world.mech-items\"","timestamp":"2026-09-14 00:06:56"}
{"level":"info","message":"Launching World | Loading Package Data - 38%","timestamp":"2026-09-14 00:06:56"}
{"level":"info","message":"Connected to database \"world.npc-actors\"","timestamp":"2026-09-14 00:06:56"}
{"level":"info","message":"Launching World | Loading Package Data - 50%","timestamp":"2026-09-14 00:06:56"}
{"level":"info","message":"Connected to database \"world.npc-items\"","timestamp":"2026-09-14 00:06:56"}
{"level":"info","message":"Launching World | Loading Package Data - 63%","timestamp":"2026-09-14 00:06:56"}
{"level":"info","message":"Connected to database \"world.status-items\"","timestamp":"2026-09-14 00:06:56"}
{"level":"info","message":"Launching World | Loading Package Data - 75%","timestamp":"2026-09-14 00:06:56"}
{"level":"info","message":"Connected to database \"lancer.core_macros\"","timestamp":"2026-09-14 00:06:56"}
{"level":"info","message":"Launching World | Loading Package Data - 88%","timestamp":"2026-09-14 00:06:56"}
{"level":"info","message":"Connected to database \"lancer.lancer_info\"","timestamp":"2026-09-14 00:06:56"}
{"level":"info","message":"Launching World | Loading Package Data - 100%","timestamp":"2026-09-14 00:06:56"}
{"level":"info","message":"Created 0 Folder documents with ids: []","timestamp":"2026-09-14 00:06:56"}
{"level":"info","message":"Launching World | Migrating Package Data - 13%","timestamp":"2026-09-14 00:06:56"}
{"level":"info","message":"Launching World | Migrating Package Data - 25%","timestamp":"2026-09-14 00:06:56"}
{"level":"info","message":"Launching World | Migrating Package Data - 38%","timestamp":"2026-09-14 00:06:56"}
{"level":"info","message":"Launching World | Migrating Package Data - 50%","timestamp":"2026-09-14 00:06:56"}
{"level":"info","message":"Launching World | Migrating Package Data - 63%","timestamp":"2026-09-14 00:06:56"}
{"level":"info","message":"Launching World | Migrating Package Data - 75%","timestamp":"2026-09-14 00:06:56"}
{"level":"info","message":"Launching World | Migrating Package Data - 88%","timestamp":"2026-09-14 00:06:56"}
{"level":"info","message":"Launching World | Migrating Package Data - 100%","timestamp":"2026-09-14 00:06:56"}
{"level":"info","message":"Launching World | Complete","timestamp":"2026-09-14 00:06:56"}
{"ip":"38.143.253.121","level":"info","message":"User authentication successful for user Gamemaster","session":"f801d57d2b0a9e3dfd30e35b","timestamp":"2026-09-14 00:07:35"}
{"level":"info","message":"No system update for LANCER is currently available.","timestamp":"2026-09-14 00:07:36"}
{"level":"info","message":"Vended World data to User [rqLnwhIjz2wZCvXC] in 222ms","timestamp":"2026-09-14 00:07:36"}
{"level":"info","message":"Logged user rqLnwhIjz2wZCvXC out of active World","timestamp":"2026-09-14 00:07:45"}
{"level":"info","message":"bts_landing.jpg saved to assets/forte/beneath_the_static","timestamp":"2026-09-14 00:17:00"}
{"level":"info","message":"Connected to database \"actors\"","timestamp":"2026-09-14 00:17:07"}
{"level":"info","message":"Launching World | Loading World Data - 7%","timestamp":"2026-09-14 00:17:07"}
{"level":"info","message":"Connected to database \"cards\"","timestamp":"2026-09-14 00:17:07"}
{"level":"info","message":"Launching World | Loading World Data - 14%","timestamp":"2026-09-14 00:17:07"}
{"level":"info","message":"Connected to database \"messages\"","timestamp":"2026-09-14 00:17:07"}
{"level":"info","message":"Launching World | Loading World Data - 21%","timestamp":"2026-09-14 00:17:07"}
{"level":"info","message":"Connected to database \"combats\"","timestamp":"2026-09-14 00:17:07"}
{"level":"info","message":"Launching World | Loading World Data - 29%","timestamp":"2026-09-14 00:17:07"}
{"level":"info","message":"Connected to database \"fog\"","timestamp":"2026-09-14 00:17:07"}
{"level":"info","message":"Launching World | Loading World Data - 36%","timestamp":"2026-09-14 00:17:07"}
{"level":"info","message":"Connected to database \"folders\"","timestamp":"2026-09-14 00:17:07"}
{"level":"info","message":"Launching World | Loading World Data - 43%","timestamp":"2026-09-14 00:17:07"}
{"level":"info","message":"Connected to database \"items\"","timestamp":"2026-09-14 00:17:07"}
{"level":"info","message":"Launching World | Loading World Data - 50%","timestamp":"2026-09-14 00:17:07"}
{"level":"info","message":"Connected to database \"journal\"","timestamp":"2026-09-14 00:17:07"}
{"level":"info","message":"Launching World | Loading World Data - 57%","timestamp":"2026-09-14 00:17:07"}
{"level":"info","message":"Connected to database \"macros\"","timestamp":"2026-09-14 00:17:07"}
{"level":"info","message":"Launching World | Loading World Data - 64%","timestamp":"2026-09-14 00:17:07"}
{"level":"info","message":"Connected to database \"playlists\"","timestamp":"2026-09-14 00:17:07"}
{"level":"info","message":"Launching World | Loading World Data - 71%","timestamp":"2026-09-14 00:17:07"}
{"level":"info","message":"Connected to database \"tables\"","timestamp":"2026-09-14 00:17:07"}
{"level":"info","message":"Launching World | Loading World Data - 79%","timestamp":"2026-09-14 00:17:07"}
{"level":"info","message":"Connected to database \"scenes\"","timestamp":"2026-09-14 00:17:07"}
{"level":"info","message":"Launching World | Loading World Data - 86%","timestamp":"2026-09-14 00:17:07"}
{"level":"info","message":"Connected to database \"settings\"","timestamp":"2026-09-14 00:17:07"}
{"level":"info","message":"Launching World | Loading World Data - 93%","timestamp":"2026-09-14 00:17:07"}
{"level":"info","message":"Connected to database \"users\"","timestamp":"2026-09-14 00:17:07"}
{"level":"info","message":"Launching World | Loading World Data - 100%","timestamp":"2026-09-14 00:17:07"}
{"level":"info","message":"Launching World | Migrating World Data - 7%","timestamp":"2026-09-14 00:17:07"}
{"level":"info","message":"Launching World | Migrating World Data - 14%","timestamp":"2026-09-14 00:17:07"}
{"level":"info","message":"Launching World | Migrating World Data - 21%","timestamp":"2026-09-14 00:17:07"}
{"level":"info","message":"Launching World | Migrating World Data - 29%","timestamp":"2026-09-14 00:17:07"}
{"level":"info","message":"Launching World | Migrating World Data - 36%","timestamp":"2026-09-14 00:17:07"}
{"level":"info","message":"Launching World | Migrating World Data - 43%","timestamp":"2026-09-14 00:17:07"}
{"level":"info","message":"Launching World | Migrating World Data - 50%","timestamp":"2026-09-14 00:17:07"}
{"level":"info","message":"Launching World | Migrating World Data - 57%","timestamp":"2026-09-14 00:17:07"}
{"level":"info","message":"Launching World | Migrating World Data - 64%","timestamp":"2026-09-14 00:17:07"}
{"level":"info","message":"Launching World | Migrating World Data - 71%","timestamp":"2026-09-14 00:17:07"}
{"level":"info","message":"Launching World | Migrating World Data - 79%","timestamp":"2026-09-14 00:17:07"}
{"level":"info","message":"Launching World | Migrating World Data - 86%","timestamp":"2026-09-14 00:17:07"}
{"level":"info","message":"Launching World | Migrating World Data - 93%","timestamp":"2026-09-14 00:17:07"}
{"level":"info","message":"Launching World | Migrating World Data - 100%","timestamp":"2026-09-14 00:17:07"}
{"level":"info","message":"Connected to database \"world.pilot-items\"","timestamp":"2026-09-14 00:17:07"}
{"level":"info","message":"Launching World | Loading Package Data - 13%","timestamp":"2026-09-14 00:17:07"}
{"level":"info","message":"Connected to database \"world.player-actors\"","timestamp":"2026-09-14 00:17:07"}
{"level":"info","message":"Launching World | Loading Package Data - 25%","timestamp":"2026-09-14 00:17:07"}
{"level":"info","message":"Connected to database \"world.mech-items\"","timestamp":"2026-09-14 00:17:07"}
{"level":"info","message":"Launching World | Loading Package Data - 38%","timestamp":"2026-09-14 00:17:07"}
{"level":"info","message":"Connected to database \"world.npc-actors\"","timestamp":"2026-09-14 00:17:07"}
{"level":"info","message":"Launching World | Loading Package Data - 50%","timestamp":"2026-09-14 00:17:07"}
{"level":"info","message":"Connected to database \"world.npc-items\"","timestamp":"2026-09-14 00:17:07"}
{"level":"info","message":"Launching World | Loading Package Data - 63%","timestamp":"2026-09-14 00:17:07"}
{"level":"info","message":"Connected to database \"world.status-items\"","timestamp":"2026-09-14 00:17:07"}
{"level":"info","message":"Launching World | Loading Package Data - 75%","timestamp":"2026-09-14 00:17:07"}
{"level":"info","message":"Connected to database \"lancer.core_macros\"","timestamp":"2026-09-14 00:17:07"}
{"level":"info","message":"Launching World | Loading Package Data - 88%","timestamp":"2026-09-14 00:17:07"}
{"level":"info","message":"Connected to database \"lancer.lancer_info\"","timestamp":"2026-09-14 00:17:07"}
{"level":"info","message":"Launching World | Loading Package Data - 100%","timestamp":"2026-09-14 00:17:07"}
{"level":"info","message":"Created 0 Folder documents with ids: []","timestamp":"2026-09-14 00:17:07"}
{"level":"info","message":"Launching World | Migrating Package Data - 13%","timestamp":"2026-09-14 00:17:07"}
{"level":"info","message":"Launching World | Migrating Package Data - 25%","timestamp":"2026-09-14 00:17:07"}
{"level":"info","message":"Launching World | Migrating Package Data - 38%","timestamp":"2026-09-14 00:17:07"}
{"level":"info","message":"Launching World | Migrating Package Data - 50%","timestamp":"2026-09-14 00:17:07"}
{"level":"info","message":"Launching World | Migrating Package Data - 63%","timestamp":"2026-09-14 00:17:07"}
{"level":"info","message":"Launching World | Migrating Package Data - 75%","timestamp":"2026-09-14 00:17:07"}
{"level":"info","message":"Launching World | Migrating Package Data - 88%","timestamp":"2026-09-14 00:17:07"}
{"level":"info","message":"Launching World | Migrating Package Data - 100%","timestamp":"2026-09-14 00:17:07"}
{"level":"info","message":"Launching World | Complete","timestamp":"2026-09-14 00:17:07"}
{"level":"info","message":"bts_landing2.jpg saved to assets/forte/beneath_the_static","timestamp":"2026-09-14 00:23:35"}
{"level":"info","message":"Connected to database \"actors\"","timestamp":"2026-09-14 00:23:40"}
{"level":"info","message":"Launching World | Loading World Data - 7%","timestamp":"2026-09-14 00:23:40"}
{"level":"info","message":"Connected to database \"cards\"","timestamp":"2026-09-14 00:23:40"}
{"level":"info","message":"Launching World | Loading World Data - 14%","timestamp":"2026-09-14 00:23:40"}
{"level":"info","message":"Connected to database \"messages\"","timestamp":"2026-09-14 00:23:40"}
{"level":"info","message":"Launching World | Loading World Data - 21%","timestamp":"2026-09-14 00:23:40"}
{"level":"info","message":"Connected to database \"combats\"","timestamp":"2026-09-14 00:23:40"}
{"level":"info","message":"Launching World | Loading World Data - 29%","timestamp":"2026-09-14 00:23:40"}
{"level":"info","message":"Connected to database \"fog\"","timestamp":"2026-09-14 00:23:40"}
{"level":"info","message":"Launching World | Loading World Data - 36%","timestamp":"2026-09-14 00:23:40"}
{"level":"info","message":"Connected to database \"folders\"","timestamp":"2026-09-14 00:23:40"}
{"level":"info","message":"Launching World | Loading World Data - 43%","timestamp":"2026-09-14 00:23:40"}
{"level":"info","message":"Connected to database \"items\"","timestamp":"2026-09-14 00:23:40"}
{"level":"info","message":"Launching World | Loading World Data - 50%","timestamp":"2026-09-14 00:23:40"}
{"level":"info","message":"Connected to database \"journal\"","timestamp":"2026-09-14 00:23:40"}
{"level":"info","message":"Launching World | Loading World Data - 57%","timestamp":"2026-09-14 00:23:40"}
{"level":"info","message":"Connected to database \"macros\"","timestamp":"2026-09-14 00:23:40"}
{"level":"info","message":"Launching World | Loading World Data - 64%","timestamp":"2026-09-14 00:23:40"}
{"level":"info","message":"Connected to database \"playlists\"","timestamp":"2026-09-14 00:23:40"}
{"level":"info","message":"Launching World | Loading World Data - 71%","timestamp":"2026-09-14 00:23:40"}
{"level":"info","message":"Connected to database \"tables\"","timestamp":"2026-09-14 00:23:40"}
{"level":"info","message":"Launching World | Loading World Data - 79%","timestamp":"2026-09-14 00:23:40"}
{"level":"info","message":"Connected to database \"scenes\"","timestamp":"2026-09-14 00:23:40"}
{"level":"info","message":"Launching World | Loading World Data - 86%","timestamp":"2026-09-14 00:23:40"}
{"level":"info","message":"Connected to database \"settings\"","timestamp":"2026-09-14 00:23:40"}
{"level":"info","message":"Launching World | Loading World Data - 93%","timestamp":"2026-09-14 00:23:40"}
{"level":"info","message":"Connected to database \"users\"","timestamp":"2026-09-14 00:23:40"}
{"level":"info","message":"Launching World | Loading World Data - 100%","timestamp":"2026-09-14 00:23:40"}
{"level":"info","message":"Launching World | Migrating World Data - 7%","timestamp":"2026-09-14 00:23:40"}
{"level":"info","message":"Launching World | Migrating World Data - 14%","timestamp":"2026-09-14 00:23:40"}
{"level":"info","message":"Launching World | Migrating World Data - 21%","timestamp":"2026-09-14 00:23:40"}
{"level":"info","message":"Launching World | Migrating World Data - 29%","timestamp":"2026-09-14 00:23:40"}
{"level":"info","message":"Launching World | Migrating World Data - 36%","timestamp":"2026-09-14 00:23:40"}
{"level":"info","message":"Launching World | Migrating World Data - 43%","timestamp":"2026-09-14 00:23:40"}
{"level":"info","message":"Launching World | Migrating World Data - 50%","timestamp":"2026-09-14 00:23:40"}
{"level":"info","message":"Launching World | Migrating World Data - 57%","timestamp":"2026-09-14 00:23:40"}
{"level":"info","message":"Launching World | Migrating World Data - 64%","timestamp":"2026-09-14 00:23:40"}
{"level":"info","message":"Launching World | Migrating World Data - 71%","timestamp":"2026-09-14 00:23:40"}
{"level":"info","message":"Launching World | Migrating World Data - 79%","timestamp":"2026-09-14 00:23:40"}
{"level":"info","message":"Launching World | Migrating World Data - 86%","timestamp":"2026-09-14 00:23:40"}
{"level":"info","message":"Launching World | Migrating World Data - 93%","timestamp":"2026-09-14 00:23:40"}
{"level":"info","message":"Launching World | Migrating World Data - 100%","timestamp":"2026-09-14 00:23:40"}
{"level":"info","message":"Connected to database \"world.pilot-items\"","timestamp":"2026-09-14 00:23:40"}
{"level":"info","message":"Launching World | Loading Package Data - 13%","timestamp":"2026-09-14 00:23:40"}
{"level":"info","message":"Connected to database \"world.player-actors\"","timestamp":"2026-09-14 00:23:40"}
{"level":"info","message":"Launching World | Loading Package Data - 25%","timestamp":"2026-09-14 00:23:40"}
{"level":"info","message":"Connected to database \"world.mech-items\"","timestamp":"2026-09-14 00:23:40"}
{"level":"info","message":"Launching World | Loading Package Data - 38%","timestamp":"2026-09-14 00:23:40"}
{"level":"info","message":"Connected to database \"world.npc-actors\"","timestamp":"2026-09-14 00:23:40"}
{"level":"info","message":"Launching World | Loading Package Data - 50%","timestamp":"2026-09-14 00:23:40"}
{"level":"info","message":"Connected to database \"world.npc-items\"","timestamp":"2026-09-14 00:23:40"}
{"level":"info","message":"Launching World | Loading Package Data - 63%","timestamp":"2026-09-14 00:23:40"}
{"level":"info","message":"Connected to database \"world.status-items\"","timestamp":"2026-09-14 00:23:40"}
{"level":"info","message":"Launching World | Loading Package Data - 75%","timestamp":"2026-09-14 00:23:40"}
{"level":"info","message":"Connected to database \"lancer.core_macros\"","timestamp":"2026-09-14 00:23:40"}
{"level":"info","message":"Launching World | Loading Package Data - 88%","timestamp":"2026-09-14 00:23:40"}
{"level":"info","message":"Connected to database \"lancer.lancer_info\"","timestamp":"2026-09-14 00:23:40"}
{"level":"info","message":"Launching World | Loading Package Data - 100%","timestamp":"2026-09-14 00:23:40"}
{"level":"info","message":"Created 0 Folder documents with ids: []","timestamp":"2026-09-14 00:23:40"}
{"level":"info","message":"Launching World | Migrating Package Data - 13%","timestamp":"2026-09-14 00:23:40"}
{"level":"info","message":"Launching World | Migrating Package Data - 25%","timestamp":"2026-09-14 00:23:40"}
{"level":"info","message":"Launching World | Migrating Package Data - 38%","timestamp":"2026-09-14 00:23:40"}
{"level":"info","message":"Launching World | Migrating Package Data - 50%","timestamp":"2026-09-14 00:23:40"}
{"level":"info","message":"Launching World | Migrating Package Data - 63%","timestamp":"2026-09-14 00:23:40"}
{"level":"info","message":"Launching World | Migrating Package Data - 75%","timestamp":"2026-09-14 00:23:40"}
{"level":"info","message":"Launching World | Migrating Package Data - 88%","timestamp":"2026-09-14 00:23:40"}
{"level":"info","message":"Launching World | Migrating Package Data - 100%","timestamp":"2026-09-14 00:23:40"}
{"level":"info","message":"Launching World | Complete","timestamp":"2026-09-14 00:23:40"}
{"level":"info","message":"bts_landing3.jpg saved to assets/forte/beneath_the_static","timestamp":"2026-09-14 00:24:44"}
{"level":"info","message":"bts_landing4.jpg saved to assets/forte/beneath_the_static","timestamp":"2026-09-14 00:24:48"}
{"level":"info","message":"Connected to database \"actors\"","timestamp":"2026-09-14 00:24:53"}
{"level":"info","message":"Launching World | Loading World Data - 7%","timestamp":"2026-09-14 00:24:53"}
{"level":"info","message":"Connected to database \"cards\"","timestamp":"2026-09-14 00:24:53"}
{"level":"info","message":"Launching World | Loading World Data - 14%","timestamp":"2026-09-14 00:24:53"}
{"level":"info","message":"Connected to database \"messages\"","timestamp":"2026-09-14 00:24:53"}
{"level":"info","message":"Launching World | Loading World Data - 21%","timestamp":"2026-09-14 00:24:53"}
{"level":"info","message":"Connected to database \"combats\"","timestamp":"2026-09-14 00:24:53"}
{"level":"info","message":"Launching World | Loading World Data - 29%","timestamp":"2026-09-14 00:24:53"}
{"level":"info","message":"Connected to database \"fog\"","timestamp":"2026-09-14 00:24:53"}
{"level":"info","message":"Launching World | Loading World Data - 36%","timestamp":"2026-09-14 00:24:53"}
{"level":"info","message":"Connected to database \"folders\"","timestamp":"2026-09-14 00:24:54"}
{"level":"info","message":"Launching World | Loading World Data - 43%","timestamp":"2026-09-14 00:24:54"}
{"level":"info","message":"Connected to database \"items\"","timestamp":"2026-09-14 00:24:54"}
{"level":"info","message":"Launching World | Loading World Data - 50%","timestamp":"2026-09-14 00:24:54"}
{"level":"info","message":"Connected to database \"journal\"","timestamp":"2026-09-14 00:24:54"}
{"level":"info","message":"Launching World | Loading World Data - 57%","timestamp":"2026-09-14 00:24:54"}
{"level":"info","message":"Connected to database \"macros\"","timestamp":"2026-09-14 00:24:54"}
{"level":"info","message":"Launching World | Loading World Data - 64%","timestamp":"2026-09-14 00:24:54"}
{"level":"info","message":"Connected to database \"playlists\"","timestamp":"2026-09-14 00:24:54"}
{"level":"info","message":"Launching World | Loading World Data - 71%","timestamp":"2026-09-14 00:24:54"}
{"level":"info","message":"Connected to database \"tables\"","timestamp":"2026-09-14 00:24:54"}
{"level":"info","message":"Launching World | Loading World Data - 79%","timestamp":"2026-09-14 00:24:54"}
{"level":"info","message":"Connected to database \"scenes\"","timestamp":"2026-09-14 00:24:54"}
{"level":"info","message":"Launching World | Loading World Data - 86%","timestamp":"2026-09-14 00:24:54"}
{"level":"info","message":"Connected to database \"settings\"","timestamp":"2026-09-14 00:24:54"}
{"level":"info","message":"Launching World | Loading World Data - 93%","timestamp":"2026-09-14 00:24:54"}
{"level":"info","message":"Connected to database \"users\"","timestamp":"2026-09-14 00:24:54"}
{"level":"info","message":"Launching World | Loading World Data - 100%","timestamp":"2026-09-14 00:24:54"}
{"level":"info","message":"Launching World | Migrating World Data - 7%","timestamp":"2026-09-14 00:24:54"}
{"level":"info","message":"Launching World | Migrating World Data - 14%","timestamp":"2026-09-14 00:24:54"}
{"level":"info","message":"Launching World | Migrating World Data - 21%","timestamp":"2026-09-14 00:24:54"}
{"level":"info","message":"Launching World | Migrating World Data - 29%","timestamp":"2026-09-14 00:24:54"}
{"level":"info","message":"Launching World | Migrating World Data - 36%","timestamp":"2026-09-14 00:24:54"}
{"level":"info","message":"Launching World | Migrating World Data - 43%","timestamp":"2026-09-14 00:24:54"}
{"level":"info","message":"Launching World | Migrating World Data - 50%","timestamp":"2026-09-14 00:24:54"}
{"level":"info","message":"Launching World | Migrating World Data - 57%","timestamp":"2026-09-14 00:24:54"}
{"level":"info","message":"Launching World | Migrating World Data - 64%","timestamp":"2026-09-14 00:24:54"}
{"level":"info","message":"Launching World | Migrating World Data - 71%","timestamp":"2026-09-14 00:24:54"}
{"level":"info","message":"Launching World | Migrating World Data - 79%","timestamp":"2026-09-14 00:24:54"}
{"level":"info","message":"Launching World | Migrating World Data - 86%","timestamp":"2026-09-14 00:24:54"}
{"level":"info","message":"Launching World | Migrating World Data - 93%","timestamp":"2026-09-14 00:24:54"}
{"level":"info","message":"Launching World | Migrating World Data - 100%","timestamp":"2026-09-14 00:24:54"}
{"level":"info","message":"Connected to database \"world.pilot-items\"","timestamp":"2026-09-14 00:24:54"}
{"level":"info","message":"Launching World | Loading Package Data - 13%","timestamp":"2026-09-14 00:24:54"}
{"level":"info","message":"Connected to database \"world.player-actors\"","timestamp":"2026-09-14 00:24:54"}
{"level":"info","message":"Launching World | Loading Package Data - 25%","timestamp":"2026-09-14 00:24:54"}
{"level":"info","message":"Connected to database \"world.mech-items\"","timestamp":"2026-09-14 00:24:54"}
{"level":"info","message":"Launching World | Loading Package Data - 38%","timestamp":"2026-09-14 00:24:54"}
{"level":"info","message":"Connected to database \"world.npc-actors\"","timestamp":"2026-09-14 00:24:54"}
{"level":"info","message":"Launching World | Loading Package Data - 50%","timestamp":"2026-09-14 00:24:54"}
{"level":"info","message":"Connected to database \"world.npc-items\"","timestamp":"2026-09-14 00:24:54"}
{"level":"info","message":"Launching World | Loading Package Data - 63%","timestamp":"2026-09-14 00:24:54"}
{"level":"info","message":"Connected to database \"world.status-items\"","timestamp":"2026-09-14 00:24:54"}
{"level":"info","message":"Launching World | Loading Package Data - 75%","timestamp":"2026-09-14 00:24:54"}
{"level":"info","message":"Connected to database \"lancer.core_macros\"","timestamp":"2026-09-14 00:24:54"}
{"level":"info","message":"Launching World | Loading Package Data - 88%","timestamp":"2026-09-14 00:24:54"}
{"level":"info","message":"Connected to database \"lancer.lancer_info\"","timestamp":"2026-09-14 00:24:54"}
{"level":"info","message":"Launching World | Loading Package Data - 100%","timestamp":"2026-09-14 00:24:54"}
{"level":"info","message":"Created 0 Folder documents with ids: []","timestamp":"2026-09-14 00:24:54"}
{"level":"info","message":"Launching World | Migrating Package Data - 13%","timestamp":"2026-09-14 00:24:54"}
{"level":"info","message":"Launching World | Migrating Package Data - 25%","timestamp":"2026-09-14 00:24:54"}
{"level":"info","message":"Launching World | Migrating Package Data - 38%","timestamp":"2026-09-14 00:24:54"}
{"level":"info","message":"Launching World | Migrating Package Data - 50%","timestamp":"2026-09-14 00:24:54"}
{"level":"info","message":"Launching World | Migrating Package Data - 63%","timestamp":"2026-09-14 00:24:54"}
{"level":"info","message":"Launching World | Migrating Package Data - 75%","timestamp":"2026-09-14 00:24:54"}
{"level":"info","message":"Launching World | Migrating Package Data - 88%","timestamp":"2026-09-14 00:24:54"}
{"level":"info","message":"Launching World | Migrating Package Data - 100%","timestamp":"2026-09-14 00:24:54"}
{"level":"info","message":"Launching World | Complete","timestamp":"2026-09-14 00:24:54"}
{"ip":"38.143.253.121","level":"info","message":"User authentication successful for user Gamemaster","session":"f801d57d2b0a9e3dfd30e35b","timestamp":"2026-09-14 00:25:01"}
{"level":"info","message":"No system update for LANCER is currently available.","timestamp":"2026-09-14 00:25:02"}
{"level":"info","message":"Vended World data to User [rqLnwhIjz2wZCvXC] in 301ms","timestamp":"2026-09-14 00:25:02"}
{"level":"info","message":"Toggling game pause status to false","timestamp":"2026-09-14 00:25:03"}
{"level":"info","message":"Created Scene with id [cIRc2XpLD96VKyAJ]","timestamp":"2026-09-14 00:25:17"}
{"level":"info","message":"Extracted base64 asset: \"/home/ubuntu/foundryuserdata/Data/worlds/beneath-the-static/assets/scenes/cIRc2XpLD96VKyAJ-thumb.webp\"","timestamp":"2026-09-14 00:25:37"}
{"level":"info","message":"Created Drawing with id [yeGgS4KoLi5gAFRg] in parent Scene [cIRc2XpLD96VKyAJ]","timestamp":"2026-09-14 00:44:56"}
{"level":"info","message":"Created Drawing with id [HA8TiYZTLx55LLhB] in parent Scene [cIRc2XpLD96VKyAJ]","timestamp":"2026-09-14 00:45:10"}
{"level":"info","message":"Deleted Drawing with id [HA8TiYZTLx55LLhB] in parent Scene [cIRc2XpLD96VKyAJ]","timestamp":"2026-09-14 00:45:12"}
{"level":"info","message":"Created Drawing with id [8cpcFFjeR0ksa7ZN] in parent Scene [cIRc2XpLD96VKyAJ]","timestamp":"2026-09-14 00:45:57"}
{"level":"info","message":"Deleted Drawing with id [8cpcFFjeR0ksa7ZN] in parent Scene [cIRc2XpLD96VKyAJ]","timestamp":"2026-09-14 00:45:58"}
{"level":"info","message":"Created Drawing with id [0rGjoSw045NvJSvw] in parent Scene [cIRc2XpLD96VKyAJ]","timestamp":"2026-09-14 00:45:59"}
{"level":"info","message":"Deleted Drawing with id [0rGjoSw045NvJSvw] in parent Scene [cIRc2XpLD96VKyAJ]","timestamp":"2026-09-14 00:46:02"}
{"level":"info","message":"Created Drawing with id [9L1VUgP08dZIMqf8] in parent Scene [cIRc2XpLD96VKyAJ]","timestamp":"2026-09-14 00:48:27"}
{"level":"info","message":"Created Drawing with id [I7ylZ6M7VJkkIcn7] in parent Scene [cIRc2XpLD96VKyAJ]","timestamp":"2026-09-14 00:49:24"}
{"level":"info","message":"Deleted Drawing with id [I7ylZ6M7VJkkIcn7] in parent Scene [cIRc2XpLD96VKyAJ]","timestamp":"2026-09-14 00:49:24"}
{"level":"info","message":"Created Drawing with id [yUMebqjBtuaoVdJa] in parent Scene [cIRc2XpLD96VKyAJ]","timestamp":"2026-09-14 00:49:45"}
{"level":"info","message":"Deleted Drawing with id [yUMebqjBtuaoVdJa] in parent Scene [cIRc2XpLD96VKyAJ]","timestamp":"2026-09-14 00:49:45"}
{"level":"info","message":"Created Drawing with id [B0LEWd8gNzaQOfnO] in parent Scene [cIRc2XpLD96VKyAJ]","timestamp":"2026-09-14 00:50:26"}
{"level":"info","message":"Deleted Drawing with id [B0LEWd8gNzaQOfnO] in parent Scene [cIRc2XpLD96VKyAJ]","timestamp":"2026-09-14 00:50:28"}
{"level":"info","message":"Created client session 6dce5aa7aa02407c3ad5357d","timestamp":"2026-09-14 00:51:40"}
{"level":"info","message":"Created client session b5ba276d92e02a62499ed06a","timestamp":"2026-09-14 00:51:41"}
{"level":"info","message":"Created client session af743010fe35a307477caab9","timestamp":"2026-09-14 00:51:51"}
{"level":"info","message":"Created Drawing with id [jhzZctJTy85kvbBk] in parent Scene [cIRc2XpLD96VKyAJ]","timestamp":"2026-09-14 00:52:37"}
{"level":"info","message":"Deleted Drawing with id [jhzZctJTy85kvbBk] in parent Scene [cIRc2XpLD96VKyAJ]","timestamp":"2026-09-14 00:52:38"}
{"level":"info","message":"Created Drawing with id [QzeltXQwhSuseXXF] in parent Scene [cIRc2XpLD96VKyAJ]","timestamp":"2026-09-14 00:52:40"}
{"level":"info","message":"Deleted Drawing with id [QzeltXQwhSuseXXF] in parent Scene [cIRc2XpLD96VKyAJ]","timestamp":"2026-09-14 00:52:41"}
{"level":"info","message":"Created client session 29e044a624e4da774d5c8d16","timestamp":"2026-09-14 00:56:36"}
{"level":"info","message":"Created client session 1697dad8966d95e65445acab","timestamp":"2026-09-14 01:12:43"}
{"level":"info","message":"Created client session a8d9b84111b23afdd5cfbc47","timestamp":"2026-09-14 01:13:19"}
{"level":"info","message":"Created client session 0a61ac5971982d7e9a17db4b","timestamp":"2026-09-14 01:22:01"}
{"level":"info","message":"Created client session aa5bdad551d3aee7e14f8ad8","timestamp":"2026-09-14 01:25:31"}
{"level":"info","message":"Created client session 0cccf48ccdb0f0633709097d","timestamp":"2026-09-14 01:25:31"}
{"level":"info","message":"Created client session 2c09933dc184dafb0a93c815","timestamp":"2026-09-14 01:25:32"}
{"level":"info","message":"Created client session c85c174af036688b5ec53b71","timestamp":"2026-09-14 01:25:32"}
{"level":"info","message":"Created client session 850e010e8941911e42d1a53a","timestamp":"2026-09-14 01:25:32"}
{"level":"info","message":"Created client session 236cbb52bf0146322f89f252","timestamp":"2026-09-14 01:25:32"}
{"level":"info","message":"Created client session 0897a40f91516188aa4e1215","timestamp":"2026-09-14 01:25:32"}
{"level":"info","message":"Created client session f0077f8dfce25dbeec3e6a6a","timestamp":"2026-09-14 01:25:32"}
{"level":"info","message":"Created client session 874857a05d3f8691a84f03a5","timestamp":"2026-09-14 01:25:32"}
{"level":"info","message":"Created client session e3cf03990d35cf0619e5bbe8","timestamp":"2026-09-14 01:25:32"}
{"level":"info","message":"Created client session 984993bd549a86b154aebe02","timestamp":"2026-09-14 01:25:32"}
{"level":"info","message":"Created client session 9d58b24c5cd5195de1d6aa53","timestamp":"2026-09-14 01:25:32"}
{"level":"info","message":"Created client session 5ac04e11a6228c2f56d17a4c","timestamp":"2026-09-14 01:25:32"}
{"level":"info","message":"Created client session d7326c408b162b25d8825390","timestamp":"2026-09-14 01:25:32"}
{"level":"info","message":"Created client session 991514a768417cfe9e4e4cf5","timestamp":"2026-09-14 01:25:32"}
{"level":"info","message":"Created client session e25244e6be279a7e6fc55f88","timestamp":"2026-09-14 01:25:32"}
{"level":"info","message":"Created client session 6c9d8539a45de923ec5c4ea5","timestamp":"2026-09-14 01:25:32"}
{"level":"info","message":"Created client session 7c5ce38fcee4ede9f2da0b3d","timestamp":"2026-09-14 01:25:32"}
{"level":"info","message":"Created client session fb3395ef606b4cfd0b90115b","timestamp":"2026-09-14 01:25:32"}
{"level":"info","message":"Created client session 9caa935d287b7d8acf2992eb","timestamp":"2026-09-14 01:25:32"}
{"level":"info","message":"Created client session 169198908f72fb9fd6d3840a","timestamp":"2026-09-14 01:25:32"}
{"level":"info","message":"Created client session 3e3402e2434f1b7196e3f177","timestamp":"2026-09-14 01:25:32"}
{"level":"info","message":"Created client session b906679bf3a485cd3743e011","timestamp":"2026-09-14 01:25:32"}
{"level":"info","message":"Created client session 57aa3686ee2550e39621460f","timestamp":"2026-09-14 01:25:32"}
{"level":"info","message":"Created client session 0a712c54a732105bc548dd74","timestamp":"2026-09-14 01:25:32"}
{"level":"info","message":"Created client session 95ad86e3ae51f52c0f973e39","timestamp":"2026-09-14 01:25:33"}
{"level":"info","message":"Created client session b728fb2a05a7056544f0427d","timestamp":"2026-09-14 01:25:33"}
{"level":"info","message":"Created client session a3c9481eb7469169489aa0fe","timestamp":"2026-09-14 01:25:33"}
{"level":"info","message":"Created client session adf0171085d824bd12982b38","timestamp":"2026-09-14 01:25:33"}
{"level":"info","message":"Created client session d07c82d5f4776fb90f6b8aa3","timestamp":"2026-09-14 01:25:33"}
{"level":"info","message":"Created client session d9c1bd329d6db17870b71217","timestamp":"2026-09-14 01:25:33"}
{"level":"info","message":"Created client session 9f39961931e9f94eaea71fbb","timestamp":"2026-09-14 01:25:33"}
{"level":"info","message":"Created client session 9ceea18a78d9c4fb1d3fd419","timestamp":"2026-09-14 01:25:33"}
{"level":"info","message":"Created client session 5bd5d0fa3b241d5f90ae1b43","timestamp":"2026-09-14 01:25:33"}
{"level":"info","message":"Created client session b3e3333d170aa7b03b334fff","timestamp":"2026-09-14 01:25:33"}
{"level":"info","message":"Created client session d4ccc674fba4a1a735f8e175","timestamp":"2026-09-14 01:25:33"}
{"level":"info","message":"Created client session ea8173dacfca30d18830f3ca","timestamp":"2026-09-14 01:25:33"}
{"level":"info","message":"Created client session a42418028ae496c34a8451ec","timestamp":"2026-09-14 01:25:33"}
{"level":"info","message":"Created client session e482fef8a6a6f54112d08e70","timestamp":"2026-09-14 01:25:34"}
{"level":"info","message":"Created client session 9eace4198e86178ac0611d74","timestamp":"2026-09-14 01:25:34"}
{"level":"info","message":"Created client session 6654aba3460fe19b56f46c8f","timestamp":"2026-09-14 01:25:34"}
{"level":"info","message":"Created client session 4dc0627d089c2d8e6e26c741","timestamp":"2026-09-14 01:25:34"}
{"level":"info","message":"Created client session 25bcd05a261ed15da1049249","timestamp":"2026-09-14 01:25:34"}
{"level":"info","message":"Created client session f83dc46b098c063cfcc946a4","timestamp":"2026-09-14 01:25:34"}
{"level":"info","message":"Created client session 29723c237669b2475ece06a1","timestamp":"2026-09-14 01:25:34"}
{"level":"info","message":"Created client session b74dae7d2258e779f8d35df7","timestamp":"2026-09-14 01:25:34"}
{"level":"info","message":"Created client session a927c0e9fdf333e8b53e1330","timestamp":"2026-09-14 01:25:34"}
{"level":"info","message":"Created client session b8eb8b7874a3035fb167c870","timestamp":"2026-09-14 01:25:34"}
{"level":"info","message":"Created client session 238d5dd117c5e2bc9b3af4fe","timestamp":"2026-09-14 01:25:34"}
{"level":"info","message":"Created client session 5fe203b363db52f022c74c08","timestamp":"2026-09-14 01:25:34"}
{"level":"info","message":"Created client session c584170ff3c1212838a1389e","timestamp":"2026-09-14 01:25:34"}
{"level":"info","message":"Created client session 3f052b39cde1afa1de5f33c3","timestamp":"2026-09-14 01:25:34"}
{"level":"info","message":"Created client session e1d6e3b8520fae07c5c590ef","timestamp":"2026-09-14 01:25:34"}
{"level":"info","message":"Created client session 2d8c725591435e2b8c1cda3b","timestamp":"2026-09-14 01:25:34"}
{"level":"info","message":"Created client session a4cb52dd460cff92d1bbbb72","timestamp":"2026-09-14 01:25:34"}
{"level":"info","message":"Created client session bd742114080b39d5f9dcda73","timestamp":"2026-09-14 01:25:34"}
{"level":"info","message":"Created client session a9d3f617dc3b55edc818e3f7","timestamp":"2026-09-14 01:25:34"}
{"level":"info","message":"Created client session ba7eb3e724782639f58d024f","timestamp":"2026-09-14 01:25:34"}
{"level":"info","message":"Created client session 88e47b77ae81452953a26989","timestamp":"2026-09-14 01:25:34"}
{"level":"info","message":"Created client session 4cbf2b13d62015e04bbb7dff","timestamp":"2026-09-14 01:25:34"}
{"level":"info","message":"Created client session 7491ddaed05af0e26416072f","timestamp":"2026-09-14 01:25:34"}
{"level":"info","message":"Created client session aac7efeb2b1bd511f7e8b0a6","timestamp":"2026-09-14 01:25:34"}
{"level":"info","message":"Created client session ce676221020f4e5b5e1d8206","timestamp":"2026-09-14 01:25:34"}
{"level":"info","message":"Created client session 2566a7f60739aaa31776fe35","timestamp":"2026-09-14 01:25:34"}
{"level":"info","message":"Created client session fbefc710d94be4db256ccc17","timestamp":"2026-09-14 01:25:34"}
{"level":"info","message":"Created client session 5b3bd20d6ce0741c86a4e4b6","timestamp":"2026-09-14 01:25:34"}
{"level":"info","message":"Created client session 85d22e2759204f6f7d84f042","timestamp":"2026-09-14 01:25:34"}
{"level":"info","message":"Created client session e94678dab3db6acd90899ca3","timestamp":"2026-09-14 01:25:34"}
{"level":"info","message":"Created client session 94f77e8db6e6030a47d6ef60","timestamp":"2026-09-14 01:25:34"}
{"level":"info","message":"Created client session ba7d537fcfaf1d6df865047a","timestamp":"2026-09-14 01:25:34"}
{"level":"info","message":"Created client session ff136287f9064e9591e9363c","timestamp":"2026-09-14 01:25:34"}
{"level":"info","message":"Created client session 6012ac9e359541ed9fda87a7","timestamp":"2026-09-14 01:25:34"}
{"level":"info","message":"Created client session a10ebb89fcb6adf9d6b097cf","timestamp":"2026-09-14 01:25:34"}
{"level":"info","message":"Created client session 47b51c977144441a19c40e86","timestamp":"2026-09-14 01:25:34"}
{"level":"info","message":"Created client session f5f87dac9f40597dbd05fe6a","timestamp":"2026-09-14 01:25:34"}
{"level":"info","message":"Created client session bf24ee469f804880d96fba4e","timestamp":"2026-09-14 01:25:34"}
{"level":"info","message":"Created client session 01c5853f78ee99fd302bd6b5","timestamp":"2026-09-14 01:25:34"}
{"level":"info","message":"Created client session a332f330c31955cd0dc36cd0","timestamp":"2026-09-14 01:25:34"}
{"level":"info","message":"Created client session 716375cdf5ffe3eeca483e12","timestamp":"2026-09-14 01:25:34"}
{"level":"info","message":"Created client session e2967ef0a8f6dcc1c15d472d","timestamp":"2026-09-14 01:25:34"}
{"level":"info","message":"Created client session 7706f898d55e01f15cef0f93","timestamp":"2026-09-14 01:25:34"}
{"level":"info","message":"Created client session 91a6b3e15b3ca1a242de8bef","timestamp":"2026-09-14 01:25:34"}
{"level":"info","message":"Created client session d5180fa777bbb06091675a9f","timestamp":"2026-09-14 01:25:34"}
{"level":"info","message":"Created client session 551844aaca0b4ec1bf471fed","timestamp":"2026-09-14 01:25:34"}
{"level":"info","message":"Created client session 8135089e763c219ff54eeaf8","timestamp":"2026-09-14 01:25:34"}
{"level":"info","message":"Created client session 834f926b573548b4c232bdcf","timestamp":"2026-09-14 01:25:34"}
{"level":"info","message":"Created client session b29f9055ad6b7796b0d367a2","timestamp":"2026-09-14 01:25:34"}
{"level":"info","message":"Created client session ee3f2af42966251552a8c60d","timestamp":"2026-09-14 01:25:34"}
{"level":"info","message":"Created client session 66bbd22157889118925cd346","timestamp":"2026-09-14 01:25:34"}
{"level":"info","message":"Created client session 4c63d4aed1014485957ae89c","timestamp":"2026-09-14 01:25:34"}
{"level":"info","message":"Created client session 9f27335e3dcd67d1479cca51","timestamp":"2026-09-14 01:25:34"}
{"level":"info","message":"Created client session 85839ff1691cd79b6ad389d9","timestamp":"2026-09-14 01:25:34"}
{"level":"info","message":"Created client session 19730f1abb158fa5382792fb","timestamp":"2026-09-14 01:25:34"}
{"level":"info","message":"Created client session 8cb0ace9783463eea29e91b5","timestamp":"2026-09-14 01:25:34"}
{"level":"info","message":"Created client session 5539c4e99d1c1ad6bbe199a6","timestamp":"2026-09-14 01:25:34"}
{"level":"info","message":"Created client session cd3770ee84ff365f5d2d8ca6","timestamp":"2026-09-14 01:25:35"}
{"level":"info","message":"Created client session 3272638d8bb93a9dba11cb32","timestamp":"2026-09-14 01:25:35"}
{"level":"info","message":"Created client session 83843fbad385cedef8a134d3","timestamp":"2026-09-14 01:25:35"}
{"level":"info","message":"Created client session 3c1563d3501191df97558841","timestamp":"2026-09-14 01:25:35"}
{"level":"info","message":"Created client session acf98a553963003e039469dc","timestamp":"2026-09-14 01:25:35"}
{"level":"info","message":"Created client session 1d333254145ba212b41ae90d","timestamp":"2026-09-14 01:25:35"}
{"level":"info","message":"Created client session b91e57d220c2e42242f409b0","timestamp":"2026-09-14 01:25:35"}
{"level":"info","message":"Created client session 6298261f0fdab4df92b640a8","timestamp":"2026-09-14 01:25:35"}
{"level":"info","message":"Created client session 38f090957cf3f731931c1bdf","timestamp":"2026-09-14 01:25:35"}
{"level":"info","message":"Created client session 9558e74c5d2b29f2ae342ac1","timestamp":"2026-09-14 01:25:35"}
{"level":"info","message":"Created client session 4e441e568cb10c068173ba15","timestamp":"2026-09-14 01:25:35"}
{"level":"info","message":"Created client session 9faaf5f0b0c5d95c5eaa8ba5","timestamp":"2026-09-14 01:25:35"}
{"level":"info","message":"Created client session 9db7e36f3429d2ce63cdcec8","timestamp":"2026-09-14 01:25:35"}
{"level":"info","message":"Created client session 282ac9af086148d1a013be75","timestamp":"2026-09-14 01:25:35"}
{"level":"info","message":"Created client session df351ceee0e476ca7d2162fb","timestamp":"2026-09-14 01:25:35"}
{"level":"info","message":"Created client session 0cadd0d11e194058ba96524b","timestamp":"2026-09-14 01:25:35"}
{"level":"info","message":"Created client session 208b1b020348e4db8819bee7","timestamp":"2026-09-14 01:25:36"}
{"level":"info","message":"Created client session b0a4ae0aadced113b802c1b6","timestamp":"2026-09-14 01:25:36"}
{"level":"info","message":"Created client session 6b1ac4ce89202f00b7946d97","timestamp":"2026-09-14 01:25:36"}
{"level":"info","message":"Created client session 056c011a445881e9a9f8367f","timestamp":"2026-09-14 01:25:36"}
{"level":"info","message":"Created client session 1535a910bd45305965d45353","timestamp":"2026-09-14 01:25:36"}
{"level":"info","message":"Created client session d4a8c60c7942d4e76e3a8187","timestamp":"2026-09-14 01:25:36"}
{"level":"info","message":"Created client session 53fcace7266ea88a2c5bc266","timestamp":"2026-09-14 01:25:36"}
{"level":"info","message":"Created client session be606dbc4401ee354e98fe42","timestamp":"2026-09-14 01:25:36"}
{"level":"info","message":"Created client session ca5b1388c1bd6d65581a30b7","timestamp":"2026-09-14 01:25:36"}
{"level":"info","message":"Created client session 3e650a4187177fae418a981c","timestamp":"2026-09-14 01:25:37"}
{"level":"info","message":"Created client session 91f9a2bfa56731d9f85e0c8d","timestamp":"2026-09-14 01:25:37"}
{"level":"info","message":"Created client session eddb98b82cff7d10ba3d902c","timestamp":"2026-09-14 01:25:37"}
{"level":"info","message":"Created client session e80867af02371697d28641be","timestamp":"2026-09-14 01:25:37"}
{"level":"info","message":"Created client session 932ae7110228ccf5befa9565","timestamp":"2026-09-14 01:25:37"}
{"level":"info","message":"Created client session 1c4d3854ffc7d53a85bda990","timestamp":"2026-09-14 01:25:37"}
{"level":"info","message":"Created client session 3489701cfeaee327981d07b2","timestamp":"2026-09-14 01:25:37"}
{"level":"info","message":"Created client session 1670eec6d0e642afcaf8f98b","timestamp":"2026-09-14 01:25:37"}
{"level":"info","message":"Created client session 8bf5597cea3f9be04b9dce4e","timestamp":"2026-09-14 01:25:37"}
{"level":"info","message":"Created client session 5aa5c2a2f6ff55b2f99df6c8","timestamp":"2026-09-14 01:25:37"}
{"level":"info","message":"Created client session d78d390bbabd85f157e3b038","timestamp":"2026-09-14 01:25:37"}
{"level":"info","message":"Created client session d48df1ade4d7970402c473eb","timestamp":"2026-09-14 01:25:37"}
{"level":"info","message":"Created client session 6a3b196564420ff65aa69235","timestamp":"2026-09-14 01:25:37"}
{"level":"info","message":"Created client session 0eb4071e47063dae90cca30c","timestamp":"2026-09-14 01:25:37"}
{"level":"info","message":"Created client session 7c1616b13e100686f732cfda","timestamp":"2026-09-14 01:25:37"}
{"level":"info","message":"Created client session 52ad4e197c38c9fc64852ba9","timestamp":"2026-09-14 01:25:37"}
{"level":"info","message":"Created client session e0e612c376a57ccb40d241bc","timestamp":"2026-09-14 01:25:37"}
{"level":"info","message":"Created client session a3315929608df789a4d242a6","timestamp":"2026-09-14 01:25:37"}
{"level":"info","message":"Created client session f0661b0db82d569c6197899c","timestamp":"2026-09-14 01:25:37"}
{"level":"info","message":"Created client session fc8ef474db41d95dfec50e1a","timestamp":"2026-09-14 01:25:37"}
{"level":"info","message":"Created client session 1e0639c3c9f6712bb7ea6cdf","timestamp":"2026-09-14 01:25:37"}
{"level":"info","message":"Created client session dc211bab0e06870659418b66","timestamp":"2026-09-14 01:25:37"}
{"level":"info","message":"Created client session c5e2d2e3c2a20f657e9394a3","timestamp":"2026-09-14 01:25:37"}
{"level":"info","message":"Created client session f4c3ad11e0f26e31ee08f481","timestamp":"2026-09-14 01:25:37"}
{"level":"info","message":"Created client session d458cd0abf4c7a6af7c1b93f","timestamp":"2026-09-14 01:25:37"}
{"level":"info","message":"Created client session 9f2799106c6dd09df99bfda2","timestamp":"2026-09-14 01:25:38"}
{"level":"info","message":"Created client session f90c05a5285bfaf27e34f046","timestamp":"2026-09-14 01:25:38"}
{"level":"info","message":"Created client session 8c3052e1b27367b77ac559a3","timestamp":"2026-09-14 01:25:38"}
{"level":"info","message":"Created client session f1b2c870bf6688c134415cd5","timestamp":"2026-09-14 01:25:38"}
{"level":"info","message":"Created client session 617568cdf48de2aaa7b1f190","timestamp":"2026-09-14 01:25:38"}
{"level":"info","message":"Created client session 2cf13a1f74dc8e6eba3f8085","timestamp":"2026-09-14 01:25:38"}
{"level":"info","message":"Created client session 8523436baf8f84425d584840","timestamp":"2026-09-14 01:25:38"}
{"level":"info","message":"Created client session 2d0abf7f04250ed6b1a33336","timestamp":"2026-09-14 01:25:38"}
{"level":"info","message":"Created client session d3c6ba8e40421d91d9c6ccae","timestamp":"2026-09-14 01:25:38"}
{"level":"info","message":"Created client session 3411d56e3673e478c006ae0b","timestamp":"2026-09-14 01:25:38"}
{"level":"info","message":"Created client session 416fd03847df407885b23e0b","timestamp":"2026-09-14 01:25:38"}
{"level":"info","message":"Created client session 17c689530a035bcab0620b13","timestamp":"2026-09-14 01:25:38"}
{"level":"info","message":"Created client session a409cb9d38b83d222766cea1","timestamp":"2026-09-14 01:25:38"}
{"level":"info","message":"Created client session 3d721dc14598323f11bf1a54","timestamp":"2026-09-14 01:25:38"}
{"level":"info","message":"Created client session 0700974c6d29df74176fce34","timestamp":"2026-09-14 01:25:38"}
{"level":"info","message":"Created client session 0f5cdc0504cf066672077fce","timestamp":"2026-09-14 01:25:38"}
{"level":"info","message":"Created client session 03347ee1e68f44cac19b7612","timestamp":"2026-09-14 01:25:38"}
{"level":"info","message":"Created client session 13bef277ab48da4b920a9a74","timestamp":"2026-09-14 01:25:38"}
{"level":"info","message":"Created client session 8789a9b9634e9c7212b26306","timestamp":"2026-09-14 01:25:38"}
{"level":"info","message":"Created client session 2079a35a3907b8cbdbeaa935","timestamp":"2026-09-14 01:25:38"}
{"level":"info","message":"Created client session c1d613fdf5104750eaaf93ac","timestamp":"2026-09-14 01:25:38"}
{"level":"info","message":"Created client session 085782f79b94d5f814b2d068","timestamp":"2026-09-14 01:25:38"}
{"level":"info","message":"Created client session bf5c4f0657015de79da3fbd5","timestamp":"2026-09-14 01:25:38"}
{"level":"info","message":"Created client session 91919cccb792fa9d62897ed7","timestamp":"2026-09-14 01:25:38"}
{"level":"info","message":"Created client session 1fdbdb8014bcf6f3deef50b3","timestamp":"2026-09-14 01:25:38"}
{"level":"info","message":"Created client session 1803e889d7a2c00c94202bd8","timestamp":"2026-09-14 01:25:39"}
{"level":"info","message":"Created client session 7e86d0d13920454bf3e5216f","timestamp":"2026-09-14 01:25:39"}
{"level":"info","message":"Created client session c41247de813cc207887fcc82","timestamp":"2026-09-14 01:25:39"}
{"level":"info","message":"Created client session a4bf7b4facec0b3a5f63fc32","timestamp":"2026-09-14 01:25:39"}
{"level":"info","message":"Created client session c53a8f62f523143db46b0e53","timestamp":"2026-09-14 01:25:39"}
{"level":"info","message":"Created client session c3e7de9f03200f3ba9dc8321","timestamp":"2026-09-14 01:25:39"}
{"level":"info","message":"Created client session 6aa39bb5fdd22f26f67a6f0d","timestamp":"2026-09-14 01:25:39"}
{"level":"info","message":"Created client session d7d7c576d5d3e795da70bb90","timestamp":"2026-09-14 01:25:39"}
{"level":"info","message":"Created client session dd3ea8a1917896fc2acea1b1","timestamp":"2026-09-14 01:25:39"}
{"level":"info","message":"Created client session 57192429e52d49e32989a64f","timestamp":"2026-09-14 01:25:39"}
{"level":"info","message":"Created client session 53fae06d852fea2082a96e67","timestamp":"2026-09-14 01:25:39"}
{"level":"info","message":"Created client session d91a680e68730a62cf1801c9","timestamp":"2026-09-14 01:25:39"}
{"level":"info","message":"Created client session 6a1284b78af379f7c61cd467","timestamp":"2026-09-14 01:25:39"}
{"level":"info","message":"Created client session bf20d4060a5b1b08a2b6a10d","timestamp":"2026-09-14 01:25:39"}
{"level":"info","message":"Created client session 261061598abce5ab2ccf0350","timestamp":"2026-09-14 01:25:39"}
{"level":"info","message":"Created client session 237fed06c060c6e5a2092876","timestamp":"2026-09-14 01:25:39"}
{"level":"info","message":"Created client session 737748ca5b95e1a91cb857e6","timestamp":"2026-09-14 01:25:39"}
{"level":"info","message":"Created client session e6204856939b86906d12f073","timestamp":"2026-09-14 01:25:39"}
{"level":"info","message":"Created client session eec5f0088800d74a971de6df","timestamp":"2026-09-14 01:25:39"}
{"level":"info","message":"Created client session 29e4d22cc4e3d4f1a5c7a0c1","timestamp":"2026-09-14 01:25:39"}
{"level":"info","message":"Created client session 07afd4ecf21a26c76237290d","timestamp":"2026-09-14 01:25:39"}
{"level":"info","message":"Created client session c654d10cf356633cf163b09b","timestamp":"2026-09-14 01:25:39"}
{"level":"info","message":"Created client session 193b936073cc6245ae4341e3","timestamp":"2026-09-14 01:25:39"}
{"level":"info","message":"Created client session c4a7edba16b8b74b349c4fd1","timestamp":"2026-09-14 01:25:40"}
{"level":"info","message":"Created client session d081d7727b8e826c58e3fb77","timestamp":"2026-09-14 01:25:40"}
{"level":"info","message":"Created client session ec9cdf6fb30da16a67c41c3d","timestamp":"2026-09-14 01:25:40"}
{"level":"info","message":"Created client session 4fa9aabefd8abe88084da93c","timestamp":"2026-09-14 01:25:40"}
{"level":"info","message":"Created client session b8368946bae0854fcc5cc7ac","timestamp":"2026-09-14 01:25:40"}
{"level":"info","message":"Created client session 1dab857f0b7d67369ec16b59","timestamp":"2026-09-14 01:25:40"}
{"level":"info","message":"Created client session ad6acbddc0adbe10bb6be99a","timestamp":"2026-09-14 01:25:40"}
{"level":"info","message":"Created client session f37d15d7827eed597efcc42d","timestamp":"2026-09-14 01:25:40"}
{"level":"info","message":"Created client session 601342f328d6f90364003dcd","timestamp":"2026-09-14 01:25:40"}
{"level":"info","message":"Created client session 77edb59c5f60de849797da1d","timestamp":"2026-09-14 01:25:40"}
{"level":"info","message":"Created client session 20d0ab14548a7d3704ab7acb","timestamp":"2026-09-14 01:25:40"}
{"level":"info","message":"Created client session 4b4f40a4fa492629a147dfe3","timestamp":"2026-09-14 01:25:40"}
{"level":"info","message":"Created client session 7eef37c44271be03cc20374e","timestamp":"2026-09-14 01:25:40"}
{"level":"info","message":"Created client session 1ddd1b4d0509769afd9723ba","timestamp":"2026-09-14 01:25:40"}
{"level":"info","message":"Created client session f8f46319cac6396c91a9daa2","timestamp":"2026-09-14 01:25:40"}
{"level":"info","message":"Created client session a77488d432bc48e57007f9c2","timestamp":"2026-09-14 01:25:40"}
{"level":"info","message":"Created client session 48e6a255559a93cbb66ea9a9","timestamp":"2026-09-14 01:25:40"}
{"level":"info","message":"Created client session c28162442a5fb2badca82564","timestamp":"2026-09-14 01:25:40"}
{"level":"info","message":"Created client session 54feaf30a88750f640b394ae","timestamp":"2026-09-14 01:25:40"}
{"level":"info","message":"Created client session 5d7e876a85b87675d3e2925b","timestamp":"2026-09-14 01:25:40"}
{"level":"info","message":"Created client session 506064a0cb106f38190e9ac1","timestamp":"2026-09-14 01:25:40"}
{"level":"info","message":"Created client session 19686aab9638a9094cff9361","timestamp":"2026-09-14 01:25:40"}
{"level":"info","message":"Created client session 3e8bc62dbfda0270245d926f","timestamp":"2026-09-14 01:25:40"}
{"level":"info","message":"Created client session a1183034619d9ec30b1f5992","timestamp":"2026-09-14 01:25:41"}
{"level":"info","message":"Created client session 72a60533fa7c277ea2bda1ca","timestamp":"2026-09-14 01:25:41"}
{"level":"info","message":"Created client session 077a8daef4d7da315c8bc21b","timestamp":"2026-09-14 01:25:41"}
{"level":"info","message":"Created client session b3ef932ddda3d81bd6a0618d","timestamp":"2026-09-14 01:25:41"}
{"level":"info","message":"Created client session 5af85bff59510a15932568b9","timestamp":"2026-09-14 01:25:41"}
{"level":"info","message":"Created client session 368739aa55189eb049b4b9ed","timestamp":"2026-09-14 01:25:41"}
{"level":"info","message":"Created client session d6c85f27240fd63c9d135593","timestamp":"2026-09-14 01:25:41"}
{"level":"info","message":"Created client session d625f0f031c02723fefe02b8","timestamp":"2026-09-14 01:25:41"}
{"level":"info","message":"Created client session 2bffc7cf8222e4095de5b2f0","timestamp":"2026-09-14 01:25:41"}
{"level":"info","message":"Created client session f2652c77e622028745b53d24","timestamp":"2026-09-14 01:25:41"}
{"level":"info","message":"Created client session e2a21a5195a6376c58126550","timestamp":"2026-09-14 01:25:41"}
{"level":"info","message":"Created client session 96fa16a3a2b345ba929b5410","timestamp":"2026-09-14 01:25:41"}
{"level":"info","message":"Created client session 15666f25bbddcd5d3c840a71","timestamp":"2026-09-14 01:25:41"}
{"level":"info","message":"Created client session 9208486c82b3268636bc3c6a","timestamp":"2026-09-14 01:25:41"}
{"level":"info","message":"Created client session 8737e48da5f56a3e99102a62","timestamp":"2026-09-14 01:25:41"}
{"level":"info","message":"Created client session 1d53ae5588ee83f0db00a031","timestamp":"2026-09-14 01:25:41"}
{"level":"info","message":"Created client session 855c9fe55733bb78ad3be812","timestamp":"2026-09-14 01:25:41"}
{"level":"info","message":"Created client session 245973a6952746b466a4f11a","timestamp":"2026-09-14 01:25:41"}
{"level":"info","message":"Created client session f8603776352f52ce18afc122","timestamp":"2026-09-14 01:25:41"}
{"level":"info","message":"Created client session a92748e10f4f771d06fd0e48","timestamp":"2026-09-14 01:25:41"}
{"level":"info","message":"Created client session ddd9105385843d16f75d2574","timestamp":"2026-09-14 01:25:41"}
{"level":"info","message":"Created client session 47591084d1db9dc02be0d7d7","timestamp":"2026-09-14 01:25:41"}
{"level":"info","message":"Created client session 5486e8f7865f0aa6334f8b1e","timestamp":"2026-09-14 01:25:41"}
{"level":"info","message":"Created client session 9a91f9573b1060cee0170abf","timestamp":"2026-09-14 01:25:41"}
{"level":"info","message":"Created client session 590512a05367ffaea2c8a3fd","timestamp":"2026-09-14 01:25:41"}
{"level":"info","message":"Created client session 59d7bbde94896f4eccbf08af","timestamp":"2026-09-14 01:25:41"}
{"level":"info","message":"Created client session b6d6e11d2a6748d49aaf7aa3","timestamp":"2026-09-14 01:25:41"}
{"level":"info","message":"Created client session 6cf46249dd51570f1ec59069","timestamp":"2026-09-14 01:25:41"}
{"level":"info","message":"Created client session 9845d56ed904bc630fdf2fca","timestamp":"2026-09-14 01:25:41"}
{"level":"info","message":"Created client session 29e3e3a47a415c3edbc7ad3c","timestamp":"2026-09-14 01:25:41"}
{"level":"info","message":"Created client session 3d5ad0b09407bb465d220c5d","timestamp":"2026-09-14 01:25:41"}
{"level":"info","message":"Created client session 2ff04c6ac06d8b24fee2295b","timestamp":"2026-09-14 01:25:41"}
{"level":"info","message":"Created client session f9e5e37036d437af90cec2b1","timestamp":"2026-09-14 01:25:41"}
{"level":"info","message":"Created client session 7e9e54be0842e3d7055fa992","timestamp":"2026-09-14 01:25:41"}
{"level":"info","message":"Created client session 2d844a9be55accb5b3432bfd","timestamp":"2026-09-14 01:25:41"}
{"level":"info","message":"Created client session 5d59f3e169485bcccb941b69","timestamp":"2026-09-14 01:25:41"}
{"level":"info","message":"Created client session a34a1fb71b49851658d1ac9f","timestamp":"2026-09-14 01:25:41"}
{"level":"info","message":"Created client session fe71ab2b4347ea5ad8c7718b","timestamp":"2026-09-14 01:25:42"}
{"level":"info","message":"Created client session ce8647bf8e83cddeb00f49b9","timestamp":"2026-09-14 01:25:42"}
{"level":"info","message":"Created client session fdbe6723406a158de89cdb0a","timestamp":"2026-09-14 01:25:42"}
{"level":"info","message":"Created client session c2f9ed7f90947062a736ecdd","timestamp":"2026-09-14 01:25:42"}
{"level":"info","message":"Created client session fbf868c28e9c6a782dbdc2d4","timestamp":"2026-09-14 01:25:42"}
{"level":"info","message":"Created client session 668906171fc46746febb666b","timestamp":"2026-09-14 01:25:42"}
{"level":"info","message":"Created client session 0226590f82cdaecc2d49d8b2","timestamp":"2026-09-14 01:25:42"}
{"level":"info","message":"Created client session c6f3857f59c69285b6c30514","timestamp":"2026-09-14 01:25:42"}
{"level":"info","message":"Created client session 6e17c8fc3ab3f1447ed95b56","timestamp":"2026-09-14 01:25:42"}
{"level":"info","message":"Created client session 997bbb1e0b5d4f632d1ceaa2","timestamp":"2026-09-14 01:25:42"}
{"level":"info","message":"Created client session b309efe6a7036c714caf8522","timestamp":"2026-09-14 01:25:42"}
{"level":"info","message":"Created client session e0106b760a202dd2efef7d75","timestamp":"2026-09-14 01:25:42"}
{"level":"info","message":"Created client session a00734cc57d9d211e6307430","timestamp":"2026-09-14 01:25:42"}
{"level":"info","message":"Created client session 870b7b0f8c466ec877f7437b","timestamp":"2026-09-14 01:25:42"}
{"level":"info","message":"Created client session 5e94f385a495b9bbb1a1e8ff","timestamp":"2026-09-14 01:25:42"}
{"level":"info","message":"Created client session 91e6067c8c8dfb9700aa432a","timestamp":"2026-09-14 01:25:42"}
{"level":"info","message":"Created client session b94a511b19f6f19116ec73d8","timestamp":"2026-09-14 01:25:42"}
{"level":"info","message":"Created client session 3cfe3f65694f26c497a8c337","timestamp":"2026-09-14 01:25:42"}
{"level":"info","message":"Created client session 867d86f2c2a9702e1a317fef","timestamp":"2026-09-14 01:25:42"}
{"level":"info","message":"Created client session c246fed65775aa406ba771b6","timestamp":"2026-09-14 01:25:42"}
{"level":"info","message":"Created client session 7ee105f9c9b8415ccaf17045","timestamp":"2026-09-14 01:25:42"}
{"level":"info","message":"Created client session 1f89e8406ee76bbcf6c1de38","timestamp":"2026-09-14 01:25:42"}
{"level":"info","message":"Created client session d85d3b1fcd681cf49d5b4f2e","timestamp":"2026-09-14 01:25:42"}
{"level":"info","message":"Created client session 9cf94eb5ded4c07d4039f6a1","timestamp":"2026-09-14 01:25:42"}
{"level":"info","message":"Created client session 64ad50e488dfaff38351b4c9","timestamp":"2026-09-14 01:25:42"}
{"level":"info","message":"Created client session 63ee12dfd99d6b6cfa8390a1","timestamp":"2026-09-14 01:25:42"}
{"level":"info","message":"Created client session 7b9ba02123b912d4c34f16f2","timestamp":"2026-09-14 01:25:43"}
{"level":"info","message":"Created client session a6c883291042b72a5d9f783c","timestamp":"2026-09-14 01:25:43"}
{"level":"info","message":"Created client session 2b964eea1306b7e0ff7aa6b6","timestamp":"2026-09-14 01:25:43"}
{"level":"info","message":"Created client session a641d89f294128f9a2e69e8f","timestamp":"2026-09-14 01:25:43"}
{"level":"info","message":"Created client session a042c1dac915fcbff7e06d0d","timestamp":"2026-09-14 01:25:43"}
{"level":"info","message":"Created client session a7020a1d8f558571099216dd","timestamp":"2026-09-14 01:25:43"}
{"level":"info","message":"Created client session 39cdacd7fa88934dfb87c5ce","timestamp":"2026-09-14 01:25:43"}
{"level":"info","message":"Created client session dbbb85fa9d127622ad5ce9c2","timestamp":"2026-09-14 01:25:43"}
{"level":"info","message":"Created client session 8d0988e7dfa3832e91839c43","timestamp":"2026-09-14 01:25:43"}
{"level":"info","message":"Created client session 0f3807827d90d983da20dfdf","timestamp":"2026-09-14 01:25:43"}
{"level":"info","message":"Created client session 30ae1b10c88d485528b33d8c","timestamp":"2026-09-14 01:25:43"}
{"level":"info","message":"Created client session 07f8dfafdd84898540e7a552","timestamp":"2026-09-14 01:25:43"}
{"level":"info","message":"Created client session 7b650a716a949b477a921bee","timestamp":"2026-09-14 01:25:43"}
{"level":"info","message":"Created client session 4bf3d915c7f9a06b881cc49b","timestamp":"2026-09-14 01:25:43"}
{"level":"info","message":"Created client session 3afa1f8501b2985d60353c88","timestamp":"2026-09-14 01:25:43"}
{"level":"info","message":"Created client session 02cadf089d252408658c0dba","timestamp":"2026-09-14 01:25:43"}
{"level":"info","message":"Created client session 101af9459bd81f0755959326","timestamp":"2026-09-14 01:25:44"}
{"level":"info","message":"Created client session 905c85a03ca3b547b00ef64a","timestamp":"2026-09-14 01:25:44"}
{"level":"info","message":"Created client session 8e0a696ab154ccc9c5686456","timestamp":"2026-09-14 01:25:44"}
{"level":"info","message":"Created client session ad7360813bf890d432968796","timestamp":"2026-09-14 01:25:44"}
{"level":"info","message":"Created client session 1e6f0ad8d19b0be1abd47af5","timestamp":"2026-09-14 01:25:44"}
{"level":"info","message":"Created client session d91e3b5f457cd0e47b697849","timestamp":"2026-09-14 01:25:44"}
{"level":"info","message":"Created client session 495dfb937ba97570419b9ce8","timestamp":"2026-09-14 01:25:44"}
{"level":"info","message":"Created client session dd2eb689e3e97a49a6f51991","timestamp":"2026-09-14 01:25:44"}
{"level":"info","message":"Created client session 0e17fa42fdf7dcda56a1327e","timestamp":"2026-09-14 01:25:44"}
{"level":"info","message":"Created client session 95f6a47efb6974846ccb9204","timestamp":"2026-09-14 01:25:44"}
{"level":"info","message":"Created client session c3a7443bae36cd23d8657f03","timestamp":"2026-09-14 01:25:44"}
{"level":"info","message":"Created client session 947e7dc072df12e51c62e239","timestamp":"2026-09-14 01:25:44"}
{"level":"info","message":"Created client session 214a5a55b2617455524cf84f","timestamp":"2026-09-14 01:25:44"}
{"level":"info","message":"Created client session 6a6c3e405e588c38bddd9e13","timestamp":"2026-09-14 01:25:44"}
{"level":"info","message":"Created client session 35b5a61956f96e917006aa87","timestamp":"2026-09-14 01:25:44"}
{"level":"info","message":"Created client session 2e8de3aa198e07e5a50c3ade","timestamp":"2026-09-14 01:25:44"}
{"level":"info","message":"Created client session d8a242a7bb35e0fefd4cbd0b","timestamp":"2026-09-14 01:25:44"}
{"level":"info","message":"Created client session b8c7dad4833ab98fd0d38300","timestamp":"2026-09-14 01:25:44"}
{"level":"info","message":"Created client session 9a61e2f0d12543e23eec65bd","timestamp":"2026-09-14 01:25:44"}
{"level":"info","message":"Created client session f76a7158b40105379903db4d","timestamp":"2026-09-14 01:25:44"}
{"level":"info","message":"Created client session 50524db73732e236b009bb47","timestamp":"2026-09-14 01:25:44"}
{"level":"info","message":"Created client session 8cad22764372bcff258e84b6","timestamp":"2026-09-14 01:25:44"}
{"level":"info","message":"Created client session 0ed15f4b4d61a14d7c6eb248","timestamp":"2026-09-14 01:25:44"}
{"level":"info","message":"Created client session fdb7de4ea53608d752ad160c","timestamp":"2026-09-14 01:25:44"}
{"level":"info","message":"Created client session e4842950f95b6973d4f78b55","timestamp":"2026-09-14 01:25:45"}
{"level":"info","message":"Created client session 13e8f42e748d0e8639f39ff3","timestamp":"2026-09-14 01:25:45"}
{"level":"info","message":"Created client session 3ae26d860110e1c470cc7d61","timestamp":"2026-09-14 01:25:45"}
{"level":"info","message":"Created client session 1190c90f5782fccd5fbc2949","timestamp":"2026-09-14 01:25:45"}
{"level":"info","message":"Created client session 3fa2942d7bc56d703d817b5a","timestamp":"2026-09-14 01:25:45"}
{"level":"info","message":"Created client session 9aef5800a99f43f0788a4239","timestamp":"2026-09-14 01:25:45"}
{"level":"info","message":"Created client session b07cf951321dd14725d2217d","timestamp":"2026-09-14 01:25:45"}
{"level":"info","message":"Created client session b2a0651e56f5a6b4d994c641","timestamp":"2026-09-14 01:25:45"}
{"level":"info","message":"Created client session 6b7c53a87e97bf8b976c3cae","timestamp":"2026-09-14 01:25:46"}
{"level":"info","message":"Created client session d871474fbbd57a7557339b7f","timestamp":"2026-09-14 01:25:46"}
{"level":"info","message":"Created client session d594314d801ff0ef5eb4f568","timestamp":"2026-09-14 01:25:46"}
{"level":"info","message":"Created client session 9ff308912c7e8feb4f189ff8","timestamp":"2026-09-14 01:25:46"}
{"level":"info","message":"Created client session 056ea71e30e48fe6835a1d69","timestamp":"2026-09-14 01:25:46"}
{"level":"info","message":"Created client session c7d060776f68ea712c3505c4","timestamp":"2026-09-14 01:25:46"}
{"level":"info","message":"Created client session 62723645156120bba1070139","timestamp":"2026-09-14 01:25:46"}
{"level":"info","message":"Created client session 29ab1f638f69e8c241570849","timestamp":"2026-09-14 01:25:46"}
{"level":"info","message":"Created client session c93bdef3bce827a91a37078f","timestamp":"2026-09-14 01:25:46"}
{"level":"info","message":"Created client session b65d7b350c2e18dc8edcabd9","timestamp":"2026-09-14 01:25:46"}
{"level":"info","message":"Created client session 630e66290339284a73ae9e79","timestamp":"2026-09-14 01:25:46"}
{"level":"info","message":"Created client session a5408af0625bff8ffe43345b","timestamp":"2026-09-14 01:25:46"}
{"level":"info","message":"Created client session db2c0ec9558f24b96d7675f7","timestamp":"2026-09-14 01:25:46"}
{"level":"info","message":"Created client session c8176f300782b916d6ad9770","timestamp":"2026-09-14 01:25:46"}
{"level":"info","message":"Created client session 141c154047be73a57792c729","timestamp":"2026-09-14 01:25:46"}
{"level":"info","message":"Created client session b5017ad7e5fe7551ed33366c","timestamp":"2026-09-14 01:25:46"}
{"level":"info","message":"Created client session b27de2003b49ef16cd98bdc6","timestamp":"2026-09-14 01:25:46"}
{"level":"info","message":"Created client session 199d9363b9b9ee633ee7954c","timestamp":"2026-09-14 01:25:46"}
{"level":"info","message":"Created client session be68720876852354ff452599","timestamp":"2026-09-14 01:25:46"}
{"level":"info","message":"Created client session 378e2d1ee707dc251bf4a4d6","timestamp":"2026-09-14 01:25:46"}
{"level":"info","message":"Created client session 9443c80fcf9959b8f6d7687d","timestamp":"2026-09-14 01:25:46"}
{"level":"info","message":"Created client session 37b8eef912a4c4e0717d41a7","timestamp":"2026-09-14 01:25:46"}
{"level":"info","message":"Created client session 69fab45310bdd4e97f951762","timestamp":"2026-09-14 01:25:46"}
{"level":"info","message":"Created client session a6e596d72f50746e43e77684","timestamp":"2026-09-14 01:25:46"}
{"level":"info","message":"Created client session 95de516f129aaaaa35b82cc1","timestamp":"2026-09-14 01:25:47"}
{"level":"info","message":"Created client session d00c7efe8c82fe4be20341a9","timestamp":"2026-09-14 01:25:47"}
{"level":"info","message":"Created client session f922858b42c26d170ed0ea78","timestamp":"2026-09-14 01:25:47"}
{"level":"info","message":"Created client session b07d7c317c18729322c28c04","timestamp":"2026-09-14 01:25:47"}
{"level":"info","message":"Created client session 23dfbdd00e369973b84b39ab","timestamp":"2026-09-14 01:25:47"}
{"level":"info","message":"Created client session 4fccb1ae3ee6e11b834e81d6","timestamp":"2026-09-14 01:25:47"}
{"level":"info","message":"Created client session 245639081324f621ed163605","timestamp":"2026-09-14 01:25:47"}
{"level":"info","message":"Created client session 61e471d88300ab9ea04b2aa2","timestamp":"2026-09-14 01:25:47"}
{"level":"info","message":"Created client session 7a896e744ecd01a690eb836b","timestamp":"2026-09-14 01:25:47"}
{"level":"info","message":"Created client session 03c7b89f14310e35b2af5383","timestamp":"2026-09-14 01:25:47"}
{"level":"info","message":"Created client session 1c669a070dcde87baa7d6200","timestamp":"2026-09-14 01:25:47"}
{"level":"info","message":"Created client session 29ff52043697e10121e477a7","timestamp":"2026-09-14 01:25:47"}
{"level":"info","message":"Created client session d0b0dfdfbea4f1ab98902779","timestamp":"2026-09-14 01:25:47"}
{"level":"info","message":"Created client session 0dc0658307c61ef6937da937","timestamp":"2026-09-14 01:25:47"}
{"level":"info","message":"Created client session e7b567f42bd058092102bbb6","timestamp":"2026-09-14 01:25:47"}
{"level":"info","message":"Created client session b4985a29df3184c73050269c","timestamp":"2026-09-14 01:25:47"}
{"level":"info","message":"Created client session e8b8cb1db2e5348dae3481f3","timestamp":"2026-09-14 01:25:47"}
{"level":"info","message":"Created client session 4d71f86a031dfc90f69c69bb","timestamp":"2026-09-14 01:25:47"}
{"level":"info","message":"Created client session 69a14bf6ac3374f60c56325d","timestamp":"2026-09-14 01:25:47"}
{"level":"info","message":"Created client session 7dbc3f5208c86e63f5970498","timestamp":"2026-09-14 01:25:47"}
{"level":"info","message":"Created client session 77e6732241cab2eae87bcc80","timestamp":"2026-09-14 01:25:47"}
{"level":"info","message":"Created client session 06aa9b76c3f40aecd530509b","timestamp":"2026-09-14 01:25:47"}
{"level":"info","message":"Created client session 9bf086163fa22e95e708e9ac","timestamp":"2026-09-14 01:25:47"}
{"level":"info","message":"Created client session bdba41735a76e0b41d85cbb6","timestamp":"2026-09-14 01:25:47"}
{"level":"info","message":"Created client session d8260038ca948ae1b2bc323f","timestamp":"2026-09-14 01:25:48"}
{"level":"info","message":"Created client session bc3faff7cd3dca130feabf95","timestamp":"2026-09-14 01:25:48"}
{"level":"info","message":"Created client session 8c514f967701158527076d1f","timestamp":"2026-09-14 01:25:48"}
{"level":"info","message":"Created client session e55f3e72fe98653cdd5c60eb","timestamp":"2026-09-14 01:25:48"}
{"level":"info","message":"Created client session 4cbe0bf690826bae1a1b6759","timestamp":"2026-09-14 01:25:48"}
{"level":"info","message":"Created client session 6488bbfb3424e866f9f670fd","timestamp":"2026-09-14 01:25:48"}
{"level":"info","message":"Created client session eaac6290aca8439377cc48a5","timestamp":"2026-09-14 01:25:48"}
{"level":"info","message":"Created client session 5aa8dfdfd785c6390baefa53","timestamp":"2026-09-14 01:25:48"}
{"level":"info","message":"Created client session 223975e8fc9e418b40e99e54","timestamp":"2026-09-14 01:25:48"}
{"level":"info","message":"Created client session 4ce76aa21c5f205b17afabc1","timestamp":"2026-09-14 01:25:48"}
{"level":"info","message":"Created client session 67b24662cfe522139c885848","timestamp":"2026-09-14 01:25:48"}
{"level":"info","message":"Created client session 5ffd8c62b0e2275594f44ca8","timestamp":"2026-09-14 01:25:48"}
{"level":"info","message":"Created client session 64f8e7e579c299272316533e","timestamp":"2026-09-14 01:25:48"}
{"level":"info","message":"Created client session fe0ab5a7f3a36af15299adcb","timestamp":"2026-09-14 01:25:48"}
{"level":"info","message":"Created client session 4da9244ade387f74ea4f225f","timestamp":"2026-09-14 01:25:48"}
{"level":"info","message":"Created client session 61f348635b74fdb4ebc79f5a","timestamp":"2026-09-14 01:25:48"}
{"level":"info","message":"Created client session 49138b27a314cc28c5aa4680","timestamp":"2026-09-14 01:25:48"}
{"level":"info","message":"Created client session 59ec80b4826a49b1cb18b445","timestamp":"2026-09-14 01:25:48"}
{"level":"info","message":"Created client session 3623f7349835dbda8033fec3","timestamp":"2026-09-14 01:25:48"}
{"level":"info","message":"Created client session 17931636f8b66987cdc40058","timestamp":"2026-09-14 01:25:48"}
{"level":"info","message":"Created client session 092e4fb231ff86164ce00df1","timestamp":"2026-09-14 01:25:48"}
{"level":"info","message":"Created client session 9143bb5e919ab3fd2967f2fd","timestamp":"2026-09-14 01:25:48"}
{"level":"info","message":"Created client session 3a73eeabfbd5b124e803c9a6","timestamp":"2026-09-14 01:25:48"}
{"level":"info","message":"Created client session 823c49300ebc0fb4d3e7f9a3","timestamp":"2026-09-14 01:25:48"}
{"level":"info","message":"Created client session cd3f63290fe5178963fdaa6d","timestamp":"2026-09-14 01:25:49"}
{"level":"info","message":"Created client session 185510a9809884a74e63a494","timestamp":"2026-09-14 01:25:49"}
{"level":"info","message":"Created client session cbc733be9964ebb3d2bf2fe3","timestamp":"2026-09-14 01:25:49"}
{"level":"info","message":"Created client session 1719e4d9d520d0ddbcd094a0","timestamp":"2026-09-14 01:25:49"}
{"level":"info","message":"Created client session 4e19fca34ea03f64af58779b","timestamp":"2026-09-14 01:25:49"}
{"level":"info","message":"Created client session d25ed5cb7d4d26912bc008a3","timestamp":"2026-09-14 01:25:49"}
{"level":"info","message":"Created client session bb20a8ea76af9c13796759a3","timestamp":"2026-09-14 01:25:49"}
{"level":"info","message":"Created client session 7859411ae5b839478fbe0e62","timestamp":"2026-09-14 01:25:49"}
{"level":"info","message":"Created client session f531effbcfbaacb772e95605","timestamp":"2026-09-14 01:25:49"}
{"level":"info","message":"Created client session a78caf445dd221edd6e3237f","timestamp":"2026-09-14 01:25:49"}
{"level":"info","message":"Created client session e70612e6386b901f006bd3ce","timestamp":"2026-09-14 01:25:49"}
{"level":"info","message":"Created client session cd5282b70774a91bea5b53f9","timestamp":"2026-09-14 01:25:49"}
{"level":"info","message":"Created client session 057390c1cc39c0055267b4fc","timestamp":"2026-09-14 01:25:49"}
{"level":"info","message":"Created client session 43c990e549d587a278099549","timestamp":"2026-09-14 01:25:49"}
{"level":"info","message":"Created client session 5f48dea346391a02c2c2e7f5","timestamp":"2026-09-14 01:25:49"}
{"level":"info","message":"Created client session 6d8b2e5cdb9a53452af3a510","timestamp":"2026-09-14 01:25:49"}
{"level":"info","message":"Created client session 79eddf76395f6f625fa51c06","timestamp":"2026-09-14 01:25:49"}
{"level":"info","message":"Created client session d90971081a61afbbda6eb642","timestamp":"2026-09-14 01:25:49"}
{"level":"info","message":"Created client session a11134531faf61fb8aaf185d","timestamp":"2026-09-14 01:25:50"}
{"level":"info","message":"Created client session 73a7be815aa062950059e016","timestamp":"2026-09-14 01:25:50"}
{"level":"info","message":"Created client session d562c890d1ccbf84cb33623e","timestamp":"2026-09-14 01:25:50"}
{"level":"info","message":"Created client session c488dc0db7ec5534dde32abe","timestamp":"2026-09-14 01:25:50"}
{"level":"info","message":"Created client session 10becfc839f13f2035daf985","timestamp":"2026-09-14 01:25:50"}
{"level":"info","message":"Created client session 0d871dda10b4162ba47e4d30","timestamp":"2026-09-14 01:25:50"}
{"level":"info","message":"Created client session ae9586ca03bb09e19a425713","timestamp":"2026-09-14 01:25:50"}
{"level":"info","message":"Created client session 5e6381febd5f9402aadcc450","timestamp":"2026-09-14 01:25:50"}
{"level":"info","message":"Created client session 7fc278d4cf2b8b57fea35729","timestamp":"2026-09-14 01:25:50"}
{"level":"info","message":"Created client session 1254fd5d7563008f61f65930","timestamp":"2026-09-14 01:25:50"}
{"level":"info","message":"Created client session e03891ffe30b5d86224035be","timestamp":"2026-09-14 01:25:50"}
{"level":"info","message":"Created client session f2bbc1756bb003f46204d8ec","timestamp":"2026-09-14 01:25:50"}
{"level":"info","message":"Created client session eff281b518eb689060584a90","timestamp":"2026-09-14 01:25:50"}
{"level":"info","message":"Created client session 404c0c0613152ac5c6bde9b9","timestamp":"2026-09-14 01:25:50"}
{"level":"info","message":"Created client session ef35a0c77366c3e7342db80c","timestamp":"2026-09-14 01:25:50"}
{"level":"info","message":"Created client session 789be8e799c1905f6c99a194","timestamp":"2026-09-14 01:25:50"}
{"level":"info","message":"Created client session 681c2c0492dfce33d819c892","timestamp":"2026-09-14 01:25:50"}
{"level":"info","message":"Created client session 3b54949818d7d3f96cbf4416","timestamp":"2026-09-14 01:25:50"}
{"level":"info","message":"Created client session 1e3112286e1b8b56b503c150","timestamp":"2026-09-14 01:25:50"}
{"level":"info","message":"Created client session 032bfdbe9ed382e0625a3512","timestamp":"2026-09-14 01:25:50"}
{"level":"info","message":"Created client session 641326d1d708ba3dd8f74584","timestamp":"2026-09-14 01:25:51"}
{"level":"info","message":"Created client session 7fc3b174365cefbb0cc11669","timestamp":"2026-09-14 01:25:51"}
{"level":"info","message":"Created client session a02a55ed69022c33c1427806","timestamp":"2026-09-14 01:25:51"}
{"level":"info","message":"Created client session 2a7a1515c41ea63e6bddd7d6","timestamp":"2026-09-14 01:25:51"}
{"level":"info","message":"Created client session 3e5775a0a3321088f7620d8b","timestamp":"2026-09-14 01:25:51"}
{"level":"info","message":"Created client session a546eb89f5954777b86cae04","timestamp":"2026-09-14 01:25:51"}
{"level":"info","message":"Created client session ca6240ba983d1530facf2511","timestamp":"2026-09-14 01:25:51"}
{"level":"info","message":"Created client session b46afb04d271b7fa97dd96e0","timestamp":"2026-09-14 01:25:51"}
{"level":"info","message":"Created client session 0dbfe7227b80d2922c616b56","timestamp":"2026-09-14 01:25:51"}
{"level":"info","message":"Created client session 1a9cdc9725898439c140fb10","timestamp":"2026-09-14 01:25:51"}
{"level":"info","message":"Created client session d496d01d4194b45177911504","timestamp":"2026-09-14 01:25:52"}
{"level":"info","message":"Created client session 445a16d6462b5f5fb899b3cc","timestamp":"2026-09-14 01:25:52"}
{"level":"info","message":"Created client session a63ca563e4e71ceef5930281","timestamp":"2026-09-14 01:25:52"}
{"level":"info","message":"Created client session 4aebf64111045839818a7a32","timestamp":"2026-09-14 01:25:52"}
{"level":"info","message":"Created client session 13e626106357bac30c54a10c","timestamp":"2026-09-14 01:25:52"}
{"level":"info","message":"Created client session 635fde8fd615101f178f9d81","timestamp":"2026-09-14 01:25:52"}
{"level":"info","message":"Created client session f6edacaeb96b34f3720ee498","timestamp":"2026-09-14 01:25:52"}
{"level":"info","message":"Created client session 324a6e7045f1ea56a5d4f977","timestamp":"2026-09-14 01:25:52"}
{"level":"info","message":"Created client session 1bb807d6e2867ea4eee4ef08","timestamp":"2026-09-14 01:25:52"}
{"level":"info","message":"Created client session f2df036c4929fa5694a933f0","timestamp":"2026-09-14 01:25:52"}
{"level":"info","message":"Created client session 892a5e126d782a5f83e27c75","timestamp":"2026-09-14 01:25:52"}
{"level":"info","message":"Created client session af6e01288b3de70e05337d37","timestamp":"2026-09-14 01:25:52"}
{"level":"info","message":"Created client session c16277d2a9c78896ac13d384","timestamp":"2026-09-14 01:25:52"}
{"level":"info","message":"Created client session bb014765b6fd4d2d493ceb71","timestamp":"2026-09-14 01:25:52"}
{"level":"info","message":"Created client session 9932460c1146abc27a329ea6","timestamp":"2026-09-14 01:25:52"}
{"level":"info","message":"Created client session d0be167d9a50e69cbb4937bf","timestamp":"2026-09-14 01:25:52"}
{"level":"info","message":"Created client session a2f895caded80df55afd65ce","timestamp":"2026-09-14 01:25:52"}
{"level":"info","message":"Created client session 5a881c2e53b5d656c3764dec","timestamp":"2026-09-14 01:25:52"}
{"level":"info","message":"Created client session 047d7b69f7c4ef03cdb4722d","timestamp":"2026-09-14 01:25:52"}
{"level":"info","message":"Created client session 0add3bfa0afc64933bcb0cc8","timestamp":"2026-09-14 01:25:52"}
{"level":"info","message":"Created client session 4cb09a4267ed482b1c8d1c2a","timestamp":"2026-09-14 01:25:52"}
{"level":"info","message":"Created client session 970c036f78db00dcd7cb2022","timestamp":"2026-09-14 01:25:52"}
{"level":"info","message":"Created client session 93229cf0bc8f2c0c6d93be95","timestamp":"2026-09-14 01:25:52"}
{"level":"info","message":"Created client session 3dc4bf2b990cc84d0bc1e3c5","timestamp":"2026-09-14 01:25:53"}
{"level":"info","message":"Created client session 2f9344e3582194e85f800e61","timestamp":"2026-09-14 01:25:54"}
{"level":"info","message":"Created client session fe5b2fb861272e1b1bd8d314","timestamp":"2026-09-14 01:25:54"}
{"level":"info","message":"Created client session 4af16dcf50cdb688b7d8bc07","timestamp":"2026-09-14 01:25:54"}
{"level":"info","message":"Created client session a618bb8f3e00fdaa667bfa4d","timestamp":"2026-09-14 01:25:54"}
{"level":"info","message":"Created client session de2a73a826afc2206d53c0e8","timestamp":"2026-09-14 01:25:54"}
{"level":"info","message":"Created client session 3557035328f65fb6d30440e9","timestamp":"2026-09-14 01:25:54"}
{"level":"info","message":"Created client session b944731324b9aae1c849296a","timestamp":"2026-09-14 01:25:54"}
{"level":"info","message":"Created client session f416f39e385e44c4230f8e03","timestamp":"2026-09-14 01:25:54"}
{"level":"info","message":"Created client session 0c152ffddfca9032ffdd0082","timestamp":"2026-09-14 01:25:54"}
{"level":"info","message":"Created client session b9289d71d08da9d3dc9bfcae","timestamp":"2026-09-14 01:25:54"}
{"level":"info","message":"Created client session 5b08a6dc035ff1c3e1036b4b","timestamp":"2026-09-14 01:25:54"}
{"level":"info","message":"Created client session ee3a4c827c1a0315224b1624","timestamp":"2026-09-14 01:25:54"}
{"level":"info","message":"Created client session 9edcd9b7dcdad88fb2aa1442","timestamp":"2026-09-14 01:25:54"}
{"level":"info","message":"Created client session cdf0dca25830cdff514423d0","timestamp":"2026-09-14 01:25:54"}
{"level":"info","message":"Created client session 81ac0b5098b93eb35eb90e11","timestamp":"2026-09-14 01:25:54"}
{"level":"info","message":"Created client session d6310a56a2c66c6a816e730c","timestamp":"2026-09-14 01:25:54"}
{"level":"info","message":"Created client session ce6176ed78b9810495cf534b","timestamp":"2026-09-14 01:25:54"}
{"level":"info","message":"Created client session 401ffcd29ce1f6f6c7ab10ed","timestamp":"2026-09-14 01:25:55"}
{"level":"info","message":"Created client session 0b3880b8216b4c9ee07e98c1","timestamp":"2026-09-14 01:25:55"}
{"level":"info","message":"Created client session ea789c8fbae55b7d221041c9","timestamp":"2026-09-14 01:25:55"}
{"level":"info","message":"Created client session 9b77e15a8b609ab0f7b6455c","timestamp":"2026-09-14 01:25:55"}
{"level":"info","message":"Created client session df316a549f0404c5bb63ed3f","timestamp":"2026-09-14 01:25:55"}
{"level":"info","message":"Created client session ae9f5e4f6a36bedfecfa6e5c","timestamp":"2026-09-14 01:25:55"}
{"level":"info","message":"Created client session 2796de20dab050cc0258ddcf","timestamp":"2026-09-14 01:25:55"}
{"level":"info","message":"Created client session 423b4b57fab123dee7399332","timestamp":"2026-09-14 01:25:55"}
{"level":"info","message":"Created client session c22fff8e3362567e7c817a8f","timestamp":"2026-09-14 01:25:55"}
{"level":"info","message":"Created client session 0d9ce5e6a5ecb0ec4aea80a7","timestamp":"2026-09-14 01:25:55"}
{"level":"info","message":"Created client session 7737649ac6f42137724f322c","timestamp":"2026-09-14 01:25:55"}
{"level":"info","message":"Created client session 1faf12b023ece77aef9e7842","timestamp":"2026-09-14 01:25:55"}
{"level":"info","message":"Created client session 249f91760808e189696ae416","timestamp":"2026-09-14 01:25:55"}
{"level":"info","message":"Created client session ddda2dc3234c4b195cbef94b","timestamp":"2026-09-14 01:25:55"}
{"level":"info","message":"Created client session d07aeb00b72e28245293e7f3","timestamp":"2026-09-14 01:25:55"}
{"level":"info","message":"Created client session 3155db844e51736215b958ea","timestamp":"2026-09-14 01:25:55"}
{"level":"info","message":"Created client session 35e55c46bc4e449f9838b446","timestamp":"2026-09-14 01:25:55"}
{"level":"info","message":"Created client session eb259617abf680bdb60c7d97","timestamp":"2026-09-14 01:25:55"}
{"level":"info","message":"Created client session 5a5dc5adc464c505ea797f01","timestamp":"2026-09-14 01:25:55"}
{"level":"info","message":"Created client session 5fc73041bfa77f697dafaa93","timestamp":"2026-09-14 01:25:55"}
{"level":"info","message":"Created client session 9622f4682e87090cd10ab59b","timestamp":"2026-09-14 01:25:55"}
{"level":"info","message":"Created client session 84454067c93c6fdc70a71095","timestamp":"2026-09-14 01:25:55"}
{"level":"info","message":"Created client session b6591092dcd933a73f66d196","timestamp":"2026-09-14 01:25:55"}
{"level":"info","message":"Created client session c7778a4d8c49f1fca90decc2","timestamp":"2026-09-14 01:25:55"}
{"level":"info","message":"Created client session 79f6ae152edfa0c8023e4243","timestamp":"2026-09-14 01:25:56"}
{"level":"info","message":"Created client session 4a19d35c87cf7823acd5b096","timestamp":"2026-09-14 01:25:56"}
{"level":"info","message":"Created client session 7d1197830abba11a6946213b","timestamp":"2026-09-14 01:25:56"}
{"level":"info","message":"Created client session 813b19805cda68c5fbe3fe27","timestamp":"2026-09-14 01:25:56"}
{"level":"info","message":"Created client session c99ed7bd12fdac59fe161c3e","timestamp":"2026-09-14 01:25:56"}
{"level":"info","message":"Created client session 6b23b40faad6af9f8e8fab96","timestamp":"2026-09-14 01:25:56"}
{"level":"info","message":"Created client session 18b7e99bbaaf3f0366410072","timestamp":"2026-09-14 01:25:56"}
{"level":"info","message":"Created client session 99aa4362560521c8013d8ced","timestamp":"2026-09-14 01:25:56"}
{"level":"info","message":"Created client session 8cca9296b528bea09f2847e2","timestamp":"2026-09-14 01:25:56"}
{"level":"info","message":"Created client session 4bb58d1d1959e9d99c31db27","timestamp":"2026-09-14 01:25:56"}
{"level":"info","message":"Created client session 0d9673c8f00600b4e2c55d60","timestamp":"2026-09-14 01:25:56"}
{"level":"info","message":"Created client session f1f8033fb047681bf311cf6c","timestamp":"2026-09-14 01:25:56"}
{"level":"info","message":"Created client session 6b598366af3bb7685e61a00c","timestamp":"2026-09-14 01:25:56"}
{"level":"info","message":"Created client session 3ed82e47488e95eb95cdf64f","timestamp":"2026-09-14 01:25:56"}
{"level":"info","message":"Created client session 12844134ca01cb6ac294ddb3","timestamp":"2026-09-14 01:25:56"}
{"level":"info","message":"Created client session ea0e6d166ea519ba54941521","timestamp":"2026-09-14 01:25:56"}
{"level":"info","message":"Created client session e4e83e50b1346d39bb51c815","timestamp":"2026-09-14 01:25:56"}
{"level":"info","message":"Created client session 3120065f53da91803e0ed7f2","timestamp":"2026-09-14 01:25:56"}
{"level":"info","message":"Created client session 6d1f2c31b3f5db1c81fc422b","timestamp":"2026-09-14 01:25:56"}
{"level":"info","message":"Created client session f176392480994de8706014d8","timestamp":"2026-09-14 01:25:56"}
{"level":"info","message":"Created client session aa78c05518455ef8d22671c6","timestamp":"2026-09-14 01:25:56"}
{"level":"info","message":"Created client session 40aa2d18e85be5529d13f995","timestamp":"2026-09-14 01:25:56"}
{"level":"info","message":"Created client session 8aaed77caefdbf858adbb111","timestamp":"2026-09-14 01:25:56"}
{"level":"info","message":"Created client session adca6e6ef583edc423d5093a","timestamp":"2026-09-14 01:25:56"}
{"level":"info","message":"Created client session 01842298851a01c3bc3a5e0d","timestamp":"2026-09-14 01:25:56"}
{"level":"info","message":"Created client session 467d2344875cb2df4c17825e","timestamp":"2026-09-14 01:25:56"}
{"level":"info","message":"Created client session a39679439ea58600e5d67fba","timestamp":"2026-09-14 01:25:56"}
{"level":"info","message":"Created client session 3ff1c804bb9bc1967b8caa14","timestamp":"2026-09-14 01:25:56"}
{"level":"info","message":"Created client session 9804234244bee52c0ae76360","timestamp":"2026-09-14 01:25:56"}
{"level":"info","message":"Created client session bb1e80e15143354f9b31d470","timestamp":"2026-09-14 01:25:56"}
{"level":"info","message":"Created client session 4cb2170648918201b6254545","timestamp":"2026-09-14 01:25:56"}
{"level":"info","message":"Created client session 2e135b86351306d188a55068","timestamp":"2026-09-14 01:25:57"}
{"level":"info","message":"Created client session 5b9d1ee2b467ccc8c3a13441","timestamp":"2026-09-14 01:25:57"}
{"level":"info","message":"Created client session a7697db9522d861c99655ff8","timestamp":"2026-09-14 01:25:57"}
{"level":"info","message":"Created client session d74473b7e04b07e1f10383e6","timestamp":"2026-09-14 01:25:57"}
{"level":"info","message":"Created client session 83a61806b211dca0c0dd5521","timestamp":"2026-09-14 01:25:57"}
{"level":"info","message":"Created client session ede20e6ec43f46d839b85e1e","timestamp":"2026-09-14 01:25:57"}
{"level":"info","message":"Created client session 0d10d4c41e0a3bc43b84f419","timestamp":"2026-09-14 01:25:57"}
{"level":"info","message":"Created client session 377bf8362cafc5c910b9232a","timestamp":"2026-09-14 01:25:57"}
{"level":"info","message":"Created client session 472165f8e12d0c273f6e6d2c","timestamp":"2026-09-14 01:25:57"}
{"level":"info","message":"Created client session 519e7719d949b3fc61e17efa","timestamp":"2026-09-14 01:25:57"}
{"level":"info","message":"Created client session 9e3a33599a72f03a7fd2c3f0","timestamp":"2026-09-14 01:25:57"}
{"level":"info","message":"Created client session e9e49cf23750708d1218aa0a","timestamp":"2026-09-14 01:25:57"}
{"level":"info","message":"Created client session 279954393f75c40bccf7d872","timestamp":"2026-09-14 01:25:57"}
{"level":"info","message":"Created client session 66846022da787de8b1e90cd8","timestamp":"2026-09-14 01:25:57"}
{"level":"info","message":"Created client session 9a143a74b7d438c6d6857640","timestamp":"2026-09-14 01:25:57"}
{"level":"info","message":"Created client session f6aef29a5cddc6226db9aeb6","timestamp":"2026-09-14 01:25:57"}
{"level":"info","message":"Created client session f7c72812900218d28393ccb4","timestamp":"2026-09-14 01:25:57"}
{"level":"info","message":"Created client session 894cff05fc9085da210383ed","timestamp":"2026-09-14 01:25:58"}
{"level":"info","message":"Created client session 2eba35b10c9f97dbb3800d41","timestamp":"2026-09-14 01:25:58"}
{"level":"info","message":"Created client session 559a9dcb0a757a3495ba0ea3","timestamp":"2026-09-14 01:25:58"}
{"level":"info","message":"Created client session 6ca9636594fc1fb9c5ccc667","timestamp":"2026-09-14 01:25:58"}
{"level":"info","message":"Created client session 3e700a3b7bff491e5193eb6a","timestamp":"2026-09-14 01:25:58"}
{"level":"info","message":"Created client session 1bb20f950ddf04e5f343aa49","timestamp":"2026-09-14 01:25:58"}
{"level":"info","message":"Created client session 4ec3af9b3ced81191b8032c4","timestamp":"2026-09-14 01:25:58"}
{"level":"info","message":"Created client session 361031bd6fa710cee6e5aa5e","timestamp":"2026-09-14 01:25:58"}
{"level":"info","message":"Created client session 6a5dd8feb80965c28140546d","timestamp":"2026-09-14 01:25:58"}
{"level":"info","message":"Created client session b901714a0158659c0b7cac5d","timestamp":"2026-09-14 01:25:58"}
{"level":"info","message":"Created client session 583a54d60e94775d1adf19bd","timestamp":"2026-09-14 01:25:58"}
{"level":"info","message":"Created client session 604b4e77eb1a7bceb77447da","timestamp":"2026-09-14 01:25:58"}
{"level":"info","message":"Created client session 3ca6ecc0ca3eec1df086c5f1","timestamp":"2026-09-14 01:25:58"}
{"level":"info","message":"Created client session 6104d470bdd54412c2c429fa","timestamp":"2026-09-14 01:25:58"}
{"level":"info","message":"Created client session 0d6d5065319bf932263b4e6c","timestamp":"2026-09-14 01:25:58"}
{"level":"info","message":"Created client session 60f6ab9baf2232d09730efbc","timestamp":"2026-09-14 01:25:58"}
{"level":"info","message":"Created client session ca5de189640bdf80b5aff896","timestamp":"2026-09-14 01:25:58"}
{"level":"info","message":"Created client session 1fa075422eca684b9e3d2f61","timestamp":"2026-09-14 01:25:58"}
{"level":"info","message":"Created client session 0a45826a09344a1d4304134c","timestamp":"2026-09-14 01:25:58"}
{"level":"info","message":"Created client session dcced2b04e40bb878ca9e4a0","timestamp":"2026-09-14 01:25:58"}
{"level":"info","message":"Created client session a5d42fd9b4069d52541718d7","timestamp":"2026-09-14 01:25:58"}
{"level":"info","message":"Created client session db9b460ea345725ebf8c65da","timestamp":"2026-09-14 01:25:58"}
{"level":"info","message":"Created client session 0500132cca18cb57909025e9","timestamp":"2026-09-14 01:25:58"}
{"level":"info","message":"Created client session 67c6240af7be874c5bbf17b7","timestamp":"2026-09-14 01:25:59"}
{"level":"info","message":"Created client session 7dccbf3ae278d9f210caffdb","timestamp":"2026-09-14 01:25:59"}
{"level":"info","message":"Created client session e77d6f5958b86c4a7663038f","timestamp":"2026-09-14 01:25:59"}
{"level":"info","message":"Created client session bce661a6b27557ef1475fb95","timestamp":"2026-09-14 01:25:59"}
{"level":"info","message":"Created client session 0f37998ba010190777a32789","timestamp":"2026-09-14 01:25:59"}
{"level":"info","message":"Created client session 798100a70ba4e3d34e208cf7","timestamp":"2026-09-14 01:25:59"}
{"level":"info","message":"Created client session 72d6a0cd4f842bad8722866a","timestamp":"2026-09-14 01:25:59"}
{"level":"info","message":"Created client session df673a817098b2c2a5a195b8","timestamp":"2026-09-14 01:25:59"}
{"level":"info","message":"Created client session ddfbae39ed27e8db51681ad4","timestamp":"2026-09-14 01:25:59"}
{"level":"info","message":"Created client session cf16c668d808d645117b5483","timestamp":"2026-09-14 01:25:59"}
{"level":"info","message":"Created client session 5d6b4b0d72daee795af4fa63","timestamp":"2026-09-14 01:25:59"}
{"level":"info","message":"Created client session 1dbba6f33480dd58e67b77b5","timestamp":"2026-09-14 01:25:59"}
{"level":"info","message":"Created client session 46e5b6c2e12b476713edcbff","timestamp":"2026-09-14 01:25:59"}
{"level":"info","message":"Created client session 0580cab4d36de1f82dbb1f65","timestamp":"2026-09-14 01:25:59"}
{"level":"info","message":"Created client session e0bca4597654eb3731a7e65e","timestamp":"2026-09-14 01:25:59"}
{"level":"info","message":"Created client session 50dbba96a09b7f043a0b3541","timestamp":"2026-09-14 01:25:59"}
{"level":"info","message":"Created client session d52c23d85ab9e87d30503d8d","timestamp":"2026-09-14 01:25:59"}
{"level":"info","message":"Created client session f8a19dd3dde2187c6c4283f3","timestamp":"2026-09-14 01:25:59"}
{"level":"info","message":"Created client session 9debb6c2687648da4a091c57","timestamp":"2026-09-14 01:25:59"}
{"level":"info","message":"Created client session e83b2d0bb0ec8733354ae4c4","timestamp":"2026-09-14 01:25:59"}
{"level":"info","message":"Created client session 98a38bebcdbc0f92ddc01888","timestamp":"2026-09-14 01:25:59"}
{"level":"info","message":"Created client session 2423b11e3648964237999d6d","timestamp":"2026-09-14 01:25:59"}
{"level":"info","message":"Created client session d8374d6f5b79fb33004d3324","timestamp":"2026-09-14 01:25:59"}
{"level":"info","message":"Created client session aa9081a20549435839f4dad1","timestamp":"2026-09-14 01:25:59"}
{"level":"info","message":"Created client session 95f97df14b785fbad89b014e","timestamp":"2026-09-14 01:25:59"}
{"level":"info","message":"Created client session 864b2dad568d536201f2a0f0","timestamp":"2026-09-14 01:25:59"}
{"level":"info","message":"Created client session 96ea43c57589a7b563406d4e","timestamp":"2026-09-14 01:25:59"}
{"level":"info","message":"Created client session fd6ae5f32c6c65ce55c96f4e","timestamp":"2026-09-14 01:25:59"}
{"level":"info","message":"Created client session 224e7297f048ba7f203ce303","timestamp":"2026-09-14 01:25:59"}
{"level":"info","message":"Created client session cdfeac9267456f68e074751f","timestamp":"2026-09-14 01:25:59"}
{"level":"info","message":"Created client session 1bb4b7e22bfe7d155492023e","timestamp":"2026-09-14 01:25:59"}
{"level":"info","message":"Created client session 5c0e8f3fa7be52e4ecac6624","timestamp":"2026-09-14 01:26:00"}
{"level":"info","message":"Created client session 9b96ec360cfd5016cf97db07","timestamp":"2026-09-14 01:26:00"}
{"level":"info","message":"Created client session 2342799089b786a2f62cc209","timestamp":"2026-09-14 01:26:00"}
{"level":"info","message":"Created client session 296ffdfcc6b372268a9e2201","timestamp":"2026-09-14 01:26:00"}
{"level":"info","message":"Created client session 1635f24cc1e53dd3f463a596","timestamp":"2026-09-14 01:26:00"}
{"level":"info","message":"Created client session 1a443c67fc626c38a1fc05f8","timestamp":"2026-09-14 01:26:00"}
{"level":"info","message":"Created client session 61189efbf21bfa3b678c0f8e","timestamp":"2026-09-14 01:26:00"}
{"level":"info","message":"Created client session 1bca1cb4f5aa852965ea863c","timestamp":"2026-09-14 01:26:00"}
{"level":"info","message":"Created client session 5b7d3d78a08c001ffc876dc8","timestamp":"2026-09-14 01:26:00"}
{"level":"info","message":"Created client session 921f95d0d42e49d70e7c3a24","timestamp":"2026-09-14 01:26:00"}
{"level":"info","message":"Created client session ff6b4f35cac2ec90eb29378b","timestamp":"2026-09-14 01:26:00"}
{"level":"info","message":"Created client session 60eea8d3b546637d1fde8ff1","timestamp":"2026-09-14 01:26:00"}
{"level":"info","message":"Created client session 9d132732fb84f349988ff2a8","timestamp":"2026-09-14 01:26:00"}
{"level":"info","message":"Created client session ff4c6818250e80d80de41158","timestamp":"2026-09-14 01:26:00"}
{"level":"info","message":"Created client session 69718a4f6dd69ad752afd57e","timestamp":"2026-09-14 01:26:00"}
{"level":"info","message":"Created client session d963c896958f885f4421d1e7","timestamp":"2026-09-14 01:26:00"}
{"level":"info","message":"Created client session 0ef398a978b2d8ec48bd3830","timestamp":"2026-09-14 01:26:00"}
{"level":"info","message":"Created client session 7321daed4043d281f395168e","timestamp":"2026-09-14 01:26:00"}
{"level":"info","message":"Created client session 24c5ca040707256f1799b4ad","timestamp":"2026-09-14 01:26:00"}
{"level":"info","message":"Created client session ac80548a150fb9b4731811bf","timestamp":"2026-09-14 01:26:00"}
{"level":"info","message":"Created client session fdbbc4d6755ad98452b51d39","timestamp":"2026-09-14 01:26:00"}
{"level":"info","message":"Created client session b89f9b81c2e73d65c13b6d54","timestamp":"2026-09-14 01:26:00"}
{"level":"info","message":"Created client session a05b9c631e09fc03e60caede","timestamp":"2026-09-14 01:26:00"}
{"level":"info","message":"Created client session 25309a0d2092446dfa25cf12","timestamp":"2026-09-14 01:26:00"}
{"level":"info","message":"Created client session 39bb82e0e48e1d930c958ce1","timestamp":"2026-09-14 01:26:00"}
{"level":"info","message":"Created client session c29b5c9fc3626aa9436c04f4","timestamp":"2026-09-14 01:26:01"}
{"level":"info","message":"Created client session b05bc98664d540814297745b","timestamp":"2026-09-14 01:26:01"}
{"level":"info","message":"Created client session 795fe786c6419dcb8e79c569","timestamp":"2026-09-14 01:26:01"}
{"level":"info","message":"Created client session c088789de5767b1b79f85209","timestamp":"2026-09-14 01:26:01"}
{"level":"info","message":"Created client session dd3f4e1e8470069944f859e5","timestamp":"2026-09-14 01:26:01"}
{"level":"info","message":"Created client session 85c77512beeca5e347bbd8d9","timestamp":"2026-09-14 01:26:01"}
{"level":"info","message":"Created client session a608f26144756d5f80563c0f","timestamp":"2026-09-14 01:26:01"}
{"level":"info","message":"Created client session efbfc0beb4158ca0c8605a7f","timestamp":"2026-09-14 01:26:01"}
{"level":"info","message":"Created client session 7621395b168dd13774cf9b19","timestamp":"2026-09-14 01:26:01"}
{"level":"info","message":"Created client session a1b3316cd032013b557c6dc0","timestamp":"2026-09-14 01:26:01"}
{"level":"info","message":"Created client session 416b2767c10f5f45393a88eb","timestamp":"2026-09-14 01:26:01"}
{"level":"info","message":"Created client session 8db7d79106303e0dc3189afb","timestamp":"2026-09-14 01:26:01"}
{"level":"info","message":"Created client session 0ad9b6be7a9372615e7b4d25","timestamp":"2026-09-14 01:26:01"}
{"level":"info","message":"Created client session 861db71c1692dcdb09f8666d","timestamp":"2026-09-14 01:26:01"}
{"level":"info","message":"Created client session 73a218035c4eebf28c3ed6be","timestamp":"2026-09-14 01:26:01"}
{"level":"info","message":"Created client session 95236a99ed2c13d54ab85b0c","timestamp":"2026-09-14 01:26:01"}
{"level":"info","message":"Created client session f924b2793700c70945800884","timestamp":"2026-09-14 01:26:01"}
{"level":"info","message":"Created client session d172babc22b7ae8d1111b491","timestamp":"2026-09-14 01:26:01"}
{"level":"info","message":"Created client session b087bc43f9fc43dbec145484","timestamp":"2026-09-14 01:26:01"}
{"level":"info","message":"Created client session f240e6001f7613369af3fe02","timestamp":"2026-09-14 01:26:01"}
{"level":"info","message":"Created client session fe7dc9f2cd052ae36a72e58f","timestamp":"2026-09-14 01:26:01"}
{"level":"info","message":"Created client session 538d31ee7d78cedccb2f093b","timestamp":"2026-09-14 01:26:01"}
{"level":"info","message":"Created client session 0c80b363a4561df05cf64692","timestamp":"2026-09-14 01:26:01"}
{"level":"info","message":"Created client session e59b7e4b73231e9b5fbd001d","timestamp":"2026-09-14 01:26:01"}
{"level":"info","message":"Created client session f7b1f0c24a983e1e6a83711f","timestamp":"2026-09-14 01:26:01"}
{"level":"info","message":"Created client session baf1dc54a06914c2d70693b5","timestamp":"2026-09-14 01:26:01"}
{"level":"info","message":"Created client session 3c86f3f2d5184bf7bbe23639","timestamp":"2026-09-14 01:26:01"}
{"level":"info","message":"Created client session 626d248d34cd3ca95894f0c7","timestamp":"2026-09-14 01:26:01"}
{"level":"info","message":"Created client session ef2a6db3320851410d950549","timestamp":"2026-09-14 01:26:01"}
{"level":"info","message":"Created client session 278fa6dbbf99a11a186e0a65","timestamp":"2026-09-14 01:26:01"}
{"level":"info","message":"Created client session dd90ae31a34d4fe59b0cfee8","timestamp":"2026-09-14 01:26:01"}
{"level":"info","message":"Created client session 5e58686bf89ab2e412c62d69","timestamp":"2026-09-14 01:26:01"}
{"level":"info","message":"Created client session a05e1dce49f6f3002d2fa483","timestamp":"2026-09-14 01:26:01"}
{"level":"info","message":"Created client session 7e8d566702200ef46b4a52cd","timestamp":"2026-09-14 01:26:01"}
{"level":"info","message":"Created client session 04f68ed11a4b374f288fdbcb","timestamp":"2026-09-14 01:26:01"}
{"level":"info","message":"Created client session fd7d73e768aaac19f9a2115b","timestamp":"2026-09-14 01:26:01"}
{"level":"info","message":"Created client session fabb41a416dc0a749194d78a","timestamp":"2026-09-14 01:26:31"}
{"level":"info","message":"Created client session 3845ed73bb38a0f4ead90ff1","timestamp":"2026-09-14 01:26:31"}
{"level":"info","message":"Created client session c826dae78e7f690015879900","timestamp":"2026-09-14 01:26:31"}
{"level":"info","message":"Created client session 28a356affd2bb9d00fc51f20","timestamp":"2026-09-14 01:26:31"}
{"level":"info","message":"Created client session 0274ad5dd980caf8d055c53c","timestamp":"2026-09-14 01:26:31"}
{"level":"info","message":"Created client session 3f08ffe716cf260f61c50b14","timestamp":"2026-09-14 01:26:31"}
{"level":"info","message":"Created client session b6280fca6cb0d37f5b582f9f","timestamp":"2026-09-14 01:26:31"}
{"level":"info","message":"Created client session 69376ab9627a167581b33edd","timestamp":"2026-09-14 01:26:32"}
{"level":"info","message":"Created client session c8fb591e57ed206270311091","timestamp":"2026-09-14 01:26:32"}
{"level":"info","message":"Created client session b195181657afe139f29f517a","timestamp":"2026-09-14 01:26:32"}
{"level":"info","message":"Created client session fa3e82b3ee06893ff78a4999","timestamp":"2026-09-14 01:26:32"}
{"level":"info","message":"Created client session 5063c9151519fd33212370f1","timestamp":"2026-09-14 01:26:32"}
{"level":"info","message":"Created client session 09d21bb7f10db41e8be69712","timestamp":"2026-09-14 01:26:32"}
{"level":"info","message":"Created client session ad6ca5bcd15aeb3a851714f3","timestamp":"2026-09-14 01:26:32"}
{"level":"info","message":"Created client session a5e8c653fcd9950dd6ad70bf","timestamp":"2026-09-14 01:26:32"}
{"level":"info","message":"Created client session 1fdb4dd69938a57ca801f071","timestamp":"2026-09-14 01:26:32"}
{"level":"info","message":"Created client session 7086b6e6be722a8f74db90ad","timestamp":"2026-09-14 01:26:32"}
{"level":"info","message":"Created client session 3ffa310113b90ebed0bebd4a","timestamp":"2026-09-14 01:26:34"}
{"level":"info","message":"Created client session b7a4070cec5ecf402644a912","timestamp":"2026-09-14 01:26:37"}
{"level":"info","message":"Created client session c7646cb4569c613be7428daa","timestamp":"2026-09-14 01:26:38"}
{"level":"info","message":"Created client session 58942f535668c33a3c59df78","timestamp":"2026-09-14 01:26:38"}
{"level":"info","message":"Created client session 94c530cf0b2da957e69b8a08","timestamp":"2026-09-14 01:26:38"}
{"level":"info","message":"Created client session aceafc7f638b3b6a9167c63a","timestamp":"2026-09-14 01:26:38"}
{"level":"info","message":"Created client session fc9e69a4c2366bc005638193","timestamp":"2026-09-14 01:26:38"}
{"level":"info","message":"Created client session 3d3416b9a473d6b80e77c98a","timestamp":"2026-09-14 01:26:38"}
{"level":"info","message":"Created client session 84c18d3624164d712ee8217d","timestamp":"2026-09-14 01:26:38"}
{"level":"info","message":"Created client session 668889425e586b611cff75bc","timestamp":"2026-09-14 01:26:38"}
{"level":"info","message":"Created client session 7fe124a2b67a75612b6ecbb0","timestamp":"2026-09-14 01:26:38"}
{"level":"info","message":"Created client session a0176f449f8ae8e089ffec91","timestamp":"2026-09-14 01:26:38"}
{"level":"info","message":"Created client session 30dab6c82c62306d5b790864","timestamp":"2026-09-14 01:26:38"}
{"level":"info","message":"Created client session 13404be52e610db3dec05ee1","timestamp":"2026-09-14 01:26:38"}
{"level":"info","message":"Created client session e4a2ddabb0f19067ce3945f6","timestamp":"2026-09-14 01:26:38"}
{"level":"info","message":"Created client session d59f489149ec0e2e20a8bb3f","timestamp":"2026-09-14 01:26:39"}
{"level":"info","message":"Created client session ca054b3d6cf1e208803dda83","timestamp":"2026-09-14 01:26:39"}
{"level":"info","message":"Created client session 81c00f0a3c10a410c13294c4","timestamp":"2026-09-14 01:26:39"}
{"level":"info","message":"Created client session a20a25b81333ccf7f645a3f0","timestamp":"2026-09-14 01:26:39"}
{"level":"info","message":"Created client session 3875a0a6abea9399c9d53135","timestamp":"2026-09-14 01:26:39"}
{"level":"info","message":"Created client session e9499c650f90895d06d42414","timestamp":"2026-09-14 01:26:39"}
{"level":"info","message":"Created client session a54f32b998c370761761ea5f","timestamp":"2026-09-14 01:26:39"}
{"level":"info","message":"Created client session 926541ebf6be4c4bcb412176","timestamp":"2026-09-14 01:26:39"}
{"level":"info","message":"Created client session c43ab2fa471a410824909ea4","timestamp":"2026-09-14 01:26:39"}
{"level":"info","message":"Created client session 80b31d389ad3ddb680a86749","timestamp":"2026-09-14 01:26:39"}
{"level":"info","message":"Created client session 6a3536d0511454d43a20b208","timestamp":"2026-09-14 01:26:39"}
{"level":"info","message":"Created client session 4605f3f3d9281ac40ad7a1a2","timestamp":"2026-09-14 01:26:40"}
{"level":"info","message":"Created client session 207a288f505f1efbf4a37304","timestamp":"2026-09-14 01:26:40"}
{"level":"info","message":"Created client session 07b885f560691fb8e3dabd65","timestamp":"2026-09-14 01:26:40"}
{"level":"info","message":"Created client session f11d7e3817b042e3e2fd9261","timestamp":"2026-09-14 01:26:40"}
{"level":"info","message":"Created client session 6bd74d998f2fb6242bf860c0","timestamp":"2026-09-14 01:26:40"}
{"level":"info","message":"Created client session 3e7ee2d6c4ea8fe9c7d9f88e","timestamp":"2026-09-14 01:26:40"}
{"level":"info","message":"Created client session d9681a610da0b400082acc4a","timestamp":"2026-09-14 01:26:40"}
{"level":"info","message":"Created client session d92ef7ce6e8bc0ebcb77f8bf","timestamp":"2026-09-14 01:26:40"}
{"level":"info","message":"Created client session ff5726386fab7a58fff62ff9","timestamp":"2026-09-14 01:26:40"}
{"level":"info","message":"Created client session a430bfa77a6e645bc2206abf","timestamp":"2026-09-14 01:26:40"}
{"level":"info","message":"Created client session c26dd7869e85e9ea281f3259","timestamp":"2026-09-14 01:26:42"}
{"level":"info","message":"Created client session 0ac251e05f44da17b17b9440","timestamp":"2026-09-14 01:26:42"}
{"level":"info","message":"Created client session 12e4d172406234924f4e926a","timestamp":"2026-09-14 01:26:42"}
{"level":"info","message":"Created client session a0e6e7763815f8e9a833b257","timestamp":"2026-09-14 01:26:42"}
{"level":"info","message":"Created client session 5732b5747b7efcb79b3d1460","timestamp":"2026-09-14 01:26:42"}
{"level":"info","message":"Created client session aa15ac22803f74152722a782","timestamp":"2026-09-14 01:26:42"}
{"level":"info","message":"Created client session ceef48170c602f5eb161f4b3","timestamp":"2026-09-14 01:26:42"}
{"level":"info","message":"Created client session 1456b072a532aa8dc4353504","timestamp":"2026-09-14 01:26:42"}
{"level":"info","message":"Created client session f80598f1e94d600b1e199781","timestamp":"2026-09-14 01:26:42"}
{"level":"info","message":"Created client session d8b35484bd3fc9535787e757","timestamp":"2026-09-14 01:26:42"}
{"level":"info","message":"Created client session 660e5ad4f01fe4aded58d573","timestamp":"2026-09-14 01:26:42"}
{"level":"info","message":"Created client session 250ceb25c5bc4b5c9651aba9","timestamp":"2026-09-14 01:26:42"}
{"level":"info","message":"Created client session 80864bfa6d7a090300c25ffa","timestamp":"2026-09-14 01:26:42"}
{"level":"info","message":"Created client session c966145e0abc286a74862dfe","timestamp":"2026-09-14 01:26:42"}
{"level":"info","message":"Created client session af2a42c59c719939c6a912a9","timestamp":"2026-09-14 01:26:42"}
{"level":"info","message":"Created client session 5d4840677274a5e2135c5724","timestamp":"2026-09-14 01:26:42"}
{"level":"info","message":"Created client session ffbc2604f8d29e1979fbb3cf","timestamp":"2026-09-14 01:26:42"}
{"level":"info","message":"Created client session 4592c5c6bb5f19a3c3458ef4","timestamp":"2026-09-14 01:26:42"}
{"level":"info","message":"Created client session 1f998eb1463c3d4a833429a2","timestamp":"2026-09-14 01:26:42"}
{"level":"info","message":"Created client session c32602378346f5173a862870","timestamp":"2026-09-14 01:26:42"}
{"level":"info","message":"Created client session 58b0fae6f27d1be9d0f50be4","timestamp":"2026-09-14 01:26:43"}
{"level":"info","message":"Created client session ea0f8d0768619ad3e267b4a0","timestamp":"2026-09-14 01:26:43"}
{"level":"info","message":"Created client session d5e449a4d018ec314cdbc7bc","timestamp":"2026-09-14 01:26:43"}
{"level":"info","message":"Created client session f41fb10c56e137676c632cf2","timestamp":"2026-09-14 01:26:43"}
{"level":"info","message":"Created client session 776bec6f2d001731c30cdee2","timestamp":"2026-09-14 01:26:43"}
{"level":"info","message":"Created client session b8157c1981491ce678f9add8","timestamp":"2026-09-14 01:26:43"}
{"level":"info","message":"Created client session 5b2a56cc93141dc07f066f3b","timestamp":"2026-09-14 01:26:43"}
{"level":"info","message":"Created client session a05449794bbbbe50683c53fc","timestamp":"2026-09-14 01:26:43"}
{"level":"info","message":"Created client session 2e6c276f2ed3d0a0069905e2","timestamp":"2026-09-14 01:26:43"}
{"level":"info","message":"Created client session 9fdaf0048d6c44341466c303","timestamp":"2026-09-14 01:26:43"}
{"level":"info","message":"Created client session 49a9227ae1e6052b77c58469","timestamp":"2026-09-14 01:26:43"}
{"level":"info","message":"Created client session 37efd5e71207c8ec8f476686","timestamp":"2026-09-14 01:26:43"}
{"level":"info","message":"Created client session 63f6be99930fb597245b8c8f","timestamp":"2026-09-14 01:26:43"}
{"level":"info","message":"Created client session 3fa9f522cd5d85370bae9f11","timestamp":"2026-09-14 01:26:43"}
{"level":"info","message":"Created client session 94724c7d1b7481db976f82e3","timestamp":"2026-09-14 01:26:43"}
{"level":"info","message":"Created client session 03630a150ef648fef5114967","timestamp":"2026-09-14 01:26:43"}
{"level":"info","message":"Created client session 15ab55c736485d7736c5572f","timestamp":"2026-09-14 01:26:43"}
{"level":"info","message":"Created client session e9b2c1f60747e9e859721aa0","timestamp":"2026-09-14 01:26:43"}
{"level":"info","message":"Created client session 505468de5f151cfd1a6b9821","timestamp":"2026-09-14 01:26:43"}
{"level":"info","message":"Created client session 268ece81b9f91464b794ee00","timestamp":"2026-09-14 01:26:43"}
{"level":"info","message":"Created client session f7ad57706df38febb8804156","timestamp":"2026-09-14 01:26:44"}
{"level":"info","message":"Created client session e51436469f26cc4187c48bea","timestamp":"2026-09-14 01:26:44"}
{"level":"info","message":"Created client session 8278929987424dad0e92df38","timestamp":"2026-09-14 01:26:44"}
{"level":"info","message":"Created client session 020ed880fb425612fd4a32ce","timestamp":"2026-09-14 01:26:44"}
{"level":"info","message":"Created client session c69118c7af09b056b89c2f91","timestamp":"2026-09-14 01:26:44"}
{"level":"info","message":"Created client session 01284adbed72b57a0edfd905","timestamp":"2026-09-14 01:26:44"}
{"level":"info","message":"Created client session f172f273c1590626c33f0777","timestamp":"2026-09-14 01:26:44"}
{"level":"info","message":"Created client session 69cc8d7d50aea23349fb95a7","timestamp":"2026-09-14 01:26:44"}
{"level":"info","message":"Created client session bf95f12108d9baaa0e443f31","timestamp":"2026-09-14 01:26:44"}
{"level":"info","message":"Created client session 9ee56a14f567e9e3c936995a","timestamp":"2026-09-14 01:26:44"}
{"level":"info","message":"Created client session 6473301ba8be9da79eec9647","timestamp":"2026-09-14 01:26:44"}
{"level":"info","message":"Created client session 4f25ee78e2dd9b31cf51f508","timestamp":"2026-09-14 01:26:44"}
{"level":"info","message":"Created client session af2d570a760d8aad2188d175","timestamp":"2026-09-14 01:26:44"}
{"level":"info","message":"Created client session 438dfaf322771404d5a59f1f","timestamp":"2026-09-14 01:26:45"}
{"level":"info","message":"Created client session 272d0841d8a2ebb2def560cd","timestamp":"2026-09-14 01:26:45"}
{"level":"info","message":"Created client session 3af6ff8e4342d5ba93de5536","timestamp":"2026-09-14 01:26:45"}
{"level":"info","message":"Created client session 228ddef20413924ba0339e16","timestamp":"2026-09-14 01:26:45"}
{"level":"info","message":"Created client session 5802d81ace48b19abc77b4ac","timestamp":"2026-09-14 01:26:45"}
{"level":"info","message":"Created client session a5271025ac572657fb61c25c","timestamp":"2026-09-14 01:26:45"}
{"level":"info","message":"Created client session 790702e08908c18a4bbde832","timestamp":"2026-09-14 01:26:45"}
{"level":"info","message":"Created client session fa31aa50627a716674532bc9","timestamp":"2026-09-14 01:26:45"}
{"level":"info","message":"Created client session 72a8735ab19b5e5bd3fd309f","timestamp":"2026-09-14 01:26:45"}
{"level":"info","message":"Created client session bf44ba67f18168348517e332","timestamp":"2026-09-14 01:26:46"}
{"level":"info","message":"Created client session 381ea175460dd1c81fcdc929","timestamp":"2026-09-14 01:26:46"}
{"level":"info","message":"Created client session 0499c648bdedd88a89bbf278","timestamp":"2026-09-14 01:26:46"}
{"level":"info","message":"Created client session 9b1f695b44f2ad11736d0ec9","timestamp":"2026-09-14 01:26:46"}
{"level":"info","message":"Created client session 3d261fd0584960abb3d68706","timestamp":"2026-09-14 01:26:46"}
{"level":"info","message":"Created client session 3953c8e218fd246219ebb3d0","timestamp":"2026-09-14 01:26:46"}
{"level":"info","message":"Created client session 187160780a198dc87918347c","timestamp":"2026-09-14 01:26:46"}
{"level":"info","message":"Created client session e9ca465be853bae1bb1bd944","timestamp":"2026-09-14 01:26:46"}
{"level":"info","message":"Created client session 5da0b42316d84d45cbfcc527","timestamp":"2026-09-14 01:26:46"}
{"level":"info","message":"Created client session 12c5595c89416b3dc9c2f81b","timestamp":"2026-09-14 01:26:46"}
{"level":"info","message":"Created client session 5a8396acfe168fab11c81ebc","timestamp":"2026-09-14 01:26:46"}
{"level":"info","message":"Created client session 126b5482f5a0c5e1e7ae66cf","timestamp":"2026-09-14 01:26:46"}
{"level":"info","message":"Created client session c050461c8bd14dccf3c1fce2","timestamp":"2026-09-14 01:26:46"}
{"level":"info","message":"Created client session 1b75cc7bdca1e4da4ec493e5","timestamp":"2026-09-14 01:26:47"}
{"level":"info","message":"Created client session 9b10a607f17a1181f7434b97","timestamp":"2026-09-14 01:26:47"}
{"level":"info","message":"Created client session 764ae7d798c84262f5e6f9a5","timestamp":"2026-09-14 01:26:47"}
{"level":"info","message":"Created client session 233b086fe66dd3da72566fb6","timestamp":"2026-09-14 01:26:48"}
{"level":"info","message":"Created client session f1750fa5fcb2ccda3600513b","timestamp":"2026-09-14 01:26:48"}
{"level":"info","message":"Created client session 8d6ade25ecfc9ace0f3c0407","timestamp":"2026-09-14 01:26:48"}
{"level":"info","message":"Created client session ca483daf4ffe040f1caa7c92","timestamp":"2026-09-14 01:26:48"}
{"level":"info","message":"Created client session 13e4c7acf454ddf7fafce753","timestamp":"2026-09-14 01:26:48"}
{"level":"info","message":"Created client session 900fe350282ec209c58a6d27","timestamp":"2026-09-14 01:26:48"}
{"level":"info","message":"Created client session f41d390d2cf219a2ea09e422","timestamp":"2026-09-14 01:26:49"}
{"level":"info","message":"Created client session b840260836825f21b36d6c6f","timestamp":"2026-09-14 01:26:49"}
{"level":"info","message":"Created client session fd9f814d2463ca81287e31a9","timestamp":"2026-09-14 01:26:49"}
{"level":"info","message":"Created client session 7facdab63abd0d9a2d21518b","timestamp":"2026-09-14 01:26:49"}
{"level":"info","message":"Created client session edc982559a796974b46f87cb","timestamp":"2026-09-14 01:26:50"}
{"level":"info","message":"Created client session d10b4f1101a68bc1ed98b8e8","timestamp":"2026-09-14 01:26:50"}
{"level":"info","message":"Created client session e86877269cd725cd53d6bd5a","timestamp":"2026-09-14 01:26:50"}
{"level":"info","message":"Created client session 5d7756c3a0cd31c1ccb8f5c9","timestamp":"2026-09-14 01:26:51"}
{"level":"info","message":"Created client session 3707e6d0daef6f360836c587","timestamp":"2026-09-14 01:26:51"}
{"level":"info","message":"Created client session bb0cc181681284c7fd1d1796","timestamp":"2026-09-14 01:26:51"}
{"level":"info","message":"Created client session bda74cbd7664bd15ed60604e","timestamp":"2026-09-14 01:26:51"}
{"level":"info","message":"Created client session 4e20e450c1194d758b05e335","timestamp":"2026-09-14 01:26:51"}
{"level":"info","message":"Created client session 95b4d9a8b05b6402ee712372","timestamp":"2026-09-14 01:26:52"}
{"level":"info","message":"Created client session 1311cd9980c8edf8abe80743","timestamp":"2026-09-14 01:26:52"}
{"level":"info","message":"Created client session 9d552b53de23382642b62a73","timestamp":"2026-09-14 01:26:52"}
{"level":"info","message":"Created client session 6259f0ba75233b1c7140976d","timestamp":"2026-09-14 01:26:52"}
{"level":"info","message":"Created client session e571c1a64867ca97fcdaf5a5","timestamp":"2026-09-14 01:26:52"}
{"level":"info","message":"Created client session 10659459294d26bfde365c61","timestamp":"2026-09-14 01:26:52"}
{"level":"info","message":"Created client session 309e46178989d8a660b0df9a","timestamp":"2026-09-14 01:26:52"}
{"level":"info","message":"Created client session 546281c3d822dfe1ef6ca434","timestamp":"2026-09-14 01:26:52"}
{"level":"info","message":"Created client session 1024576822fb5d815236f498","timestamp":"2026-09-14 01:26:52"}
{"level":"info","message":"Created client session bbc6a4bcb4a0b485ae8f09d0","timestamp":"2026-09-14 01:26:52"}
{"level":"info","message":"Created client session 3583a489d279b0dd68f802f8","timestamp":"2026-09-14 01:26:52"}
{"level":"info","message":"Created client session beaf622ec5e511831a6e1dde","timestamp":"2026-09-14 01:26:52"}
{"level":"info","message":"Created client session d3d9b08a55f19f107307f041","timestamp":"2026-09-14 01:26:53"}
{"level":"info","message":"Created client session 3cb69083768a667d78212590","timestamp":"2026-09-14 01:26:53"}
{"level":"info","message":"Created client session 99c1e18cd2fa49c6c1224d9e","timestamp":"2026-09-14 01:26:53"}
{"level":"info","message":"Created client session fb62fb0f7da2fe8407a707c0","timestamp":"2026-09-14 01:26:53"}
{"level":"info","message":"Created client session d2f9cf98ebca2c01032a9d4e","timestamp":"2026-09-14 01:26:53"}
{"level":"info","message":"Created client session c4fcfdeb0ff5d3b791da5352","timestamp":"2026-09-14 01:26:53"}
{"level":"info","message":"Created client session 1b4cfc9e959f7accd1c81275","timestamp":"2026-09-14 01:26:53"}
{"level":"info","message":"Created client session c51dff6f738709afddcc1b4b","timestamp":"2026-09-14 01:26:53"}
{"level":"info","message":"Created client session a5d433a605fc45f42de37ca0","timestamp":"2026-09-14 01:26:53"}
{"level":"info","message":"Created client session 01bf9b61010d92136d4ccaea","timestamp":"2026-09-14 01:26:53"}
{"level":"info","message":"Created client session e1be2856bdc01d758873ebe2","timestamp":"2026-09-14 01:26:54"}
{"level":"info","message":"Created client session b040e1296b534e4284d31d2d","timestamp":"2026-09-14 01:26:54"}
{"level":"info","message":"Created client session b5d1f533a4db8aeef4c81070","timestamp":"2026-09-14 01:26:54"}
{"level":"info","message":"Created client session 12f993228d30090e330726f4","timestamp":"2026-09-14 01:26:54"}
{"level":"info","message":"Created client session bfc2628df9b8508385f68197","timestamp":"2026-09-14 01:26:54"}
{"level":"info","message":"Created client session 6be63c9888d933c33377b12c","timestamp":"2026-09-14 01:26:54"}
{"level":"info","message":"Created client session 1801999f366b3badb4615cf6","timestamp":"2026-09-14 01:26:55"}
{"level":"info","message":"Created client session f2b2ca846e93cdd024f8dc2c","timestamp":"2026-09-14 01:26:55"}
{"level":"info","message":"Created client session 5c96d6f0a175cb4f5376c435","timestamp":"2026-09-14 01:26:55"}
{"level":"info","message":"Created client session 06d9afa8eea470ae886900a9","timestamp":"2026-09-14 01:26:55"}
{"level":"info","message":"Created client session d046a319dcb398f73e0248dc","timestamp":"2026-09-14 01:26:55"}
{"level":"info","message":"Created client session 58fc1d880b554c3134456b23","timestamp":"2026-09-14 01:26:55"}
{"level":"info","message":"Created client session a37c95afbfb32694c4934105","timestamp":"2026-09-14 01:26:55"}
{"level":"info","message":"Created client session 18773c681ad3b154abc19af0","timestamp":"2026-09-14 01:26:55"}
{"level":"info","message":"Created client session 1bbbbef0f8e5b9ad130a1526","timestamp":"2026-09-14 01:26:55"}
{"level":"info","message":"Created client session ff40d235f489b3683a00e04b","timestamp":"2026-09-14 01:26:55"}
{"level":"info","message":"Created client session d30c9858652079b99b2aec09","timestamp":"2026-09-14 01:26:55"}
{"level":"info","message":"Created client session df57189aa8a1d2bebb64da41","timestamp":"2026-09-14 01:26:55"}
{"level":"info","message":"Created client session 0524162e27a9159936c3054d","timestamp":"2026-09-14 01:26:55"}
{"level":"info","message":"Created client session 5b4fbbc6950465ce36ee2833","timestamp":"2026-09-14 01:26:56"}
{"level":"info","message":"Created client session 67673caf4ae3dc8c0613fb72","timestamp":"2026-09-14 01:26:56"}
{"level":"info","message":"Created client session e5a49526acd117247d17e431","timestamp":"2026-09-14 01:26:56"}
{"level":"info","message":"Created client session e3aac795d7341c453ddd2126","timestamp":"2026-09-14 01:26:57"}
{"level":"info","message":"Created client session d4cc2634f03572b8ffb4008a","timestamp":"2026-09-14 01:26:57"}
{"level":"info","message":"Created client session 39ce1ecc415d64de22390cf5","timestamp":"2026-09-14 01:26:57"}
{"level":"info","message":"Created client session 249f0d2c4d4a69da2a69f67b","timestamp":"2026-09-14 01:26:57"}
{"level":"info","message":"Created client session 4fa6770eb108e763ebd77c90","timestamp":"2026-09-14 01:26:57"}
{"level":"info","message":"Created client session 62ce71f09a849ccdd44b0090","timestamp":"2026-09-14 01:26:57"}
{"level":"info","message":"Created client session 29f3786fff15809556326190","timestamp":"2026-09-14 01:26:57"}
{"level":"info","message":"Created client session 0d22460d97c6c21642e38f6f","timestamp":"2026-09-14 01:26:57"}
{"level":"info","message":"Created client session b637f2d580655d6fc25391f6","timestamp":"2026-09-14 01:26:57"}
{"level":"info","message":"Created client session b2a584e777c4111d65d41e76","timestamp":"2026-09-14 01:26:57"}
{"level":"info","message":"Created client session 33b92296258756559e8724ad","timestamp":"2026-09-14 01:26:57"}
{"level":"info","message":"Created client session 5ddb0a58f6697ab27d8e8f15","timestamp":"2026-09-14 01:26:57"}
{"level":"info","message":"Created client session 03b889378c581acae9c38ea7","timestamp":"2026-09-14 01:26:57"}
{"level":"info","message":"Created client session b94be433068e123ff119e5b7","timestamp":"2026-09-14 01:26:57"}
{"level":"info","message":"Created client session aa7b81441c382de97d5403e4","timestamp":"2026-09-14 01:26:57"}
{"level":"info","message":"Created client session 96ffd4b12004bf8b7473cb2b","timestamp":"2026-09-14 01:26:58"}
{"level":"info","message":"Created client session 98c1ba7aee19e4dbd3d57e9d","timestamp":"2026-09-14 01:26:58"}
{"level":"info","message":"Created client session 11c1d84c9c96a11b83621ed5","timestamp":"2026-09-14 01:26:58"}
{"level":"info","message":"Created client session 96907385f4fb5d0051c71ca0","timestamp":"2026-09-14 01:26:58"}
{"level":"info","message":"Created client session d6c64446857b72b141ddcfc4","timestamp":"2026-09-14 01:26:58"}
{"level":"info","message":"Created client session 2439fcb0d31665637267823f","timestamp":"2026-09-14 01:26:58"}
{"level":"info","message":"Created client session 0d542ea66c3cde0438ab3088","timestamp":"2026-09-14 01:26:58"}
{"level":"info","message":"Created client session 09d2cdbbbc89d1138a0d979b","timestamp":"2026-09-14 01:26:59"}
{"level":"info","message":"Created client session 21cbb8eaea2add3e744a4480","timestamp":"2026-09-14 01:26:59"}
{"level":"info","message":"Created client session 24213a38ab5afd2ea2c4d412","timestamp":"2026-09-14 01:26:59"}
{"level":"info","message":"Created client session fff3c70fcdf0295772d14e4a","timestamp":"2026-09-14 01:26:59"}
{"level":"info","message":"Created client session 56458ec9b9352db81afe72b0","timestamp":"2026-09-14 01:27:00"}
{"level":"info","message":"Created client session 274e459b0bada357554e9cd6","timestamp":"2026-09-14 01:27:00"}
{"level":"info","message":"Created client session 828ed0b90a3982908ac7fd78","timestamp":"2026-09-14 01:27:00"}
{"level":"info","message":"Created client session f14f12905466c6bba7d07419","timestamp":"2026-09-14 01:27:00"}
{"level":"info","message":"Created client session a82e9fa4be9c40e0e837e011","timestamp":"2026-09-14 01:27:00"}
{"level":"info","message":"Created client session 923bd961c47d7ad1ceb6949d","timestamp":"2026-09-14 01:27:00"}
{"level":"info","message":"Created client session 72768715929d65f1fbe99df5","timestamp":"2026-09-14 01:27:00"}
{"level":"info","message":"Created client session 50ed31e5d513b11bb22b5414","timestamp":"2026-09-14 01:27:00"}
{"level":"info","message":"Created client session 37e3d61d2108b02448491a60","timestamp":"2026-09-14 01:27:00"}
{"level":"info","message":"Created client session 4cd9175b45743555c88053d6","timestamp":"2026-09-14 01:27:00"}
{"level":"info","message":"Created client session 12d3cce52018f45c6bd9794b","timestamp":"2026-09-14 01:27:00"}
{"level":"info","message":"Created client session 801c83a84c10c03ade064a09","timestamp":"2026-09-14 01:27:00"}
{"level":"info","message":"Created client session 408d36c865e031a37ddd26bf","timestamp":"2026-09-14 01:27:00"}
{"level":"info","message":"Created client session 5df5e7b8b7e24e36128491ff","timestamp":"2026-09-14 01:27:00"}
{"level":"info","message":"Created client session 298edf0e6c70f506fcd1a2c6","timestamp":"2026-09-14 01:27:00"}
{"level":"info","message":"Created client session bc30f75886dbf878df3ba0a1","timestamp":"2026-09-14 01:27:01"}
{"level":"info","message":"Created client session 735a3056e6395d6057075d2a","timestamp":"2026-09-14 01:27:01"}
{"level":"info","message":"Created client session e31a29489c3ed5742b0a6fc2","timestamp":"2026-09-14 01:27:01"}
{"level":"info","message":"Created client session 8e646cfedf2862122cd1130e","timestamp":"2026-09-14 01:27:01"}
{"level":"info","message":"Created client session 60cf3c0d793fbaa810cbcf41","timestamp":"2026-09-14 01:27:01"}
{"level":"info","message":"Created client session f8e844c5b06d479bddb26f91","timestamp":"2026-09-14 01:27:01"}
{"level":"info","message":"Created client session 6516501d1bccd366d86b972c","timestamp":"2026-09-14 01:27:01"}
{"level":"info","message":"Created client session c3309eea8ad100f10e60c210","timestamp":"2026-09-14 01:27:01"}
{"level":"info","message":"Created client session 43330bdde5d3d09c7ca1d9b6","timestamp":"2026-09-14 01:27:01"}
{"level":"info","message":"Created client session f56c856e739ea6501f8056c1","timestamp":"2026-09-14 01:27:01"}
{"level":"info","message":"Created client session 953c243499c9858329fa7cc1","timestamp":"2026-09-14 01:27:01"}
{"level":"info","message":"Created client session 62b1dcdf8c2ca2b1ed917ef0","timestamp":"2026-09-14 01:27:01"}
{"level":"info","message":"Created client session 2d61c9ea3c7d2b92bb67c2aa","timestamp":"2026-09-14 01:27:01"}
{"level":"info","message":"Created client session 9230f3082876d617eca791de","timestamp":"2026-09-14 01:27:01"}
{"level":"info","message":"Created client session 459475e46b108647a7158d1d","timestamp":"2026-09-14 01:27:01"}
{"level":"info","message":"Created client session 09a2389a5687195b046ce7f9","timestamp":"2026-09-14 01:27:02"}
{"level":"info","message":"Created client session 2407b730050fb0e5e304b212","timestamp":"2026-09-14 01:27:02"}
{"level":"info","message":"Created client session c50538fc597f56c0183bbb5e","timestamp":"2026-09-14 01:27:02"}
{"level":"info","message":"Created client session 12f951620459ddec4d551a9c","timestamp":"2026-09-14 01:27:02"}
{"level":"info","message":"Created client session 080d8be15bb6ecaa780feb7e","timestamp":"2026-09-14 01:27:03"}
{"level":"info","message":"Created client session 6b9e614a2f627bec6766b330","timestamp":"2026-09-14 01:27:03"}
{"level":"info","message":"Created client session b24a0f1423fd837641b358b7","timestamp":"2026-09-14 01:27:03"}
{"level":"info","message":"Created client session e5f9c2814756e554d0e982cb","timestamp":"2026-09-14 01:27:03"}
{"level":"info","message":"Created client session 9c28b6590f434057860a0dbb","timestamp":"2026-09-14 01:27:03"}
{"level":"info","message":"Created client session 14bc355f10dd1556672cfde3","timestamp":"2026-09-14 01:27:03"}
{"level":"info","message":"Created client session 9fce4eac988f65d702f92715","timestamp":"2026-09-14 01:27:03"}
{"level":"info","message":"Created client session 4c1c38d839df0c1171acbaf2","timestamp":"2026-09-14 01:27:03"}
{"level":"info","message":"Created client session 6f0e0575efdd6937dbcd2e01","timestamp":"2026-09-14 01:27:03"}
{"level":"info","message":"Created client session 96e66a5a8a8a46bdf28e7e52","timestamp":"2026-09-14 01:27:03"}
{"level":"info","message":"Created client session 80ada6c4fc5610738c3d9517","timestamp":"2026-09-14 01:27:03"}
{"level":"info","message":"Created client session b2d4a23e8563807dcf3171f9","timestamp":"2026-09-14 01:27:03"}
{"level":"info","message":"Created client session 25d656a04a17adcbae589c84","timestamp":"2026-09-14 01:27:04"}
{"level":"info","message":"Created client session 317cb11cc6f957cb6878c92d","timestamp":"2026-09-14 01:27:04"}
{"level":"info","message":"Created client session 144dd1d26d7687126a072a31","timestamp":"2026-09-14 01:27:05"}
{"level":"info","message":"Created client session 4aa9c05429696f022647edf4","timestamp":"2026-09-14 01:27:05"}
{"level":"info","message":"Created client session 6fb7e4866366f0425d028c61","timestamp":"2026-09-14 01:27:05"}
{"level":"info","message":"Created client session 1c3da3ed13bc06b688aa42ad","timestamp":"2026-09-14 01:27:05"}
{"level":"info","message":"Created client session 8b56aa75414e7850583f673a","timestamp":"2026-09-14 01:27:05"}
{"level":"info","message":"Created client session a5a2efc32536cd415d5f3d0e","timestamp":"2026-09-14 01:27:06"}
{"level":"info","message":"Created client session 03345c5a483492666f2dc789","timestamp":"2026-09-14 01:27:06"}
{"level":"info","message":"Created client session 645133f3d2500b1faa05b9cd","timestamp":"2026-09-14 01:27:06"}
{"level":"info","message":"Created client session 25a25e328b9096661779d8ad","timestamp":"2026-09-14 01:27:06"}
{"level":"info","message":"Created client session 16b7bd27c3aaa51bdc428e26","timestamp":"2026-09-14 01:27:06"}
{"level":"info","message":"Created client session 921a77d37a8c188c05d018b3","timestamp":"2026-09-14 01:27:06"}
{"level":"info","message":"Created client session f5996e81b1036a3aa51280a0","timestamp":"2026-09-14 01:27:06"}
{"level":"info","message":"Created client session 3c19295de79d6cb3588073ad","timestamp":"2026-09-14 01:27:06"}
{"level":"info","message":"Created client session 4d1b78c4b9c4618c095808a4","timestamp":"2026-09-14 01:27:06"}
{"level":"info","message":"Created client session a06b07b2c49aca3456ddad85","timestamp":"2026-09-14 01:27:06"}
{"level":"info","message":"Created client session 7340521b88d3a1f4c9355822","timestamp":"2026-09-14 01:27:06"}
{"level":"info","message":"Created client session 297fc6d603a28b1e5d4fb306","timestamp":"2026-09-14 01:27:06"}
{"level":"info","message":"Created client session 0150bd1b70364fd97f2129f5","timestamp":"2026-09-14 01:27:07"}
{"level":"info","message":"Created client session 09f2eada0da554abbedcc95b","timestamp":"2026-09-14 01:27:07"}
{"level":"info","message":"Created client session 44ee511043b5f746acc75b57","timestamp":"2026-09-14 01:27:07"}
{"level":"info","message":"Created client session 2fbbb8f27d172b5b21095fc2","timestamp":"2026-09-14 01:27:07"}
{"level":"info","message":"Created client session d2038fefc0204b5293bda628","timestamp":"2026-09-14 01:27:08"}
{"level":"info","message":"Created client session 80255ce11331bb9593da2e1d","timestamp":"2026-09-14 01:27:08"}
{"level":"info","message":"Created client session 1a374fc872ec6d10aa3b9b83","timestamp":"2026-09-14 01:27:08"}
{"level":"info","message":"Created client session 5e9607c5d974e4effe54ede0","timestamp":"2026-09-14 01:27:08"}
{"level":"info","message":"Created client session a9c0a2b81ce49a92941f6c8f","timestamp":"2026-09-14 01:27:08"}
{"level":"info","message":"Created client session 5a75f86289d9fcfe79d2b671","timestamp":"2026-09-14 01:27:08"}
{"level":"info","message":"Created client session 91fadbba3a06556c19940c8a","timestamp":"2026-09-14 01:27:08"}
{"level":"info","message":"Created client session b510d86869f15842102016ea","timestamp":"2026-09-14 01:27:09"}
{"level":"info","message":"Created client session 5ae0e9b9f000978d4ad43bd1","timestamp":"2026-09-14 01:27:10"}
{"level":"info","message":"Created client session 8fc496110aadf52468a1f049","timestamp":"2026-09-14 01:27:10"}
{"level":"info","message":"Created client session 0dec9dba5655425dbf01d10d","timestamp":"2026-09-14 01:27:10"}
{"level":"info","message":"Created client session 87f80abf1acb32551c7c800c","timestamp":"2026-09-14 01:27:10"}
{"level":"info","message":"Created client session 33b4d34da9d3577acbcd715b","timestamp":"2026-09-14 01:27:10"}
{"level":"info","message":"Created client session feac01b3ceb3afcf8c68538a","timestamp":"2026-09-14 01:27:10"}
{"level":"info","message":"Created client session 33e4be2f0f859ca4c9cf8160","timestamp":"2026-09-14 01:27:10"}
{"level":"info","message":"Created client session 13e44fecf54cb829f925de24","timestamp":"2026-09-14 01:27:10"}
{"level":"info","message":"Created client session 8232ebc5e60670eecf1adcb7","timestamp":"2026-09-14 01:27:10"}
{"level":"info","message":"Created client session 3219d440c4fb5f981191c839","timestamp":"2026-09-14 01:27:10"}
{"level":"info","message":"Created client session 24659525228dd4a1660d3526","timestamp":"2026-09-14 01:27:10"}
{"level":"info","message":"Created client session c371fc240fc89acc04d46392","timestamp":"2026-09-14 01:27:10"}
{"level":"info","message":"Created client session 86029ee11e65cc1e6b6a6a36","timestamp":"2026-09-14 01:27:10"}
{"level":"info","message":"Created client session adfd8e2387bb7e5018b326e3","timestamp":"2026-09-14 01:27:10"}
{"level":"info","message":"Created client session ba7a1892c2a67bffeabdcb67","timestamp":"2026-09-14 01:27:10"}
{"level":"info","message":"Created client session a774ba5501ab10ba2f04ea2d","timestamp":"2026-09-14 01:27:10"}
{"level":"info","message":"Created client session 5b2a70c80462a169a114cb9a","timestamp":"2026-09-14 01:27:10"}
{"level":"info","message":"Created client session d634c3e88c713dda51a06a78","timestamp":"2026-09-14 01:27:11"}
{"level":"info","message":"Created client session 51a6f48b8af041079f2b2de6","timestamp":"2026-09-14 01:27:11"}
{"level":"info","message":"Created client session 45811167324b60cbef88bb5a","timestamp":"2026-09-14 01:27:11"}
{"level":"info","message":"Created client session 096bf1189f3d0457f59ad0b1","timestamp":"2026-09-14 01:27:11"}
{"level":"info","message":"Created client session 0127b48a4a1314a6af109d97","timestamp":"2026-09-14 01:27:11"}
{"level":"info","message":"Created client session 633d59f6ecf75faf1a116baa","timestamp":"2026-09-14 01:27:11"}
{"level":"info","message":"Created client session 76ff6b1b964c2f3b4b384f98","timestamp":"2026-09-14 01:27:11"}
{"level":"info","message":"Created client session a36c4c1c55b0d8ed61527ac8","timestamp":"2026-09-14 01:27:13"}
{"level":"info","message":"Created client session b2d0b577affc11a0a3619eb1","timestamp":"2026-09-14 01:27:13"}
{"level":"info","message":"Created client session 136913c8abfd4c07e99dca1d","timestamp":"2026-09-14 01:27:13"}
{"level":"info","message":"Created client session ab5d430b0ebe097856e672c6","timestamp":"2026-09-14 01:27:13"}
{"level":"info","message":"Created client session 3a407e56769a6513254ea5be","timestamp":"2026-09-14 01:27:13"}
{"level":"info","message":"Created client session c4c259fc2afa7efc0685cbcd","timestamp":"2026-09-14 01:27:13"}
{"level":"info","message":"Created client session 90ba285ce960180aa139616d","timestamp":"2026-09-14 01:27:13"}
{"level":"info","message":"Created client session 5535097d816476d86f49a1db","timestamp":"2026-09-14 01:27:13"}
{"level":"info","message":"Created client session b2bf9ef13b028b706b6be06c","timestamp":"2026-09-14 01:27:13"}
{"level":"info","message":"Created client session 733ff520ca4668e2ef3f0f2e","timestamp":"2026-09-14 01:27:13"}
{"level":"info","message":"Created client session 662e4baab7aead2e072243d3","timestamp":"2026-09-14 01:27:13"}
{"level":"info","message":"Created client session d4ee1b02f1d45b87fb803d34","timestamp":"2026-09-14 01:27:13"}
{"level":"info","message":"Created client session 615f131a6160fcaffc7d6397","timestamp":"2026-09-14 01:27:13"}
{"level":"info","message":"Created client session 9f7677ecbeb006cc256233bf","timestamp":"2026-09-14 01:27:13"}
{"level":"info","message":"Created client session cebe1b5784dab1f0c2c2f6d4","timestamp":"2026-09-14 01:27:13"}
{"level":"info","message":"Created client session 6c4c518489a1438f866db7c3","timestamp":"2026-09-14 01:27:13"}
{"level":"info","message":"Created client session b2ddb9f77ea95310fe47c29e","timestamp":"2026-09-14 01:27:13"}
{"level":"info","message":"Created client session 8a10693ae0b760842499ea25","timestamp":"2026-09-14 01:27:14"}
{"level":"info","message":"Created client session 3a419fc6374d86e139deb1d9","timestamp":"2026-09-14 01:27:14"}
{"level":"info","message":"Created client session 337973954ca7e7d80a49623a","timestamp":"2026-09-14 01:27:14"}
{"level":"info","message":"Created client session db7bc5d662848092457f8047","timestamp":"2026-09-14 01:27:14"}
{"level":"info","message":"Created client session 91e3104950a65f942205b87f","timestamp":"2026-09-14 01:27:14"}
{"level":"info","message":"Created client session 4547f6a460da3c8188446f9b","timestamp":"2026-09-14 01:27:14"}
{"level":"info","message":"Created client session 3b5fb7a884ba7add622b0653","timestamp":"2026-09-14 01:27:14"}
{"level":"info","message":"Created client session f51e32a8e81a0a3de57f7df6","timestamp":"2026-09-14 01:27:16"}
{"level":"info","message":"Created client session f46cb270338ac43198313400","timestamp":"2026-09-14 01:27:16"}
{"level":"info","message":"Created client session 4be6570c59c8dc2655c190f9","timestamp":"2026-09-14 01:27:16"}
{"level":"info","message":"Created client session 12492d4d6164b0566bd6a528","timestamp":"2026-09-14 01:27:16"}
{"level":"info","message":"Created client session 615873109b8adc31d7108353","timestamp":"2026-09-14 01:27:16"}
{"level":"info","message":"Created client session e48f00f7082874d21b4f7ab2","timestamp":"2026-09-14 01:27:16"}
{"level":"info","message":"Created client session b68ad6789d6448bb494b78d1","timestamp":"2026-09-14 01:27:16"}
{"level":"info","message":"Created client session 6397a844bf048715d9aa859c","timestamp":"2026-09-14 01:27:16"}
{"level":"info","message":"Created client session 91872bf313fa492f12869276","timestamp":"2026-09-14 01:27:16"}
{"level":"info","message":"Created client session 4487f395f6d9902a26dce72e","timestamp":"2026-09-14 01:27:16"}
{"level":"info","message":"Created client session 16b4397756dcfae582caae18","timestamp":"2026-09-14 01:27:16"}
{"level":"info","message":"Created client session 5ae2bbc6511e51461f3d6af7","timestamp":"2026-09-14 01:27:16"}
{"level":"info","message":"Created client session 62654582105ece988c5d6eda","timestamp":"2026-09-14 01:27:16"}
{"level":"info","message":"Created client session c30d09a8234f9a490dfe4851","timestamp":"2026-09-14 01:27:16"}
{"level":"info","message":"Created client session e25cc52440a4386ceb4c3106","timestamp":"2026-09-14 01:27:16"}
{"level":"info","message":"Created client session 66db1e3da89e81f2f2e06b16","timestamp":"2026-09-14 01:27:16"}
{"level":"info","message":"Created client session 55cca92c3fec69445cf49fb8","timestamp":"2026-09-14 01:27:16"}
{"level":"info","message":"Created client session 1b3f3f44ffe99d42e9ae81e2","timestamp":"2026-09-14 01:27:17"}
{"level":"info","message":"Created client session 2dc4511e2ac3bef8f6701139","timestamp":"2026-09-14 01:27:17"}
{"level":"info","message":"Created client session e785df73caf85736c5af1d16","timestamp":"2026-09-14 01:27:17"}
{"level":"info","message":"Created client session 357f93d625398bb6294c5897","timestamp":"2026-09-14 01:27:17"}
{"level":"info","message":"Created client session e4da237138ef009ea92b56b7","timestamp":"2026-09-14 01:27:17"}
{"level":"info","message":"Created client session 9a77f2fa250bf328d2e87a65","timestamp":"2026-09-14 01:27:17"}
{"level":"info","message":"Created client session 586e6064a8617ad8c29c0e0c","timestamp":"2026-09-14 01:27:17"}
{"level":"info","message":"Created client session 6eed700bd85b024faa9e7de6","timestamp":"2026-09-14 01:27:19"}
{"level":"info","message":"Created client session a3a37c49dd74d6583ef364c4","timestamp":"2026-09-14 01:27:19"}
{"level":"info","message":"Created client session dee0ed73756322f77bff3b91","timestamp":"2026-09-14 01:27:19"}
{"level":"info","message":"Created client session e5d1b3217a4416770615d2e3","timestamp":"2026-09-14 01:27:19"}
{"level":"info","message":"Created client session 2a41b0b91173ac6be4393441","timestamp":"2026-09-14 01:27:19"}
{"level":"info","message":"Created client session 323691c50970768a55bd8c4a","timestamp":"2026-09-14 01:27:19"}
{"level":"info","message":"Created client session 7581f6f3d87f0b997937cc22","timestamp":"2026-09-14 01:27:21"}
{"level":"info","message":"Created client session 6911205acc39cbf432a40655","timestamp":"2026-09-14 01:27:21"}
{"level":"info","message":"Created client session 54e053ce91b902cb7127c900","timestamp":"2026-09-14 01:27:21"}
{"level":"info","message":"Created client session 5ef9bb8ca3fcc59a36463e86","timestamp":"2026-09-14 01:27:21"}
{"level":"info","message":"Created client session 65f420669058ad9422ff2992","timestamp":"2026-09-14 01:27:21"}
{"level":"info","message":"Created client session 87d2565452d19809658250cd","timestamp":"2026-09-14 01:27:21"}
{"level":"info","message":"Created client session 8bab21b5fa0540a2e3882e13","timestamp":"2026-09-14 01:27:21"}
{"level":"info","message":"Created client session 30419d40b9b37a5162a78456","timestamp":"2026-09-14 01:27:21"}
{"level":"info","message":"Created client session 5e807b85a905705f1aa3b241","timestamp":"2026-09-14 01:27:21"}
{"level":"info","message":"Created client session b9dfd7461a7b2b0b16279421","timestamp":"2026-09-14 01:27:21"}
{"level":"info","message":"Created client session 55ec6de3f0d1fbd7e23e701e","timestamp":"2026-09-14 01:27:21"}
{"level":"info","message":"Created client session 6d8e27a89199eaf56be1f586","timestamp":"2026-09-14 01:27:22"}
{"level":"info","message":"Created client session 5ecef7cc20028f8b3d8994f8","timestamp":"2026-09-14 01:27:23"}
{"level":"info","message":"Created client session 34bd20c78d9669fc291fade2","timestamp":"2026-09-14 01:27:23"}
{"level":"info","message":"Created client session 46edfb09e831d74c936e5a6b","timestamp":"2026-09-14 01:27:23"}
{"level":"info","message":"Created client session 1f2008f7f2bd72340849bb32","timestamp":"2026-09-14 01:27:23"}
{"level":"info","message":"Created client session df90ef7f89acab45839c75d7","timestamp":"2026-09-14 01:27:23"}
{"level":"info","message":"Created client session 19f3f65aadce75851eff421d","timestamp":"2026-09-14 01:27:24"}
{"level":"info","message":"Created client session 923007fbbee0345d046fcb66","timestamp":"2026-09-14 01:27:25"}
{"level":"info","message":"Created client session b1cf82b27860e56753352863","timestamp":"2026-09-14 01:27:25"}
{"level":"info","message":"Created client session 5819e5db0bab4607dcf6b4ec","timestamp":"2026-09-14 01:27:25"}
{"level":"info","message":"Created client session 281992973e6078d4efed44fe","timestamp":"2026-09-14 01:27:25"}
{"level":"info","message":"Created client session 1ee1782d0ce7cbc7b49f24f4","timestamp":"2026-09-14 01:27:25"}
{"level":"info","message":"Created client session 670adf6bccc093732247090b","timestamp":"2026-09-14 01:27:25"}
{"level":"info","message":"Created client session 0c2c0e6c98b7ab970e6bfe1f","timestamp":"2026-09-14 01:27:25"}
{"level":"info","message":"Created client session 16a1100d8d0ceaef6dc8072c","timestamp":"2026-09-14 01:27:25"}
{"level":"info","message":"Created client session b3147078e9533ebdb885e99b","timestamp":"2026-09-14 01:27:25"}
{"level":"info","message":"Created client session 7afd8cf406d04badb4ff04d6","timestamp":"2026-09-14 01:27:25"}
{"level":"info","message":"Created client session 0f2ec1e197bb736fddd512f4","timestamp":"2026-09-14 01:27:25"}
{"level":"info","message":"Created client session 770f48a3dbd471b4812afe1f","timestamp":"2026-09-14 01:27:25"}
{"level":"info","message":"Created client session 82bd3b0b73910a719cd81a61","timestamp":"2026-09-14 01:27:25"}
{"level":"info","message":"Created client session 84ed2fae74a0cf2ba658863b","timestamp":"2026-09-14 01:27:25"}
{"level":"info","message":"Created client session 733361aafadeba51e94c5217","timestamp":"2026-09-14 01:27:25"}
{"level":"info","message":"Created client session 944dd4bb7b38d970aaba2632","timestamp":"2026-09-14 01:27:25"}
{"level":"info","message":"Created client session c539a58ef444bd52d5f249bf","timestamp":"2026-09-14 01:27:26"}
{"level":"info","message":"Created client session 2801cc973ba88652cf33c489","timestamp":"2026-09-14 01:27:27"}
{"level":"info","message":"Created client session ffd183fe755e4b1e4d21746c","timestamp":"2026-09-14 01:27:27"}
{"level":"info","message":"Created client session 3ae5506933cd1b273a2d3046","timestamp":"2026-09-14 01:27:27"}
{"level":"info","message":"Created client session 8343b58ddd477219f70514e8","timestamp":"2026-09-14 01:27:27"}
{"level":"info","message":"Created client session dccaeee417daf47f73510e28","timestamp":"2026-09-14 01:27:27"}
{"level":"info","message":"Created client session 800251989c5a9f3f3680a642","timestamp":"2026-09-14 01:27:27"}
{"level":"info","message":"Created client session e31ef17fb9b3613b3908f032","timestamp":"2026-09-14 01:27:27"}
{"level":"info","message":"Created client session 5dc249a3a5a7be852dad86f4","timestamp":"2026-09-14 01:27:28"}
{"level":"info","message":"Created client session 3a2f832ebd9c204cc0fbf667","timestamp":"2026-09-14 01:27:28"}
{"level":"info","message":"Created client session f0329b7a169196d748e2190f","timestamp":"2026-09-14 01:27:28"}
{"level":"info","message":"Created client session ab7af76f1b7b76d706692289","timestamp":"2026-09-14 01:27:29"}
{"level":"info","message":"Created client session 5f032095bd0ac93be09fe08e","timestamp":"2026-09-14 01:27:29"}
{"level":"info","message":"Created client session 7277d82b556f4fb403375424","timestamp":"2026-09-14 01:27:29"}
{"level":"info","message":"Created client session a80415d6d9c2b5d22a52af7b","timestamp":"2026-09-14 01:27:29"}
{"level":"info","message":"Created client session 8721f49fab1929c1f0c75491","timestamp":"2026-09-14 01:27:29"}
{"level":"info","message":"Created client session f3bf237401dee1ae63e262ad","timestamp":"2026-09-14 01:27:29"}
{"level":"info","message":"Created client session 5e0439eae8a0ac6807419c97","timestamp":"2026-09-14 01:27:29"}
{"level":"info","message":"Created client session 1e2d559e5a0ef715ba415069","timestamp":"2026-09-14 01:27:29"}
{"level":"info","message":"Created client session 142ca304544cf06ba4df8dc3","timestamp":"2026-09-14 01:27:29"}
{"level":"info","message":"Created client session 322b16d4a8bc7b2ad598d113","timestamp":"2026-09-14 01:27:29"}
{"level":"info","message":"Created client session feb50bfa765bb45965dcb813","timestamp":"2026-09-14 01:27:29"}
{"level":"info","message":"Created client session bb0b20324b1550338fb719ce","timestamp":"2026-09-14 01:27:29"}
{"level":"info","message":"Created client session 493d32b9f6ebd3c6f8199736","timestamp":"2026-09-14 01:27:29"}
{"level":"info","message":"Created client session f53eda15bbe10045e76975e7","timestamp":"2026-09-14 01:27:29"}
{"level":"info","message":"Created client session 2097529a235ed26aee23861e","timestamp":"2026-09-14 01:27:30"}
{"level":"info","message":"Created client session 7ab6f0b529391ad479637fe7","timestamp":"2026-09-14 01:27:30"}
{"level":"info","message":"Created client session 09846cd402b5bd9b3408d84f","timestamp":"2026-09-14 01:27:31"}
{"level":"info","message":"Created client session df0d3fbc4d3833394988c103","timestamp":"2026-09-14 01:27:31"}
{"level":"info","message":"Created client session bde27de1be6e721b925b5aeb","timestamp":"2026-09-14 01:27:31"}
{"level":"info","message":"Created client session c0775ba7511f7ddba150045b","timestamp":"2026-09-14 01:27:31"}
{"level":"info","message":"Created client session e35c9b5ef1a6d81ee6bdde45","timestamp":"2026-09-14 01:27:31"}
{"level":"info","message":"Created client session 3a2bdd2b0481cd3d8be04527","timestamp":"2026-09-14 01:27:33"}
{"level":"info","message":"Created client session 97060526510d909560dddf5f","timestamp":"2026-09-14 01:27:33"}
{"level":"info","message":"Created client session 908a4dc28349477a6a3d535e","timestamp":"2026-09-14 01:27:33"}
{"level":"info","message":"Created client session 61f2879a20aefdbb1339a6a3","timestamp":"2026-09-14 01:27:33"}
{"level":"info","message":"Created client session 8578f75ac10ed523c2953364","timestamp":"2026-09-14 01:27:33"}
{"level":"info","message":"Created client session a63b3b8d85a366e12f22015b","timestamp":"2026-09-14 01:27:33"}
{"level":"info","message":"Created client session 34ed81a21369e36596cbf8d8","timestamp":"2026-09-14 01:27:33"}
{"level":"info","message":"Created client session 77f730e2f1c97418469de38b","timestamp":"2026-09-14 01:27:33"}
{"level":"info","message":"Created client session 2acfbb06ffde9ce1087af5b6","timestamp":"2026-09-14 01:27:33"}
{"level":"info","message":"Created client session 2dce756094a8cea96fc461db","timestamp":"2026-09-14 01:27:33"}
{"level":"info","message":"Created client session 27b5d82e3e483f4636108b1b","timestamp":"2026-09-14 01:27:33"}
{"level":"info","message":"Created client session c8637461e009704af2c0e7e6","timestamp":"2026-09-14 01:27:33"}
{"level":"info","message":"Created client session 43ebbde9d2892dbc36c68c6f","timestamp":"2026-09-14 01:27:33"}
{"level":"info","message":"Created client session c5d000cb85328a8ffdde0b79","timestamp":"2026-09-14 01:27:33"}
{"level":"info","message":"Created client session 448b9ffa2204669ac4291a75","timestamp":"2026-09-14 01:27:33"}
{"level":"info","message":"Created client session e994fc299b5d7e14533c0c05","timestamp":"2026-09-14 01:27:33"}
{"level":"info","message":"Created client session f93ad952e70db9d0d6969391","timestamp":"2026-09-14 01:27:34"}
{"level":"info","message":"Created client session a7891253f38434408b3fa04c","timestamp":"2026-09-14 01:27:35"}
{"level":"info","message":"Created client session 2e520492be3b7cdf27294376","timestamp":"2026-09-14 01:27:35"}
{"level":"info","message":"Created client session 9209e4cc8c93de8a0b935799","timestamp":"2026-09-14 01:27:35"}
{"level":"info","message":"Created client session 5dea9dd06490dd7e27edc86f","timestamp":"2026-09-14 01:27:35"}
{"level":"info","message":"Created client session cc610e8a31e3a53bbc149a82","timestamp":"2026-09-14 01:27:35"}
{"level":"info","message":"Created client session 6e63dfd46a158f04aabbe158","timestamp":"2026-09-14 01:27:35"}
{"level":"info","message":"Created client session 3153900fd4df487c54590604","timestamp":"2026-09-14 01:27:36"}
{"level":"info","message":"Created client session ca09fec4ea0e886ac3b680b3","timestamp":"2026-09-14 01:27:38"}
{"level":"info","message":"Created client session ef67e9917dec7f712b18ca34","timestamp":"2026-09-14 01:27:39"}
{"level":"info","message":"Created client session 7807aa396c4e0cdaf6b8b001","timestamp":"2026-09-14 01:27:39"}
{"level":"info","message":"Created client session 77bab276061e6223a47b7f72","timestamp":"2026-09-14 01:27:39"}
{"level":"info","message":"Created client session de45ddc71652acae6742bcd1","timestamp":"2026-09-14 01:27:39"}
{"level":"info","message":"Created client session 20ac1f3e6322f59d944f25ec","timestamp":"2026-09-14 01:27:39"}
{"level":"info","message":"Created client session d5d3024f779b75e50121c854","timestamp":"2026-09-14 01:27:39"}
{"level":"info","message":"Created client session 0fa7f39a46b27dcaaa004c4d","timestamp":"2026-09-14 01:27:39"}
{"level":"info","message":"Created client session 6e09da655d84d5bfd6525b7d","timestamp":"2026-09-14 01:27:39"}
{"level":"info","message":"Created client session 8d36be836fb3953ce9b1a823","timestamp":"2026-09-14 01:27:39"}
{"level":"info","message":"Created client session b86498c353e3c2e830636d63","timestamp":"2026-09-14 01:27:39"}
{"level":"info","message":"Created client session 910490a13ecbb13e2dadde94","timestamp":"2026-09-14 01:27:39"}
{"level":"info","message":"Created client session 9c32d3010b892543a6454941","timestamp":"2026-09-14 01:27:39"}
{"level":"info","message":"Created client session 2dbdadfb9d457191b072c626","timestamp":"2026-09-14 01:27:39"}
{"level":"info","message":"Created client session c192ccda439f10589a146cd1","timestamp":"2026-09-14 01:27:39"}
{"level":"info","message":"Created client session eada53778ad103dcdd6ffddd","timestamp":"2026-09-14 01:27:39"}
{"level":"info","message":"Created client session 28da9ffe7353b2dd5c93c671","timestamp":"2026-09-14 01:27:39"}
{"level":"info","message":"Created client session 2f21d0e574d44c2832736284","timestamp":"2026-09-14 01:27:39"}
{"level":"info","message":"Created client session 1cf7b1457b8e88820086035c","timestamp":"2026-09-14 01:27:42"}
{"level":"info","message":"Created client session 614fbaff3c567e54f74fea34","timestamp":"2026-09-14 01:27:42"}
{"level":"info","message":"Created client session 18bb0ad08d6b5a133ba451ab","timestamp":"2026-09-14 01:27:42"}
{"level":"info","message":"Created client session c59637774cf0c48ed8739452","timestamp":"2026-09-14 01:27:42"}
{"level":"info","message":"Created client session 813002b09e465e1b77eefc85","timestamp":"2026-09-14 01:27:42"}
{"level":"info","message":"Created client session 202d6311abfa617f54fa94e6","timestamp":"2026-09-14 01:27:43"}
{"level":"info","message":"Created client session bb82d24c5b8351e85c10a0e3","timestamp":"2026-09-14 01:27:45"}
{"level":"info","message":"Created client session d062e5117b889e073c4345d6","timestamp":"2026-09-14 01:27:45"}
{"level":"info","message":"Created client session 1b1b726ef05301a249f0241b","timestamp":"2026-09-14 01:27:45"}
{"level":"info","message":"Created client session b226cffb527d4d8f0145fe5a","timestamp":"2026-09-14 01:27:45"}
{"level":"info","message":"Created client session 00fae36026f75213ac2d81db","timestamp":"2026-09-14 01:27:45"}
{"level":"info","message":"Created client session b868cb7a72474e71a912aa42","timestamp":"2026-09-14 01:27:45"}
{"level":"info","message":"Created client session 0924ea379a8d0623f501d6d7","timestamp":"2026-09-14 01:27:45"}
{"level":"info","message":"Created client session 486519485cd27f76beebefdd","timestamp":"2026-09-14 01:27:45"}
{"level":"info","message":"Created client session 22504bd87d4ebb995f266341","timestamp":"2026-09-14 01:27:45"}
{"level":"info","message":"Created client session b09087c385576c37a3195b5c","timestamp":"2026-09-14 01:27:45"}
{"level":"info","message":"Created client session 82bc2860ccfa1c1fb4d2bfb7","timestamp":"2026-09-14 01:27:45"}
{"level":"info","message":"Created client session be4787e3904072a9b40a3aa9","timestamp":"2026-09-14 01:27:45"}
{"level":"info","message":"Created client session 211f0ca6b6174335a7d19f1d","timestamp":"2026-09-14 01:27:45"}
{"level":"info","message":"Created client session fd39d6ee7fcd357b3afdc0ca","timestamp":"2026-09-14 01:27:45"}
{"level":"info","message":"Created client session e82d17d5c9987e3c994b8e9e","timestamp":"2026-09-14 01:27:45"}
{"level":"info","message":"Created client session c5a7cff19e4000ad07a6e0b9","timestamp":"2026-09-14 01:27:45"}
{"level":"info","message":"Created client session 8cec5235b139d39777613fa9","timestamp":"2026-09-14 01:27:45"}
{"level":"info","message":"Created client session 14cfbe690ed6f57a79f1c177","timestamp":"2026-09-14 01:27:46"}
{"level":"info","message":"Created client session 425374f45aaa639805f61074","timestamp":"2026-09-14 01:27:46"}
{"level":"info","message":"Created client session 0e47e2c51579e2ae10673772","timestamp":"2026-09-14 01:27:47"}
{"level":"info","message":"Created client session 6cf7575667a3564f47482165","timestamp":"2026-09-14 01:27:47"}
{"level":"info","message":"Created client session 09116d4802c992febff7a0ba","timestamp":"2026-09-14 01:27:48"}
{"level":"info","message":"Created client session 14b3e36edfa61e53488e7d30","timestamp":"2026-09-14 01:27:48"}
{"level":"info","message":"Created client session 10f8b15448c2d903686c867b","timestamp":"2026-09-14 01:27:48"}
{"level":"info","message":"Created client session 17295161435a390c208730e1","timestamp":"2026-09-14 01:27:49"}
{"level":"info","message":"Created client session 3daaf0c8525a0bdc4e4a5e9f","timestamp":"2026-09-14 01:27:49"}
{"level":"info","message":"Created client session bf95c6661fa575089a9fd5f9","timestamp":"2026-09-14 01:27:49"}
{"level":"info","message":"Created client session bdcac35c8095bd3074afe8fa","timestamp":"2026-09-14 01:27:49"}
{"level":"info","message":"Created client session c07d576c9ba8d1366ddcdc65","timestamp":"2026-09-14 01:27:49"}
{"level":"info","message":"Created client session 1f311667e6b5b4a29f226cc3","timestamp":"2026-09-14 01:27:49"}
{"level":"info","message":"Created client session 144e2bed98588fe97daecaf8","timestamp":"2026-09-14 01:27:49"}
{"level":"info","message":"Created client session 67291606b0e7e4575f3bd51b","timestamp":"2026-09-14 01:27:49"}
{"level":"info","message":"Created client session bab96db57eedc73e5e469ec1","timestamp":"2026-09-14 01:27:49"}
{"level":"info","message":"Created client session ac844814aa5159f7a91132c5","timestamp":"2026-09-14 01:27:49"}
{"level":"info","message":"Created client session 643fafcca41ad5c51160daf8","timestamp":"2026-09-14 01:27:49"}
{"level":"info","message":"Created client session 9e350acaba5ac80d057a0f41","timestamp":"2026-09-14 01:27:49"}
{"level":"info","message":"Created client session ed092a80a47c6de7756cf4be","timestamp":"2026-09-14 01:27:49"}
{"level":"info","message":"Created client session 4f8f2bb0f80ebbcb6a4c34f9","timestamp":"2026-09-14 01:27:49"}
{"level":"info","message":"Created client session 755e59577bec2732e4a4a695","timestamp":"2026-09-14 01:27:49"}
{"level":"info","message":"Created client session 793c6d1d0bcee9e352e89556","timestamp":"2026-09-14 01:27:49"}
{"level":"info","message":"Created client session a4376bb1ac753a638078cb11","timestamp":"2026-09-14 01:27:49"}
{"level":"info","message":"Created client session 593df95389fdfbabc061a74b","timestamp":"2026-09-14 01:27:49"}
{"level":"info","message":"Created client session 372533628d584c3691c2dd38","timestamp":"2026-09-14 01:27:49"}
{"level":"info","message":"Created client session 4bc300cbf79740f015d6705f","timestamp":"2026-09-14 01:27:51"}
{"level":"info","message":"Created client session 0ccf1f347483801c1b98ceeb","timestamp":"2026-09-14 01:27:51"}
{"level":"info","message":"Created client session 9ceac8d3a67484d663d154b3","timestamp":"2026-09-14 01:27:51"}
{"level":"info","message":"Created client session 238ce56b80c3babaa513a85a","timestamp":"2026-09-14 01:27:51"}
{"level":"info","message":"Created client session ba6512eefa4a178bf354b703","timestamp":"2026-09-14 01:27:52"}
{"level":"info","message":"Created client session 8fc17bebb60eb2e445b5ee39","timestamp":"2026-09-14 01:27:54"}
{"level":"info","message":"Created client session 7eb86054707e0f33a3c7f212","timestamp":"2026-09-14 01:27:55"}
{"level":"info","message":"Created client session 58ca5952e64eede26ae4f341","timestamp":"2026-09-14 01:27:55"}
{"level":"info","message":"Created client session 9b85a15c6e6b67a013c31439","timestamp":"2026-09-14 01:27:55"}
{"level":"info","message":"Created client session ab5c993e5d3e81be8ec10740","timestamp":"2026-09-14 01:27:55"}
{"level":"info","message":"Created client session c70c49e4f4e96879af27cbc0","timestamp":"2026-09-14 01:27:55"}
{"level":"info","message":"Created client session f15c7ceb342bbb9111a31478","timestamp":"2026-09-14 01:27:55"}
{"level":"info","message":"Created client session 5b4eb603244efe967c69a23d","timestamp":"2026-09-14 01:27:55"}
{"level":"info","message":"Created client session 08481de01b6da2f63c72af1b","timestamp":"2026-09-14 01:27:55"}
{"level":"info","message":"Created client session 3529b5160e7e0d088d33dd9d","timestamp":"2026-09-14 01:27:55"}
{"level":"info","message":"Created client session 60047bdb433c1ab14832b417","timestamp":"2026-09-14 01:27:55"}
{"level":"info","message":"Created client session 3ff1b8bb3d042141394dd699","timestamp":"2026-09-14 01:27:55"}
{"level":"info","message":"Created client session 73c9361f3fdae2ec5f32971a","timestamp":"2026-09-14 01:27:55"}
{"level":"info","message":"Created client session f5da67e865a0c612a19da4f5","timestamp":"2026-09-14 01:27:55"}
{"level":"info","message":"Created client session e4e9b68c10de9569caf21317","timestamp":"2026-09-14 01:27:55"}
{"level":"info","message":"Created client session 968ca671211f389c62b2cd71","timestamp":"2026-09-14 01:27:55"}
{"level":"info","message":"Created client session 5374b93532e37f926cf6518b","timestamp":"2026-09-14 01:27:55"}
{"level":"info","message":"Created client session e74f26d77bedf5e8142cc48d","timestamp":"2026-09-14 01:27:55"}
{"level":"info","message":"Created client session 69071b9ea06451ef13359703","timestamp":"2026-09-14 01:27:55"}
{"level":"info","message":"Created client session 588f65ca7999a2bc2ba6a6ad","timestamp":"2026-09-14 01:27:55"}
{"level":"info","message":"Created client session f62785029c0f911b11d8ded8","timestamp":"2026-09-14 01:27:55"}
{"level":"info","message":"Created client session 0f1515e21f434be8421ac4b1","timestamp":"2026-09-14 01:27:56"}
{"level":"info","message":"Created client session 1173a7b3519a6bd0386d2e72","timestamp":"2026-09-14 01:27:56"}
{"level":"info","message":"Created client session d8bfcdb135ae4b573227b1f1","timestamp":"2026-09-14 01:27:56"}
{"level":"info","message":"Created client session 293e0394aad81ab13316c1ca","timestamp":"2026-09-14 01:27:56"}
{"level":"info","message":"Created client session 4237677278542f814b9853c1","timestamp":"2026-09-14 01:27:56"}
{"level":"info","message":"Created client session 30dc1df95bc4eea5edd69b75","timestamp":"2026-09-14 01:27:56"}
{"level":"info","message":"Created client session 3c2bd69a379670cbc6efa5c3","timestamp":"2026-09-14 01:27:56"}
{"level":"info","message":"Created client session 16f4b741d805dce6a9d0afd4","timestamp":"2026-09-14 01:27:56"}
{"level":"info","message":"Created client session ad4a9449463f816ad174b019","timestamp":"2026-09-14 01:27:56"}
{"level":"info","message":"Created client session 2551d7471d55253c81afbfa3","timestamp":"2026-09-14 01:27:56"}
{"level":"info","message":"Created client session 985c55be6ce077dc62621ce9","timestamp":"2026-09-14 01:27:56"}
{"level":"info","message":"Created client session 7774b1057093ed51bc4adde4","timestamp":"2026-09-14 01:27:57"}
{"level":"info","message":"Created client session 0d247df34bedcb8b4ef79595","timestamp":"2026-09-14 01:27:57"}
{"level":"info","message":"Created client session 669b35bec8e841ef3a4481c0","timestamp":"2026-09-14 01:27:57"}
{"level":"info","message":"Created client session 237a28e08025006649646908","timestamp":"2026-09-14 01:27:57"}
{"level":"info","message":"Created client session bece8b04f7f2163ebef1b60e","timestamp":"2026-09-14 01:27:57"}
{"level":"info","message":"Created client session 84c5f03db85058643de50778","timestamp":"2026-09-14 01:27:58"}
{"level":"info","message":"Created client session f13bd3c7744379528a2a7fca","timestamp":"2026-09-14 01:27:58"}
{"level":"info","message":"Created client session 584d8ff530b70875856c808f","timestamp":"2026-09-14 01:27:58"}
{"level":"info","message":"Created client session 01ac05b222ac0ad059abcd64","timestamp":"2026-09-14 01:27:58"}
{"level":"info","message":"Created client session 3cca43d1d6e8af0acf26d6c7","timestamp":"2026-09-14 01:27:58"}
{"level":"info","message":"Created client session 067f4ffdda8642bc665dbd0c","timestamp":"2026-09-14 01:27:58"}
{"level":"info","message":"Created client session 239d90cf5caf40a5ffb21fad","timestamp":"2026-09-14 01:27:58"}
{"level":"info","message":"Created client session 7a8179d4f395b89b8d640b2f","timestamp":"2026-09-14 01:27:58"}
{"level":"info","message":"Created client session 4fc4b0e549fb29c4e7dc54be","timestamp":"2026-09-14 01:27:58"}
{"level":"info","message":"Created client session 77eeb398d14e3d6af39e2c85","timestamp":"2026-09-14 01:27:58"}
{"level":"info","message":"Created client session fe1264d8bcc67fc642f14b81","timestamp":"2026-09-14 01:27:58"}
{"level":"info","message":"Created client session 53408d575e2fafcff41d1aaa","timestamp":"2026-09-14 01:27:58"}
{"level":"info","message":"Created client session 7c570207289cd0ada8a2d3aa","timestamp":"2026-09-14 01:27:58"}
{"level":"info","message":"Created client session fe1d390b030be383ea7d041a","timestamp":"2026-09-14 01:27:58"}
{"level":"info","message":"Created client session 0c86784442f74ad708e18e31","timestamp":"2026-09-14 01:27:58"}
{"level":"info","message":"Created client session 91cb844b4663638a16643873","timestamp":"2026-09-14 01:27:58"}
{"level":"info","message":"Created client session 8b3f54cfbc421f617c1f5b46","timestamp":"2026-09-14 01:27:59"}
{"level":"info","message":"Created client session 7ee80f5828016250e77ac71f","timestamp":"2026-09-14 01:27:59"}
{"level":"info","message":"Created client session 027155deaa9bf45148f4508f","timestamp":"2026-09-14 01:27:59"}
{"level":"info","message":"Created client session 419dea58e7ade1274f035295","timestamp":"2026-09-14 01:27:59"}
{"level":"info","message":"Created client session 29f52fa0ebefa7580bfbb712","timestamp":"2026-09-14 01:27:59"}
{"level":"info","message":"Created client session a2d15f55b9c3c5bd978fc5bc","timestamp":"2026-09-14 01:27:59"}
{"level":"info","message":"Created client session 3d47156062f22b53e1444e97","timestamp":"2026-09-14 01:27:59"}
{"level":"info","message":"Created client session fd8138d9276071cd3820c3f0","timestamp":"2026-09-14 01:27:59"}
{"level":"info","message":"Created client session 856f16d7057ecb52b78ca3ca","timestamp":"2026-09-14 01:28:00"}
{"level":"info","message":"Created client session e018e5b51884f08e269abe7d","timestamp":"2026-09-14 01:28:00"}
{"level":"info","message":"Created client session 9dc7a7491783a7a7620c81ef","timestamp":"2026-09-14 01:28:00"}
{"level":"info","message":"Created client session 4193190f2353b6dab8628c4e","timestamp":"2026-09-14 01:28:00"}
{"level":"info","message":"Created client session be89ac668475bc57f2c04ee7","timestamp":"2026-09-14 01:28:02"}
{"level":"info","message":"Created client session abff5797040ba482ddf0e08b","timestamp":"2026-09-14 01:28:02"}
{"level":"info","message":"Created client session a48c22cdb82cd4c3e56b86f6","timestamp":"2026-09-14 01:28:02"}
{"level":"info","message":"Created client session 8626fc4466b96ef5e3e6c649","timestamp":"2026-09-14 01:28:02"}
{"level":"info","message":"Created client session 33a21e68e626f0a1e0447a4a","timestamp":"2026-09-14 01:28:02"}
{"level":"info","message":"Created client session da2184f8ef8d2088b81c2c33","timestamp":"2026-09-14 01:28:25"}
{"level":"info","message":"Created client session 6737f9fc07aff27a3cea1a57","timestamp":"2026-09-14 01:28:25"}
{"level":"info","message":"Created client session d7c875d8151a58b8a3f43a6c","timestamp":"2026-09-14 01:28:25"}
{"level":"info","message":"Created client session e48fbae8eaf8a3a053edaa46","timestamp":"2026-09-14 01:28:25"}
{"level":"info","message":"Created client session 669b79688645c6226b8fb2db","timestamp":"2026-09-14 01:28:25"}
{"level":"info","message":"Created client session cc5a0b36c2f8479b824f3881","timestamp":"2026-09-14 01:28:25"}
{"level":"info","message":"Created client session 07d7adf8b57b628fb3b7f643","timestamp":"2026-09-14 01:28:25"}
{"level":"info","message":"Created client session 9c4473a16bb901fc580a1593","timestamp":"2026-09-14 01:28:25"}
{"level":"info","message":"Created client session 974e0ee3b1ce718da2820eea","timestamp":"2026-09-14 01:28:25"}
{"level":"info","message":"Created client session 1aae3a410c6ecb50e3f6ae02","timestamp":"2026-09-14 01:28:25"}
{"level":"info","message":"Created client session 161ad9fe0ecf93b32f4991bb","timestamp":"2026-09-14 01:28:25"}
{"level":"info","message":"Created client session 20b87b283ff9fc2835c56513","timestamp":"2026-09-14 01:28:25"}
{"level":"info","message":"Created client session 1b528feeb2748442d42e22b2","timestamp":"2026-09-14 01:28:25"}
{"level":"info","message":"Created client session c049edc3ec78f42e016097d2","timestamp":"2026-09-14 01:28:25"}
{"level":"info","message":"Created client session 9ea0e45da3b1d77a8b4d21e4","timestamp":"2026-09-14 01:28:25"}
{"level":"info","message":"Created client session 374c9bf17a54a26503264b34","timestamp":"2026-09-14 01:28:25"}
{"level":"info","message":"Created client session 0b55eacbc6d25e68e741324c","timestamp":"2026-09-14 01:28:25"}
{"level":"info","message":"Created client session dc07ff05fbdc785872918e96","timestamp":"2026-09-14 01:28:25"}
{"level":"info","message":"Created client session 124938c4c783566b22487f87","timestamp":"2026-09-14 01:28:25"}
{"level":"info","message":"Created client session 535f8b1b9309b5bb2aaea6b8","timestamp":"2026-09-14 01:28:25"}
{"level":"info","message":"Created client session 0a0b5a4d8131da2bc7930fd9","timestamp":"2026-09-14 01:28:25"}
{"level":"info","message":"Created client session 1ab019fd7832826860bdfff3","timestamp":"2026-09-14 01:28:25"}
{"level":"info","message":"Created client session df385272fb54d8e1c30f15a0","timestamp":"2026-09-14 01:28:25"}
{"level":"info","message":"Created client session 799f59631857ac03c284d09e","timestamp":"2026-09-14 01:28:25"}
{"level":"info","message":"Created client session baec1b05f36f20a618306d02","timestamp":"2026-09-14 01:28:25"}
{"level":"info","message":"Created client session 6be8b6340122a8f8c98dd950","timestamp":"2026-09-14 01:28:25"}
{"level":"info","message":"Created client session 463528e3cc926c7f850b8667","timestamp":"2026-09-14 01:28:25"}
{"level":"info","message":"Created client session 9de2412c026d6df366fa6952","timestamp":"2026-09-14 01:28:25"}
{"level":"info","message":"Created client session 39bad5b07affce20268314d3","timestamp":"2026-09-14 01:28:25"}
{"level":"info","message":"Created client session b7b33ceb4021b0099ec2b388","timestamp":"2026-09-14 01:28:25"}
{"level":"info","message":"Created client session 6e4532c6f55a235a99e2e80c","timestamp":"2026-09-14 01:28:25"}
{"level":"info","message":"Created client session 9ef4c43b6d7e3642a14cf32c","timestamp":"2026-09-14 01:28:25"}
{"level":"info","message":"Created client session 60759c99c38bc7bd602f8868","timestamp":"2026-09-14 01:28:25"}
{"level":"info","message":"Created client session 600a95c0fe27b3d85f33a1e2","timestamp":"2026-09-14 01:28:25"}
{"level":"info","message":"Created client session 7d080ade2b42c29e5e2a1c1e","timestamp":"2026-09-14 01:28:25"}
{"level":"info","message":"Created client session c20674c81b369907f181749b","timestamp":"2026-09-14 01:28:25"}
{"level":"info","message":"Created client session 0d4926e2976dd74fd447ff7a","timestamp":"2026-09-14 01:28:25"}
{"level":"info","message":"Created client session e2cb871c382ee7bf23b96495","timestamp":"2026-09-14 01:28:26"}
{"level":"info","message":"Created client session be368c0697ed5419c759202a","timestamp":"2026-09-14 01:28:26"}
{"level":"info","message":"Created client session c5b3ac9e386830bba7bc1670","timestamp":"2026-09-14 01:28:26"}
{"level":"info","message":"Created client session 54da3a1327859b602dfa5fef","timestamp":"2026-09-14 01:28:26"}
{"level":"info","message":"Created client session 15016814b5ce8ae8a8e21b79","timestamp":"2026-09-14 01:28:26"}
{"level":"info","message":"Created client session 63be3fc09332f6cd32e728aa","timestamp":"2026-09-14 01:28:26"}
{"level":"info","message":"Created client session 1285c632b04af0156cf318f8","timestamp":"2026-09-14 01:28:26"}
{"level":"info","message":"Created client session a13940f98bbd03fc000e9bf1","timestamp":"2026-09-14 01:28:26"}
{"level":"info","message":"Created client session dc8d8a30f65fb24de2e49293","timestamp":"2026-09-14 01:28:26"}
{"level":"info","message":"Created client session e10bd9dccee105926eb6239b","timestamp":"2026-09-14 01:28:26"}
{"level":"info","message":"Created client session d7def867df67cdb1933c2500","timestamp":"2026-09-14 01:28:26"}
{"level":"info","message":"Created client session 579c60cebefff443f0fac756","timestamp":"2026-09-14 01:28:26"}
{"level":"info","message":"Created client session 301f997b007e865719248e1a","timestamp":"2026-09-14 01:28:26"}
{"level":"info","message":"Created client session 6ee3e2e4d88f487a257f21c0","timestamp":"2026-09-14 01:28:26"}
{"level":"info","message":"Created client session b8079a6426c342cc408d9e98","timestamp":"2026-09-14 01:28:26"}
{"level":"info","message":"Created client session 274b9317805687a1bdd7b7aa","timestamp":"2026-09-14 01:28:26"}
{"level":"info","message":"Created client session 5d8f80e1b23ddab01f070524","timestamp":"2026-09-14 01:28:26"}
{"level":"info","message":"Created client session 623bc4b3870b48afa4a98332","timestamp":"2026-09-14 01:28:26"}
{"level":"info","message":"Created client session 4a6c7e926f5119b5a257b565","timestamp":"2026-09-14 01:28:26"}
{"level":"info","message":"Created client session 50187a7024db005de0c54b82","timestamp":"2026-09-14 01:28:26"}
{"level":"info","message":"Created client session c7799440881be037ae33920f","timestamp":"2026-09-14 01:28:26"}
{"level":"info","message":"Created client session a785cad58068c28b51a59e43","timestamp":"2026-09-14 01:28:26"}
{"level":"info","message":"Created client session 9fdd76d8b37bbaa7e736d65a","timestamp":"2026-09-14 01:28:26"}
{"level":"info","message":"Created client session 1daef4c5e5c9fe8cfe92d9ec","timestamp":"2026-09-14 01:28:26"}
{"level":"info","message":"Created client session fc91acc104b4d57c0ae911b8","timestamp":"2026-09-14 01:28:26"}
{"level":"info","message":"Created client session 92335f21599a59d7ee82f469","timestamp":"2026-09-14 01:28:26"}
{"level":"info","message":"Created client session 6ad74c9e48cd1576911a6d72","timestamp":"2026-09-14 01:28:26"}
{"level":"info","message":"Created client session be1e4d4d029d9ec5b587ef32","timestamp":"2026-09-14 01:28:26"}
{"level":"info","message":"Created client session f13cfc73d63c2a7933a87c98","timestamp":"2026-09-14 01:28:26"}
{"level":"info","message":"Created client session 5197f8c571d41e1dbc2674f9","timestamp":"2026-09-14 01:28:26"}
{"level":"info","message":"Created client session 47c79c99fa0b371d61990bf1","timestamp":"2026-09-14 01:28:26"}
{"level":"info","message":"Created client session 92e48a3c396f874c13040173","timestamp":"2026-09-14 01:28:26"}
{"level":"info","message":"Created client session 4a1106cfcaa7b465978dd8a8","timestamp":"2026-09-14 01:28:26"}
{"level":"info","message":"Created client session c63db3544ee195d2b582bb80","timestamp":"2026-09-14 01:28:26"}
{"level":"info","message":"Created client session 426530843f97331fdc829eb3","timestamp":"2026-09-14 01:28:26"}
{"level":"info","message":"Created client session b71d2706d5e5db9179c4bbc1","timestamp":"2026-09-14 01:28:26"}
{"level":"info","message":"Created client session 870159d4788f5f463bd66c8f","timestamp":"2026-09-14 01:28:26"}
{"level":"info","message":"Created client session 916a438a55c244fe7d0312f0","timestamp":"2026-09-14 01:28:26"}
{"level":"info","message":"Created client session a49c13e42235294a4f35647c","timestamp":"2026-09-14 01:28:26"}
{"level":"info","message":"Created client session ebf8b602eec17d9634eba6dd","timestamp":"2026-09-14 01:28:26"}
{"level":"info","message":"Created client session 765bed9d176dd38854cbe883","timestamp":"2026-09-14 01:28:26"}
{"level":"info","message":"Created client session 0220057cdf192e605a837ada","timestamp":"2026-09-14 01:28:26"}
{"level":"info","message":"Created client session bb78250f829259733f160ee7","timestamp":"2026-09-14 01:28:26"}
{"level":"info","message":"Created client session 4e438d0ff1ff123052ca4f68","timestamp":"2026-09-14 01:28:26"}
{"level":"info","message":"Created client session de43dd1000f13978d82e36d4","timestamp":"2026-09-14 01:28:26"}
{"level":"info","message":"Created client session 57081f06ff11a920d8258912","timestamp":"2026-09-14 01:28:26"}
{"level":"info","message":"Created client session 8a0ed8dfa6b4bd6866e8f00f","timestamp":"2026-09-14 01:28:26"}
{"level":"info","message":"Created client session 4787e4c1ceb72da2ca4f147e","timestamp":"2026-09-14 01:28:26"}
{"level":"info","message":"Created client session cff36585315bd4746cefd2ce","timestamp":"2026-09-14 01:28:26"}
{"level":"info","message":"Created client session 8e8e25d5d2061507393bd03e","timestamp":"2026-09-14 01:28:26"}
{"level":"info","message":"Created client session f0d7a85776c011649f5c9ec7","timestamp":"2026-09-14 01:28:26"}
{"level":"info","message":"Created client session 8df94dd5c6066e9aed830f00","timestamp":"2026-09-14 01:28:26"}
{"level":"info","message":"Created client session f46248494a097c3cd2dae01e","timestamp":"2026-09-14 01:28:26"}
{"level":"info","message":"Created client session 4611e06ea342803658ba86ab","timestamp":"2026-09-14 01:28:26"}
{"level":"info","message":"Created client session bc3ce0a64fa6a68ad9ff873c","timestamp":"2026-09-14 01:28:26"}
{"level":"info","message":"Created client session 80d6e6990729f0f49ae7b8de","timestamp":"2026-09-14 01:28:26"}
{"level":"info","message":"Created client session b8a9e313bce0ac5776a313aa","timestamp":"2026-09-14 01:28:26"}
{"level":"info","message":"Created client session 846c5ed65d06045e063490b4","timestamp":"2026-09-14 01:28:26"}
{"level":"info","message":"Created client session 2b9debc7b8f63bad91d4a82b","timestamp":"2026-09-14 01:28:26"}
{"level":"info","message":"Created client session 23f536835f5d22b8d77f7361","timestamp":"2026-09-14 01:28:26"}
{"level":"info","message":"Created client session 2ef31c0a91c49c135d040f58","timestamp":"2026-09-14 01:28:26"}
{"level":"info","message":"Created client session f52a661cb1010758a0cd3d2e","timestamp":"2026-09-14 01:28:26"}
{"level":"info","message":"Created client session 3eec026fb31d72ab0b040275","timestamp":"2026-09-14 01:28:26"}
{"level":"info","message":"Created client session 1ba88fe6db6e15386d48429d","timestamp":"2026-09-14 01:28:26"}
{"level":"info","message":"Created client session 4f66eab9cca5e88f20d4631d","timestamp":"2026-09-14 01:28:26"}
{"level":"info","message":"Created client session 9757784515a7f1e62d1f5915","timestamp":"2026-09-14 01:28:26"}
{"level":"info","message":"Created client session a48d375017b844f407d9dbf9","timestamp":"2026-09-14 01:28:26"}
{"level":"info","message":"Created client session 39d6fa17ffd78c417733be26","timestamp":"2026-09-14 01:28:26"}
{"level":"info","message":"Created client session 16aae37ad919b61760cde647","timestamp":"2026-09-14 01:28:26"}
{"level":"info","message":"Created client session 7dc8be37165fc7ffe806b307","timestamp":"2026-09-14 01:28:26"}
{"level":"info","message":"Created client session f2a6fd798f3b88dee442fa52","timestamp":"2026-09-14 01:28:26"}
{"level":"info","message":"Created client session a0f13d6f851f99d9f0374a3c","timestamp":"2026-09-14 01:28:26"}
{"level":"info","message":"Created client session 83623e13ff2e83a66a53d999","timestamp":"2026-09-14 01:28:26"}
{"level":"info","message":"Created client session e6449980f71884e96a80f1e4","timestamp":"2026-09-14 01:28:26"}
{"level":"info","message":"Created client session b6806fdd3a6da309118665a5","timestamp":"2026-09-14 01:28:26"}
{"level":"info","message":"Created client session 522ffbe519afa89494c17e49","timestamp":"2026-09-14 01:28:26"}
{"level":"info","message":"Created client session bc851adaa5e536bfb753c889","timestamp":"2026-09-14 01:28:26"}
{"level":"info","message":"Created client session c0f193cc2466d04ceef10b61","timestamp":"2026-09-14 01:28:26"}
{"level":"info","message":"Created client session f4566649468d7c246ee7d260","timestamp":"2026-09-14 01:28:26"}
{"level":"info","message":"Created client session 270f2e95992f6ead13020912","timestamp":"2026-09-14 01:28:26"}
{"level":"info","message":"Created client session ea8f2e61eb2db433d941e62c","timestamp":"2026-09-14 01:28:26"}
{"level":"info","message":"Created client session cbdd5d9061b74dc40c57ed2a","timestamp":"2026-09-14 01:28:26"}
{"level":"info","message":"Created client session 37027d81360800a3d983043e","timestamp":"2026-09-14 01:28:26"}
{"level":"info","message":"Created client session 6a33ccedf88c0878cce2f2d6","timestamp":"2026-09-14 01:28:26"}
{"level":"info","message":"Created client session 183a83fca8997ac6ffe54d09","timestamp":"2026-09-14 01:28:26"}
{"level":"info","message":"Created client session abd3273d66a994e2c905e0fc","timestamp":"2026-09-14 01:28:26"}
{"level":"info","message":"Created client session ab8f7201b10c15b8f0776812","timestamp":"2026-09-14 01:28:26"}
{"level":"info","message":"Created client session 21de3aaa15431f453a1ae2cd","timestamp":"2026-09-14 01:28:26"}
{"level":"info","message":"Created client session 4e12a512f0411ae6e7225351","timestamp":"2026-09-14 01:28:26"}
{"level":"info","message":"Created client session 627d8552b5154c0376788083","timestamp":"2026-09-14 01:28:26"}
{"level":"info","message":"Created client session d62079fbba7e3e568c204e00","timestamp":"2026-09-14 01:28:26"}
{"level":"info","message":"Created client session e43c474e59a995a3ff0fa9e1","timestamp":"2026-09-14 01:28:26"}
{"level":"info","message":"Created client session 9e03bc0c48ec112214c0871e","timestamp":"2026-09-14 01:28:26"}
{"level":"info","message":"Created client session 4cc96016b798fae41daeabe1","timestamp":"2026-09-14 01:28:26"}
{"level":"info","message":"Created client session 8ae842542ff2611f1416fb10","timestamp":"2026-09-14 01:28:26"}
{"level":"info","message":"Created client session d55cb811c0021522b243032e","timestamp":"2026-09-14 01:28:26"}
{"level":"info","message":"Created client session 5d0f099ee1b15aa31ada167f","timestamp":"2026-09-14 01:28:26"}
{"level":"info","message":"Created client session 8825a624573d3b53f3c28d7f","timestamp":"2026-09-14 01:28:26"}
{"level":"info","message":"Created client session e2e4c390019946ef63e25c8e","timestamp":"2026-09-14 01:28:26"}
{"level":"info","message":"Created client session 2694ac72dfb30325836415ba","timestamp":"2026-09-14 01:28:26"}
{"level":"info","message":"Created client session 7b797963b5be83c78db0e78e","timestamp":"2026-09-14 01:28:26"}
{"level":"info","message":"Created client session 9ac24f5232f83811ed6ff134","timestamp":"2026-09-14 01:28:26"}
{"level":"info","message":"Created client session 044cf514feedc1499958af79","timestamp":"2026-09-14 01:28:26"}
{"level":"info","message":"Created client session e1ddc8deb6d1a27785755f9c","timestamp":"2026-09-14 01:28:26"}
{"level":"info","message":"Created client session e7f35e4b64084b6a0a7d2f6f","timestamp":"2026-09-14 01:28:26"}
{"level":"info","message":"Created client session 7d41d6124f761afdd5b5b345","timestamp":"2026-09-14 01:28:27"}
{"level":"info","message":"Created client session 436e53f3dc5ee0863c6b0c78","timestamp":"2026-09-14 01:28:27"}
{"level":"info","message":"Created client session 413caac14a78aca80257029c","timestamp":"2026-09-14 01:28:27"}
{"level":"info","message":"Created client session d1b1a48871e7db9d2ab5078f","timestamp":"2026-09-14 01:28:27"}
{"level":"info","message":"Created client session 4c3847969320a667d03e35b7","timestamp":"2026-09-14 01:28:27"}
{"level":"info","message":"Created client session 7e7ce21cd3258e40fc895266","timestamp":"2026-09-14 01:28:27"}
{"level":"info","message":"Created client session a72bc08f53799ee9e6af9bb7","timestamp":"2026-09-14 01:28:27"}
{"level":"info","message":"Created client session 09f0b783c69a90b6c98e45e2","timestamp":"2026-09-14 01:28:27"}
{"level":"info","message":"Created client session a64461dbcdce966193999aa6","timestamp":"2026-09-14 01:28:27"}
{"level":"info","message":"Created client session 5d1d96c39de2a9cd83fe6ea4","timestamp":"2026-09-14 01:28:27"}
{"level":"info","message":"Created client session 3d55dd520e733beeefad1da8","timestamp":"2026-09-14 01:28:27"}
{"level":"info","message":"Created client session d7b529e190d6e88842046ddd","timestamp":"2026-09-14 01:28:27"}
{"level":"info","message":"Created client session 0725ddab0192cd7b4822ea1e","timestamp":"2026-09-14 01:28:27"}
{"level":"info","message":"Created client session ffc6bf776c0d96d6f053e794","timestamp":"2026-09-14 01:28:27"}
{"level":"info","message":"Created client session 216381562a18249655f30304","timestamp":"2026-09-14 01:28:27"}
{"level":"info","message":"Created client session ca03a0f9c399a9e0db6f0795","timestamp":"2026-09-14 01:28:27"}
{"level":"info","message":"Created client session 28cb864814d09f3b702f5b67","timestamp":"2026-09-14 01:28:27"}
{"level":"info","message":"Created client session 814a8c3d780cb73b71d02515","timestamp":"2026-09-14 01:44:41"}
{"level":"info","message":"Created client session 5ffd7bd205148383a8170762","timestamp":"2026-09-14 01:48:47"}
{"level":"info","message":"Created client session 98d0d57d52762661d2429142","timestamp":"2026-09-14 01:57:45"}
{"level":"info","message":"Created client session 09c2ff745154a4fbae00623a","timestamp":"2026-09-14 02:48:07"}
{"level":"info","message":"Created client session 9533cbc9e1b24af8d529f7ac","timestamp":"2026-09-14 03:01:43"}
{"level":"info","message":"Created client session f8c31d0f3c370ce2b129367c","timestamp":"2026-09-14 03:01:43"}
{"level":"info","message":"Created client session df5166144e1a2b655305b5e0","timestamp":"2026-09-14 03:01:56"}
{"level":"info","message":"Created client session 22ff962ac129daa916c89f0c","timestamp":"2026-09-14 03:01:57"}
{"level":"info","message":"Created client session 0e482a48215a8ee3e4ac0e88","timestamp":"2026-09-14 03:02:07"}
{"level":"info","message":"Created client session b2df92f956573265d2dec969","timestamp":"2026-09-14 03:10:37"}
{"level":"info","message":"Created client session 506ed2bc8e4f976345e91b32","timestamp":"2026-09-14 03:12:27"}
{"level":"info","message":"Logged user rqLnwhIjz2wZCvXC out of active World","timestamp":"2026-09-14 04:13:06"}
{"ip":"38.143.253.121","level":"info","message":"User authentication successful for user Gamemaster","session":"f801d57d2b0a9e3dfd30e35b","timestamp":"2026-09-14 04:13:31"}
{"level":"info","message":"No system update for LANCER is currently available.","timestamp":"2026-09-14 04:13:33"}
{"level":"info","message":"Vended World data to User [rqLnwhIjz2wZCvXC] in 1184ms","timestamp":"2026-09-14 04:13:33"}
{"level":"info","message":"Created Scene with id [RyY8v281QEsXzbo5]","timestamp":"2026-09-14 04:13:49"}
{"level":"info","message":"Wallclimber Approach.jpg saved to assets/forte/beneath_the_static","timestamp":"2026-09-14 04:14:32"}
{"level":"info","message":"Extracted base64 asset: \"/home/ubuntu/foundryuserdata/Data/worlds/beneath-the-static/assets/scenes/RyY8v281QEsXzbo5-thumb.webp\"","timestamp":"2026-09-14 04:14:45"}
{"level":"info","message":"Created client session d49ecc91f5cd4ea2cd6ad27c","timestamp":"2026-09-14 04:21:43"}
{"level":"info","message":"No system update for LANCER is currently available.","timestamp":"2026-09-14 04:21:55"}
{"level":"info","message":"Vended World data to User [rqLnwhIjz2wZCvXC] in 306ms","timestamp":"2026-09-14 04:21:55"}
{"level":"info","message":"Created client session e46e8b6a9dc8debb77d80659","timestamp":"2026-09-14 04:29:48"}
{"level":"info","message":"Created client session 899ac83749384cece1c2aea7","timestamp":"2026-09-14 04:29:48"}
{"level":"info","message":"Created client session f509307ffa4da1e2c4e08bb6","timestamp":"2026-09-14 04:29:49"}
{"level":"info","message":"Created client session e1b70a994eac4b1b8a2d612d","timestamp":"2026-09-14 04:29:50"}
{"level":"info","message":"Created client session 049a552c9230d17ed298f5f9","timestamp":"2026-09-14 04:29:51"}
{"level":"info","message":"Created client session 7a537390d9986ec345095d2c","timestamp":"2026-09-14 04:29:52"}
{"level":"info","message":"Created client session 7dab9f8ef56b2164cc5cd1c0","timestamp":"2026-09-14 04:29:53"}
{"level":"info","message":"Created client session c660cbb141179fb840020d0a","timestamp":"2026-09-14 04:29:54"}
{"level":"info","message":"Created client session 4bcb482e451d75e919934a96","timestamp":"2026-09-14 04:29:55"}
{"level":"info","message":"Created client session 5c25653827e61bdb33a45537","timestamp":"2026-09-14 04:29:56"}
{"level":"info","message":"Created client session 7aed5fe2d52f18f19270c47b","timestamp":"2026-09-14 04:29:56"}
{"level":"info","message":"Created client session bb81cf0ffc1d7acefda27b09","timestamp":"2026-09-14 04:29:57"}
{"level":"info","message":"Created client session f0ad0ee5cda0efddc4fdb059","timestamp":"2026-09-14 04:29:58"}
{"level":"info","message":"Created client session 4664b265f65a5d38056f7d86","timestamp":"2026-09-14 04:29:59"}
{"level":"info","message":"Created client session 8174ee763cbfd44d884e824c","timestamp":"2026-09-14 04:30:00"}
{"level":"info","message":"Created client session ada4a0e847524afa0f1987cf","timestamp":"2026-09-14 04:30:01"}
{"level":"info","message":"Created client session e0e57abb93a1ac67e027794c","timestamp":"2026-09-14 04:30:02"}
{"level":"info","message":"Created client session f81668a72447c800eff4acaa","timestamp":"2026-09-14 04:30:03"}
{"level":"info","message":"Created client session 09a582e3d7140a90b080ef7b","timestamp":"2026-09-14 04:30:04"}
{"level":"info","message":"Created client session 41bada95400649caba841f97","timestamp":"2026-09-14 04:30:05"}
{"level":"info","message":"Created client session 917ccf53c3f44692366bae09","timestamp":"2026-09-14 04:30:06"}
{"level":"info","message":"Created client session 799cf283b51ead1bfe25c498","timestamp":"2026-09-14 04:30:07"}
{"level":"info","message":"Created client session 9036024b262634d8aa9c4d4d","timestamp":"2026-09-14 04:30:07"}
{"level":"info","message":"Created client session 512b1f246ca5f5720be8abf1","timestamp":"2026-09-14 04:30:08"}
{"level":"info","message":"Created client session 0ccc588f1d2a7f132e5dcbea","timestamp":"2026-09-14 04:30:09"}
{"level":"info","message":"Created client session b2b924fb2b61120d9e715ec5","timestamp":"2026-09-14 04:30:10"}
{"level":"info","message":"Created client session 415d92ac8b73e19cb4918f6e","timestamp":"2026-09-14 04:30:11"}
{"level":"info","message":"Created client session f3cc3470ed9f562c0f401e11","timestamp":"2026-09-14 04:30:13"}
{"level":"info","message":"Created client session 695e7433ce746092a8445d19","timestamp":"2026-09-14 04:30:14"}
{"level":"info","message":"Created client session 01393f1558bdce9b85feeead","timestamp":"2026-09-14 04:30:15"}
{"level":"info","message":"Created client session c19572c0cf87a1ed31bc9447","timestamp":"2026-09-14 04:30:16"}
{"level":"info","message":"Created client session be2cb8ce0ee20def1d681e57","timestamp":"2026-09-14 04:30:17"}
{"level":"info","message":"Created client session 8ecc554933eef77fb1d6df42","timestamp":"2026-09-14 04:33:57"}
{"level":"info","message":"Created client session 94028ca86d25bf0180198717","timestamp":"2026-09-14 04:34:09"}
{"level":"info","message":"Created client session d2f8673b2889be8e3bc30510","timestamp":"2026-09-14 04:34:15"}
{"level":"info","message":"Created client session 5f7e2d2a3c9303ae99340d71","timestamp":"2026-09-14 04:43:07"}
{"level":"info","message":"Created client session a8fbdc5a190f5d20fb6dd587","timestamp":"2026-09-14 04:43:09"}
{"level":"info","message":"Created client session 4faa6085c31c46c9de322532","timestamp":"2026-09-14 04:50:23"}
{"level":"info","message":"Created client session 66473678234e0ebac3859466","timestamp":"2026-09-14 05:06:25"}
{"level":"info","message":"Created client session bc59fc562598d569f40928d9","timestamp":"2026-09-14 05:16:41"}
{"level":"info","message":"Created client session 9b6be0c01caccb627f3407c4","timestamp":"2026-09-14 05:35:24"}
{"level":"info","message":"Created client session 6496f3d1c8bf8ccc054b8492","timestamp":"2026-09-14 05:49:22"}
{"level":"info","message":"Created client session 52c3c6d473cc2798b950e4f7","timestamp":"2026-09-14 05:57:02"}
{"level":"info","message":"Created client session 28997eb81a8206d7de1d7927","timestamp":"2026-09-14 05:57:03"}
{"level":"info","message":"Created client session c6c2f2b02a8d536952d7bd6e","timestamp":"2026-09-14 05:57:03"}
{"level":"info","message":"Created client session c466f2668a506473a6a1cf18","timestamp":"2026-09-14 05:57:03"}
{"level":"info","message":"Created client session 0ead2236c7cd1a65a9c71f3d","timestamp":"2026-09-14 05:57:03"}
{"level":"info","message":"Created client session e5fda1cdd25c6937fe0f5082","timestamp":"2026-09-14 05:57:03"}
{"level":"info","message":"Created client session e9044a973d8d60d261e84e08","timestamp":"2026-09-14 05:57:03"}
{"level":"info","message":"Created client session 431b447a26e783a518f9218d","timestamp":"2026-09-14 05:57:03"}
{"level":"info","message":"Created client session 8d1b6a9b1d3d272d437628ae","timestamp":"2026-09-14 05:57:04"}
{"level":"info","message":"Created client session ae3256636df392a2098e2b1e","timestamp":"2026-09-14 05:57:04"}
{"level":"info","message":"Created client session 6641fb086f24eead9406c492","timestamp":"2026-09-14 05:57:04"}
{"level":"info","message":"Created client session 564a7caea3de937a7365301c","timestamp":"2026-09-14 05:57:04"}
{"level":"info","message":"Created client session 58cfae4e88757f0c30634c4c","timestamp":"2026-09-14 05:57:04"}
{"level":"info","message":"Created client session 5ddeae31803ca4b2608bf9df","timestamp":"2026-09-14 05:57:04"}
{"level":"info","message":"Created client session c38b0033127a5688199ed078","timestamp":"2026-09-14 05:57:04"}
{"level":"info","message":"Created client session 9aaaa37e17424dd4f420bb8e","timestamp":"2026-09-14 05:57:05"}
{"level":"info","message":"Created client session 96d6899206181a292b54fe03","timestamp":"2026-09-14 05:57:05"}
{"level":"info","message":"Created client session 458e6f4a73bfd67b8d3fe04a","timestamp":"2026-09-14 05:57:05"}
{"level":"info","message":"Created client session 7c14d58e935795fd0b5c8960","timestamp":"2026-09-14 05:57:05"}
{"level":"info","message":"Created client session 186a804c07b0d627c9c699cf","timestamp":"2026-09-14 05:57:05"}
{"level":"info","message":"Created client session 2c1e71c03bcc42700a442cc8","timestamp":"2026-09-14 05:57:05"}
{"level":"info","message":"Created client session 98ebd10ba09bdde7dfcc7e35","timestamp":"2026-09-14 05:57:05"}
{"level":"info","message":"Created client session 945794b23529c04d1e7213b7","timestamp":"2026-09-14 05:57:05"}
{"level":"info","message":"Created client session 5a01eb86eb87a12dad4f3a03","timestamp":"2026-09-14 05:57:05"}
{"level":"info","message":"Created client session 43b5e8cca5c89c3c3f663fad","timestamp":"2026-09-14 05:57:06"}
{"level":"info","message":"Created client session 37dc008a27d24bfd6415b69f","timestamp":"2026-09-14 05:57:06"}
{"level":"info","message":"Created client session 3ffcd360edb4ac83ff7cc7f2","timestamp":"2026-09-14 05:57:06"}
{"level":"info","message":"Created client session 2820b098431140d23957aeb5","timestamp":"2026-09-14 05:57:06"}
{"level":"info","message":"Created client session 59bb1891415191c6b2fb87c1","timestamp":"2026-09-14 05:57:06"}
{"level":"info","message":"Created client session bfd914a904b2d98010a84d66","timestamp":"2026-09-14 05:57:06"}
{"level":"info","message":"Created client session 05e61a3355d6564fab1e01ea","timestamp":"2026-09-14 05:57:06"}
{"level":"info","message":"Created client session e03c7321da14eafe1a9354e4","timestamp":"2026-09-14 05:57:06"}
{"level":"info","message":"Created client session f5bebe8aa8eabd19250d05f2","timestamp":"2026-09-14 05:57:06"}
{"level":"info","message":"Created client session cb05f5efc23de551b41ad164","timestamp":"2026-09-14 05:57:07"}
{"level":"info","message":"Created client session c57eb78338a4c26b3a116e5a","timestamp":"2026-09-14 05:57:07"}
{"level":"info","message":"Created client session cf048dadbcc9b0513118fd05","timestamp":"2026-09-14 05:57:07"}
{"level":"info","message":"Created client session 4d9d5d7766c7194caad29921","timestamp":"2026-09-14 05:57:07"}
{"level":"info","message":"Created client session cadafe4eefe0d1ba5076039d","timestamp":"2026-09-14 05:57:07"}
{"level":"info","message":"Created client session d54596d80e835c3c461fe0dd","timestamp":"2026-09-14 05:57:07"}
{"level":"info","message":"Created client session a5c21252083c44e77f1a75ca","timestamp":"2026-09-14 05:57:07"}
{"level":"info","message":"Created client session 181e97b850f57d9245ad024d","timestamp":"2026-09-14 05:57:08"}
{"level":"info","message":"Created client session 2e572f5ba03093d31e1ffed4","timestamp":"2026-09-14 05:57:08"}
{"level":"info","message":"Created client session 7a177ab26aefcffdf5bb896e","timestamp":"2026-09-14 05:57:08"}
{"level":"info","message":"Created client session b40728d284f8760753e79d73","timestamp":"2026-09-14 05:57:08"}
{"level":"info","message":"Created client session d61641c6888f5c63045b8bcc","timestamp":"2026-09-14 05:57:08"}
{"level":"info","message":"Created client session c542351db0aab88e227dc58e","timestamp":"2026-09-14 05:57:08"}
{"level":"info","message":"Created client session bcc859d825916c4dde659c54","timestamp":"2026-09-14 05:57:08"}
{"level":"info","message":"Created client session 224a0140cd2e5a19a332ae6d","timestamp":"2026-09-14 05:57:08"}
{"level":"info","message":"Created client session 037c377a7d36cc087538990f","timestamp":"2026-09-14 05:57:08"}
{"level":"info","message":"Created client session 1f7ed6fc17f99af346bb35a4","timestamp":"2026-09-14 05:57:09"}
{"level":"info","message":"Created client session 9cd789c7f44d27f4968df2ad","timestamp":"2026-09-14 05:57:09"}
{"level":"info","message":"Created client session e000772c70db2a022f002093","timestamp":"2026-09-14 05:57:09"}
{"level":"info","message":"Created client session 289e075a9356467f0048bd88","timestamp":"2026-09-14 05:57:09"}
{"level":"info","message":"Created client session 33d0e658422ff82fc805819a","timestamp":"2026-09-14 05:57:09"}
{"level":"info","message":"Created client session 92e65b697ee7b5043131ac12","timestamp":"2026-09-14 05:57:09"}
{"level":"info","message":"Created client session 46e14071cad4bd56ab561b6f","timestamp":"2026-09-14 05:57:09"}
{"level":"info","message":"Created client session 5f7ac6b3c80bc07e96d3a93c","timestamp":"2026-09-14 05:57:09"}
{"level":"info","message":"Created client session 7c4346b94cdfaa266bebb02e","timestamp":"2026-09-14 05:57:09"}
{"level":"info","message":"Created client session 7c3e7433d143935f7c9d827c","timestamp":"2026-09-14 05:57:09"}
{"level":"info","message":"Created client session 09db54d4dfbb71266669a68e","timestamp":"2026-09-14 05:57:10"}
{"level":"info","message":"Created client session b4ef1086b32eb655ef04ad4b","timestamp":"2026-09-14 05:57:10"}
{"level":"info","message":"Created client session c348e3dcb9468d0262e2930f","timestamp":"2026-09-14 05:57:10"}
{"level":"info","message":"Created client session 422f8075acca43e2b09db7a9","timestamp":"2026-09-14 05:57:10"}
{"level":"info","message":"Created client session ead2a2e9caddea3d8f16250f","timestamp":"2026-09-14 05:57:10"}
{"level":"info","message":"Created client session bcd1c603f195a02a2f9c9b27","timestamp":"2026-09-14 05:57:10"}
{"level":"info","message":"Created client session 844f801c7656812fa89888c6","timestamp":"2026-09-14 05:57:10"}
{"level":"info","message":"Created client session df3073bc3d6c409c9ff41863","timestamp":"2026-09-14 05:57:10"}
{"level":"info","message":"Created client session 6532ec085dbf2ef317042fcd","timestamp":"2026-09-14 05:57:11"}
{"level":"info","message":"Created client session f5b88af30fdbb381880fe365","timestamp":"2026-09-14 05:57:11"}
{"level":"info","message":"Created client session f02c149d96873262f243423e","timestamp":"2026-09-14 05:57:11"}
{"level":"info","message":"Created client session b5133a5b3899b7f1bffcd494","timestamp":"2026-09-14 05:57:11"}
{"level":"info","message":"Created client session 9b9510ebfc1fd3bbccc7a822","timestamp":"2026-09-14 05:57:11"}
{"level":"info","message":"Created client session 2ce7f5d6f6b97e83bd00be1d","timestamp":"2026-09-14 05:57:11"}
{"level":"info","message":"Created client session 5beebb4dbd991b3d7829ca3a","timestamp":"2026-09-14 05:57:11"}
{"level":"info","message":"Created client session deb454be11382240fcbfd65f","timestamp":"2026-09-14 05:57:11"}
{"level":"info","message":"Created client session 5b64dae233cca4a5186c2d78","timestamp":"2026-09-14 05:57:11"}
{"level":"info","message":"Created client session ec9933344eb7c324a18f05f1","timestamp":"2026-09-14 05:57:11"}
{"level":"info","message":"Created client session 0e0cdcc99dfdcb4dcf0aa1a2","timestamp":"2026-09-14 05:57:12"}
{"level":"info","message":"Created client session 51947d3cb384c60a4f4f1c96","timestamp":"2026-09-14 05:57:12"}
{"level":"info","message":"Created client session f1ebcafd269ac37847882797","timestamp":"2026-09-14 05:57:12"}
{"level":"info","message":"Created client session 72311c8017692f1793086eb4","timestamp":"2026-09-14 05:57:12"}
{"level":"info","message":"Created client session 259bb6621da58697da669579","timestamp":"2026-09-14 05:57:12"}
{"level":"info","message":"Created client session a256b01166123bc5059ec2be","timestamp":"2026-09-14 05:57:12"}
{"level":"info","message":"Created client session e0541041efd2431b9f0909f7","timestamp":"2026-09-14 05:57:13"}
{"level":"info","message":"Created client session aae9b725d752ccbea635dd27","timestamp":"2026-09-14 05:57:13"}
{"level":"info","message":"Created client session 62a95e7c648fc4a437bfac8a","timestamp":"2026-09-14 05:57:13"}
{"level":"info","message":"Created client session a9d73674b203a488aba6b6aa","timestamp":"2026-09-14 05:57:13"}
{"level":"info","message":"Created client session fd464af68209ed13f6319d07","timestamp":"2026-09-14 05:57:13"}
{"level":"info","message":"Created client session e591c686fc248dcfd81f25de","timestamp":"2026-09-14 05:57:13"}
{"level":"info","message":"Created client session 81cf752e83b915f425fa7983","timestamp":"2026-09-14 05:57:13"}
{"level":"info","message":"Created client session 2e416ce9712e8deb9c1515c6","timestamp":"2026-09-14 05:57:13"}
{"level":"info","message":"Created client session 565261830b3d5019464f2861","timestamp":"2026-09-14 05:57:13"}
{"level":"info","message":"Created client session 5aa92cbb54ba60fc56000294","timestamp":"2026-09-14 05:57:14"}
{"level":"info","message":"Created client session fcd6276d273af43b4fecb77b","timestamp":"2026-09-14 05:57:14"}
{"level":"info","message":"Created client session 0ba88e4e5606c91be478711e","timestamp":"2026-09-14 05:57:14"}
{"level":"info","message":"Created client session b9f2c0cf427fbf3ba24d607a","timestamp":"2026-09-14 05:57:14"}
{"level":"info","message":"Created client session 79c43e30efe8a7a24558013c","timestamp":"2026-09-14 05:57:14"}
{"level":"info","message":"Created client session 2854105fdb9f500c0e1c2645","timestamp":"2026-09-14 05:57:14"}
{"level":"info","message":"Created client session 56d3fe68e843053ab07d225a","timestamp":"2026-09-14 05:57:14"}
{"level":"info","message":"Created client session 2ef56c43e81ce4d297bfefdd","timestamp":"2026-09-14 05:57:14"}
{"level":"info","message":"Created client session d3eee5191f7dbed1d566f28a","timestamp":"2026-09-14 05:57:14"}
{"level":"info","message":"Created client session 70f486471c3b15c45df5bfae","timestamp":"2026-09-14 05:57:15"}
{"level":"info","message":"Created client session e6f45862da3b4b8239f718aa","timestamp":"2026-09-14 05:57:15"}
{"level":"info","message":"Created client session 84834abb2cd3a7bf7b43557c","timestamp":"2026-09-14 05:57:15"}
{"level":"info","message":"Created client session fefcc9629773d1265e646ab7","timestamp":"2026-09-14 05:57:15"}
{"level":"info","message":"Created client session 6020462f6614c91697d1fc13","timestamp":"2026-09-14 05:57:15"}
{"level":"info","message":"Created client session 912fa407f7ecdbe416d0c8ec","timestamp":"2026-09-14 05:57:15"}
{"level":"info","message":"Created Scene with id [r0Mcalhli0NIeQU2]","timestamp":"2026-09-14 06:09:16"}
{"level":"info","message":"Extracted base64 asset: \"/home/ubuntu/foundryuserdata/Data/worlds/beneath-the-static/assets/scenes/r0Mcalhli0NIeQU2-thumb.webp\"","timestamp":"2026-09-14 06:09:31"}
{"level":"info","message":"Created client session 72b51f92489d9c4981574257","timestamp":"2026-09-14 06:14:33"}
{"level":"info","message":"Created client session f9d95276912190be27b0ed82","timestamp":"2026-09-14 06:14:43"}
{"level":"info","message":"Created client session 69c9ef7e1278813da457f158","timestamp":"2026-09-14 06:15:18"}
{"level":"info","message":"Created client session 385601b1989123ea8cb978ce","timestamp":"2026-09-14 06:17:48"}
{"level":"info","message":"Extracted base64 asset: \"/home/ubuntu/foundryuserdata/Data/worlds/beneath-the-static/assets/scenes/r0Mcalhli0NIeQU2-thumb.webp\"","timestamp":"2026-09-14 06:18:25"}
{"level":"info","message":"Created Scene with id [3KKr1Bbsu9aBLR9i]","timestamp":"2026-09-14 06:20:19"}
{"level":"info","message":"Extracted base64 asset: \"/home/ubuntu/foundryuserdata/Data/worlds/beneath-the-static/assets/scenes/3KKr1Bbsu9aBLR9i-thumb.webp\"","timestamp":"2026-09-14 06:20:41"}
{"level":"info","message":"Created client session 2278ab5511658554671f7abb","timestamp":"2026-09-14 06:21:19"}
{"level":"info","message":"Created client session e6f4a73a03b336481a2f4f6e","timestamp":"2026-09-14 06:22:52"}
{"level":"info","message":"Created client session a6ac65d81fcbd61937133b6d","timestamp":"2026-09-14 06:23:33"}
{"level":"info","message":"Created client session 395499b8896ae85e6e2e3701","timestamp":"2026-09-14 06:24:36"}
{"level":"info","message":"Created client session e429258baf3046e350d2690b","timestamp":"2026-09-14 06:26:22"}
{"level":"info","message":"Created client session 0e7b1db80c0cc58c5b6377cc","timestamp":"2026-09-14 06:27:23"}
{"level":"info","message":"Created client session e95f4c9fc9f5e9fee26d632b","timestamp":"2026-09-14 06:28:31"}
{"level":"info","message":"Created client session 0b0f18d10dfe505562fa5b22","timestamp":"2026-09-14 06:29:47"}
{"level":"info","message":"Created client session 48bf01e1565a1224afc7b197","timestamp":"2026-09-14 06:30:11"}
{"level":"info","message":"Created client session 3684014240d82f4020bd2eaa","timestamp":"2026-09-14 06:31:23"}
{"level":"info","message":"Created client session d031a50bf0fd9495912d20d8","timestamp":"2026-09-14 06:31:55"}
{"level":"info","message":"Created client session bded41125a29ab06b1363ddf","timestamp":"2026-09-14 06:32:16"}
{"level":"info","message":"Created client session fa27aadc77588c460f3a0a83","timestamp":"2026-09-14 06:32:35"}
{"level":"info","message":"Created client session 052eb446c190eff8397dd753","timestamp":"2026-09-14 06:33:15"}
{"level":"info","message":"Extracted base64 asset: \"/home/ubuntu/foundryuserdata/Data/worlds/beneath-the-static/assets/scenes/3KKr1Bbsu9aBLR9i-thumb.webp\"","timestamp":"2026-09-14 06:33:42"}
{"level":"info","message":"Created Scene with id [bhrzlVNSdHxgRAyx]","timestamp":"2026-09-14 06:34:22"}
{"level":"info","message":"bts_farm.jpg saved to assets/forte/beneath_the_static","timestamp":"2026-09-14 06:34:30"}
{"level":"info","message":"Extracted base64 asset: \"/home/ubuntu/foundryuserdata/Data/worlds/beneath-the-static/assets/scenes/bhrzlVNSdHxgRAyx-thumb.webp\"","timestamp":"2026-09-14 06:34:36"}
{"level":"info","message":"Connected to database \"JB2A_DnD5e.jb2a-sequencer\"","timestamp":"2026-09-14 06:49:21"}
{"level":"info","message":"Connected to database \"battle-transitions.bt-sample-macros\"","timestamp":"2026-09-14 06:49:21"}
{"level":"info","message":"Connected to database \"csm-lancer-qol.macro\"","timestamp":"2026-09-14 06:49:21"}
{"level":"info","message":"Connected to database \"lancer-automations.macros\"","timestamp":"2026-09-14 06:49:21"}
{"level":"info","message":"Connected to database \"lancer-weapon-fx.weaponfx\"","timestamp":"2026-09-14 06:49:21"}
{"level":"info","message":"Connected to database \"psfx.psfx-macros\"","timestamp":"2026-09-14 06:49:21"}
{"level":"info","message":"Connected to database \"theatre.theatre-inserts-macros\"","timestamp":"2026-09-14 06:49:21"}
{"level":"info","message":"Connected to database \"tokenmagic.tmMacros\"","timestamp":"2026-09-14 06:49:21"}
{"level":"info","message":"Connected to database \"tokenmagic.tmSampleCompendium\"","timestamp":"2026-09-14 06:49:21"}
{"level":"info","message":"Connected to database \"wall-height.wall-height-macros\"","timestamp":"2026-09-14 06:49:21"}
{"level":"info","message":"Created Folder with id [ROnyMcxKDI6SzazJ]","timestamp":"2026-09-14 06:49:21"}
{"level":"error","message":"An error occurred during the migration of Macro record [25k1icw3Ch3eo6VZ] of database \"psfx.psfx-macros\":\nError: Documents from a core version newer than the running version cannot be migrated\n    at Function._migrateRecord (file:///home/ubuntu/foundry/resources/app/dist/database/backend/server-document.mjs:1:3713)\n    at Function._migrateDocuments (file:///home/ubuntu/foundry/resources/app/dist/database/backend/server-document.mjs:1:2782)","timestamp":"2026-09-14 06:49:21"}
{"level":"error","message":"An error occurred during the migration of Macro record [3fAUx2H2A8hSj2fg] of database \"psfx.psfx-macros\":\nError: Documents from a core version newer than the running version cannot be migrated\n    at Function._migrateRecord (file:///home/ubuntu/foundry/resources/app/dist/database/backend/server-document.mjs:1:3713)\n    at Function._migrateDocuments (file:///home/ubuntu/foundry/resources/app/dist/database/backend/server-document.mjs:1:2782)","timestamp":"2026-09-14 06:49:21"}
{"level":"error","message":"An error occurred during the migration of Macro record [5Su5ERGZKucfkGJ2] of database \"psfx.psfx-macros\":\nError: Documents from a core version newer than the running version cannot be migrated\n    at Function._migrateRecord (file:///home/ubuntu/foundry/resources/app/dist/database/backend/server-document.mjs:1:3713)\n    at Function._migrateDocuments (file:///home/ubuntu/foundry/resources/app/dist/database/backend/server-document.mjs:1:2782)","timestamp":"2026-09-14 06:49:21"}
{"level":"error","message":"An error occurred during the migration of Macro record [6ClwtXQy2gQbeXbX] of database \"psfx.psfx-macros\":\nError: Documents from a core version newer than the running version cannot be migrated\n    at Function._migrateRecord (file:///home/ubuntu/foundry/resources/app/dist/database/backend/server-document.mjs:1:3713)\n    at Function._migrateDocuments (file:///home/ubuntu/foundry/resources/app/dist/database/backend/server-document.mjs:1:2782)","timestamp":"2026-09-14 06:49:21"}
{"level":"error","message":"An error occurred during the migration of Macro record [7NdinQmQ472eZnKh] of database \"psfx.psfx-macros\":\nError: Documents from a core version newer than the running version cannot be migrated\n    at Function._migrateRecord (file:///home/ubuntu/foundry/resources/app/dist/database/backend/server-document.mjs:1:3713)\n    at Function._migrateDocuments (file:///home/ubuntu/foundry/resources/app/dist/database/backend/server-document.mjs:1:2782)","timestamp":"2026-09-14 06:49:21"}
{"level":"error","message":"An error occurred during the migration of Macro record [7fc3VwRBiux8eER4] of database \"psfx.psfx-macros\":\nError: Documents from a core version newer than the running version cannot be migrated\n    at Function._migrateRecord (file:///home/ubuntu/foundry/resources/app/dist/database/backend/server-document.mjs:1:3713)\n    at Function._migrateDocuments (file:///home/ubuntu/foundry/resources/app/dist/database/backend/server-document.mjs:1:2782)","timestamp":"2026-09-14 06:49:21"}
{"level":"error","message":"An error occurred during the migration of Macro record [7s5pLkAwQMos3T0Z] of database \"psfx.psfx-macros\":\nError: Documents from a core version newer than the running version cannot be migrated\n    at Function._migrateRecord (file:///home/ubuntu/foundry/resources/app/dist/database/backend/server-document.mjs:1:3713)\n    at Function._migrateDocuments (file:///home/ubuntu/foundry/resources/app/dist/database/backend/server-document.mjs:1:2782)","timestamp":"2026-09-14 06:49:21"}
{"level":"error","message":"An error occurred during the migration of Macro record [F43vNkkyrlK1AIO4] of database \"psfx.psfx-macros\":\nError: Documents from a core version newer than the running version cannot be migrated\n    at Function._migrateRecord (file:///home/ubuntu/foundry/resources/app/dist/database/backend/server-document.mjs:1:3713)\n    at Function._migrateDocuments (file:///home/ubuntu/foundry/resources/app/dist/database/backend/server-document.mjs:1:2782)","timestamp":"2026-09-14 06:49:21"}
{"level":"error","message":"An error occurred during the migration of Macro record [QZhWbDtFroGi7hZW] of database \"psfx.psfx-macros\":\nError: Documents from a core version newer than the running version cannot be migrated\n    at Function._migrateRecord (file:///home/ubuntu/foundry/resources/app/dist/database/backend/server-document.mjs:1:3713)\n    at Function._migrateDocuments (file:///home/ubuntu/foundry/resources/app/dist/database/backend/server-document.mjs:1:2782)","timestamp":"2026-09-14 06:49:21"}
{"level":"error","message":"An error occurred during the migration of Macro record [SleaRNST8ONdUBTu] of database \"psfx.psfx-macros\":\nError: Documents from a core version newer than the running version cannot be migrated\n    at Function._migrateRecord (file:///home/ubuntu/foundry/resources/app/dist/database/backend/server-document.mjs:1:3713)\n    at Function._migrateDocuments (file:///home/ubuntu/foundry/resources/app/dist/database/backend/server-document.mjs:1:2782)","timestamp":"2026-09-14 06:49:21"}
{"level":"error","message":"An error occurred during the migration of Macro record [TXeffYIICFjrqpbt] of database \"psfx.psfx-macros\":\nError: Documents from a core version newer than the running version cannot be migrated\n    at Function._migrateRecord (file:///home/ubuntu/foundry/resources/app/dist/database/backend/server-document.mjs:1:3713)\n    at Function._migrateDocuments (file:///home/ubuntu/foundry/resources/app/dist/database/backend/server-document.mjs:1:2782)","timestamp":"2026-09-14 06:49:21"}
{"level":"error","message":"An error occurred during the migration of Macro record [VT4n0Z0pTt0x19X8] of database \"psfx.psfx-macros\":\nError: Documents from a core version newer than the running version cannot be migrated\n    at Function._migrateRecord (file:///home/ubuntu/foundry/resources/app/dist/database/backend/server-document.mjs:1:3713)\n    at Function._migrateDocuments (file:///home/ubuntu/foundry/resources/app/dist/database/backend/server-document.mjs:1:2782)","timestamp":"2026-09-14 06:49:21"}
{"level":"error","message":"An error occurred during the migration of Macro record [XuJvJcSIPPQqxYNh] of database \"psfx.psfx-macros\":\nError: Documents from a core version newer than the running version cannot be migrated\n    at Function._migrateRecord (file:///home/ubuntu/foundry/resources/app/dist/database/backend/server-document.mjs:1:3713)\n    at Function._migrateDocuments (file:///home/ubuntu/foundry/resources/app/dist/database/backend/server-document.mjs:1:2782)","timestamp":"2026-09-14 06:49:21"}
{"level":"error","message":"An error occurred during the migration of Macro record [ZUwLESXi2N0fmLwb] of database \"psfx.psfx-macros\":\nError: Documents from a core version newer than the running version cannot be migrated\n    at Function._migrateRecord (file:///home/ubuntu/foundry/resources/app/dist/database/backend/server-document.mjs:1:3713)\n    at Function._migrateDocuments (file:///home/ubuntu/foundry/resources/app/dist/database/backend/server-document.mjs:1:2782)","timestamp":"2026-09-14 06:49:21"}
{"level":"error","message":"An error occurred during the migration of Macro record [aEX3nSX54TsJlrVs] of database \"psfx.psfx-macros\":\nError: Documents from a core version newer than the running version cannot be migrated\n    at Function._migrateRecord (file:///home/ubuntu/foundry/resources/app/dist/database/backend/server-document.mjs:1:3713)\n    at Function._migrateDocuments (file:///home/ubuntu/foundry/resources/app/dist/database/backend/server-document.mjs:1:2782)","timestamp":"2026-09-14 06:49:21"}
{"level":"error","message":"An error occurred during the migration of Macro record [fFuEISVrfqmzdTda] of database \"psfx.psfx-macros\":\nError: Documents from a core version newer than the running version cannot be migrated\n    at Function._migrateRecord (file:///home/ubuntu/foundry/resources/app/dist/database/backend/server-document.mjs:1:3713)\n    at Function._migrateDocuments (file:///home/ubuntu/foundry/resources/app/dist/database/backend/server-document.mjs:1:2782)","timestamp":"2026-09-14 06:49:21"}
{"level":"error","message":"An error occurred during the migration of Macro record [i3hiEJIWrdvzwj7z] of database \"psfx.psfx-macros\":\nError: Documents from a core version newer than the running version cannot be migrated\n    at Function._migrateRecord (file:///home/ubuntu/foundry/resources/app/dist/database/backend/server-document.mjs:1:3713)\n    at Function._migrateDocuments (file:///home/ubuntu/foundry/resources/app/dist/database/backend/server-document.mjs:1:2782)","timestamp":"2026-09-14 06:49:21"}
{"level":"error","message":"An error occurred during the migration of Macro record [iU59ZeAqWHhgILUE] of database \"psfx.psfx-macros\":\nError: Documents from a core version newer than the running version cannot be migrated\n    at Function._migrateRecord (file:///home/ubuntu/foundry/resources/app/dist/database/backend/server-document.mjs:1:3713)\n    at Function._migrateDocuments (file:///home/ubuntu/foundry/resources/app/dist/database/backend/server-document.mjs:1:2782)","timestamp":"2026-09-14 06:49:21"}
{"level":"error","message":"An error occurred during the migration of Macro record [l1VaZSswhOg5Y8Z5] of database \"psfx.psfx-macros\":\nError: Documents from a core version newer than the running version cannot be migrated\n    at Function._migrateRecord (file:///home/ubuntu/foundry/resources/app/dist/database/backend/server-document.mjs:1:3713)\n    at Function._migrateDocuments (file:///home/ubuntu/foundry/resources/app/dist/database/backend/server-document.mjs:1:2782)","timestamp":"2026-09-14 06:49:21"}
{"level":"error","message":"An error occurred during the migration of Macro record [lJDOlXizpTk24FAr] of database \"psfx.psfx-macros\":\nError: Documents from a core version newer than the running version cannot be migrated\n    at Function._migrateRecord (file:///home/ubuntu/foundry/resources/app/dist/database/backend/server-document.mjs:1:3713)\n    at Function._migrateDocuments (file:///home/ubuntu/foundry/resources/app/dist/database/backend/server-document.mjs:1:2782)","timestamp":"2026-09-14 06:49:21"}
{"level":"error","message":"An error occurred during the migration of Macro record [p5HlqVt50xuW73pr] of database \"psfx.psfx-macros\":\nError: Documents from a core version newer than the running version cannot be migrated\n    at Function._migrateRecord (file:///home/ubuntu/foundry/resources/app/dist/database/backend/server-document.mjs:1:3713)\n    at Function._migrateDocuments (file:///home/ubuntu/foundry/resources/app/dist/database/backend/server-document.mjs:1:2782)","timestamp":"2026-09-14 06:49:21"}
{"level":"error","message":"An error occurred during the migration of Macro record [p9Vl1exqK4O21sqY] of database \"psfx.psfx-macros\":\nError: Documents from a core version newer than the running version cannot be migrated\n    at Function._migrateRecord (file:///home/ubuntu/foundry/resources/app/dist/database/backend/server-document.mjs:1:3713)\n    at Function._migrateDocuments (file:///home/ubuntu/foundry/resources/app/dist/database/backend/server-document.mjs:1:2782)","timestamp":"2026-09-14 06:49:21"}
{"level":"error","message":"An error occurred during the migration of Macro record [rIrcTKbaoBAt6hV8] of database \"psfx.psfx-macros\":\nError: Documents from a core version newer than the running version cannot be migrated\n    at Function._migrateRecord (file:///home/ubuntu/foundry/resources/app/dist/database/backend/server-document.mjs:1:3713)\n    at Function._migrateDocuments (file:///home/ubuntu/foundry/resources/app/dist/database/backend/server-document.mjs:1:2782)","timestamp":"2026-09-14 06:49:21"}
{"level":"error","message":"An error occurred during the migration of Macro record [szabKdSxqAmKEotU] of database \"psfx.psfx-macros\":\nError: Documents from a core version newer than the running version cannot be migrated\n    at Function._migrateRecord (file:///home/ubuntu/foundry/resources/app/dist/database/backend/server-document.mjs:1:3713)\n    at Function._migrateDocuments (file:///home/ubuntu/foundry/resources/app/dist/database/backend/server-document.mjs:1:2782)","timestamp":"2026-09-14 06:49:21"}
{"level":"error","message":"An error occurred during the migration of Macro record [t7GgAA1jqWyDWC74] of database \"psfx.psfx-macros\":\nError: Documents from a core version newer than the running version cannot be migrated\n    at Function._migrateRecord (file:///home/ubuntu/foundry/resources/app/dist/database/backend/server-document.mjs:1:3713)\n    at Function._migrateDocuments (file:///home/ubuntu/foundry/resources/app/dist/database/backend/server-document.mjs:1:2782)","timestamp":"2026-09-14 06:49:21"}
{"level":"error","message":"An error occurred during the migration of Macro record [tGj125Zku5wjux3j] of database \"psfx.psfx-macros\":\nError: Documents from a core version newer than the running version cannot be migrated\n    at Function._migrateRecord (file:///home/ubuntu/foundry/resources/app/dist/database/backend/server-document.mjs:1:3713)\n    at Function._migrateDocuments (file:///home/ubuntu/foundry/resources/app/dist/database/backend/server-document.mjs:1:2782)","timestamp":"2026-09-14 06:49:21"}
{"level":"error","message":"An error occurred during the migration of Macro record [uMuY6C8BFMlHxP5s] of database \"psfx.psfx-macros\":\nError: Documents from a core version newer than the running version cannot be migrated\n    at Function._migrateRecord (file:///home/ubuntu/foundry/resources/app/dist/database/backend/server-document.mjs:1:3713)\n    at Function._migrateDocuments (file:///home/ubuntu/foundry/resources/app/dist/database/backend/server-document.mjs:1:2782)","timestamp":"2026-09-14 06:49:21"}
{"level":"error","message":"An error occurred during the migration of Macro record [utsu2lBPZmwAHJDZ] of database \"psfx.psfx-macros\":\nError: Documents from a core version newer than the running version cannot be migrated\n    at Function._migrateRecord (file:///home/ubuntu/foundry/resources/app/dist/database/backend/server-document.mjs:1:3713)\n    at Function._migrateDocuments (file:///home/ubuntu/foundry/resources/app/dist/database/backend/server-document.mjs:1:2782)","timestamp":"2026-09-14 06:49:21"}
{"level":"error","message":"An error occurred during the migration of Macro record [zYCX2BmlEYEBELbg] of database \"psfx.psfx-macros\":\nError: Documents from a core version newer than the running version cannot be migrated\n    at Function._migrateRecord (file:///home/ubuntu/foundry/resources/app/dist/database/backend/server-document.mjs:1:3713)\n    at Function._migrateDocuments (file:///home/ubuntu/foundry/resources/app/dist/database/backend/server-document.mjs:1:2782)","timestamp":"2026-09-14 06:49:21"}
{"level":"warn","message":"Database psfx.psfx-macros was not fully migrated due to errors during migration.","timestamp":"2026-09-14 06:49:21"}
{"level":"info","message":"No system update for LANCER is currently available.","timestamp":"2026-09-14 06:49:25"}
{"level":"info","message":"Vended World data to User [rqLnwhIjz2wZCvXC] in 378ms","timestamp":"2026-09-14 06:49:25"}
{"level":"info","message":"Created Item with id [yCZWEcUJVliOMnld]","timestamp":"2026-09-14 06:49:26"}
{"level":"info","message":"Created Setting with id [Xqr2NupSrJGNodxF]","timestamp":"2026-09-14 06:49:27"}
{"level":"info","message":"Created Setting with id [LzZLg1LQlWohnuRV]","timestamp":"2026-09-14 06:49:27"}
{"level":"info","message":"Created Setting with id [wEJWpA2zRjRg9Tma]","timestamp":"2026-09-14 06:49:27"}
{"level":"info","message":"Created Setting with id [6FW0ZECxX1Gv2uiE]","timestamp":"2026-09-14 06:49:27"}
{"level":"info","message":"Created Setting with id [9xZ1Ov0YFTl60RmL]","timestamp":"2026-09-14 06:49:27"}
{"level":"info","message":"Created Setting with id [BqeknaWBYFWOLKt3]","timestamp":"2026-09-14 06:49:27"}
{"level":"info","message":"Created Setting with id [iXxafalXM29iHiDu]","timestamp":"2026-09-14 06:49:27"}
{"level":"info","message":"Created Setting with id [efChpDRjvGt7Kipg]","timestamp":"2026-09-14 06:49:27"}
{"level":"info","message":"Created Setting with id [jHBjNeAIj4XbO7rh]","timestamp":"2026-09-14 06:49:27"}
{"level":"info","message":"Created Setting with id [VdMhU8lSNioK31tc]","timestamp":"2026-09-14 06:49:27"}
{"level":"info","message":"Created Setting with id [bLGBXubMyUKU1DyJ]","timestamp":"2026-09-14 06:49:27"}
{"level":"info","message":"Created Setting with id [fLJoCAZ5BvhUqzI7]","timestamp":"2026-09-14 06:49:27"}
{"level":"info","message":"Created Setting with id [SZjW8Jux5QsYgMmb]","timestamp":"2026-09-14 06:49:27"}
{"level":"info","message":"Created Setting with id [UdpQ6IgH6pCwfu8J]","timestamp":"2026-09-14 06:49:27"}
{"level":"info","message":"Created Setting with id [jyKLvfl30gEf2Y02]","timestamp":"2026-09-14 06:49:27"}
{"level":"info","message":"Created ChatMessage with id [vZQtuem3ZgwWXLTJ]","timestamp":"2026-09-14 06:49:27"}
{"level":"info","message":"Created ChatMessage with id [b3DSlp7P1lO3Bpc4]","timestamp":"2026-09-14 06:49:27"}
{"level":"info","message":"Created Setting with id [wmWaEdf0xciEa4S9]","timestamp":"2026-09-14 06:49:27"}
{"level":"info","message":"Created ChatMessage with id [eJzGeJpu8asbNv0x]","timestamp":"2026-09-14 06:49:27"}
{"level":"info","message":"Created ChatMessage with id [fmeJRJrS7c9U3pgB]","timestamp":"2026-09-14 06:49:27"}
{"level":"info","message":"Created ChatMessage with id [xsoA34nwFgwTmtUV]","timestamp":"2026-09-14 06:49:27"}
{"level":"info","message":"Created ChatMessage with id [k3lqer3GofJ2NZQ5]","timestamp":"2026-09-14 06:49:27"}
{"level":"info","message":"Created ChatMessage with id [2JChqyQu7g3RiwCm]","timestamp":"2026-09-14 06:49:27"}
{"level":"info","message":"Created JournalEntry with id [Oq13zdYLn2urTbiI]","timestamp":"2026-09-14 06:49:27"}
{"level":"info","message":"Created Setting with id [Wajjez2cVxXjyeQk]","timestamp":"2026-09-14 06:49:27"}
{"level":"info","message":"Created Setting with id [s7JkMdyZKVwtSePc]","timestamp":"2026-09-14 06:49:27"}
{"level":"info","message":"Created ChatMessage with id [cp8SHHU3aByIpk8M]","timestamp":"2026-09-14 06:49:27"}
{"level":"info","message":"Created Setting with id [yVTGfOvknp8tL2xP]","timestamp":"2026-09-14 06:49:27"}
{"level":"info","message":"Created Setting with id [XInKmrgMTPxrSst3]","timestamp":"2026-09-14 06:49:27"}
{"level":"info","message":"Created Setting with id [i3igqSY4UQMh0zBR]","timestamp":"2026-09-14 06:49:27"}
{"level":"info","message":"Created Setting with id [qOSFAFMNAeEeylfI]","timestamp":"2026-09-14 06:49:27"}
{"level":"info","message":"Created Setting with id [0BsZOSKWAIkAHAeD]","timestamp":"2026-09-14 06:49:27"}
{"level":"info","message":"Created Setting with id [EGTUsX6kqoDr2KPL]","timestamp":"2026-09-14 06:49:27"}
{"level":"info","message":"Created Setting with id [Uy00pDieqPGKphu3]","timestamp":"2026-09-14 06:49:27"}
{"level":"info","message":"Created Setting with id [IBNcby2DCx23XhoA]","timestamp":"2026-09-14 06:49:27"}
{"level":"info","message":"Created Setting with id [QlYLvAxthjsVL3YR]","timestamp":"2026-09-14 06:49:27"}
{"level":"info","message":"Created Setting with id [VBvf1blc6vXZOzIf]","timestamp":"2026-09-14 06:49:27"}
{"level":"info","message":"Created Setting with id [hBFCixCugtfk8yng]","timestamp":"2026-09-14 06:49:28"}
{"level":"info","message":"Created ChatMessage with id [VIcqx1Yd6xymJonn]","timestamp":"2026-09-14 06:49:28"}
{"level":"info","message":"Created Setting with id [zZQ4HyvBrN5rQ1Vv]","timestamp":"2026-09-14 06:49:28"}
{"level":"info","message":"Created Setting with id [uclbvW5ZwgcnyR43]","timestamp":"2026-09-14 06:49:35"}
{"level":"info","message":"Created Setting with id [JacFLZVnwa34sFG2]","timestamp":"2026-09-14 06:49:49"}
{"level":"info","message":"Created Setting with id [K2vpLp47m322IFOi]","timestamp":"2026-09-14 06:50:01"}
{"level":"info","message":"Created Setting with id [MrJfbOj2lDWKLm3q]","timestamp":"2026-09-14 06:50:01"}
{"level":"info","message":"Created Setting with id [ZP3kNQ1S0MzeZMkc]","timestamp":"2026-09-14 06:50:07"}
{"level":"info","message":"Created Setting with id [BV0G4Jv8ZwQWJ9I7]","timestamp":"2026-09-14 06:50:07"}
{"level":"info","message":"Created Setting with id [NnTmB2yPKbc2tjW8]","timestamp":"2026-09-14 06:50:07"}
{"level":"info","message":"Created Setting with id [BSjzPaY09Tb4aRWd]","timestamp":"2026-09-14 06:50:07"}
{"level":"info","message":"No system update for LANCER is currently available.","timestamp":"2026-09-14 06:50:09"}
{"level":"info","message":"Vended World data to User [rqLnwhIjz2wZCvXC] in 223ms","timestamp":"2026-09-14 06:50:09"}
{"level":"info","message":"Created Setting with id [myAelwDWd1aUeqWO]","timestamp":"2026-09-14 06:50:18"}
{"level":"info","message":"Created Setting with id [6W4r3csAThnhFjUQ]","timestamp":"2026-09-14 06:50:30"}
{"level":"error","message":"An error occurred during the migration of Macro record [25k1icw3Ch3eo6VZ] of database \"psfx.psfx-macros\":\nError: Documents from a core version newer than the running version cannot be migrated\n    at Function._migrateRecord (file:///home/ubuntu/foundry/resources/app/dist/database/backend/server-document.mjs:1:3713)\n    at Function._migrateDocuments (file:///home/ubuntu/foundry/resources/app/dist/database/backend/server-document.mjs:1:2782)","timestamp":"2026-09-14 06:56:49"}
{"level":"error","message":"An error occurred during the migration of Macro record [3fAUx2H2A8hSj2fg] of database \"psfx.psfx-macros\":\nError: Documents from a core version newer than the running version cannot be migrated\n    at Function._migrateRecord (file:///home/ubuntu/foundry/resources/app/dist/database/backend/server-document.mjs:1:3713)\n    at Function._migrateDocuments (file:///home/ubuntu/foundry/resources/app/dist/database/backend/server-document.mjs:1:2782)","timestamp":"2026-09-14 06:56:49"}
{"level":"error","message":"An error occurred during the migration of Macro record [5Su5ERGZKucfkGJ2] of database \"psfx.psfx-macros\":\nError: Documents from a core version newer than the running version cannot be migrated\n    at Function._migrateRecord (file:///home/ubuntu/foundry/resources/app/dist/database/backend/server-document.mjs:1:3713)\n    at Function._migrateDocuments (file:///home/ubuntu/foundry/resources/app/dist/database/backend/server-document.mjs:1:2782)","timestamp":"2026-09-14 06:56:49"}
{"level":"error","message":"An error occurred during the migration of Macro record [6ClwtXQy2gQbeXbX] of database \"psfx.psfx-macros\":\nError: Documents from a core version newer than the running version cannot be migrated\n    at Function._migrateRecord (file:///home/ubuntu/foundry/resources/app/dist/database/backend/server-document.mjs:1:3713)\n    at Function._migrateDocuments (file:///home/ubuntu/foundry/resources/app/dist/database/backend/server-document.mjs:1:2782)","timestamp":"2026-09-14 06:56:49"}
{"level":"error","message":"An error occurred during the migration of Macro record [7NdinQmQ472eZnKh] of database \"psfx.psfx-macros\":\nError: Documents from a core version newer than the running version cannot be migrated\n    at Function._migrateRecord (file:///home/ubuntu/foundry/resources/app/dist/database/backend/server-document.mjs:1:3713)\n    at Function._migrateDocuments (file:///home/ubuntu/foundry/resources/app/dist/database/backend/server-document.mjs:1:2782)","timestamp":"2026-09-14 06:56:49"}
{"level":"error","message":"An error occurred during the migration of Macro record [7fc3VwRBiux8eER4] of database \"psfx.psfx-macros\":\nError: Documents from a core version newer than the running version cannot be migrated\n    at Function._migrateRecord (file:///home/ubuntu/foundry/resources/app/dist/database/backend/server-document.mjs:1:3713)\n    at Function._migrateDocuments (file:///home/ubuntu/foundry/resources/app/dist/database/backend/server-document.mjs:1:2782)","timestamp":"2026-09-14 06:56:49"}
{"level":"error","message":"An error occurred during the migration of Macro record [7s5pLkAwQMos3T0Z] of database \"psfx.psfx-macros\":\nError: Documents from a core version newer than the running version cannot be migrated\n    at Function._migrateRecord (file:///home/ubuntu/foundry/resources/app/dist/database/backend/server-document.mjs:1:3713)\n    at Function._migrateDocuments (file:///home/ubuntu/foundry/resources/app/dist/database/backend/server-document.mjs:1:2782)","timestamp":"2026-09-14 06:56:49"}
{"level":"error","message":"An error occurred during the migration of Macro record [F43vNkkyrlK1AIO4] of database \"psfx.psfx-macros\":\nError: Documents from a core version newer than the running version cannot be migrated\n    at Function._migrateRecord (file:///home/ubuntu/foundry/resources/app/dist/database/backend/server-document.mjs:1:3713)\n    at Function._migrateDocuments (file:///home/ubuntu/foundry/resources/app/dist/database/backend/server-document.mjs:1:2782)","timestamp":"2026-09-14 06:56:49"}
{"level":"error","message":"An error occurred during the migration of Macro record [QZhWbDtFroGi7hZW] of database \"psfx.psfx-macros\":\nError: Documents from a core version newer than the running version cannot be migrated\n    at Function._migrateRecord (file:///home/ubuntu/foundry/resources/app/dist/database/backend/server-document.mjs:1:3713)\n    at Function._migrateDocuments (file:///home/ubuntu/foundry/resources/app/dist/database/backend/server-document.mjs:1:2782)","timestamp":"2026-09-14 06:56:49"}
{"level":"error","message":"An error occurred during the migration of Macro record [SleaRNST8ONdUBTu] of database \"psfx.psfx-macros\":\nError: Documents from a core version newer than the running version cannot be migrated\n    at Function._migrateRecord (file:///home/ubuntu/foundry/resources/app/dist/database/backend/server-document.mjs:1:3713)\n    at Function._migrateDocuments (file:///home/ubuntu/foundry/resources/app/dist/database/backend/server-document.mjs:1:2782)","timestamp":"2026-09-14 06:56:49"}
{"level":"error","message":"An error occurred during the migration of Macro record [TXeffYIICFjrqpbt] of database \"psfx.psfx-macros\":\nError: Documents from a core version newer than the running version cannot be migrated\n    at Function._migrateRecord (file:///home/ubuntu/foundry/resources/app/dist/database/backend/server-document.mjs:1:3713)\n    at Function._migrateDocuments (file:///home/ubuntu/foundry/resources/app/dist/database/backend/server-document.mjs:1:2782)","timestamp":"2026-09-14 06:56:49"}
{"level":"error","message":"An error occurred during the migration of Macro record [VT4n0Z0pTt0x19X8] of database \"psfx.psfx-macros\":\nError: Documents from a core version newer than the running version cannot be migrated\n    at Function._migrateRecord (file:///home/ubuntu/foundry/resources/app/dist/database/backend/server-document.mjs:1:3713)\n    at Function._migrateDocuments (file:///home/ubuntu/foundry/resources/app/dist/database/backend/server-document.mjs:1:2782)","timestamp":"2026-09-14 06:56:49"}
{"level":"error","message":"An error occurred during the migration of Macro record [XuJvJcSIPPQqxYNh] of database \"psfx.psfx-macros\":\nError: Documents from a core version newer than the running version cannot be migrated\n    at Function._migrateRecord (file:///home/ubuntu/foundry/resources/app/dist/database/backend/server-document.mjs:1:3713)\n    at Function._migrateDocuments (file:///home/ubuntu/foundry/resources/app/dist/database/backend/server-document.mjs:1:2782)","timestamp":"2026-09-14 06:56:49"}
{"level":"error","message":"An error occurred during the migration of Macro record [ZUwLESXi2N0fmLwb] of database \"psfx.psfx-macros\":\nError: Documents from a core version newer than the running version cannot be migrated\n    at Function._migrateRecord (file:///home/ubuntu/foundry/resources/app/dist/database/backend/server-document.mjs:1:3713)\n    at Function._migrateDocuments (file:///home/ubuntu/foundry/resources/app/dist/database/backend/server-document.mjs:1:2782)","timestamp":"2026-09-14 06:56:49"}
{"level":"error","message":"An error occurred during the migration of Macro record [aEX3nSX54TsJlrVs] of database \"psfx.psfx-macros\":\nError: Documents from a core version newer than the running version cannot be migrated\n    at Function._migrateRecord (file:///home/ubuntu/foundry/resources/app/dist/database/backend/server-document.mjs:1:3713)\n    at Function._migrateDocuments (file:///home/ubuntu/foundry/resources/app/dist/database/backend/server-document.mjs:1:2782)","timestamp":"2026-09-14 06:56:49"}
{"level":"error","message":"An error occurred during the migration of Macro record [fFuEISVrfqmzdTda] of database \"psfx.psfx-macros\":\nError: Documents from a core version newer than the running version cannot be migrated\n    at Function._migrateRecord (file:///home/ubuntu/foundry/resources/app/dist/database/backend/server-document.mjs:1:3713)\n    at Function._migrateDocuments (file:///home/ubuntu/foundry/resources/app/dist/database/backend/server-document.mjs:1:2782)","timestamp":"2026-09-14 06:56:49"}
{"level":"error","message":"An error occurred during the migration of Macro record [i3hiEJIWrdvzwj7z] of database \"psfx.psfx-macros\":\nError: Documents from a core version newer than the running version cannot be migrated\n    at Function._migrateRecord (file:///home/ubuntu/foundry/resources/app/dist/database/backend/server-document.mjs:1:3713)\n    at Function._migrateDocuments (file:///home/ubuntu/foundry/resources/app/dist/database/backend/server-document.mjs:1:2782)","timestamp":"2026-09-14 06:56:49"}
{"level":"error","message":"An error occurred during the migration of Macro record [iU59ZeAqWHhgILUE] of database \"psfx.psfx-macros\":\nError: Documents from a core version newer than the running version cannot be migrated\n    at Function._migrateRecord (file:///home/ubuntu/foundry/resources/app/dist/database/backend/server-document.mjs:1:3713)\n    at Function._migrateDocuments (file:///home/ubuntu/foundry/resources/app/dist/database/backend/server-document.mjs:1:2782)","timestamp":"2026-09-14 06:56:49"}
{"level":"error","message":"An error occurred during the migration of Macro record [l1VaZSswhOg5Y8Z5] of database \"psfx.psfx-macros\":\nError: Documents from a core version newer than the running version cannot be migrated\n    at Function._migrateRecord (file:///home/ubuntu/foundry/resources/app/dist/database/backend/server-document.mjs:1:3713)\n    at Function._migrateDocuments (file:///home/ubuntu/foundry/resources/app/dist/database/backend/server-document.mjs:1:2782)","timestamp":"2026-09-14 06:56:49"}
{"level":"error","message":"An error occurred during the migration of Macro record [lJDOlXizpTk24FAr] of database \"psfx.psfx-macros\":\nError: Documents from a core version newer than the running version cannot be migrated\n    at Function._migrateRecord (file:///home/ubuntu/foundry/resources/app/dist/database/backend/server-document.mjs:1:3713)\n    at Function._migrateDocuments (file:///home/ubuntu/foundry/resources/app/dist/database/backend/server-document.mjs:1:2782)","timestamp":"2026-09-14 06:56:49"}
{"level":"error","message":"An error occurred during the migration of Macro record [p5HlqVt50xuW73pr] of database \"psfx.psfx-macros\":\nError: Documents from a core version newer than the running version cannot be migrated\n    at Function._migrateRecord (file:///home/ubuntu/foundry/resources/app/dist/database/backend/server-document.mjs:1:3713)\n    at Function._migrateDocuments (file:///home/ubuntu/foundry/resources/app/dist/database/backend/server-document.mjs:1:2782)","timestamp":"2026-09-14 06:56:49"}
{"level":"error","message":"An error occurred during the migration of Macro record [p9Vl1exqK4O21sqY] of database \"psfx.psfx-macros\":\nError: Documents from a core version newer than the running version cannot be migrated\n    at Function._migrateRecord (file:///home/ubuntu/foundry/resources/app/dist/database/backend/server-document.mjs:1:3713)\n    at Function._migrateDocuments (file:///home/ubuntu/foundry/resources/app/dist/database/backend/server-document.mjs:1:2782)","timestamp":"2026-09-14 06:56:49"}
{"level":"error","message":"An error occurred during the migration of Macro record [rIrcTKbaoBAt6hV8] of database \"psfx.psfx-macros\":\nError: Documents from a core version newer than the running version cannot be migrated\n    at Function._migrateRecord (file:///home/ubuntu/foundry/resources/app/dist/database/backend/server-document.mjs:1:3713)\n    at Function._migrateDocuments (file:///home/ubuntu/foundry/resources/app/dist/database/backend/server-document.mjs:1:2782)","timestamp":"2026-09-14 06:56:49"}
{"level":"error","message":"An error occurred during the migration of Macro record [szabKdSxqAmKEotU] of database \"psfx.psfx-macros\":\nError: Documents from a core version newer than the running version cannot be migrated\n    at Function._migrateRecord (file:///home/ubuntu/foundry/resources/app/dist/database/backend/server-document.mjs:1:3713)\n    at Function._migrateDocuments (file:///home/ubuntu/foundry/resources/app/dist/database/backend/server-document.mjs:1:2782)","timestamp":"2026-09-14 06:56:49"}
{"level":"error","message":"An error occurred during the migration of Macro record [t7GgAA1jqWyDWC74] of database \"psfx.psfx-macros\":\nError: Documents from a core version newer than the running version cannot be migrated\n    at Function._migrateRecord (file:///home/ubuntu/foundry/resources/app/dist/database/backend/server-document.mjs:1:3713)\n    at Function._migrateDocuments (file:///home/ubuntu/foundry/resources/app/dist/database/backend/server-document.mjs:1:2782)","timestamp":"2026-09-14 06:56:49"}
{"level":"error","message":"An error occurred during the migration of Macro record [tGj125Zku5wjux3j] of database \"psfx.psfx-macros\":\nError: Documents from a core version newer than the running version cannot be migrated\n    at Function._migrateRecord (file:///home/ubuntu/foundry/resources/app/dist/database/backend/server-document.mjs:1:3713)\n    at Function._migrateDocuments (file:///home/ubuntu/foundry/resources/app/dist/database/backend/server-document.mjs:1:2782)","timestamp":"2026-09-14 06:56:49"}
{"level":"error","message":"An error occurred during the migration of Macro record [uMuY6C8BFMlHxP5s] of database \"psfx.psfx-macros\":\nError: Documents from a core version newer than the running version cannot be migrated\n    at Function._migrateRecord (file:///home/ubuntu/foundry/resources/app/dist/database/backend/server-document.mjs:1:3713)\n    at Function._migrateDocuments (file:///home/ubuntu/foundry/resources/app/dist/database/backend/server-document.mjs:1:2782)","timestamp":"2026-09-14 06:56:49"}
{"level":"error","message":"An error occurred during the migration of Macro record [utsu2lBPZmwAHJDZ] of database \"psfx.psfx-macros\":\nError: Documents from a core version newer than the running version cannot be migrated\n    at Function._migrateRecord (file:///home/ubuntu/foundry/resources/app/dist/database/backend/server-document.mjs:1:3713)\n    at Function._migrateDocuments (file:///home/ubuntu/foundry/resources/app/dist/database/backend/server-document.mjs:1:2782)","timestamp":"2026-09-14 06:56:49"}
{"level":"error","message":"An error occurred during the migration of Macro record [zYCX2BmlEYEBELbg] of database \"psfx.psfx-macros\":\nError: Documents from a core version newer than the running version cannot be migrated\n    at Function._migrateRecord (file:///home/ubuntu/foundry/resources/app/dist/database/backend/server-document.mjs:1:3713)\n    at Function._migrateDocuments (file:///home/ubuntu/foundry/resources/app/dist/database/backend/server-document.mjs:1:2782)","timestamp":"2026-09-14 06:56:49"}
{"level":"warn","message":"Database psfx.psfx-macros was not fully migrated due to errors during migration.","timestamp":"2026-09-14 06:56:49"}
{"level":"info","message":"No system update for LANCER is currently available.","timestamp":"2026-09-14 06:56:51"}
{"level":"info","message":"Vended World data to User [rqLnwhIjz2wZCvXC] in 392ms","timestamp":"2026-09-14 06:56:51"}
{"level":"info","message":"Created client session 4a9081cbed61e13e0574cee2","timestamp":"2026-09-14 06:57:09"}
{"level":"info","message":"Created client session 971689525da4eeb5c400d542","timestamp":"2026-09-14 06:58:41"}
{"level":"info","message":"Created Combat with id [dIeMK4fi30IJV58m]","timestamp":"2026-09-14 06:59:13"}
{"level":"info","message":"Created Setting with id [F18LRFCE5C6q45Jt]","timestamp":"2026-09-14 06:59:13"}
{"level":"info","message":"Created Combat with id [8qh1gN6SDjkChRV7]","timestamp":"2026-09-14 06:59:15"}
{"level":"info","message":"Created ChatMessage with id [QTZNLVNgMyFN206z]","timestamp":"2026-09-14 06:59:19"}
{"level":"info","message":"Deleted Combat with id [dIeMK4fi30IJV58m]","timestamp":"2026-09-14 06:59:21"}
{"level":"info","message":"Created Combat with id [lg2kFLs7X9lfMEpt]","timestamp":"2026-09-14 06:59:25"}
{"level":"info","message":"Created Setting with id [KyMQx0xYiAyGA1hq]","timestamp":"2026-09-14 07:04:26"}
{"level":"info","message":"Logged user rqLnwhIjz2wZCvXC out of active World","timestamp":"2026-09-14 07:13:56"}
{"level":"info","message":"Created client session 156084dac1c16b68c48d0dae","timestamp":"2026-09-14 07:14:54"}
{"level":"info","message":"Created client session 051f905d6be1ccfebd0fc647","timestamp":"2026-09-14 07:14:54"}
{"level":"info","message":"Created client session df0463091cbfecb21206ef39","timestamp":"2026-09-14 07:29:59"}
{"level":"info","message":"Created client session ac2d313c446d2d5a9ed5b77e","timestamp":"2026-09-14 07:38:46"}
{"level":"info","message":"Created client session 08266039afdeac88a2da3bb4","timestamp":"2026-09-14 07:38:46"}
{"level":"info","message":"Created client session 34fb94f66342924107a18949","timestamp":"2026-09-14 07:42:02"}
{"level":"info","message":"Created client session 89cb946713d3d6f71d41851d","timestamp":"2026-09-14 07:58:25"}
{"level":"info","message":"Created client session a342ea5579fa5efbcee7a121","timestamp":"2026-09-14 08:17:58"}
{"level":"info","message":"Created client session bd417dd6d1df4acd97b998a2","timestamp":"2026-09-14 08:32:21"}
{"level":"info","message":"Created client session 2b047760baf5328bf09a039e","timestamp":"2026-09-14 08:32:23"}
{"level":"info","message":"Created client session 89c317e9934a44fbe31bafd0","timestamp":"2026-09-14 08:32:24"}
{"level":"info","message":"Created client session 541e6dd82b1d8415782c48f8","timestamp":"2026-09-14 08:32:36"}
{"level":"info","message":"Created client session 6dc6cedf2467702d6fd12eb5","timestamp":"2026-09-14 08:39:36"}
{"level":"info","message":"Created client session 19bb7bcbcc2a043111551109","timestamp":"2026-09-14 08:43:33"}
{"level":"info","message":"Created client session 2373c15cbbcd70ad602b01f4","timestamp":"2026-09-14 09:02:44"}
{"level":"info","message":"Created client session dc2d5ff3d661964bea20620c","timestamp":"2026-09-14 09:32:21"}
{"level":"info","message":"Created client session 72a9b0a5cc29584042d33321","timestamp":"2026-09-14 09:32:22"}
{"level":"info","message":"Created client session 870c8e8715f69e7378f027e0","timestamp":"2026-09-14 09:32:22"}
{"level":"info","message":"Created client session ee40357cc46cbbbf544b441e","timestamp":"2026-09-14 09:32:22"}
{"level":"info","message":"Created client session 43327bae8b073c2688fbfc8e","timestamp":"2026-09-14 09:32:22"}
{"level":"info","message":"Created client session 29b15644c9f6cb2845b31815","timestamp":"2026-09-14 09:32:22"}
{"level":"info","message":"Created client session 277579cb1e1281f5d961e9b5","timestamp":"2026-09-14 09:32:22"}
{"level":"info","message":"Created client session ef1073aa5decd186a50ef77a","timestamp":"2026-09-14 09:32:22"}
{"level":"info","message":"Created client session 901fcb286296a0c0b2e48547","timestamp":"2026-09-14 09:32:22"}
{"level":"info","message":"Created client session a36ee26d7298fc0606fca4fa","timestamp":"2026-09-14 09:32:22"}
{"level":"info","message":"Created client session 45922db22634ddc21f2e5249","timestamp":"2026-09-14 09:32:22"}
{"level":"info","message":"Created client session 1cc2bbf6c8997c7b1c1a813d","timestamp":"2026-09-14 09:32:22"}
{"level":"info","message":"Created client session 6c8ad9b06ee739d59b2cbfe7","timestamp":"2026-09-14 09:32:22"}
{"level":"info","message":"Created client session 8e1348e2add7edd0bf2e1134","timestamp":"2026-09-14 09:32:22"}
{"level":"info","message":"Created client session 494fa93e0f194de656b7dad3","timestamp":"2026-09-14 09:32:22"}
{"level":"info","message":"Created client session ad6802890ffb85bdfd79c394","timestamp":"2026-09-14 09:32:23"}
{"level":"info","message":"Created client session 563b12929cdbc5ae1773a45f","timestamp":"2026-09-14 09:32:23"}
{"level":"info","message":"Created client session e43b79a0ca63304b391f87b1","timestamp":"2026-09-14 09:32:23"}
{"level":"info","message":"Created client session 3a3e7a17ac6bd718dd973f36","timestamp":"2026-09-14 09:32:23"}
{"level":"info","message":"Created client session e8aa3d6196f58315fac6aaec","timestamp":"2026-09-14 09:32:23"}
{"level":"info","message":"Created client session cce861fb5d4f820cc16be859","timestamp":"2026-09-14 09:32:23"}
{"level":"info","message":"Created client session e20218de634abc4c9f71d172","timestamp":"2026-09-14 09:32:23"}
{"level":"info","message":"Created client session ec7cb537be3b307267c5e247","timestamp":"2026-09-14 09:32:23"}
{"level":"info","message":"Created client session a3eb1b14b830050db969e20b","timestamp":"2026-09-14 09:32:23"}
{"level":"info","message":"Created client session d2f369c3ee1a56e260c3f69f","timestamp":"2026-09-14 09:32:23"}
{"level":"info","message":"Created client session 8fd6fa7858a4dd4abfdd75f0","timestamp":"2026-09-14 09:32:23"}
{"level":"info","message":"Created client session 162fc0086c7132a1af477fd3","timestamp":"2026-09-14 09:32:23"}
{"level":"info","message":"Created client session 5c4704ca5aec39d14e8d879b","timestamp":"2026-09-14 09:32:23"}
{"level":"info","message":"Created client session 49df7d58e2ae235fcff4363c","timestamp":"2026-09-14 09:32:23"}
{"level":"info","message":"Created client session 8a3ffde05934b7f16cc0bfd4","timestamp":"2026-09-14 09:32:23"}
{"level":"info","message":"Created client session b3fde36a3a09b896ebd3c2b7","timestamp":"2026-09-14 09:32:23"}
{"level":"info","message":"Created client session d2467e0f7b5b40a4f4c1c1fa","timestamp":"2026-09-14 09:32:24"}
{"level":"info","message":"Created client session 356374f6b8e4238f7e3f9e62","timestamp":"2026-09-14 09:32:24"}
{"level":"info","message":"Created client session 1318e0051c2ab81f583c2eb9","timestamp":"2026-09-14 09:32:24"}
{"level":"info","message":"Created client session bc278a6c3cd166b5280d7547","timestamp":"2026-09-14 09:32:24"}
{"level":"info","message":"Created client session bdae32413a6d690e1a651de0","timestamp":"2026-09-14 09:32:24"}
{"level":"info","message":"Created client session 9e618baa79c971e58473f7be","timestamp":"2026-09-14 09:32:24"}
{"level":"info","message":"Created client session a0a092429f7b7b2397e7b3ac","timestamp":"2026-09-14 09:32:24"}
{"level":"info","message":"Created client session d8a2e453f954dedaac8f3b15","timestamp":"2026-09-14 09:32:24"}
{"level":"info","message":"Created client session 9ed2d346a7b85fb016838d02","timestamp":"2026-09-14 09:32:24"}
{"level":"info","message":"Created client session 0ba20c33cbae36bc25f47167","timestamp":"2026-09-14 09:32:24"}
{"level":"info","message":"Created client session 7273a444bf8f4bb87dfdb661","timestamp":"2026-09-14 09:32:24"}
{"level":"info","message":"Created client session 0979d7ada9e23cf51452bc6b","timestamp":"2026-09-14 09:32:24"}
{"level":"info","message":"Created client session 83adf2f82e4b3b02b529d779","timestamp":"2026-09-14 09:32:25"}
{"level":"info","message":"Created client session 17b097225da2a1384bf3c5eb","timestamp":"2026-09-14 09:32:25"}
{"level":"info","message":"Created client session 5a7b6cac5e5403bede587dea","timestamp":"2026-09-14 09:32:25"}
{"level":"info","message":"Created client session 9dacc33e4e710c3dee59fe46","timestamp":"2026-09-14 09:32:25"}
{"level":"info","message":"Created client session d7a0d96d3499e66caa79fd82","timestamp":"2026-09-14 09:32:25"}
{"level":"info","message":"Created client session 6bbec68cedeed7597c1f3d60","timestamp":"2026-09-14 09:32:25"}
{"level":"info","message":"Created client session 1395b16fde6a4bccf3c92b6a","timestamp":"2026-09-14 09:32:25"}
{"level":"info","message":"Created client session bc0d230da9c0a84d448ae7a9","timestamp":"2026-09-14 09:32:26"}
{"level":"info","message":"Created client session 1eb1ca2bdfc9a9d68bea8eb1","timestamp":"2026-09-14 09:32:26"}
{"level":"info","message":"Created client session 6413841b23c2322d7000388c","timestamp":"2026-09-14 09:32:26"}
{"level":"info","message":"Created client session 84309fe1426fd06ef5f45b9e","timestamp":"2026-09-14 09:32:26"}
{"level":"info","message":"Created client session 2cd4d6160192ab8b973e3110","timestamp":"2026-09-14 09:32:31"}
{"level":"info","message":"Created client session 2a046e8b4f3edf8b68957df9","timestamp":"2026-09-14 09:32:31"}
{"level":"info","message":"Created client session 0e6c25328c280677ac4d54bf","timestamp":"2026-09-14 09:32:31"}
{"level":"info","message":"Created client session 8296dc8c5f7c84ab73643143","timestamp":"2026-09-14 09:32:32"}
{"level":"info","message":"Created client session a67227f551384c98e8472dc8","timestamp":"2026-09-14 09:32:32"}
{"level":"info","message":"Created client session 16453021c75237b185565fca","timestamp":"2026-09-14 09:32:32"}
{"level":"info","message":"Created client session 1abbccf141a71ed747388de8","timestamp":"2026-09-14 09:32:32"}
{"level":"info","message":"Created client session c20b2c734d868ea4370cb6ff","timestamp":"2026-09-14 09:32:32"}
{"level":"info","message":"Created client session f0be1080c2dc0a9b90387fab","timestamp":"2026-09-14 09:32:32"}
{"level":"info","message":"Created client session 4fa8dd3d0711f66d2d7b49dd","timestamp":"2026-09-14 09:32:32"}
{"level":"info","message":"Created client session 8c83b0445508a3439b93dc8f","timestamp":"2026-09-14 09:32:32"}
{"level":"info","message":"Created client session 391338ffa10996414b015caa","timestamp":"2026-09-14 09:32:32"}
{"level":"info","message":"Created client session 0304563be02b605a387a8ae8","timestamp":"2026-09-14 09:32:32"}
{"level":"info","message":"Created client session 980f44e8bf6955eff64ef8e9","timestamp":"2026-09-14 09:32:32"}
{"level":"info","message":"Created client session c76e7a65c24accf12d687c61","timestamp":"2026-09-14 09:32:32"}
{"level":"info","message":"Created client session 4178414d5b9c053e44c0a30a","timestamp":"2026-09-14 09:32:32"}
{"level":"info","message":"Created client session 658939ce2059ea4147a03bde","timestamp":"2026-09-14 09:32:32"}
{"level":"info","message":"Created client session 304b0089798ff63493d828c8","timestamp":"2026-09-14 09:32:33"}
{"level":"info","message":"Created client session 0972b952282894bfb41bfb8e","timestamp":"2026-09-14 09:32:33"}
{"level":"info","message":"Created client session 66d2eaad595ac227db2719ab","timestamp":"2026-09-14 09:32:33"}
{"level":"info","message":"Created client session bbe3e017a9a61293130e461d","timestamp":"2026-09-14 09:32:33"}
{"level":"info","message":"Created client session 3630e40f36b44fd0ff208464","timestamp":"2026-09-14 09:32:33"}
{"level":"info","message":"Created client session 577e89449f2efff639c3f9e3","timestamp":"2026-09-14 09:32:33"}
{"level":"info","message":"Created client session 69d7daf63945ab0283b9121d","timestamp":"2026-09-14 09:32:33"}
{"level":"info","message":"Created client session c86f3bdcb7a522eadbbbc7f5","timestamp":"2026-09-14 09:32:33"}
{"level":"info","message":"Created client session c8c9e04dfa2597847dc0eef7","timestamp":"2026-09-14 09:32:33"}
{"level":"info","message":"Created client session c3dce1ef74259c6478a01b86","timestamp":"2026-09-14 09:32:33"}
{"level":"info","message":"Created client session e8e4af9868af93deae5688c9","timestamp":"2026-09-14 09:32:33"}
{"level":"info","message":"Created client session e78c61de8e72b68630f2e287","timestamp":"2026-09-14 09:32:33"}
{"level":"info","message":"Created client session 650822cb5f5e8850118e093d","timestamp":"2026-09-14 09:32:33"}
{"level":"info","message":"Created client session 9f5fff0efeb7f0a54a5b19b2","timestamp":"2026-09-14 09:32:33"}
{"level":"info","message":"Created client session f752ec2363256d75f0a36981","timestamp":"2026-09-14 09:32:34"}
{"level":"info","message":"Created client session 29fefefda26c6b02713bd3a8","timestamp":"2026-09-14 09:32:34"}
{"level":"info","message":"Created client session cf53b41fc535a573d8697967","timestamp":"2026-09-14 09:32:34"}
{"level":"info","message":"Created client session bf1e900e81e143b96e7eaee0","timestamp":"2026-09-14 09:32:34"}
{"level":"info","message":"Created client session a5585305ac28a0f1a325ed25","timestamp":"2026-09-14 09:32:34"}
{"level":"info","message":"Created client session 3d9613b3c54bbf60d2abc8c5","timestamp":"2026-09-14 09:32:34"}
{"level":"info","message":"Created client session d913eed2b7216e7890088790","timestamp":"2026-09-14 09:32:34"}
{"level":"info","message":"Created client session 57232d1c099d4710e14f2bd6","timestamp":"2026-09-14 09:32:34"}
{"level":"info","message":"Created client session a738e5e35217196a7e4c326d","timestamp":"2026-09-14 09:32:34"}
{"level":"info","message":"Created client session c02ef33b5c15d9cd7107f16b","timestamp":"2026-09-14 09:32:34"}
{"level":"info","message":"Created client session 9b66744f892b0d2d6c85f7c5","timestamp":"2026-09-14 09:32:34"}
{"level":"info","message":"Created client session ccf582acf0e4d5ee8b240545","timestamp":"2026-09-14 09:32:34"}
{"level":"info","message":"Created client session ae294db24c2a4384196d902e","timestamp":"2026-09-14 09:32:35"}
{"level":"info","message":"Created client session 654d7f4fb8c7617a4f59d890","timestamp":"2026-09-14 09:32:35"}
{"level":"info","message":"Created client session 4c08d585066dabf9e636c5af","timestamp":"2026-09-14 09:32:35"}
{"level":"info","message":"Created client session b5c9f60d9b06f642624323cb","timestamp":"2026-09-14 09:32:35"}
{"level":"info","message":"Created client session 81ae24a8c0a44c62de72f371","timestamp":"2026-09-14 09:32:35"}
{"level":"info","message":"Created client session fce99b37379d4cc59c577bfd","timestamp":"2026-09-14 09:32:35"}
{"level":"info","message":"Created client session ddfdb9d6551649f72e38dcdc","timestamp":"2026-09-14 09:32:35"}
{"level":"info","message":"Created client session 10ce904e3d3aabf205d3fb49","timestamp":"2026-09-14 09:32:35"}
{"level":"info","message":"Created client session 1d7bda7e4c9cd2136d16b3fb","timestamp":"2026-09-14 09:32:35"}
{"level":"info","message":"Created client session 1bf2cd19ae46c5174e36eac6","timestamp":"2026-09-14 09:32:35"}
{"level":"info","message":"Created client session dcc676ec54c349840c7df4d8","timestamp":"2026-09-14 09:32:35"}
{"level":"info","message":"Created client session 73a89c66370bf674034a4fa5","timestamp":"2026-09-14 09:32:35"}
{"level":"info","message":"Created client session 4f12e5738d384245b51a80d2","timestamp":"2026-09-14 09:32:35"}
{"level":"info","message":"Created client session 68256fa9687d32d8bf239e12","timestamp":"2026-09-14 09:32:35"}
{"level":"info","message":"Created client session 9bb8e24bb1abb0d098469af1","timestamp":"2026-09-14 09:32:35"}
{"level":"info","message":"Created client session edda3faea9e4aaf80182bd63","timestamp":"2026-09-14 09:32:35"}
{"level":"info","message":"Created client session 226df9be505ab585d0aae36e","timestamp":"2026-09-14 09:32:35"}
{"level":"info","message":"Created client session 25c1bba08f436af11d0baa6a","timestamp":"2026-09-14 09:32:35"}
{"level":"info","message":"Created client session 3baa610db0862bdfe019ca91","timestamp":"2026-09-14 09:32:35"}
{"level":"info","message":"Created client session d04954d4810cef25698e8a4a","timestamp":"2026-09-14 09:32:35"}
{"level":"info","message":"Created client session 36c1fffc11fd838d41945227","timestamp":"2026-09-14 09:32:35"}
{"level":"info","message":"Created client session f31c39a65f2b2745fb737540","timestamp":"2026-09-14 09:32:35"}
{"level":"info","message":"Created client session 1ae6a120c4cf541cc47491b4","timestamp":"2026-09-14 09:32:35"}
{"level":"info","message":"Created client session 4bfd7c1d2a90464dc25311e2","timestamp":"2026-09-14 09:32:36"}
{"level":"info","message":"Created client session 3786ee4b4b54a02aea0b2ddf","timestamp":"2026-09-14 09:32:36"}
{"level":"info","message":"Created client session dd1341ff22807b3aed43b565","timestamp":"2026-09-14 09:32:36"}
{"level":"info","message":"Created client session 12f9e248c3a5e8bd5f262a67","timestamp":"2026-09-14 09:32:36"}
{"level":"info","message":"Created client session 237b39116938c389ca058504","timestamp":"2026-09-14 09:32:36"}
{"level":"info","message":"Created client session d9f7d9365e4d3ab80b78e0b4","timestamp":"2026-09-14 09:32:36"}
{"level":"info","message":"Created client session e7cafb2d7e2018553de3f0dd","timestamp":"2026-09-14 09:32:36"}
{"level":"info","message":"Created client session 48705075aca4fcc0f789831d","timestamp":"2026-09-14 09:32:36"}
{"level":"info","message":"Created client session afc3d712263dfe65816f9628","timestamp":"2026-09-14 09:32:36"}
{"level":"info","message":"Created client session b99277796f55a5553c66e268","timestamp":"2026-09-14 09:32:36"}
{"level":"info","message":"Created client session b9169624b392465579ba14e7","timestamp":"2026-09-14 09:32:36"}
{"level":"info","message":"Created client session 814980055e50c8433d83b4d4","timestamp":"2026-09-14 09:32:36"}
{"level":"info","message":"Created client session afe485ca05f7a9e541f5a86a","timestamp":"2026-09-14 09:32:36"}
{"level":"info","message":"Created client session 9997fd990be488db0f1708a5","timestamp":"2026-09-14 09:32:36"}
{"level":"info","message":"Created client session 1e7a23ae64baf4d91ff59e9a","timestamp":"2026-09-14 09:32:36"}
{"level":"info","message":"Created client session 02626457ed48c5e5ea051cc9","timestamp":"2026-09-14 09:32:36"}
{"level":"info","message":"Created client session 956d8623e732dfc145aa0716","timestamp":"2026-09-14 09:32:36"}
{"level":"info","message":"Created client session 7eb2cf19fa2a12f715aad919","timestamp":"2026-09-14 09:32:36"}
{"level":"info","message":"Created client session e4c3104778a77262752a4d20","timestamp":"2026-09-14 09:32:36"}
{"level":"info","message":"Created client session ba8d836e7a2e31a11eed10fc","timestamp":"2026-09-14 09:32:36"}
{"level":"info","message":"Created client session f841b7ef8195d0d57abf7648","timestamp":"2026-09-14 09:32:36"}
{"level":"info","message":"Created client session 7bc0c3536a95dcf4c92da485","timestamp":"2026-09-14 09:32:36"}
{"level":"info","message":"Created client session 2d68e836483f558af2094f0c","timestamp":"2026-09-14 09:32:36"}
{"level":"info","message":"Created client session 7c91e5cef5f8e5edc94696b5","timestamp":"2026-09-14 09:32:36"}
{"level":"info","message":"Created client session 27c28bbb84caa9edf4f67cbd","timestamp":"2026-09-14 09:32:36"}
{"level":"info","message":"Created client session e82375eb81e01f152eeec053","timestamp":"2026-09-14 09:32:37"}
{"level":"info","message":"Created client session 87400aef954c1acf5316bf99","timestamp":"2026-09-14 09:32:37"}
{"level":"info","message":"Created client session 5d9fe29cb2d4eeccb39b5ea1","timestamp":"2026-09-14 09:32:37"}
{"level":"info","message":"Created client session 15648c89e828df3b1709f65d","timestamp":"2026-09-14 09:32:37"}
{"level":"info","message":"Created client session 187e5698171541a49a8a26da","timestamp":"2026-09-14 09:32:37"}
{"level":"info","message":"Created client session 44a32cf161ba689c303d89f1","timestamp":"2026-09-14 09:32:37"}
{"level":"info","message":"Created client session 28b3e886a845885acd94427f","timestamp":"2026-09-14 09:32:37"}
{"level":"info","message":"Created client session b5b1b8d3c2cb05822c41781d","timestamp":"2026-09-14 09:32:37"}
{"level":"info","message":"Created client session ad2e517eea72eb5b0d75b7e5","timestamp":"2026-09-14 09:32:37"}
{"level":"info","message":"Created client session 0f399b843e65e400c2943f6b","timestamp":"2026-09-14 09:32:37"}
{"level":"info","message":"Created client session 3a2a8977a9b914fc721e0543","timestamp":"2026-09-14 09:32:37"}
{"level":"info","message":"Created client session d505303a3abe497838f7c8e2","timestamp":"2026-09-14 09:32:37"}
{"level":"info","message":"Created client session 9ffb489e1337d4f1c0f78522","timestamp":"2026-09-14 09:32:37"}
{"level":"info","message":"Created client session c6b5cfd661782861f7c87b9b","timestamp":"2026-09-14 09:32:37"}
{"level":"info","message":"Created client session 6a705efd1c40f0571ebe1808","timestamp":"2026-09-14 09:32:37"}
{"level":"info","message":"Created client session 3c149e38ec50158da205db17","timestamp":"2026-09-14 09:32:37"}
{"level":"info","message":"Created client session 455e1776f5f090359c7db108","timestamp":"2026-09-14 09:32:38"}
{"level":"info","message":"Created client session 5c67d0c8958a815a4d2556e5","timestamp":"2026-09-14 09:32:38"}
{"level":"info","message":"Created client session 1686cbb90de13c450d5013d9","timestamp":"2026-09-14 09:32:38"}
{"level":"info","message":"Created client session c13d0f095c90d5763df0391e","timestamp":"2026-09-14 09:32:38"}
{"level":"info","message":"Created client session 39cef609b10a51814881c749","timestamp":"2026-09-14 09:32:38"}
{"level":"info","message":"Created client session e4f5f8008f9fba4a841351d5","timestamp":"2026-09-14 09:32:38"}
{"level":"info","message":"Created client session 844c833e863cc32abb941803","timestamp":"2026-09-14 09:32:38"}
{"level":"info","message":"Created client session 2c2d03bc66f49694e52d40d2","timestamp":"2026-09-14 09:32:38"}
{"level":"info","message":"Created client session 22bc54e933b11f1bce421a34","timestamp":"2026-09-14 09:32:38"}
{"level":"info","message":"Created client session 008939892cd1277c999493d0","timestamp":"2026-09-14 09:32:38"}
{"level":"info","message":"Created client session 8c7c03f3959606f7e315fc34","timestamp":"2026-09-14 09:32:38"}
{"level":"info","message":"Created client session 3a1ba9477eed0174fdca260b","timestamp":"2026-09-14 09:32:38"}
{"level":"info","message":"Created client session d64f2e2692e7e5006556e0e2","timestamp":"2026-09-14 09:32:38"}
{"level":"info","message":"Created client session ee6340f30944cb68513bfc00","timestamp":"2026-09-14 09:32:38"}
{"level":"info","message":"Created client session 017f7e57e1e457a9d469af58","timestamp":"2026-09-14 09:32:38"}
{"level":"info","message":"Created client session 0f3a4a646562fe6e4ad8f06c","timestamp":"2026-09-14 09:32:38"}
{"level":"info","message":"Created client session 0973948c31ce05d2e11496fd","timestamp":"2026-09-14 09:32:38"}
{"level":"info","message":"Created client session f095f5b8ea7eab6c68e98168","timestamp":"2026-09-14 09:32:38"}
{"level":"info","message":"Created client session 20b63145c5371e56d5201b8d","timestamp":"2026-09-14 09:32:38"}
{"level":"info","message":"Created client session d3ab394325701cc96bac651a","timestamp":"2026-09-14 09:32:39"}
{"level":"info","message":"Created client session 3a87ee2fb9df5b6a329c51d3","timestamp":"2026-09-14 09:32:39"}
{"level":"info","message":"Created client session dba9cbcf54a73eb9483eb4ca","timestamp":"2026-09-14 09:32:39"}
{"level":"info","message":"Created client session 4bdda4765a9e693d755a0b7f","timestamp":"2026-09-14 09:32:39"}
{"level":"info","message":"Created client session e15949c3c51098b4a0de2481","timestamp":"2026-09-14 09:32:39"}
{"level":"info","message":"Created client session 4558e4654dadb42a470924ba","timestamp":"2026-09-14 09:32:39"}
{"level":"info","message":"Created client session 75e4961ce47d6d1f20266e0b","timestamp":"2026-09-14 09:41:43"}
{"level":"info","message":"Created client session d7488edcce771ad7ff995c15","timestamp":"2026-09-14 09:41:43"}
{"level":"info","message":"Created client session 6eae3856b75af35d12f5f10f","timestamp":"2026-09-14 09:41:44"}
{"level":"info","message":"Created client session 9489c63c186c46083849ad3a","timestamp":"2026-09-14 09:41:44"}
{"level":"info","message":"Created client session e092754d9898c6eb994361da","timestamp":"2026-09-14 09:41:44"}
{"level":"info","message":"Created client session 4f24895fa9bd41e0b3bf8b50","timestamp":"2026-09-14 09:41:45"}
{"level":"info","message":"Created client session 2d77d40b22fde99501a9d028","timestamp":"2026-09-14 09:41:45"}
{"level":"info","message":"Created client session 2b7bdebf47b19348f8bf4740","timestamp":"2026-09-14 09:41:45"}
{"level":"info","message":"Created client session f2c5c797dea63ef5b62f0167","timestamp":"2026-09-14 09:41:45"}
{"level":"info","message":"Created client session 1d9c06ac8386d381e207b9bc","timestamp":"2026-09-14 09:41:46"}
{"level":"info","message":"Created client session 439cfd0a3f552dd25b27e988","timestamp":"2026-09-14 09:41:46"}
{"level":"info","message":"Created client session 00c705608db857f23db8f07a","timestamp":"2026-09-14 09:41:46"}
{"level":"info","message":"Created client session 7403be7becac5b87b72cb302","timestamp":"2026-09-14 09:41:47"}
{"level":"info","message":"Created client session 742bd339e790488050bb1171","timestamp":"2026-09-14 09:41:47"}
{"level":"info","message":"Created client session ec8a30a4af4a9e36ae5f4a5c","timestamp":"2026-09-14 09:41:47"}
{"level":"info","message":"Created client session e0f689b8d4bbf9fa2954934e","timestamp":"2026-09-14 09:41:48"}
{"level":"info","message":"Created client session 4fd76237dd74b55fbe756d2f","timestamp":"2026-09-14 09:41:48"}
{"level":"info","message":"Created client session 8ccc73cc4511d52b0aa40cfc","timestamp":"2026-09-14 09:41:48"}
{"level":"info","message":"Created client session dbb0cafbf023fc5fe5a56882","timestamp":"2026-09-14 09:41:48"}
{"level":"info","message":"Created client session c785838880f7e47357c33c36","timestamp":"2026-09-14 09:41:49"}
{"level":"info","message":"Created client session dfad9cee84e7f9a9c3b5b1ea","timestamp":"2026-09-14 09:41:49"}
{"level":"info","message":"Created client session e59254be30338d2c47e024b9","timestamp":"2026-09-14 09:41:49"}
{"level":"info","message":"Created client session 294a5f598fb8a3d3ed2b541d","timestamp":"2026-09-14 09:41:50"}
{"level":"info","message":"Created client session 8505bf9b46b71bee5d6b59b1","timestamp":"2026-09-14 09:41:50"}
{"level":"info","message":"Created client session cc6bc82a9567fb292dd67b3c","timestamp":"2026-09-14 09:41:50"}
{"level":"info","message":"Created client session e387db408a27e1cc5a675b65","timestamp":"2026-09-14 09:41:50"}
{"level":"info","message":"Created client session dcf2e17a4873287907b51b22","timestamp":"2026-09-14 09:41:51"}
{"level":"info","message":"Created client session 5145336c721cc5c1a5cb53a4","timestamp":"2026-09-14 09:41:51"}
{"level":"info","message":"Created client session f4c9a663a9c291d39deb8491","timestamp":"2026-09-14 09:41:51"}
{"level":"info","message":"Created client session 633bbcef944f868f625573ba","timestamp":"2026-09-14 09:41:52"}
{"level":"info","message":"Created client session eb25a0e4d12c42e0444982ea","timestamp":"2026-09-14 09:41:52"}
{"level":"info","message":"Created client session 7ce76f11e6a6ac16f21c6ad7","timestamp":"2026-09-14 09:41:52"}
{"level":"info","message":"Created client session c27ff6feb0bcb6fd05336cdd","timestamp":"2026-09-14 09:41:53"}
{"level":"info","message":"Created client session 9f088635850862fe88db4214","timestamp":"2026-09-14 09:41:53"}
{"level":"info","message":"Created client session a9a2356c3e6d15828eeca1cd","timestamp":"2026-09-14 09:41:53"}
{"level":"info","message":"Created client session c9d8bb5acebedf32b7a1d464","timestamp":"2026-09-14 09:41:53"}
{"level":"info","message":"Created client session 6864480700d4df2826b5741d","timestamp":"2026-09-14 09:41:54"}
{"level":"info","message":"Created client session 4585f0b312273d51857bdbee","timestamp":"2026-09-14 09:41:54"}
{"level":"info","message":"Created client session 8a077c56065f91002ddf427f","timestamp":"2026-09-14 09:41:54"}
{"level":"info","message":"Created client session 5b9b5cba5b48493f1d5f5a6a","timestamp":"2026-09-14 09:41:55"}
{"level":"info","message":"Created client session 9e50d6e5d0709d992762589a","timestamp":"2026-09-14 09:41:55"}
{"level":"info","message":"Created client session c18990b3c7781a80feb86531","timestamp":"2026-09-14 09:41:55"}
{"level":"info","message":"Created client session 8878f96a62931fe5d0693c31","timestamp":"2026-09-14 09:41:55"}
{"level":"info","message":"Created client session a2ad125ff5030e691b54528f","timestamp":"2026-09-14 09:41:56"}
{"level":"info","message":"Created client session 6243760fa57133eb3afe2aec","timestamp":"2026-09-14 09:41:56"}
{"level":"info","message":"Created client session 1ad868750216c69697ad968c","timestamp":"2026-09-14 09:41:56"}
{"level":"info","message":"Created client session 770d096ecf2dc369bc22e7ec","timestamp":"2026-09-14 09:41:57"}
{"level":"info","message":"Created client session 0214a704de7c9e9344425c5f","timestamp":"2026-09-14 09:41:57"}
{"level":"info","message":"Created client session 95acace5daf260700d213d33","timestamp":"2026-09-14 09:41:57"}
{"level":"info","message":"Created client session bc4e637e72765144d388cd96","timestamp":"2026-09-14 09:41:58"}
{"level":"info","message":"Created client session 528bc7e28d060156af1716c3","timestamp":"2026-09-14 09:41:58"}
{"level":"info","message":"Created client session 76eb25bbce6c5a9b8d3fa952","timestamp":"2026-09-14 09:41:58"}
{"level":"info","message":"Created client session ff6036ba7991b463ba669f0e","timestamp":"2026-09-14 09:41:58"}
{"level":"info","message":"Created client session 7259433db9310d5ee0caaae9","timestamp":"2026-09-14 09:41:59"}
{"level":"info","message":"Created client session a1321ed990211e0bcbd5abab","timestamp":"2026-09-14 09:41:59"}
{"level":"info","message":"Created client session 8a0f9844175563e425bac052","timestamp":"2026-09-14 09:49:59"}
{"level":"info","message":"Created client session 334b7c89864c20a9eee7bec5","timestamp":"2026-09-14 10:05:40"}
{"level":"info","message":"Created client session 51f19b9080684e8d4a7b477d","timestamp":"2026-09-14 10:27:46"}
{"level":"info","message":"Created client session 0e3eb6a2161e81d1fc730856","timestamp":"2026-09-14 10:27:46"}
{"level":"info","message":"Created client session 1f1c1c4975e12f75b5f53e8b","timestamp":"2026-09-14 10:27:47"}
{"level":"info","message":"Created client session db9f4431b1b737daf26ac7f9","timestamp":"2026-09-14 10:27:47"}
{"level":"info","message":"Created client session 8f6c50f07a21a368bfaa1551","timestamp":"2026-09-14 10:27:47"}
{"level":"info","message":"Created client session 65032b2dea83cd5f8d656944","timestamp":"2026-09-14 10:27:47"}
{"level":"info","message":"Created client session ad585900fdcbc11996c1e9c2","timestamp":"2026-09-14 10:34:56"}
{"level":"info","message":"Created client session c7c0ce6201923aba659d6129","timestamp":"2026-09-14 10:38:55"}
{"level":"info","message":"Created client session 6d52ea9a777fb49909c72fe7","timestamp":"2026-09-14 10:39:07"}
{"level":"info","message":"Created client session 0b4cff740dd951c160ef78fd","timestamp":"2026-09-14 11:35:43"}
{"level":"info","message":"Created client session 697a63c409e3b52838f94ea1","timestamp":"2026-09-14 11:54:40"}
{"level":"info","message":"Created client session b922f3ad663cb192966f9446","timestamp":"2026-09-14 11:56:03"}
{"level":"info","message":"Created client session 906477abd87201529cc8706f","timestamp":"2026-09-14 11:56:14"}
{"level":"info","message":"Created client session 17ad43dffe43020ecc26a77f","timestamp":"2026-09-14 11:56:14"}
{"level":"info","message":"Created client session a7aa28b3cb1071e99fd0ce84","timestamp":"2026-09-14 11:56:14"}
{"level":"info","message":"Created client session 360bb11420b249f0d8e18f1e","timestamp":"2026-09-14 11:56:14"}
{"level":"info","message":"Created client session 1ba723d0a12e01a4a29dbaef","timestamp":"2026-09-14 11:56:14"}
{"level":"info","message":"Created client session 2890b1b0bb8c5082c17b10c5","timestamp":"2026-09-14 11:56:14"}
{"level":"info","message":"Created client session 9e5d884dc2ea63095a93be4a","timestamp":"2026-09-14 11:56:14"}
{"level":"info","message":"Created client session 90349c1667dc2c8ee85cf232","timestamp":"2026-09-14 11:56:14"}
{"level":"info","message":"Created client session 59db61e13a40f7f628af33cd","timestamp":"2026-09-14 11:56:14"}
{"level":"info","message":"Created client session 0b22fda69543a0cbbcecb660","timestamp":"2026-09-14 11:56:14"}
{"level":"info","message":"Created client session 1f4cab0583b745a479a81856","timestamp":"2026-09-14 11:56:14"}
{"level":"info","message":"Created client session 2b81a93587e1dfb4de1e2ac1","timestamp":"2026-09-14 11:56:14"}
{"level":"info","message":"Created client session 4a4d1145e8f510cdfc348b84","timestamp":"2026-09-14 11:56:14"}
{"level":"info","message":"Created client session 7618ee0214bba952071cd037","timestamp":"2026-09-14 11:56:14"}
{"level":"info","message":"Created client session bc2767622f34ae1f1b678fb1","timestamp":"2026-09-14 11:56:14"}
{"level":"info","message":"Created client session 903072fbce68a353d8e73fe4","timestamp":"2026-09-14 11:56:14"}
{"level":"info","message":"Created client session 90956b17a0b21290f58a571d","timestamp":"2026-09-14 11:56:14"}
{"level":"info","message":"Created client session 213cb562012f3cb61768da9d","timestamp":"2026-09-14 11:56:14"}
{"level":"info","message":"Created client session 62bc69dbc90d175af0d34598","timestamp":"2026-09-14 11:56:14"}
{"level":"info","message":"Created client session 38220238e9ecf7a2bd024e36","timestamp":"2026-09-14 11:56:14"}
{"level":"info","message":"Created client session 1588ea9bbae7c11c0f473f23","timestamp":"2026-09-14 11:56:14"}
{"level":"info","message":"Created client session 20f9fe669b23f2d240ade722","timestamp":"2026-09-14 11:56:14"}
{"level":"info","message":"Created client session 2a2aaccd31dc1cc78119d28e","timestamp":"2026-09-14 11:56:14"}
{"level":"info","message":"Created client session 6326e8f92bb7ef080e444215","timestamp":"2026-09-14 11:56:14"}
{"level":"info","message":"Created client session eb49795211e7c5ad14f0a12c","timestamp":"2026-09-14 11:56:14"}
{"level":"info","message":"Created client session 13543196c890f37fcef2d390","timestamp":"2026-09-14 11:56:14"}
{"level":"info","message":"Created client session 023a5dbfcc1bf991838da11f","timestamp":"2026-09-14 11:56:14"}
{"level":"info","message":"Created client session 527094dc961b3f83aebae7a9","timestamp":"2026-09-14 11:56:14"}
{"level":"info","message":"Created client session 5fc9e0ed694d78cb050db386","timestamp":"2026-09-14 11:56:14"}
{"level":"info","message":"Created client session 82434ce48d1fbddf83df9456","timestamp":"2026-09-14 11:56:14"}
{"level":"info","message":"Created client session 21b0d4cf4de1ea13f324477a","timestamp":"2026-09-14 11:56:14"}
{"level":"info","message":"Created client session 96b3cd8e46da277fcec477bb","timestamp":"2026-09-14 11:56:14"}
{"level":"info","message":"Created client session 556465bf7423378a9500c126","timestamp":"2026-09-14 11:56:14"}
{"level":"info","message":"Created client session dd73b46536df9be544d91e02","timestamp":"2026-09-14 11:56:14"}
{"level":"info","message":"Created client session b351c89a9896f6fcaa1b03c4","timestamp":"2026-09-14 11:56:14"}
{"level":"info","message":"Created client session bab498242530a66b05bfdac9","timestamp":"2026-09-14 11:56:14"}
{"level":"info","message":"Created client session 90617e3c6cff303c7f101e9e","timestamp":"2026-09-14 11:56:14"}
{"level":"info","message":"Created client session bcc4636c7ac82a489d3c6279","timestamp":"2026-09-14 11:56:14"}
{"level":"info","message":"Created client session ecb89b63c9b856e4b1248c42","timestamp":"2026-09-14 11:56:14"}
{"level":"info","message":"Created client session 25aae75c20afa9693a074f19","timestamp":"2026-09-14 11:56:14"}
{"level":"info","message":"Created client session 80ab0f3a089511fdef4b0879","timestamp":"2026-09-14 11:56:15"}
{"level":"info","message":"Created client session 3df121d5a0646279ad504b16","timestamp":"2026-09-14 11:56:15"}
{"level":"info","message":"Created client session 231493eb83bddf43673ad0b0","timestamp":"2026-09-14 11:56:15"}
{"level":"info","message":"Created client session 2d6f078f57ec9855e68161cb","timestamp":"2026-09-14 11:56:15"}
{"level":"info","message":"Created client session 977cc94a8b150deba981658c","timestamp":"2026-09-14 11:56:15"}
{"level":"info","message":"Created client session f23f7dc8ec6b4735c30e0eff","timestamp":"2026-09-14 11:56:15"}
{"level":"info","message":"Created client session 526d764b6ad8c7ba2be34e3d","timestamp":"2026-09-14 11:56:15"}
{"level":"info","message":"Created client session 5db6c4d5476db65508d90a8e","timestamp":"2026-09-14 12:19:39"}
{"level":"info","message":"Created client session ef8291677783e3fa02a2e959","timestamp":"2026-09-14 12:42:37"}
{"level":"info","message":"Created client session 9078a6bc79ceeeaaf87e84a3","timestamp":"2026-09-14 12:55:57"}
{"level":"info","message":"Created client session db7e48162d8be6c6209596bb","timestamp":"2026-09-14 12:55:57"}
{"level":"info","message":"Created client session 60d04e839e5a1e353ac7e9b0","timestamp":"2026-09-14 12:55:57"}
{"level":"info","message":"Created client session 02bb6c36148f7a9586c75b1e","timestamp":"2026-09-14 12:55:57"}
{"level":"info","message":"Created client session ce7a712544a16252a2cb28a6","timestamp":"2026-09-14 12:55:57"}
{"level":"info","message":"Created client session 322fbd2dc6ef12d3d27be0d3","timestamp":"2026-09-14 12:55:57"}
{"level":"info","message":"Created client session ae8a48f4aba66546b3df056c","timestamp":"2026-09-14 12:55:57"}
{"level":"info","message":"Created client session 3c56349374c5b277dfea0fd8","timestamp":"2026-09-14 12:55:57"}
{"level":"info","message":"Created client session 54de6c7e3cdc6056bb1f6793","timestamp":"2026-09-14 12:55:57"}
{"level":"info","message":"Created client session d83ae3b7c9c46857ad13c718","timestamp":"2026-09-14 12:55:58"}
{"level":"info","message":"Created client session aac633fcec2e45fb6ee18830","timestamp":"2026-09-14 12:55:58"}
{"level":"info","message":"Created client session b1a6913093fdd868070830de","timestamp":"2026-09-14 12:55:58"}
{"level":"info","message":"Created client session 619bea3ee8c47ce02a1d697b","timestamp":"2026-09-14 12:55:58"}
{"level":"info","message":"Created client session f67ebc484afe5743451da671","timestamp":"2026-09-14 12:55:58"}
{"level":"info","message":"Created client session 5a3f9fb66a496db8dee3d090","timestamp":"2026-09-14 12:55:58"}
{"level":"info","message":"Created client session 58d906d53900817918450183","timestamp":"2026-09-14 12:55:58"}
{"level":"info","message":"Created client session bfbb0fb59142bc70ddfadb7c","timestamp":"2026-09-14 12:55:58"}
{"level":"info","message":"Created client session b910af11803c84858411801f","timestamp":"2026-09-14 12:55:58"}
{"level":"info","message":"Created client session 975088c35b2c6ad33829c646","timestamp":"2026-09-14 12:55:58"}
{"level":"info","message":"Created client session 3e424228cd674a46e12df637","timestamp":"2026-09-14 12:55:59"}
{"level":"info","message":"Created client session 24c5621b4f9e37054ff83e29","timestamp":"2026-09-14 12:55:59"}
{"level":"info","message":"Created client session 4004b6d9372d8c25ecea6fef","timestamp":"2026-09-14 12:55:59"}
{"level":"info","message":"Created client session 56b511a17ce25c99ca5858fe","timestamp":"2026-09-14 12:55:59"}
{"level":"info","message":"Created client session 561a60e1b8d515a7bf0ddf7e","timestamp":"2026-09-14 12:55:59"}
{"level":"info","message":"Created client session 454ae5e93ff7d1e519f09892","timestamp":"2026-09-14 12:55:59"}
{"level":"info","message":"Created client session 5f07da171bbec44cb8c87074","timestamp":"2026-09-14 12:55:59"}
{"level":"info","message":"Created client session 1b879b4715b419d05d808b53","timestamp":"2026-09-14 12:55:59"}
{"level":"info","message":"Created client session f4c745892abb4735e3158d2d","timestamp":"2026-09-14 12:55:59"}
{"level":"info","message":"Created client session ededdc48808a5e7a8fc87ed8","timestamp":"2026-09-14 12:55:59"}
{"level":"info","message":"Created client session a594d608947f8d428f4b1f2d","timestamp":"2026-09-14 12:55:59"}
{"level":"info","message":"Created client session 8385f2874b16306e3ff3fa46","timestamp":"2026-09-14 12:56:00"}
{"level":"info","message":"Created client session 19864761fe162679736083de","timestamp":"2026-09-14 12:56:00"}
{"level":"info","message":"Created client session 1ef4aea7ceb6e6879933ccb6","timestamp":"2026-09-14 12:56:00"}
{"level":"info","message":"Created client session e580f723451f30beceb43c41","timestamp":"2026-09-14 12:56:00"}
{"level":"info","message":"Created client session 73d34613ee5bf221007bc28b","timestamp":"2026-09-14 12:56:00"}
{"level":"info","message":"Created client session f61e0fda7959df5ab9dc1a7e","timestamp":"2026-09-14 12:56:00"}
{"level":"info","message":"Created client session 4cf0aebce0e7b0f3e7abb01a","timestamp":"2026-09-14 12:56:00"}
{"level":"info","message":"Created client session 50c82e53844690a2ba9dffe4","timestamp":"2026-09-14 12:56:00"}
{"level":"info","message":"Created client session 69a8ad1d6177776b07e7367d","timestamp":"2026-09-14 12:56:00"}
{"level":"info","message":"Created client session e895471f4a06f5b4bbe94fd3","timestamp":"2026-09-14 12:56:00"}
{"level":"info","message":"Created client session beed5756475616f79ea5d14b","timestamp":"2026-09-14 12:56:01"}
{"level":"info","message":"Created client session 513ecb6a36ff072e43ab5301","timestamp":"2026-09-14 12:56:01"}
{"level":"info","message":"Created client session 51c382d5d7ce56e23d977712","timestamp":"2026-09-14 12:56:01"}
{"level":"info","message":"Created client session ac6af83496b5db7b6814e99a","timestamp":"2026-09-14 12:56:01"}
{"level":"info","message":"Created client session 82de28fb887097f5884cd297","timestamp":"2026-09-14 12:56:01"}
{"level":"info","message":"Created client session ca8dbfc410a5a55a7f22f44a","timestamp":"2026-09-14 12:56:01"}
{"level":"info","message":"Created client session 5d61c7ef79bccd1b9061a21d","timestamp":"2026-09-14 12:56:01"}
{"level":"info","message":"Created client session 5842eb053626ea57c463d8e1","timestamp":"2026-09-14 12:56:01"}
{"level":"info","message":"Created client session f93b7f92cb5c6722b37948fe","timestamp":"2026-09-14 12:56:01"}
{"level":"info","message":"Created client session e0c47edcefea0181f486c371","timestamp":"2026-09-14 12:56:01"}
{"level":"info","message":"Created client session f10721505c282838a9b38178","timestamp":"2026-09-14 12:56:02"}
{"level":"info","message":"Created client session 5ac7aba61ab7ea783e6aed6a","timestamp":"2026-09-14 12:56:02"}
{"level":"info","message":"Created client session 09056da76591e376b7e7036e","timestamp":"2026-09-14 12:56:02"}
{"level":"info","message":"Created client session 3b6c5ee08a40f734e72622d4","timestamp":"2026-09-14 12:56:02"}
{"level":"info","message":"Created client session 41d4c796db280cfce95da21f","timestamp":"2026-09-14 12:56:02"}
{"level":"info","message":"Created client session 5c8b0444407cd709784d425b","timestamp":"2026-09-14 12:56:02"}
{"level":"info","message":"Created client session b2c661647c7c39c9de5c7796","timestamp":"2026-09-14 12:56:02"}
{"level":"info","message":"Created client session 52bba362d1fc1c14233d394d","timestamp":"2026-09-14 12:56:02"}
{"level":"info","message":"Created client session 63d050b55b2606d5687e9961","timestamp":"2026-09-14 12:56:02"}
{"level":"info","message":"Created client session 2c24c91b74e8a4ff73566d39","timestamp":"2026-09-14 12:56:02"}
{"level":"info","message":"Created client session b56bd71a2ac41fcfc7d41da4","timestamp":"2026-09-14 12:56:03"}
{"level":"info","message":"Created client session abc09f2a7ef1738d5e8f662a","timestamp":"2026-09-14 12:56:03"}
{"level":"info","message":"Created client session a6bcea8aeed15b1e09f67e50","timestamp":"2026-09-14 12:56:03"}
{"level":"info","message":"Created client session 57522bcc56dc12552e4aeaff","timestamp":"2026-09-14 12:56:03"}
{"level":"info","message":"Created client session 23c296b300dd1cf959feffa5","timestamp":"2026-09-14 12:56:03"}
{"level":"info","message":"Created client session 3bf09f2967bc4282368eb65a","timestamp":"2026-09-14 12:56:03"}
{"level":"info","message":"Created client session 35bf872b885e38030f505814","timestamp":"2026-09-14 12:56:03"}
{"level":"info","message":"Created client session 4ca564a8e1c5d0bb11534027","timestamp":"2026-09-14 12:56:03"}
{"level":"info","message":"Created client session 7cc968e9493d62eca6080c0c","timestamp":"2026-09-14 12:56:03"}
{"level":"info","message":"Created client session 89d22135281dfa9d32a744a3","timestamp":"2026-09-14 12:56:03"}
{"level":"info","message":"Created client session ff355fd9c975cee8c1f6ac54","timestamp":"2026-09-14 12:56:04"}
{"level":"info","message":"Created client session 3f58a75a38745a93404e69df","timestamp":"2026-09-14 12:56:04"}
{"level":"info","message":"Created client session 0213e54284c1013391fb6eff","timestamp":"2026-09-14 12:56:04"}
{"level":"info","message":"Created client session c0814a29aea51bf5ca04fbcf","timestamp":"2026-09-14 12:56:04"}
{"level":"info","message":"Created client session c8426e7a8dcf0603cc743561","timestamp":"2026-09-14 12:56:04"}
{"level":"info","message":"Created client session 42242be8c7df4f2a5b851ef4","timestamp":"2026-09-14 12:56:04"}
{"level":"info","message":"Created client session 6e1db25f9860ce52ecb63e2f","timestamp":"2026-09-14 12:56:04"}
{"level":"info","message":"Created client session 9b29cf6151628845367bc44b","timestamp":"2026-09-14 12:56:04"}
{"level":"info","message":"Created client session fca48efa57c16ec5cbcad908","timestamp":"2026-09-14 12:56:04"}
{"level":"info","message":"Created client session ead56b09c2c4145e017bc6f9","timestamp":"2026-09-14 12:56:04"}
{"level":"info","message":"Created client session 3c3018fe48b8e56f2220d96a","timestamp":"2026-09-14 12:56:05"}
{"level":"info","message":"Created client session 36eedc673dec350a703e362c","timestamp":"2026-09-14 12:56:05"}
{"level":"info","message":"Created client session 03959c8c24549583264d6fcb","timestamp":"2026-09-14 12:56:05"}
{"level":"info","message":"Created client session 56785599ec12d43bc118ced7","timestamp":"2026-09-14 12:56:05"}
{"level":"info","message":"Created client session ba24592c8b589013d12d3793","timestamp":"2026-09-14 12:56:05"}
{"level":"info","message":"Created client session c89f4b59f81d3b86e838a188","timestamp":"2026-09-14 12:56:05"}
{"level":"info","message":"Created client session 901ccb36cb5ef953e65346bd","timestamp":"2026-09-14 12:56:05"}
{"level":"info","message":"Created client session 5ef8756e7d983bc66dcd2ac0","timestamp":"2026-09-14 12:56:05"}
{"level":"info","message":"Created client session 09feb3e309bf95813319424e","timestamp":"2026-09-14 12:56:05"}
{"level":"info","message":"Created client session cc8872267324a8578268258e","timestamp":"2026-09-14 12:56:05"}
{"level":"info","message":"Created client session 22a1626d1e643f78b9602c04","timestamp":"2026-09-14 12:56:05"}
{"level":"info","message":"Created client session 61b83aa957cdc8af98a45ba5","timestamp":"2026-09-14 12:56:06"}
{"level":"info","message":"Created client session 83ff38de4da163cbc5142900","timestamp":"2026-09-14 12:56:06"}
{"level":"info","message":"Created client session 365794f5898c7dfe66f7378b","timestamp":"2026-09-14 12:56:06"}
{"level":"info","message":"Created client session 890444780b69d41d920f3c8c","timestamp":"2026-09-14 12:56:06"}
{"level":"info","message":"Created client session 32764dc9a670c11ab00905fa","timestamp":"2026-09-14 12:56:06"}
{"level":"info","message":"Created client session 763623cc5fd7ffc5271f6a13","timestamp":"2026-09-14 12:56:06"}
{"level":"info","message":"Created client session aab01b45e7f76b6c617dee86","timestamp":"2026-09-14 12:56:06"}
{"level":"info","message":"Created client session 9d30edec7033182db8a6f880","timestamp":"2026-09-14 12:56:06"}
{"level":"info","message":"Created client session 5a10e31e97f1f4d1d5cb234b","timestamp":"2026-09-14 12:56:06"}
{"level":"info","message":"Created client session 296b1e57471d718142a40221","timestamp":"2026-09-14 12:56:06"}
{"level":"info","message":"Created client session 68329ed0529906a0dfa86856","timestamp":"2026-09-14 12:56:07"}
{"level":"info","message":"Created client session 3f2663795046c830e093cd72","timestamp":"2026-09-14 12:56:07"}
{"level":"info","message":"Created client session 468287b845c774dbde8ade1e","timestamp":"2026-09-14 12:56:07"}
{"level":"info","message":"Created client session dda88ef50129f65546d471e7","timestamp":"2026-09-14 12:56:07"}
{"level":"info","message":"Created client session 4b7cb941b31048445c09083f","timestamp":"2026-09-14 12:56:07"}
{"level":"info","message":"Created client session de7db8369ade0667c912fe40","timestamp":"2026-09-14 12:56:07"}
{"level":"info","message":"Created client session 13b6bb2a3c37ca0267410c9d","timestamp":"2026-09-14 12:56:07"}
{"level":"info","message":"Created client session fc1201cc17dbc9a4adc7750d","timestamp":"2026-09-14 12:56:07"}
{"level":"info","message":"Created client session e41d212c01dcbecbeec570aa","timestamp":"2026-09-14 12:56:07"}
{"level":"info","message":"Created client session 1a659f08326a600368a52198","timestamp":"2026-09-14 12:56:07"}
{"level":"info","message":"Created client session 3d1f0f19bb26e6f7caf3b354","timestamp":"2026-09-14 12:56:08"}
{"level":"info","message":"Created client session 9e2784297fb68e28f706c6f7","timestamp":"2026-09-14 12:56:08"}
{"level":"info","message":"Created client session 979afa6b40559c080474a5d6","timestamp":"2026-09-14 12:56:08"}
{"level":"info","message":"Created client session 085931180703736b12705cbf","timestamp":"2026-09-14 12:56:08"}
{"level":"info","message":"Created client session ea4b5ff4fb71fdb420757d4f","timestamp":"2026-09-14 12:56:08"}
{"level":"info","message":"Created client session ddffef57a1c5bba4fb6d587e","timestamp":"2026-09-14 12:56:08"}
{"level":"info","message":"Created client session 5e80c72295c01c57f078ce6a","timestamp":"2026-09-14 12:56:08"}
{"level":"info","message":"Created client session 70aa533a99b09e2d2d815f37","timestamp":"2026-09-14 12:56:08"}
{"level":"info","message":"Created client session b8aa07d37bc671ea854e08f2","timestamp":"2026-09-14 12:56:08"}
{"level":"info","message":"Created client session 398ef1da80cb0381a8b34f9d","timestamp":"2026-09-14 12:56:08"}
{"level":"info","message":"Created client session 9ebd950d11dae976ef4f2421","timestamp":"2026-09-14 12:56:09"}
{"level":"info","message":"Created client session 17c35cd0c9478a03168d3b9f","timestamp":"2026-09-14 12:56:09"}
{"level":"info","message":"Created client session 9a49fd2a0520d241cee482ed","timestamp":"2026-09-14 12:56:09"}
{"level":"info","message":"Created client session c408e6f3fa42d073fa04abd9","timestamp":"2026-09-14 12:56:09"}
{"level":"info","message":"Created client session 2c05237ce0eace703741f0c8","timestamp":"2026-09-14 12:56:09"}
{"level":"info","message":"Created client session db4765de283c356a2c31fce0","timestamp":"2026-09-14 13:00:34"}
{"level":"info","message":"Created client session 0f2c0feeaf09eabdf5813e0a","timestamp":"2026-09-14 13:14:50"}
{"level":"info","message":"Created client session 187dd3e4047dfea8ccbd1be9","timestamp":"2026-09-14 13:15:11"}
{"level":"info","message":"Created client session 114f31cb0946520b8a55685d","timestamp":"2026-09-14 13:44:43"}
{"level":"info","message":"Created client session 9be19dcb2e2d5f6b9f8ae6d2","timestamp":"2026-09-14 13:53:05"}
{"level":"info","message":"Created client session 939d121a5451c9cb7c1d9418","timestamp":"2026-09-14 13:56:18"}
{"level":"info","message":"Created client session 8f821fa2c342e9ca621c622b","timestamp":"2026-09-14 13:58:41"}
{"level":"info","message":"Created client session e59de91778bb09e55cdec083","timestamp":"2026-09-14 14:17:03"}
{"level":"info","message":"Created client session a4f04bd5e616a1596731c936","timestamp":"2026-09-14 14:28:23"}
{"level":"info","message":"Created client session e5e8e3104b3b6b484552df33","timestamp":"2026-09-14 14:40:00"}
{"level":"info","message":"Created client session 5b601139df7fa05f405f8f54","timestamp":"2026-09-14 15:09:05"}
{"level":"info","message":"Created client session f735608c9c16dd6ddbab022c","timestamp":"2026-09-14 15:26:00"}
{"level":"info","message":"Created client session 792cce12befe8d78760b5dcf","timestamp":"2026-09-14 15:26:28"}
{"level":"info","message":"Created client session 33526e2cf070e64fdafa0ad7","timestamp":"2026-09-14 15:58:52"}
{"level":"info","message":"Created client session c57ecd8c36962c25313ead66","timestamp":"2026-09-14 16:07:38"}
{"level":"info","message":"Created client session c1973c2645055bd991fb0073","timestamp":"2026-09-14 16:07:42"}
{"level":"info","message":"Created client session 5b4eeb3b6c90cbf38ec227ec","timestamp":"2026-09-14 16:07:58"}
{"level":"info","message":"Created client session e365f627c0cf105c92063c68","timestamp":"2026-09-14 16:14:58"}
{"level":"info","message":"Created client session 2174517e491405d4877c5d26","timestamp":"2026-09-14 16:24:14"}
{"level":"info","message":"Created client session 89ea9bef8041ec9caa870dd5","timestamp":"2026-09-14 16:24:18"}
{"level":"info","message":"Created client session 98300f2b6da8cee6bb73ac41","timestamp":"2026-09-14 16:24:18"}
{"level":"info","message":"Created client session e297f60aa1d3fa327a047833","timestamp":"2026-09-14 16:24:18"}
{"level":"info","message":"Created client session 20d79cd6031af6a2def43a8e","timestamp":"2026-09-14 16:45:46"}
{"level":"info","message":"Created client session bcbf43e0015160e1bcea988d","timestamp":"2026-09-14 16:45:58"}
{"level":"info","message":"Created client session 2cbfb93271c2968113181158","timestamp":"2026-09-14 17:21:30"}
{"level":"info","message":"Created client session 0127a5fc09bef935aaf69065","timestamp":"2026-09-14 17:21:30"}
{"level":"info","message":"Created client session 0b9f4014364fce1064130ac1","timestamp":"2026-09-14 17:21:30"}
{"level":"info","message":"Created client session 0f041146888b59560125d2b2","timestamp":"2026-09-14 17:21:31"}
{"level":"info","message":"Created client session cfff0be5c6db4c736d5f4b7a","timestamp":"2026-09-14 17:21:31"}
{"level":"info","message":"Created client session c6816416ea932966b7c0401e","timestamp":"2026-09-14 17:21:32"}
{"level":"info","message":"Created client session 59034cf7ae10cc0c44306334","timestamp":"2026-09-14 17:21:32"}
{"level":"info","message":"Created client session 21cf124eb4b36d0ccbd4fd0f","timestamp":"2026-09-14 17:52:20"}
{"level":"info","message":"Created client session ba8a37a50edba03d5664d1cb","timestamp":"2026-09-14 18:03:23"}
{"level":"info","message":"Created client session f6e468c6871397912c9eb6ce","timestamp":"2026-09-14 18:19:06"}
{"level":"info","message":"Created client session 1ad1885b0d755440a061165a","timestamp":"2026-09-14 18:19:32"}
{"level":"info","message":"Created client session 90f76ec00d9c4c4bff3118cf","timestamp":"2026-09-14 19:24:15"}
{"level":"info","message":"Created client session c38f17d78533b0adaec0af48","timestamp":"2026-09-14 19:24:16"}
{"level":"info","message":"Created client session aa73cf7937e82087c8aa14ce","timestamp":"2026-09-14 19:24:17"}
{"level":"info","message":"Created client session 2935210b40ba51a78b7704e7","timestamp":"2026-09-14 19:24:17"}
{"level":"info","message":"Created client session c51cb796be3366f2cdce3881","timestamp":"2026-09-14 19:24:18"}
{"level":"info","message":"Created client session ae3fde59a5b18cf3e6963020","timestamp":"2026-09-14 19:24:19"}
{"level":"info","message":"Created client session 019332930e2c99e0b292be5c","timestamp":"2026-09-14 19:24:19"}
{"level":"info","message":"Created client session 788363e5b8cdb342b9c8e3d1","timestamp":"2026-09-14 19:24:19"}
{"level":"info","message":"Created client session b17a5239eec8e7f706aefed2","timestamp":"2026-09-14 19:24:19"}
{"level":"info","message":"Created client session 01d97fe503e458d718f837cd","timestamp":"2026-09-14 19:24:19"}
{"level":"info","message":"Created client session 3c753afcf8e1ca0ea798161c","timestamp":"2026-09-14 19:24:20"}
{"level":"info","message":"Created client session 2cb17bbe01470ee5128d62a8","timestamp":"2026-09-14 19:24:22"}
{"level":"info","message":"Created client session 62bf689b0648213e8689a074","timestamp":"2026-09-14 19:24:22"}
{"level":"info","message":"Created client session 16943785fe1878947542450f","timestamp":"2026-09-14 19:24:23"}
{"level":"info","message":"Created client session 0bc25591f551cfb4e38871e0","timestamp":"2026-09-14 19:24:24"}
{"level":"info","message":"Created client session 7b4f8c22877481a5730e0f1d","timestamp":"2026-09-14 19:24:25"}
{"level":"info","message":"Created client session c5378241c728dff88a4d9a83","timestamp":"2026-09-14 19:24:26"}
{"level":"info","message":"Created client session c1f3a6a630aef1a6dddb0d5b","timestamp":"2026-09-14 19:24:26"}
{"level":"info","message":"Created client session 9512b03ba9131d84bd3ba9b9","timestamp":"2026-09-14 19:24:27"}
{"level":"info","message":"Created client session a0c3864f45c983aabab32d82","timestamp":"2026-09-14 19:24:27"}
{"level":"info","message":"Created client session 8ffbcd83131d37530f9251dd","timestamp":"2026-09-14 19:24:27"}
{"level":"info","message":"Created client session 7173f3d5220265ecd4abb4e2","timestamp":"2026-09-14 19:24:27"}
{"level":"info","message":"Created client session 6826694201411746c841bbf2","timestamp":"2026-09-14 19:24:27"}
{"level":"info","message":"Created client session d51b229ad9213c3311558e43","timestamp":"2026-09-14 19:24:27"}
{"level":"info","message":"Created client session b2a10d13e5f0fbe521bc0def","timestamp":"2026-09-14 19:24:27"}
{"level":"info","message":"Created client session f4cf40ce0583bf18d628855d","timestamp":"2026-09-14 19:24:27"}
{"level":"info","message":"Created client session 238dc371834eb6a4394029e9","timestamp":"2026-09-14 19:24:27"}
{"level":"info","message":"Created client session b1f289bc10962f293c9b2515","timestamp":"2026-09-14 19:24:27"}
{"level":"info","message":"Created client session dec943af7e8a053e19eb02a0","timestamp":"2026-09-14 19:24:28"}
{"level":"info","message":"Created client session c032cdd2b64771e10e97cb18","timestamp":"2026-09-14 19:24:28"}
{"level":"info","message":"Created client session c98dd9b1efd39567cc8e0fc0","timestamp":"2026-09-14 19:24:28"}
{"level":"info","message":"Created client session a49659d609f45b0642973961","timestamp":"2026-09-14 19:24:28"}
{"level":"info","message":"Created client session 4f16ae38491f1bea53cd7993","timestamp":"2026-09-14 19:24:28"}
{"level":"info","message":"Created client session 495ac0594de8794988e35b73","timestamp":"2026-09-14 19:24:28"}
{"level":"info","message":"Created client session b990eaabfebc668116e10a58","timestamp":"2026-09-14 19:24:28"}
{"level":"info","message":"Created client session 4fb12ff2f24e0f09c63ad6e5","timestamp":"2026-09-14 19:24:28"}
{"level":"info","message":"Created client session 643a96e74660011796eea885","timestamp":"2026-09-14 19:24:28"}
{"level":"info","message":"Created client session 8851118fdc99ee912556851c","timestamp":"2026-09-14 19:24:28"}
{"level":"info","message":"Created client session 5377dbc2120ac22ded124d19","timestamp":"2026-09-14 19:24:28"}
{"level":"info","message":"Created client session 7b12562f8712069abee7f4b1","timestamp":"2026-09-14 19:24:28"}
{"level":"info","message":"Created client session cbdda5750f02137b8988048f","timestamp":"2026-09-14 19:24:29"}
{"level":"info","message":"Created client session 5dc2f63bef92bd600dcf3712","timestamp":"2026-09-14 19:24:29"}
{"level":"info","message":"Created client session 9e00e5a6d6f95f3ac9e11b6f","timestamp":"2026-09-14 19:24:29"}
{"level":"info","message":"Created client session 3ac965916cdf9976ed45f1fc","timestamp":"2026-09-14 19:24:29"}
{"level":"info","message":"Created client session 29d75321ff01745472eaa93c","timestamp":"2026-09-14 19:24:29"}
{"level":"info","message":"Created client session dc021b67621f37bfe657f5ff","timestamp":"2026-09-14 19:24:29"}
{"level":"info","message":"Created client session 12f73c26cbe935f792e3dfe0","timestamp":"2026-09-14 19:24:29"}
{"level":"info","message":"Created client session ecae85631dffdac98666c4f5","timestamp":"2026-09-14 19:24:29"}
{"level":"info","message":"Created client session e83d6916037018f9c478092b","timestamp":"2026-09-14 19:24:29"}
{"level":"info","message":"Created client session 8bef7962482b17ce2270b89f","timestamp":"2026-09-14 19:24:29"}
{"level":"info","message":"Created client session df72b1035b50592e0ebf0147","timestamp":"2026-09-14 19:24:29"}
{"level":"info","message":"Created client session c172f099b20f0dd9c9ebefd7","timestamp":"2026-09-14 19:24:29"}
{"level":"info","message":"Created client session bc2fe0d55e6f0f208c1561db","timestamp":"2026-09-14 19:24:29"}
{"level":"info","message":"Created client session 0a17961a5d02762d12b76a9e","timestamp":"2026-09-14 19:24:30"}
{"level":"info","message":"Created client session cd21eac870587b1ebab262c4","timestamp":"2026-09-14 19:24:30"}
{"level":"info","message":"Created client session 6d584e9f5f780823cd108f40","timestamp":"2026-09-14 19:24:30"}
{"level":"info","message":"Created client session 9e7b8822d82fdb007f0ccd25","timestamp":"2026-09-14 19:24:30"}
{"level":"info","message":"Created client session f5c32bf1199d997d37bba5cd","timestamp":"2026-09-14 19:24:30"}
{"level":"info","message":"Created client session af0dcab727d37f9ec589d432","timestamp":"2026-09-14 19:24:30"}
{"level":"info","message":"Created client session 682b6eddced016ef16e5b380","timestamp":"2026-09-14 19:24:30"}
{"level":"info","message":"Created client session 41469094997c5c2a6d6199a8","timestamp":"2026-09-14 19:24:30"}
{"level":"info","message":"Created client session 8ea55dc282361ad91c8e31cc","timestamp":"2026-09-14 19:24:30"}
{"level":"info","message":"Created client session debf33d147a34f8902592492","timestamp":"2026-09-14 19:24:30"}
{"level":"info","message":"Created client session f44668cfed528e1d405cd16a","timestamp":"2026-09-14 19:24:30"}
{"level":"info","message":"Created client session 82c329336e6aa2a6e5ab8550","timestamp":"2026-09-14 19:24:30"}
{"level":"info","message":"Created client session 7ba3bf43fc2c2cd57a1a4ba6","timestamp":"2026-09-14 19:24:30"}
{"level":"info","message":"Created client session 05f9e24a5983e91f4740e698","timestamp":"2026-09-14 19:24:31"}
{"level":"info","message":"Created client session 99627b788ff1b5539adbb3bd","timestamp":"2026-09-14 19:24:31"}
{"level":"info","message":"Created client session 5eff0dc5e673a10ac36a8d45","timestamp":"2026-09-14 19:24:31"}
{"level":"info","message":"Created client session 73d0cc85bcf6be498daf2fab","timestamp":"2026-09-14 19:24:31"}
{"level":"info","message":"Created client session ad862cfc1df427a13a8dfb8b","timestamp":"2026-09-14 19:24:31"}
{"level":"info","message":"Created client session 1171c8605f38e0279f0d3dd9","timestamp":"2026-09-14 19:24:31"}
{"level":"info","message":"Created client session 926c5608e5020385cf45dd5d","timestamp":"2026-09-14 19:24:31"}
{"level":"info","message":"Created client session 24a876dedecd7c56893b19e0","timestamp":"2026-09-14 19:24:31"}
{"level":"info","message":"Created client session fb8d70e63489612ab483ed9a","timestamp":"2026-09-14 19:24:31"}
{"level":"info","message":"Created client session 7a744aa44382429c44cc79df","timestamp":"2026-09-14 19:24:31"}
{"level":"info","message":"Created client session ab219c57b6eda7d0d03a4242","timestamp":"2026-09-14 19:24:31"}
{"level":"info","message":"Created client session a56c10064185cab603716aea","timestamp":"2026-09-14 19:24:31"}
{"level":"info","message":"Created client session 85e3f602b7941f500655c0c1","timestamp":"2026-09-14 19:24:32"}
{"level":"info","message":"Created client session 4650ed5860365393f8daf851","timestamp":"2026-09-14 19:24:32"}
{"level":"info","message":"Created client session fd50310c537f66a4eedd0414","timestamp":"2026-09-14 19:24:32"}
{"level":"info","message":"Created client session f3e89e9bf9de95fb56099313","timestamp":"2026-09-14 19:24:32"}
{"level":"info","message":"Created client session cc5d1d4cde86f9f5c4e8282f","timestamp":"2026-09-14 19:24:32"}
{"level":"info","message":"Created client session 4dc7062565cf28da643e456b","timestamp":"2026-09-14 19:24:32"}
{"level":"info","message":"Created client session 2a17e8a871f869cf97de922b","timestamp":"2026-09-14 19:24:32"}
{"level":"info","message":"Created client session 9cfb796d4f27275836282f04","timestamp":"2026-09-14 19:24:32"}
{"level":"info","message":"Created client session a880e4d913e97ac2381b9d60","timestamp":"2026-09-14 19:24:32"}
{"level":"info","message":"Created client session ece30c3538eb8708dfa0c9c8","timestamp":"2026-09-14 19:24:33"}
{"level":"info","message":"Created client session 8599b5b62e8e28c8bc6ecce8","timestamp":"2026-09-14 19:24:33"}
{"level":"info","message":"Created client session 808948606c1e9f3e9251de3d","timestamp":"2026-09-14 19:24:33"}
{"level":"info","message":"Created client session 87c6bf0be8dc2787c91a3692","timestamp":"2026-09-14 19:24:33"}
{"level":"info","message":"Created client session 9e579ac3e35ab523cb147542","timestamp":"2026-09-14 19:24:33"}
{"level":"info","message":"Created client session 6f9f3d1110e5e55de288027b","timestamp":"2026-09-14 19:24:33"}
{"level":"info","message":"Created client session c5dba15ec13e4caefcc76cb0","timestamp":"2026-09-14 19:24:33"}
{"level":"info","message":"Created client session 96c3440f8b12c686bd303c32","timestamp":"2026-09-14 19:24:33"}
{"level":"info","message":"Created client session d86349c715b28a2e416d073b","timestamp":"2026-09-14 19:24:33"}
{"level":"info","message":"Created client session 331a291860c19610a9712849","timestamp":"2026-09-14 19:24:33"}
{"level":"info","message":"Created client session b1e10a2d26d62a9bdece33d7","timestamp":"2026-09-14 19:24:34"}
{"level":"info","message":"Created client session 034f23f0788598a035037f32","timestamp":"2026-09-14 19:24:34"}
{"level":"info","message":"Created client session c32d25707d7613bda6ba5fef","timestamp":"2026-09-14 19:24:34"}
{"level":"info","message":"Created client session 78949a460c0bbe2922cd40d4","timestamp":"2026-09-14 19:24:34"}
{"level":"info","message":"Created client session dd0447008f5bf6dc0b5d2a31","timestamp":"2026-09-14 19:24:34"}
{"level":"info","message":"Created client session 9287109ff8077de4ac47b6e7","timestamp":"2026-09-14 19:24:34"}
{"level":"info","message":"Created client session 95e1b989c402743b479c91fb","timestamp":"2026-09-14 19:24:34"}
{"level":"info","message":"Created client session eb45cd5118590a308c8deb94","timestamp":"2026-09-14 19:24:34"}
{"level":"info","message":"Created client session dcae3108a9cff88b303c9d79","timestamp":"2026-09-14 19:24:34"}
{"level":"info","message":"Created client session 3f284fbf48bd508c5d6a02a6","timestamp":"2026-09-14 19:24:34"}
{"level":"info","message":"Created client session df5961db1cc57f7385315429","timestamp":"2026-09-14 19:24:35"}
{"level":"info","message":"Created client session 2242e32857544148b241ef7e","timestamp":"2026-09-14 19:24:35"}
{"level":"info","message":"Created client session 1d407910c8c1d2adaeb7bf9c","timestamp":"2026-09-14 19:24:35"}
{"level":"info","message":"Created client session fa0fda26a73a6852dcf72360","timestamp":"2026-09-14 19:24:35"}
{"level":"info","message":"Created client session dc8346d21efe84aac224bea2","timestamp":"2026-09-14 19:24:35"}
{"level":"info","message":"Created client session 2ab7e6eaf77e593bb91819ba","timestamp":"2026-09-14 19:24:35"}
{"level":"info","message":"Created client session ecbe16f0b997dc106e729cd0","timestamp":"2026-09-14 19:24:35"}
{"level":"info","message":"Created client session a1f0ee6dc1758f2c7e06c267","timestamp":"2026-09-14 19:24:35"}
{"level":"info","message":"Created client session e0be0085e173e0a15276ba8e","timestamp":"2026-09-14 19:24:35"}
{"level":"info","message":"Created client session ffbe0ffdda8b4c9a638004d1","timestamp":"2026-09-14 19:24:36"}
{"level":"info","message":"Created client session b2ba19f97595c4972231c07d","timestamp":"2026-09-14 19:24:36"}
{"level":"info","message":"Created client session 57aaee54c28420de4e592d54","timestamp":"2026-09-14 19:24:36"}
{"level":"info","message":"Created client session 8d59883efad89e41efb4b41f","timestamp":"2026-09-14 19:24:36"}
{"level":"info","message":"Created client session eb628269870911c3f824d599","timestamp":"2026-09-14 19:24:36"}
{"level":"info","message":"Created client session 630c7ed1df7a479fbe27c81f","timestamp":"2026-09-14 19:24:36"}
{"level":"info","message":"Created client session b84c51b6dc29ef92969beab3","timestamp":"2026-09-14 19:24:36"}
{"level":"info","message":"Created client session 042c8422a41e6c2f8ea18c11","timestamp":"2026-09-14 19:24:37"}
{"level":"info","message":"Created client session 790d4c44e1a69e0c7083be3a","timestamp":"2026-09-14 19:24:37"}
{"level":"info","message":"Created client session f746d5e06c179b70b0abad3c","timestamp":"2026-09-14 19:24:37"}
{"level":"info","message":"Created client session 4b2dcd3af0c314a81e725e2a","timestamp":"2026-09-14 19:24:37"}
{"level":"info","message":"Created client session 8f3e3951a38c409c886f36c1","timestamp":"2026-09-14 19:24:37"}
{"level":"info","message":"Created client session 8d376abe868c5edcc895b4d1","timestamp":"2026-09-14 19:24:37"}
{"level":"info","message":"Created client session 6af4227ac2aa0192815d27a5","timestamp":"2026-09-14 19:24:37"}
{"level":"info","message":"Created client session ad577664929dc75ed5f8ecab","timestamp":"2026-09-14 19:24:37"}
{"level":"info","message":"Created client session e05ac011ef4a76c03477e660","timestamp":"2026-09-14 19:24:37"}
{"level":"info","message":"Created client session a6b586fd7022d58920bdd4eb","timestamp":"2026-09-14 19:24:37"}
{"level":"info","message":"Created client session fc67d065f591bc0c74f6f13d","timestamp":"2026-09-14 19:24:38"}
{"level":"info","message":"Created client session c8df4e7e466c500a8d31827e","timestamp":"2026-09-14 19:24:38"}
{"level":"info","message":"Created client session de4671e25ba7d7f40247bb81","timestamp":"2026-09-14 19:24:38"}
{"level":"info","message":"Created client session 356f3204f3fde90dff643714","timestamp":"2026-09-14 19:24:38"}
{"level":"info","message":"Created client session 0f6ba71ffde09d8df87e644d","timestamp":"2026-09-14 19:24:38"}
{"level":"info","message":"Created client session 2a20837281f5154c858bf514","timestamp":"2026-09-14 19:24:38"}
{"level":"info","message":"Created client session aa5ec3107e205e48edd67ed7","timestamp":"2026-09-14 19:24:38"}
{"level":"info","message":"Created client session fbcbf71a55156c7543878e4a","timestamp":"2026-09-14 19:24:38"}
{"level":"info","message":"Created client session 028db31c231d433254c8a20e","timestamp":"2026-09-14 19:24:38"}
{"level":"info","message":"Created client session c95ef747eb1e862c4bd470ee","timestamp":"2026-09-14 19:24:38"}
{"level":"info","message":"Created client session 981fcf08876039a8cce77851","timestamp":"2026-09-14 19:24:39"}
{"level":"info","message":"Created client session 3e07c62e542ca3254d30a988","timestamp":"2026-09-14 19:24:39"}
{"level":"info","message":"Created client session e5fe4b0b93201c461a1b7de5","timestamp":"2026-09-14 19:24:39"}
{"level":"info","message":"Created client session a5a956e49f428f0517435daf","timestamp":"2026-09-14 19:24:39"}
{"level":"info","message":"Created client session 76e3482ed53c741fdd34d871","timestamp":"2026-09-14 19:24:39"}
{"level":"info","message":"Created client session 5f837110e65448caa882d858","timestamp":"2026-09-14 19:24:39"}
{"level":"info","message":"Created client session 72256cf99e49e1e16effb6ca","timestamp":"2026-09-14 19:24:39"}
{"level":"info","message":"Created client session 47253df418a815e259572bb6","timestamp":"2026-09-14 19:24:39"}
{"level":"info","message":"Created client session 0b21b318f59c087b0190ec30","timestamp":"2026-09-14 19:24:39"}
{"level":"info","message":"Created client session 53f400031f260b1923cb33f3","timestamp":"2026-09-14 19:24:39"}
{"level":"info","message":"Created client session 5dae3b14d9e350628bf376e2","timestamp":"2026-09-14 19:24:40"}
{"level":"info","message":"Created client session 29bafb327c1ed041649583be","timestamp":"2026-09-14 19:24:40"}
{"level":"info","message":"Created client session 4a53f9a91bdcea095217af58","timestamp":"2026-09-14 19:24:40"}
{"level":"info","message":"Created client session e3d73d7877cbbdf886dc4a95","timestamp":"2026-09-14 19:24:41"}
{"level":"info","message":"Created client session a0f21e70bd36f066e8453147","timestamp":"2026-09-14 19:24:42"}
{"level":"info","message":"Created client session b5224eb3b3909d39dcb5bf91","timestamp":"2026-09-14 19:24:42"}
{"level":"info","message":"Created client session 9fc822a2dc404c0218a77c39","timestamp":"2026-09-14 19:24:43"}
{"level":"info","message":"Created client session b6a17c3e3c0b705eb8cce8be","timestamp":"2026-09-14 19:24:44"}
{"level":"info","message":"Created client session aef22b34058f6a665bf231dd","timestamp":"2026-09-14 20:03:27"}
{"level":"info","message":"Created client session 43823c10391dc92afd4600b4","timestamp":"2026-09-14 21:09:56"}
{"level":"info","message":"Created client session b103f2dedaea0f304380ea8a","timestamp":"2026-09-14 21:15:03"}
{"level":"info","message":"Created client session e3b726097d6ee99b9ca5c6d4","timestamp":"2026-09-14 21:15:05"}
{"level":"info","message":"Created client session cc57f7ea61f6f08b0223ac98","timestamp":"2026-09-14 21:15:06"}
{"level":"info","message":"Created client session ae3d7d58f8e407f0a2988d9f","timestamp":"2026-09-14 21:15:08"}
{"level":"info","message":"Created client session 9fe46da129ade223ddad1598","timestamp":"2026-09-14 21:15:09"}
{"level":"info","message":"Created client session 7481eaaac9f33bd28b3c1e0c","timestamp":"2026-09-14 21:15:11"}
{"level":"info","message":"Created client session b041287af94a7cdf64372917","timestamp":"2026-09-14 21:15:12"}
{"level":"info","message":"Created client session 27736126d00cf24a707064f9","timestamp":"2026-09-14 21:15:14"}
{"level":"info","message":"Created client session 16cb265282640b2b3f59280b","timestamp":"2026-09-14 21:15:15"}
{"level":"info","message":"Created client session 1d3bbb155f357584d8fd9f2a","timestamp":"2026-09-14 21:15:17"}
{"level":"info","message":"Created client session a1dcf7367356d39032c228aa","timestamp":"2026-09-14 21:15:18"}
{"level":"info","message":"Created client session 55654c39c994720d3b2b20c5","timestamp":"2026-09-14 21:15:20"}
{"level":"info","message":"Created client session 63a555763d89f37c5eaeebaa","timestamp":"2026-09-14 21:15:21"}
{"level":"info","message":"Created client session 25ef1987a28dfe07f6128c63","timestamp":"2026-09-14 21:15:23"}
{"level":"info","message":"Created client session 67e0a5bc02451a427d79fe0c","timestamp":"2026-09-14 21:15:24"}
{"level":"info","message":"Created client session ef00191aa0f567a2c9d9a76a","timestamp":"2026-09-14 21:15:26"}
{"level":"info","message":"Created client session f2a45abc29849e6ffaf0797a","timestamp":"2026-09-14 21:15:27"}
{"level":"info","message":"Created client session 3a9661573cf2e459e4d619b0","timestamp":"2026-09-14 21:15:29"}
{"level":"info","message":"Created client session 5609bd0e7db4590cacde4e80","timestamp":"2026-09-14 21:15:30"}
{"level":"info","message":"Created client session a6e8124bcf5dd572528e9570","timestamp":"2026-09-14 21:15:32"}
{"level":"info","message":"Created client session b4e9dfd0ae5ca06a0ead9e2b","timestamp":"2026-09-14 21:15:33"}
{"level":"info","message":"Created client session 774e43d0463e8ec19193c394","timestamp":"2026-09-14 21:15:35"}
{"level":"info","message":"Created client session 91509c967d8ab68b8513e507","timestamp":"2026-09-14 21:15:37"}
{"level":"info","message":"Created client session 57f33bde4bf48e051732a7b1","timestamp":"2026-09-14 21:15:38"}
{"level":"info","message":"Created client session 5d4565ac361b4554bf83b7de","timestamp":"2026-09-14 21:15:40"}
{"level":"info","message":"Created client session 34187ac799625650b69240f3","timestamp":"2026-09-14 21:15:41"}
{"level":"info","message":"Created client session ee3350b738b488b7452ec9a5","timestamp":"2026-09-14 21:15:43"}
{"level":"info","message":"Created client session c9a03bd1a49c70447ed0b3b4","timestamp":"2026-09-14 21:15:44"}
{"level":"info","message":"Created client session b068487cef8158b4a5b95759","timestamp":"2026-09-14 21:15:46"}
{"level":"info","message":"Created client session 85cd27b822cb0cd50def3749","timestamp":"2026-09-14 21:15:47"}
{"level":"info","message":"Created client session 11fea955e8ff80fdd2131ac9","timestamp":"2026-09-14 21:15:49"}
{"level":"info","message":"Created client session 898ccbeb48d2c0215ff32d28","timestamp":"2026-09-14 21:15:50"}
{"level":"info","message":"Created client session ceb39692df91d029685c446b","timestamp":"2026-09-14 21:15:52"}
{"level":"info","message":"Created client session e9ede8c89666785ab62b05b2","timestamp":"2026-09-14 21:15:53"}
{"level":"info","message":"Created client session 75c4bccd2532282f88f76f64","timestamp":"2026-09-14 21:15:55"}
{"level":"info","message":"Created client session 30a5855e3e9e9013d5164f24","timestamp":"2026-09-14 21:15:56"}
{"level":"info","message":"Created client session 3f67b9bdd207972896c948c4","timestamp":"2026-09-14 21:15:58"}
{"level":"info","message":"Created client session 9468d241d9298bf5811b594c","timestamp":"2026-09-14 21:16:00"}
{"level":"info","message":"Created client session 344b2b84fa6d8228b294b93d","timestamp":"2026-09-14 21:16:01"}
{"level":"info","message":"Created client session 47457fb9f9e2f7e8c9630d97","timestamp":"2026-09-14 21:16:03"}
{"level":"info","message":"Created client session bf5eec166442c32bef4e675a","timestamp":"2026-09-14 21:16:04"}
{"level":"info","message":"Created client session 623940374aea05213dfe6dc6","timestamp":"2026-09-14 21:16:06"}
{"level":"info","message":"Created client session 0f1e791817a72f19a01ad7a0","timestamp":"2026-09-14 21:16:07"}
{"level":"info","message":"Created client session ad9f7defcc8b6c1c0d2cc4ef","timestamp":"2026-09-14 21:16:09"}
{"level":"info","message":"Created client session fbc17346b21b00b96dd7b2da","timestamp":"2026-09-14 21:16:10"}
{"level":"info","message":"Created client session 8cd0c532efd8de41c47c13e0","timestamp":"2026-09-14 21:16:12"}
{"level":"info","message":"Created client session bd92c758fff7e3a2db716b52","timestamp":"2026-09-14 21:16:13"}
{"level":"info","message":"Created client session f79c934d7fd11c52cc497532","timestamp":"2026-09-14 21:16:15"}
{"level":"info","message":"Created client session 8433ab721bfbad84f85dbf5b","timestamp":"2026-09-14 21:16:16"}
{"level":"info","message":"Created client session 8568edba3d299fefe779b10d","timestamp":"2026-09-14 21:16:18"}
{"level":"info","message":"Created client session ac4decffe2c188959202c7d1","timestamp":"2026-09-14 21:16:20"}
{"level":"info","message":"Created client session 233e632a52aaa0048a0dd5b0","timestamp":"2026-09-14 21:16:21"}
{"level":"info","message":"Created client session 2325ddab8f93e12d74a5e774","timestamp":"2026-09-14 21:16:23"}
{"level":"info","message":"Created client session cac08c31c58a2e725db17639","timestamp":"2026-09-14 21:16:24"}
{"level":"info","message":"Created client session b9f9c885273a80842abb2ae4","timestamp":"2026-09-14 21:16:26"}
{"level":"info","message":"Created client session ffa9c3e7e47fc55c111609e0","timestamp":"2026-09-14 21:16:27"}
{"level":"info","message":"Created client session 5bed0a9534a751893731c1cd","timestamp":"2026-09-14 21:16:29"}
{"level":"info","message":"Created client session 7ed2ec3ef51a26bc4c70e18e","timestamp":"2026-09-14 21:16:30"}
{"level":"info","message":"Created client session 264944fdd1b9af99e5904d1e","timestamp":"2026-09-14 21:16:32"}
{"level":"info","message":"Created client session 56214b0031bdb3819c919737","timestamp":"2026-09-14 21:16:33"}
{"level":"info","message":"Created client session 1a4d417299f04762a899e59c","timestamp":"2026-09-14 21:16:35"}
{"level":"info","message":"Created client session 386872cda421eca5953ba000","timestamp":"2026-09-14 21:16:37"}
{"level":"info","message":"Created client session 899ed2e19b75497212ba2fae","timestamp":"2026-09-14 21:16:38"}
{"level":"info","message":"Created client session 1f8b0ebb1a40c7de2d77dd02","timestamp":"2026-09-14 21:16:40"}
{"level":"info","message":"Created client session e000aaaaae928e8733fe723b","timestamp":"2026-09-14 21:16:41"}
{"level":"info","message":"Created client session b15553dff1a7baa4e9a2acef","timestamp":"2026-09-14 21:16:43"}
{"level":"info","message":"Created client session 7082cf3c1100ae0f0a9e46a0","timestamp":"2026-09-14 21:16:44"}
{"level":"info","message":"Created client session 5705149db2f52bbf0478f0a2","timestamp":"2026-09-14 21:16:46"}
{"level":"info","message":"Created client session 3eb19fa3596379602e86e027","timestamp":"2026-09-14 21:16:47"}
{"level":"info","message":"Created client session 5660bffe06667f1c7f8141ca","timestamp":"2026-09-14 21:16:49"}
{"level":"info","message":"Created client session 53ec67009f167f9c8cd470f3","timestamp":"2026-09-14 21:16:50"}
{"level":"info","message":"Created client session 02f78ae61342cb6c525e6c73","timestamp":"2026-09-14 21:16:52"}
{"level":"info","message":"Created client session 292d87fb2a4e40d2b8d5c596","timestamp":"2026-09-14 21:16:54"}
{"level":"info","message":"Created client session e470682167f8a01e780f16df","timestamp":"2026-09-14 21:16:55"}
{"level":"info","message":"Created client session 755602147802eb5a11258d79","timestamp":"2026-09-14 21:16:57"}
{"level":"info","message":"Created client session 461ab188337eddf38f0d797c","timestamp":"2026-09-14 21:16:58"}
{"level":"info","message":"Created client session 03412fc8b48f78860ce44c25","timestamp":"2026-09-14 21:17:00"}
{"level":"info","message":"Created client session af3bc1c0e01bdd2c51655640","timestamp":"2026-09-14 21:17:01"}
{"level":"info","message":"Created client session 10a39d444e5039657c5005ec","timestamp":"2026-09-14 21:17:03"}
{"level":"info","message":"Created client session 63204b06966a68f8148c749f","timestamp":"2026-09-14 21:17:04"}
{"level":"info","message":"Created client session 6957fc09172898b3d360a685","timestamp":"2026-09-14 21:17:06"}
{"level":"info","message":"Created client session c6d4faac203fb2f189106a09","timestamp":"2026-09-14 21:17:07"}
{"level":"info","message":"Created client session b77645d09f75d05777ee29f3","timestamp":"2026-09-14 21:17:09"}
{"level":"info","message":"Created client session 57d44b11586dc0f25a671dd6","timestamp":"2026-09-14 21:17:11"}
{"level":"info","message":"Created client session 8577c02807a1aec07c73b42b","timestamp":"2026-09-14 21:17:12"}
{"level":"info","message":"Created client session 67568796e3a935e91422da94","timestamp":"2026-09-14 21:17:14"}
{"level":"info","message":"Created client session e8d5cd1148cd23ee84cfae00","timestamp":"2026-09-14 21:17:15"}
{"level":"info","message":"Created client session f14ce27b3dd5998f5227dd38","timestamp":"2026-09-14 21:17:17"}
{"level":"info","message":"Created client session 12b1e58af06c933aa60eac3f","timestamp":"2026-09-14 21:17:18"}
{"level":"info","message":"Created client session 5006bc7b383664324b8e45d7","timestamp":"2026-09-14 21:17:20"}
{"level":"info","message":"Created client session 8d647f0132bfa1ba4463bf55","timestamp":"2026-09-14 21:17:21"}
{"level":"info","message":"Created client session 39d1e8d8a1e48ff995cfa3b7","timestamp":"2026-09-14 21:17:23"}
{"level":"info","message":"Created client session 67722b2902ac4389373773e1","timestamp":"2026-09-14 21:17:24"}
{"level":"info","message":"Created client session 0ff6da04624d5dda889abd15","timestamp":"2026-09-14 21:17:26"}
{"level":"info","message":"Created client session e08f2fc22e8ad2ad1c8f04c4","timestamp":"2026-09-14 21:17:27"}
{"level":"info","message":"Created client session 30a32fe465a50cfcb5751970","timestamp":"2026-09-14 21:17:29"}
{"level":"info","message":"Created client session 45e561cb8ec0a6ba9355326d","timestamp":"2026-09-14 21:17:30"}
{"level":"info","message":"Created client session 2f8e06389825970cc8385313","timestamp":"2026-09-14 21:17:32"}
{"level":"info","message":"Created client session 15848e5f4605f6a50541a0a9","timestamp":"2026-09-14 21:24:17"}
{"level":"info","message":"Created client session d05842351cb8245722fc257b","timestamp":"2026-09-14 22:03:21"}
{"level":"info","message":"Created client session eedbd66cebf298a387a06080","timestamp":"2026-09-14 22:09:21"}
{"level":"info","message":"Created client session c26d0954bcec40161452c077","timestamp":"2026-09-14 22:23:03"}
{"level":"info","message":"Created client session 5207d42b0e47ebb0ea36352b","timestamp":"2026-09-14 23:28:41"}
