{"level":"info","message":"Created client session 1155730b3615e451a356d1f8","timestamp":"2026-07-07 00:21:53"}
{"level":"info","message":"Created client session ba8b67b82d723e3f19ab99c8","timestamp":"2026-07-07 00:26:04"}
{"level":"info","message":"Created client session 8a709e9d7ce3f55a9d432a2d","timestamp":"2026-07-07 00:28:48"}
{"level":"info","message":"Created client session 7f2b04f430ee11cd3cfca216","timestamp":"2026-07-07 00:38:53"}
{"level":"info","message":"Created client session 49ea6bcbc88f4c2533b6d16b","timestamp":"2026-07-07 00:38:54"}
{"level":"info","message":"Created client session 18cacdbf035b62c815b9f2db","timestamp":"2026-07-07 00:38:57"}
{"level":"info","message":"Created client session 01363e9a49fbd4694fd0cf6b","timestamp":"2026-07-07 00:39:33"}
{"ip":"174.63.37.162","level":"info","message":"User authentication successful for user Coffee","session":"01363e9a49fbd4694fd0cf6b","timestamp":"2026-07-07 00:39:38"}
{"level":"info","message":"Core software stable update 14.364 is available!","timestamp":"2026-07-07 00:39:40"}
{"level":"info","message":"No system update for FIST: Ultra Edition is currently available.","timestamp":"2026-07-07 00:39:40"}
{"level":"info","message":"Vended World data to User [VHCXm10moFp0Cn5b] in 449ms","timestamp":"2026-07-07 00:39:40"}
{"level":"info","message":"Created client session 89e5b5097c05ab20c9bacf1f","timestamp":"2026-07-07 00:40:31"}
{"level":"info","message":"Toggling game pause status to false","timestamp":"2026-07-07 00:42:00"}
{"level":"info","message":"Created client session a3f11232f25852c84d7d3165","timestamp":"2026-07-07 00:44:58"}
{"level":"info","message":"Created client session 59a2521a7ba006d3cf3d278a","timestamp":"2026-07-07 00:46:59"}
{"ip":"38.143.253.121","level":"info","message":"User authentication successful for user Coffee","session":"59a2521a7ba006d3cf3d278a","timestamp":"2026-07-07 00:47:09"}
{"level":"info","message":"No system update for FIST: Ultra Edition is currently available.","timestamp":"2026-07-07 00:47:11"}
{"level":"info","message":"Vended World data to User [VHCXm10moFp0Cn5b] in 421ms","timestamp":"2026-07-07 00:47:11"}
{"level":"info","message":"Logged user VHCXm10moFp0Cn5b out of active World","timestamp":"2026-07-07 00:47:12"}
{"level":"info","message":"Created client session 0bf9939343236eaa63139c7e","timestamp":"2026-07-07 00:49:41"}
{"level":"info","message":"Created Token with id [qwK7WwI4HfLhDqFX] in parent Scene [Qd6o0lUHPQsYtKTl]","timestamp":"2026-07-07 01:01:56"}
{"level":"info","message":"Created Token with id [YMq3Fqwem7ZR962F] in parent Scene [Qd6o0lUHPQsYtKTl]","timestamp":"2026-07-07 01:01:58"}
{"level":"info","message":"Created Token with id [AwDxw6YLxd8fIdMB] in parent Scene [Qd6o0lUHPQsYtKTl]","timestamp":"2026-07-07 01:01:59"}
{"level":"info","message":"Deleted Token with id [AwDxw6YLxd8fIdMB] in parent Scene [Qd6o0lUHPQsYtKTl]","timestamp":"2026-07-07 01:02:01"}
{"level":"info","message":"Deleted Token with id [YMq3Fqwem7ZR962F] in parent Scene [Qd6o0lUHPQsYtKTl]","timestamp":"2026-07-07 01:02:02"}
{"level":"info","message":"Deleted Token with id [qwK7WwI4HfLhDqFX] in parent Scene [Qd6o0lUHPQsYtKTl]","timestamp":"2026-07-07 01:02:06"}
{"level":"info","message":"Created client session 368574079258d88ffe9d0490","timestamp":"2026-07-07 01:05:15"}
{"ip":"38.143.253.121","level":"info","message":"User authentication successful for user Spectator/Tester","session":"368574079258d88ffe9d0490","timestamp":"2026-07-07 01:05:18"}
{"level":"info","message":"No system update for FIST: Ultra Edition is currently available.","timestamp":"2026-07-07 01:05:19"}
{"level":"info","message":"Vended World data to User [qJ7Ro9xk36btmANg] in 469ms","timestamp":"2026-07-07 01:05:19"}
{"level":"info","message":"Created Token with id [6JeKeTJv4MgYyEv0] in parent Scene [Qd6o0lUHPQsYtKTl]","timestamp":"2026-07-07 01:06:31"}
{"level":"info","message":"Deleted Token with id [6JeKeTJv4MgYyEv0] in parent Scene [Qd6o0lUHPQsYtKTl]","timestamp":"2026-07-07 01:06:37"}
{"level":"info","message":"Created client session 783268a8ebc6ae47861bca69","timestamp":"2026-07-07 01:06:51"}
{"ip":"38.143.253.121","level":"info","message":"User authentication successful for user Spectator/Tester","session":"783268a8ebc6ae47861bca69","timestamp":"2026-07-07 01:06:54"}
{"level":"info","message":"No system update for FIST: Ultra Edition is currently available.","timestamp":"2026-07-07 01:06:56"}
{"level":"info","message":"Vended World data to User [qJ7Ro9xk36btmANg] in 433ms","timestamp":"2026-07-07 01:06:56"}
{"level":"info","message":"Logged user cBIwMH3b7DjWKHRM out of active World","timestamp":"2026-07-07 01:09:07"}
{"ip":"71.81.66.111","level":"info","message":"User authentication successful for user Yuri","session":"d070ac127f3a1bbdd211f1a0","timestamp":"2026-07-07 01:09:12"}
{"level":"info","message":"No system update for FIST: Ultra Edition is currently available.","timestamp":"2026-07-07 01:09:13"}
{"level":"info","message":"Vended World data to User [cBIwMH3b7DjWKHRM] in 404ms","timestamp":"2026-07-07 01:09:13"}
{"level":"info","message":"Created client session 24ae81fe4b7002dcd6d9597c","timestamp":"2026-07-07 01:15:05"}
{"level":"info","message":"Created client session b58177dd14e950912b7e5fc7","timestamp":"2026-07-07 01:15:07"}
{"ip":"153.55.143.212","level":"info","message":"User authentication successful for user Levi","session":"b58177dd14e950912b7e5fc7","timestamp":"2026-07-07 01:15:12"}
{"level":"info","message":"Created ChatMessage with id [fdiDdZhE65j0diq3]","timestamp":"2026-07-07 01:15:12"}
{"level":"info","message":"Created client session 5c6f2412c1b6499111595ba5","timestamp":"2026-07-07 01:15:13"}
{"level":"info","message":"No system update for FIST: Ultra Edition is currently available.","timestamp":"2026-07-07 01:15:13"}
{"level":"info","message":"Vended World data to User [hisAKmwZpnqyxaz9] in 680ms","timestamp":"2026-07-07 01:15:13"}
{"ip":"92.33.153.201","level":"info","message":"User authentication successful for user Darakoi","session":"5c6f2412c1b6499111595ba5","timestamp":"2026-07-07 01:15:20"}
{"level":"info","message":"No system update for FIST: Ultra Edition is currently available.","timestamp":"2026-07-07 01:15:22"}
{"level":"info","message":"Vended World data to User [KozeLkCf7s0I2baM] in 400ms","timestamp":"2026-07-07 01:15:22"}
{"level":"info","message":"Created ChatMessage with id [eUpaDiqzknCajtsS]","timestamp":"2026-07-07 01:16:27"}
{"level":"info","message":"Created client session 2d26486262f959338a97b67e","timestamp":"2026-07-07 01:17:03"}
{"level":"info","message":"Created client session f7fffb28fd34ab9e50671de9","timestamp":"2026-07-07 01:17:06"}
{"ip":"174.63.37.162","level":"info","message":"User authentication successful for user Coffee","session":"2d26486262f959338a97b67e","timestamp":"2026-07-07 01:17:07"}
{"level":"info","message":"No system update for FIST: Ultra Edition is currently available.","timestamp":"2026-07-07 01:17:08"}
{"level":"info","message":"Vended World data to User [VHCXm10moFp0Cn5b] in 394ms","timestamp":"2026-07-07 01:17:08"}
{"ip":"92.180.9.62","level":"info","message":"User authentication successful for user Lebastian","session":"f7fffb28fd34ab9e50671de9","timestamp":"2026-07-07 01:17:18"}
{"level":"info","message":"No system update for FIST: Ultra Edition is currently available.","timestamp":"2026-07-07 01:17:20"}
{"level":"info","message":"Vended World data to User [3vZiDyybi0TUv5gv] in 398ms","timestamp":"2026-07-07 01:17:20"}
{"level":"info","message":"Created JournalEntryPage with id [lPfMEJjW0aDKmhzq] in parent JournalEntry [zIc8H8J6la5G6v3n]","timestamp":"2026-07-07 01:17:51"}
{"level":"debug","message":"Starting edit session for user 'hisAKmwZpnqyxaz9' and instance 'JournalEntry.zIc8H8J6la5G6v3n.JournalEntryPage.lPfMEJjW0aDKmhzq#text.content'.","timestamp":"2026-07-07 01:17:51"}
{"level":"debug","message":"Retiring user 'hisAKmwZpnqyxaz9' from editing session for instance 'JournalEntry.zIc8H8J6la5G6v3n.JournalEntryPage.lPfMEJjW0aDKmhzq#text.content'.","timestamp":"2026-07-07 01:18:16"}
{"level":"debug","message":"Instance 'JournalEntry.zIc8H8J6la5G6v3n.JournalEntryPage.lPfMEJjW0aDKmhzq#text.content' has no more active editors, cleaning up.","timestamp":"2026-07-07 01:18:16"}
{"level":"info","message":"Created ChatMessage with id [Y3KiTsTtU8VLiYkE]","timestamp":"2026-07-07 01:19:24"}
{"level":"info","message":"Created ChatMessage with id [Krva3NM0uMCCla3B]","timestamp":"2026-07-07 01:20:04"}
{"level":"info","message":"Created ChatMessage with id [PTanfGpO9Cg8Tguk]","timestamp":"2026-07-07 01:20:12"}
{"level":"info","message":"Created ChatMessage with id [Kby2avCo53Zsi6Pk]","timestamp":"2026-07-07 01:20:27"}
{"level":"info","message":"Created ChatMessage with id [rQQUEOfPQEmPgY5t]","timestamp":"2026-07-07 01:24:36"}
{"level":"info","message":"Created JournalEntryPage with id [d8pvHZl19fn4dlar] in parent JournalEntry [zIc8H8J6la5G6v3n]","timestamp":"2026-07-07 01:24:39"}
{"level":"debug","message":"Starting edit session for user 'cBIwMH3b7DjWKHRM' and instance 'JournalEntry.zIc8H8J6la5G6v3n.JournalEntryPage.d8pvHZl19fn4dlar#text.content'.","timestamp":"2026-07-07 01:24:39"}
{"level":"debug","message":"Retiring user 'cBIwMH3b7DjWKHRM' from editing session for instance 'JournalEntry.zIc8H8J6la5G6v3n.JournalEntryPage.d8pvHZl19fn4dlar#text.content'.","timestamp":"2026-07-07 01:24:41"}
{"level":"debug","message":"Instance 'JournalEntry.zIc8H8J6la5G6v3n.JournalEntryPage.d8pvHZl19fn4dlar#text.content' has no more active editors, cleaning up.","timestamp":"2026-07-07 01:24:41"}
{"level":"debug","message":"Starting edit session for user 'cBIwMH3b7DjWKHRM' and instance 'JournalEntry.zIc8H8J6la5G6v3n.JournalEntryPage.PAdYXRukWhbDmzHG#text.content'.","timestamp":"2026-07-07 01:24:51"}
{"level":"debug","message":"Retiring user 'cBIwMH3b7DjWKHRM' from editing session for instance 'JournalEntry.zIc8H8J6la5G6v3n.JournalEntryPage.PAdYXRukWhbDmzHG#text.content'.","timestamp":"2026-07-07 01:25:48"}
{"level":"debug","message":"Instance 'JournalEntry.zIc8H8J6la5G6v3n.JournalEntryPage.PAdYXRukWhbDmzHG#text.content' has no more active editors, cleaning up.","timestamp":"2026-07-07 01:25:48"}
{"level":"debug","message":"Starting edit session for user 'cBIwMH3b7DjWKHRM' and instance 'JournalEntry.zIc8H8J6la5G6v3n.JournalEntryPage.PAdYXRukWhbDmzHG#text.content'.","timestamp":"2026-07-07 01:27:45"}
{"level":"debug","message":"Retiring user 'cBIwMH3b7DjWKHRM' from editing session for instance 'JournalEntry.zIc8H8J6la5G6v3n.JournalEntryPage.PAdYXRukWhbDmzHG#text.content'.","timestamp":"2026-07-07 01:27:56"}
{"level":"debug","message":"Instance 'JournalEntry.zIc8H8J6la5G6v3n.JournalEntryPage.PAdYXRukWhbDmzHG#text.content' has no more active editors, cleaning up.","timestamp":"2026-07-07 01:27:56"}
{"level":"info","message":"Created client session 2f1e5ce36b26af3bc96db20a","timestamp":"2026-07-07 01:28:55"}
{"ip":"71.81.66.111","level":"info","message":"User authentication successful for user Yuri","session":"2f1e5ce36b26af3bc96db20a","timestamp":"2026-07-07 01:29:02"}
{"level":"info","message":"No system update for FIST: Ultra Edition is currently available.","timestamp":"2026-07-07 01:29:04"}
{"level":"info","message":"Vended World data to User [cBIwMH3b7DjWKHRM] in 398ms","timestamp":"2026-07-07 01:29:04"}
{"level":"info","message":"Created Token with id [jixGx2j9PSLxJByr] in parent Scene [Qd6o0lUHPQsYtKTl]","timestamp":"2026-07-07 01:38:53"}
{"level":"info","message":"Created Token with id [m7eYUqhUTyMaXSp4] in parent Scene [Qd6o0lUHPQsYtKTl]","timestamp":"2026-07-07 01:39:05"}
{"level":"info","message":"Deleted Token with id [jixGx2j9PSLxJByr] in parent Scene [Qd6o0lUHPQsYtKTl]","timestamp":"2026-07-07 01:40:59"}
{"level":"info","message":"Deleted Token with id [AAeAYAF98Zr9nXE3] in parent Scene [Qd6o0lUHPQsYtKTl]","timestamp":"2026-07-07 01:49:18"}
{"level":"info","message":"Created ChatMessage with id [9dpRMgFLayqYZSRp]","timestamp":"2026-07-07 01:49:28"}
{"level":"warn","message":"The current position {x: 2753, y: 92, elevation: 0, width: 1, height: 1, shape: 4} of Token [rieXRczYhOb5LJ7Y] in Scene [Qd6o0lUHPQsYtKTl] does not match the origin {x: 2813, y: 92, elevation: 0, width: 1, height: 1, shape: 4} of movement initiated by User [cBIwMH3b7DjWKHRM]. The movement of this Token has been prevented.","timestamp":"2026-07-07 01:51:25"}
{"level":"debug","message":"Token update prevented by _preUpdate","timestamp":"2026-07-07 01:51:25"}
{"level":"warn","message":"The current position {x: 2453, y: 32, elevation: 0, width: 1, height: 1, shape: 4} of Token [rieXRczYhOb5LJ7Y] in Scene [Qd6o0lUHPQsYtKTl] does not match the origin {x: 2513, y: 32, elevation: 0, width: 1, height: 1, shape: 4} of movement initiated by User [cBIwMH3b7DjWKHRM]. The movement of this Token has been prevented.","timestamp":"2026-07-07 01:51:30"}
{"level":"debug","message":"Token update prevented by _preUpdate","timestamp":"2026-07-07 01:51:30"}
{"level":"info","message":"Created ChatMessage with id [pkKdhBQjMXcTdTzQ]","timestamp":"2026-07-07 01:52:59"}
{"level":"warn","message":"The current position {x: 2213, y: 32, elevation: 0, width: 1, height: 1, shape: 4} of Token [rieXRczYhOb5LJ7Y] in Scene [Qd6o0lUHPQsYtKTl] does not match the origin {x: 2153, y: 32, elevation: 0, width: 1, height: 1, shape: 4} of movement initiated by User [cBIwMH3b7DjWKHRM]. The movement of this Token has been prevented.","timestamp":"2026-07-07 01:54:57"}
{"level":"debug","message":"Token update prevented by _preUpdate","timestamp":"2026-07-07 01:54:57"}
{"level":"warn","message":"The current position {x: 2393, y: 32, elevation: 0, width: 1, height: 1, shape: 4} of Token [rieXRczYhOb5LJ7Y] in Scene [Qd6o0lUHPQsYtKTl] does not match the origin {x: 2333, y: 32, elevation: 0, width: 1, height: 1, shape: 4} of movement initiated by User [cBIwMH3b7DjWKHRM]. The movement of this Token has been prevented.","timestamp":"2026-07-07 01:55:13"}
{"level":"debug","message":"Token update prevented by _preUpdate","timestamp":"2026-07-07 01:55:13"}
{"level":"info","message":"Created client session 95381aa4f46923a7e587cdb1","timestamp":"2026-07-07 01:56:40"}
{"level":"info","message":"Created client session 43d9b9c353c1db27cdf8da7f","timestamp":"2026-07-07 02:00:54"}
{"ip":"38.143.253.121","level":"info","message":"User authentication successful for user Spectator/Tester","session":"43d9b9c353c1db27cdf8da7f","timestamp":"2026-07-07 02:00:57"}
{"level":"info","message":"No system update for FIST: Ultra Edition is currently available.","timestamp":"2026-07-07 02:00:58"}
{"level":"info","message":"Vended World data to User [qJ7Ro9xk36btmANg] in 422ms","timestamp":"2026-07-07 02:00:58"}
{"level":"info","message":"Created Token with id [dKyoOdsIS9oEsgCZ] in parent Scene [Qd6o0lUHPQsYtKTl]","timestamp":"2026-07-07 02:07:24"}
{"level":"info","message":"Created Token with id [dQwtnJB2itIcx42j] in parent Scene [Qd6o0lUHPQsYtKTl]","timestamp":"2026-07-07 02:07:26"}
{"level":"info","message":"Created Token with id [2xYzXzZbu7CyT240] in parent Scene [Qd6o0lUHPQsYtKTl]","timestamp":"2026-07-07 02:07:28"}
{"level":"info","message":"Created Token with id [jrO1urenavlhWUfB] in parent Scene [Qd6o0lUHPQsYtKTl]","timestamp":"2026-07-07 02:07:30"}
{"level":"info","message":"Created Token with id [tV51ZncKKhrk6yyQ] in parent Scene [Qd6o0lUHPQsYtKTl]","timestamp":"2026-07-07 02:07:35"}
{"level":"info","message":"Created ChatMessage with id [dgOmrJ7rmuWztpEm]","timestamp":"2026-07-07 02:09:51"}
{"level":"debug","message":"Starting edit session for user 'cBIwMH3b7DjWKHRM' and instance 'JournalEntry.zIc8H8J6la5G6v3n.JournalEntryPage.PAdYXRukWhbDmzHG#text.content'.","timestamp":"2026-07-07 02:11:14"}
{"level":"info","message":"Created ChatMessage with id [oC8yfs3wS5KbeUpP]","timestamp":"2026-07-07 02:11:55"}
{"level":"debug","message":"Retiring user 'cBIwMH3b7DjWKHRM' from editing session for instance 'JournalEntry.zIc8H8J6la5G6v3n.JournalEntryPage.PAdYXRukWhbDmzHG#text.content'.","timestamp":"2026-07-07 02:12:06"}
{"level":"debug","message":"Instance 'JournalEntry.zIc8H8J6la5G6v3n.JournalEntryPage.PAdYXRukWhbDmzHG#text.content' has no more active editors, cleaning up.","timestamp":"2026-07-07 02:12:06"}
{"level":"info","message":"Created ChatMessage with id [lqQjS3E4kjemFenq]","timestamp":"2026-07-07 02:14:02"}
{"level":"warn","message":"The current position {x: 2333, y: 92, elevation: 0, width: 1, height: 1, shape: 4} of Token [rieXRczYhOb5LJ7Y] in Scene [Qd6o0lUHPQsYtKTl] does not match the origin {x: 2333, y: 32, elevation: 0, width: 1, height: 1, shape: 4} of movement initiated by User [cBIwMH3b7DjWKHRM]. The movement of this Token has been prevented.","timestamp":"2026-07-07 02:18:47"}
{"level":"debug","message":"Token update prevented by _preUpdate","timestamp":"2026-07-07 02:18:47"}
{"level":"warn","message":"The current position {x: 2333, y: 92, elevation: 0, width: 1, height: 1, shape: 4} of Token [rieXRczYhOb5LJ7Y] in Scene [Qd6o0lUHPQsYtKTl] does not match the origin {x: 2333, y: 32, elevation: 0, width: 1, height: 1, shape: 4} of movement initiated by User [cBIwMH3b7DjWKHRM]. The movement of this Token has been prevented.","timestamp":"2026-07-07 02:18:47"}
{"level":"debug","message":"Token update prevented by _preUpdate","timestamp":"2026-07-07 02:18:47"}
{"level":"warn","message":"The current position {x: 2333, y: 92, elevation: 0, width: 1, height: 1, shape: 4} of Token [rieXRczYhOb5LJ7Y] in Scene [Qd6o0lUHPQsYtKTl] does not match the origin {x: 2333, y: 32, elevation: 0, width: 1, height: 1, shape: 4} of movement initiated by User [cBIwMH3b7DjWKHRM]. The movement of this Token has been prevented.","timestamp":"2026-07-07 02:18:47"}
{"level":"debug","message":"Token update prevented by _preUpdate","timestamp":"2026-07-07 02:18:47"}
{"level":"info","message":"Created Token with id [tzA6tFHhjNt08ayM] in parent Scene [Qd6o0lUHPQsYtKTl]","timestamp":"2026-07-07 02:21:16"}
{"level":"info","message":"Created Token with id [Ba8tj60QPDViNNWM] in parent Scene [Qd6o0lUHPQsYtKTl]","timestamp":"2026-07-07 02:21:19"}
{"level":"info","message":"Created Token with id [xbAN6otfCB0SHeib] in parent Scene [Qd6o0lUHPQsYtKTl]","timestamp":"2026-07-07 02:21:23"}
{"level":"info","message":"Created ChatMessage with id [rFehdLv7AB2k4gVu]","timestamp":"2026-07-07 02:23:06"}
{"level":"info","message":"Created ChatMessage with id [QgQhjbEk872ndmVw]","timestamp":"2026-07-07 02:26:50"}
{"level":"info","message":"Created ChatMessage with id [7ca4pOk56odZ7zIn]","timestamp":"2026-07-07 02:26:58"}
{"level":"info","message":"Created ChatMessage with id [VIEou9EUovFAVNy9]","timestamp":"2026-07-07 02:27:03"}
{"level":"info","message":"Created ChatMessage with id [VcCdITBYyLapRPtg]","timestamp":"2026-07-07 02:27:06"}
{"level":"info","message":"Created ChatMessage with id [Q5gyMBpvnvnuhbpU]","timestamp":"2026-07-07 02:27:07"}
{"level":"info","message":"Created ChatMessage with id [KXthMHojTD6LE9gn]","timestamp":"2026-07-07 02:27:24"}
{"level":"info","message":"Created ChatMessage with id [3EdZAPJ0s1rUe3AY]","timestamp":"2026-07-07 02:27:38"}
{"level":"info","message":"Created ChatMessage with id [kuKMOUxMqTFDKokM]","timestamp":"2026-07-07 02:27:40"}
{"level":"info","message":"Created ChatMessage with id [KGYIJKD0PEugLxm8]","timestamp":"2026-07-07 02:27:46"}
{"level":"info","message":"Created ChatMessage with id [gUcF5ZjuZQBu4r2A]","timestamp":"2026-07-07 02:27:48"}
{"level":"info","message":"Created ChatMessage with id [em6PNjDqQoY8DGpE]","timestamp":"2026-07-07 02:27:55"}
{"level":"info","message":"Created ChatMessage with id [xylbVGrfZNgC1aEd]","timestamp":"2026-07-07 02:28:00"}
{"level":"info","message":"Created ChatMessage with id [6ItmDWS9YbkBO3og]","timestamp":"2026-07-07 02:28:07"}
{"level":"info","message":"Created ChatMessage with id [jSWqjSRhLNgBApM8]","timestamp":"2026-07-07 02:28:12"}
{"level":"info","message":"Created ChatMessage with id [ua7k0afL1S7fWEd9]","timestamp":"2026-07-07 02:28:23"}
{"level":"info","message":"Created ChatMessage with id [6dXH0zL35OShEJ5h]","timestamp":"2026-07-07 02:28:29"}
{"level":"info","message":"Created ChatMessage with id [F3mLpgmKnJrxar8j]","timestamp":"2026-07-07 02:28:41"}
{"level":"info","message":"Created ChatMessage with id [JXqdhRyHb5ryO0Po]","timestamp":"2026-07-07 02:28:56"}
{"level":"info","message":"Created ChatMessage with id [dofH3ZZ3Ag4lrVYx]","timestamp":"2026-07-07 02:29:03"}
{"level":"info","message":"Created ChatMessage with id [Gm8fbjsiwJK9NLPw]","timestamp":"2026-07-07 02:29:04"}
{"level":"info","message":"Created ChatMessage with id [HWtyhybJwxbvbupc]","timestamp":"2026-07-07 02:29:10"}
{"level":"info","message":"Created ChatMessage with id [rJeKO2p8CVqpkTv7]","timestamp":"2026-07-07 02:29:15"}
{"level":"info","message":"Created ChatMessage with id [pcK52aBr4tfcoocy]","timestamp":"2026-07-07 02:29:25"}
{"level":"info","message":"Created ChatMessage with id [5GH2FJLBsBwXAcLA]","timestamp":"2026-07-07 02:29:36"}
{"level":"info","message":"Created ChatMessage with id [WALtdJcpSMYzCWCc]","timestamp":"2026-07-07 02:29:44"}
{"level":"info","message":"Created ChatMessage with id [wrJSmHCxJlOgtsAW]","timestamp":"2026-07-07 02:29:48"}
{"level":"info","message":"Created ChatMessage with id [xiT4KBJ9joBUG9lO]","timestamp":"2026-07-07 02:29:49"}
{"level":"info","message":"Created ChatMessage with id [0yNSDL2XewP6jMgm]","timestamp":"2026-07-07 02:29:53"}
{"level":"info","message":"Created ChatMessage with id [wTj6rA2jPMBUgwWG]","timestamp":"2026-07-07 02:29:55"}
{"level":"info","message":"Created ChatMessage with id [MPJGthQN7NtseJvM]","timestamp":"2026-07-07 02:30:00"}
{"level":"info","message":"Created ChatMessage with id [tPuatITloQmrRRUr]","timestamp":"2026-07-07 02:30:03"}
{"level":"info","message":"Created ChatMessage with id [9X59exYTifQQnzUU]","timestamp":"2026-07-07 02:30:14"}
{"level":"info","message":"Created ChatMessage with id [Evhd0CFZhUdVI32y]","timestamp":"2026-07-07 02:30:21"}
{"level":"info","message":"Created ChatMessage with id [uwrCx2gyccX4ZiZe]","timestamp":"2026-07-07 02:30:22"}
{"level":"info","message":"Created ChatMessage with id [7ynd8LxdgYZMYJs2]","timestamp":"2026-07-07 02:30:29"}
{"level":"info","message":"Created ChatMessage with id [8ImXMXUPTQNr5Ral]","timestamp":"2026-07-07 02:30:43"}
{"level":"info","message":"Created ChatMessage with id [qr8HRNllSBJT1gl4]","timestamp":"2026-07-07 02:30:59"}
{"level":"info","message":"Created ChatMessage with id [g9M56kECai1kguwx]","timestamp":"2026-07-07 02:31:17"}
{"level":"info","message":"Created ChatMessage with id [7ofIa4dRKxU1JzWb]","timestamp":"2026-07-07 02:31:28"}
{"level":"info","message":"Created ChatMessage with id [ayPop3kEy9hwYEOq]","timestamp":"2026-07-07 02:31:43"}
{"level":"info","message":"Created ChatMessage with id [zPztK2bJD2FxtR5x]","timestamp":"2026-07-07 02:31:49"}
{"level":"info","message":"Created ChatMessage with id [lZWr5EFI5OEDPnBc]","timestamp":"2026-07-07 02:31:59"}
{"level":"info","message":"Created ChatMessage with id [1uakbRnrzjzihBs4]","timestamp":"2026-07-07 02:32:11"}
{"level":"info","message":"Created ChatMessage with id [iaCiSSK9N6MMNEh9]","timestamp":"2026-07-07 02:32:17"}
{"level":"info","message":"Created ChatMessage with id [BxizRyUdNKDtr4Ea]","timestamp":"2026-07-07 02:32:19"}
{"level":"info","message":"Created ChatMessage with id [4whQp1wnHAMXZ7UD]","timestamp":"2026-07-07 02:32:26"}
{"level":"info","message":"Created ChatMessage with id [iCPCUa3zGzLZpsyN]","timestamp":"2026-07-07 02:32:33"}
{"level":"info","message":"Created Drawing with id [nZYG05wb8TNkhkLL] in parent Scene [Qd6o0lUHPQsYtKTl]","timestamp":"2026-07-07 02:32:35"}
{"level":"info","message":"Created Drawing with id [oXjZWLePh2knPgrI] in parent Scene [Qd6o0lUHPQsYtKTl]","timestamp":"2026-07-07 02:32:37"}
{"level":"info","message":"Created ChatMessage with id [G6bb1O6fQuNypWZr]","timestamp":"2026-07-07 02:32:38"}
{"level":"info","message":"Created ChatMessage with id [JQqktj0kT9tPiXTM]","timestamp":"2026-07-07 02:32:43"}
{"level":"info","message":"Created ChatMessage with id [djRIzDCBuVOjTETD]","timestamp":"2026-07-07 02:32:47"}
{"level":"debug","message":"Starting edit session for user 'cBIwMH3b7DjWKHRM' and instance 'JournalEntry.zIc8H8J6la5G6v3n.JournalEntryPage.PAdYXRukWhbDmzHG#text.content'.","timestamp":"2026-07-07 02:32:47"}
{"level":"info","message":"Created JournalEntryPage with id [Unm9bHHDMt0zrPNI] in parent JournalEntry [zIc8H8J6la5G6v3n]","timestamp":"2026-07-07 02:33:00"}
{"level":"debug","message":"Starting edit session for user 'hisAKmwZpnqyxaz9' and instance 'JournalEntry.zIc8H8J6la5G6v3n.JournalEntryPage.Unm9bHHDMt0zrPNI#text.content'.","timestamp":"2026-07-07 02:33:00"}
{"level":"debug","message":"Retiring user 'cBIwMH3b7DjWKHRM' from editing session for instance 'JournalEntry.zIc8H8J6la5G6v3n.JournalEntryPage.PAdYXRukWhbDmzHG#text.content'.","timestamp":"2026-07-07 02:33:00"}
{"level":"debug","message":"Instance 'JournalEntry.zIc8H8J6la5G6v3n.JournalEntryPage.PAdYXRukWhbDmzHG#text.content' has no more active editors, cleaning up.","timestamp":"2026-07-07 02:33:00"}
{"level":"debug","message":"Retiring user 'hisAKmwZpnqyxaz9' from editing session for instance 'JournalEntry.zIc8H8J6la5G6v3n.JournalEntryPage.Unm9bHHDMt0zrPNI#text.content'.","timestamp":"2026-07-07 02:33:41"}
{"level":"debug","message":"Instance 'JournalEntry.zIc8H8J6la5G6v3n.JournalEntryPage.Unm9bHHDMt0zrPNI#text.content' has no more active editors, cleaning up.","timestamp":"2026-07-07 02:33:41"}
{"level":"info","message":"Created ChatMessage with id [jpDJv3NW45519dfc]","timestamp":"2026-07-07 02:33:51"}
{"level":"info","message":"Created Drawing with id [NF506Y0Cjw5NUbRx] in parent Scene [Qd6o0lUHPQsYtKTl]","timestamp":"2026-07-07 02:34:09"}
{"level":"info","message":"Deleted Drawing with id [NF506Y0Cjw5NUbRx] in parent Scene [Qd6o0lUHPQsYtKTl]","timestamp":"2026-07-07 02:34:11"}
{"level":"info","message":"Created ChatMessage with id [hYDHZPqAbs5Z6U7U]","timestamp":"2026-07-07 02:34:22"}
{"level":"info","message":"Created ChatMessage with id [Qr7GF3zM7dRrFZSR]","timestamp":"2026-07-07 02:34:33"}
{"level":"debug","message":"Starting edit session for user 'hisAKmwZpnqyxaz9' and instance 'JournalEntry.zIc8H8J6la5G6v3n.JournalEntryPage.Unm9bHHDMt0zrPNI#text.content'.","timestamp":"2026-07-07 02:34:41"}
{"level":"debug","message":"Retiring user 'hisAKmwZpnqyxaz9' from editing session for instance 'JournalEntry.zIc8H8J6la5G6v3n.JournalEntryPage.Unm9bHHDMt0zrPNI#text.content'.","timestamp":"2026-07-07 02:34:47"}
{"level":"debug","message":"Instance 'JournalEntry.zIc8H8J6la5G6v3n.JournalEntryPage.Unm9bHHDMt0zrPNI#text.content' has no more active editors, cleaning up.","timestamp":"2026-07-07 02:34:47"}
{"level":"info","message":"Created ChatMessage with id [gKSIY3Bo1oFIVHdd]","timestamp":"2026-07-07 02:36:24"}
{"level":"info","message":"Created ChatMessage with id [hST4APo9NvKgGU6U]","timestamp":"2026-07-07 02:36:37"}
{"level":"debug","message":"Starting edit session for user 'hisAKmwZpnqyxaz9' and instance 'JournalEntry.zIc8H8J6la5G6v3n.JournalEntryPage.Unm9bHHDMt0zrPNI#text.content'.","timestamp":"2026-07-07 02:38:44"}
{"level":"debug","message":"Retiring user 'hisAKmwZpnqyxaz9' from editing session for instance 'JournalEntry.zIc8H8J6la5G6v3n.JournalEntryPage.Unm9bHHDMt0zrPNI#text.content'.","timestamp":"2026-07-07 02:38:57"}
{"level":"debug","message":"Instance 'JournalEntry.zIc8H8J6la5G6v3n.JournalEntryPage.Unm9bHHDMt0zrPNI#text.content' has no more active editors, cleaning up.","timestamp":"2026-07-07 02:38:57"}
{"level":"debug","message":"Starting edit session for user 'hisAKmwZpnqyxaz9' and instance 'JournalEntry.zIc8H8J6la5G6v3n.JournalEntryPage.Unm9bHHDMt0zrPNI#text.content'.","timestamp":"2026-07-07 02:39:35"}
{"level":"info","message":"Created Token with id [WsZYzqNiazM6SttQ] in parent Scene [Qd6o0lUHPQsYtKTl]","timestamp":"2026-07-07 02:39:54"}
{"level":"debug","message":"Retiring user 'hisAKmwZpnqyxaz9' from editing session for instance 'JournalEntry.zIc8H8J6la5G6v3n.JournalEntryPage.Unm9bHHDMt0zrPNI#text.content'.","timestamp":"2026-07-07 02:39:56"}
{"level":"debug","message":"Instance 'JournalEntry.zIc8H8J6la5G6v3n.JournalEntryPage.Unm9bHHDMt0zrPNI#text.content' has no more active editors, cleaning up.","timestamp":"2026-07-07 02:39:56"}
{"level":"debug","message":"Starting edit session for user 'hisAKmwZpnqyxaz9' and instance 'JournalEntry.zIc8H8J6la5G6v3n.JournalEntryPage.Unm9bHHDMt0zrPNI#text.content'.","timestamp":"2026-07-07 02:40:58"}
{"level":"debug","message":"Broadcasting autosave update for instance 'JournalEntry.zIc8H8J6la5G6v3n.JournalEntryPage.Unm9bHHDMt0zrPNI#text.content'.","timestamp":"2026-07-07 02:41:59"}
{"level":"debug","message":"Broadcasting autosave update for instance 'JournalEntry.zIc8H8J6la5G6v3n.JournalEntryPage.Unm9bHHDMt0zrPNI#text.content'.","timestamp":"2026-07-07 02:42:59"}
{"level":"info","message":"Created JournalEntry with id [NaLlpkPnLNhm9kD1]","timestamp":"2026-07-07 02:43:48"}
{"level":"info","message":"Created Note with id [djYiFdYbR84y3qBd] in parent Scene [Qd6o0lUHPQsYtKTl]","timestamp":"2026-07-07 02:43:48"}
{"level":"info","message":"Created Drawing with id [tbIss9ttx0Fjhxv9] in parent Scene [Qd6o0lUHPQsYtKTl]","timestamp":"2026-07-07 02:46:16"}
{"level":"info","message":"Deleted Drawing with id [tbIss9ttx0Fjhxv9] in parent Scene [Qd6o0lUHPQsYtKTl]","timestamp":"2026-07-07 02:46:17"}
{"level":"info","message":"Created Drawing with id [Fh8ay6LrN7GuZS8C] in parent Scene [Qd6o0lUHPQsYtKTl]","timestamp":"2026-07-07 02:46:20"}
{"level":"info","message":"Created ChatMessage with id [hQNUqVReO1QtVrna]","timestamp":"2026-07-07 02:47:39"}
{"level":"debug","message":"Broadcasting autosave update for instance 'JournalEntry.zIc8H8J6la5G6v3n.JournalEntryPage.Unm9bHHDMt0zrPNI#text.content'.","timestamp":"2026-07-07 02:47:59"}
{"level":"info","message":"Created Token with id [rDCBbZmDrmkIlt89] in parent Scene [Qd6o0lUHPQsYtKTl]","timestamp":"2026-07-07 02:47:59"}
{"level":"info","message":"Created ChatMessage with id [sxN1FKRRligNqDSz]","timestamp":"2026-07-07 02:48:27"}
{"level":"debug","message":"Retiring user 'hisAKmwZpnqyxaz9' from editing session for instance 'JournalEntry.zIc8H8J6la5G6v3n.JournalEntryPage.Unm9bHHDMt0zrPNI#text.content'.","timestamp":"2026-07-07 02:49:24"}
{"level":"debug","message":"Instance 'JournalEntry.zIc8H8J6la5G6v3n.JournalEntryPage.Unm9bHHDMt0zrPNI#text.content' has no more active editors, cleaning up.","timestamp":"2026-07-07 02:49:24"}
{"level":"info","message":"Created Token with id [VkDVjgFZlNnU5WD4] in parent Scene [Qd6o0lUHPQsYtKTl]","timestamp":"2026-07-07 02:49:42"}
{"level":"info","message":"Created Token with id [UU5qMESDXOP32l9y] in parent Scene [Qd6o0lUHPQsYtKTl]","timestamp":"2026-07-07 02:49:45"}
{"level":"debug","message":"Starting edit session for user 'cBIwMH3b7DjWKHRM' and instance 'JournalEntry.zIc8H8J6la5G6v3n.JournalEntryPage.PAdYXRukWhbDmzHG#text.content'.","timestamp":"2026-07-07 02:51:32"}
{"level":"debug","message":"Retiring user 'cBIwMH3b7DjWKHRM' from editing session for instance 'JournalEntry.zIc8H8J6la5G6v3n.JournalEntryPage.PAdYXRukWhbDmzHG#text.content'.","timestamp":"2026-07-07 02:51:53"}
{"level":"debug","message":"Instance 'JournalEntry.zIc8H8J6la5G6v3n.JournalEntryPage.PAdYXRukWhbDmzHG#text.content' has no more active editors, cleaning up.","timestamp":"2026-07-07 02:51:53"}
{"level":"info","message":"Created Drawing with id [vyyWTX9pwgTmDDap] in parent Scene [Qd6o0lUHPQsYtKTl]","timestamp":"2026-07-07 02:52:36"}
{"level":"info","message":"Created ChatMessage with id [hv9KyOZRx4qRq5IB]","timestamp":"2026-07-07 02:52:36"}
{"level":"info","message":"Created Drawing with id [6vIUVWVImhcBk3rr] in parent Scene [Qd6o0lUHPQsYtKTl]","timestamp":"2026-07-07 02:52:40"}
{"level":"info","message":"Created ChatMessage with id [J45nwesNHpX4LJND]","timestamp":"2026-07-07 02:52:43"}
{"level":"info","message":"Created ChatMessage with id [mR6pi0mPZ91LagXQ]","timestamp":"2026-07-07 02:52:57"}
{"level":"info","message":"Created ChatMessage with id [q7XDrn6cQRDQqckw]","timestamp":"2026-07-07 02:54:05"}
{"level":"info","message":"Created ChatMessage with id [yOhpzE86USXErnBX]","timestamp":"2026-07-07 02:54:21"}
{"level":"info","message":"Created Drawing with id [jTKcyMX8WgQvXhz8] in parent Scene [Qd6o0lUHPQsYtKTl]","timestamp":"2026-07-07 02:55:44"}
{"level":"info","message":"Toggling game pause status to true","timestamp":"2026-07-07 02:58:19"}
{"level":"info","message":"Toggling game pause status to false","timestamp":"2026-07-07 02:58:20"}
{"level":"info","message":"Created ChatMessage with id [JOukwzIC2cZHEOaW]","timestamp":"2026-07-07 03:01:00"}
{"level":"info","message":"Created ChatMessage with id [kCzfIpzK5zSkvqti]","timestamp":"2026-07-07 03:01:54"}
{"level":"info","message":"Created Token with id [qcCiAVsODpgj3gXv] in parent Scene [Qd6o0lUHPQsYtKTl]","timestamp":"2026-07-07 03:02:54"}
{"level":"info","message":"Deleted Token with id [rieXRczYhOb5LJ7Y] in parent Scene [Qd6o0lUHPQsYtKTl]","timestamp":"2026-07-07 03:02:56"}
{"level":"info","message":"Created Drawing with id [d45bLhn5OeNDOUf3] in parent Scene [Qd6o0lUHPQsYtKTl]","timestamp":"2026-07-07 03:06:55"}
{"level":"info","message":"Created client session 73b98f78299d7d33f361d634","timestamp":"2026-07-07 03:08:25"}
{"level":"info","message":"Created client session 5dff78812a047e074639410e","timestamp":"2026-07-07 03:10:25"}
{"level":"info","message":"Created ChatMessage with id [ZMstQ697ubLbm8LN]","timestamp":"2026-07-07 03:15:11"}
{"level":"info","message":"Created ChatMessage with id [w0w4DGU23REHtrsC]","timestamp":"2026-07-07 03:16:04"}
{"level":"info","message":"Created ChatMessage with id [8rjdpTB4gIxHu41w]","timestamp":"2026-07-07 03:16:32"}
{"level":"info","message":"Created ChatMessage with id [GugiUuxHjvLb055p]","timestamp":"2026-07-07 03:16:40"}
{"level":"info","message":"Created ChatMessage with id [qJzlOjzn3j4mguxf]","timestamp":"2026-07-07 03:18:36"}
{"level":"info","message":"Created ChatMessage with id [sGR0OYUG1mmWZHKj]","timestamp":"2026-07-07 03:19:06"}
{"level":"info","message":"Created ChatMessage with id [P83xNBjREG8clWeB]","timestamp":"2026-07-07 03:19:12"}
{"level":"info","message":"Created ChatMessage with id [XJy1V8h79US39rlT]","timestamp":"2026-07-07 03:19:16"}
{"level":"info","message":"Created ChatMessage with id [I17LcxydJNcWKGR7]","timestamp":"2026-07-07 03:19:22"}
{"level":"info","message":"Created ChatMessage with id [5Vq5giQMzZjQ7NTN]","timestamp":"2026-07-07 03:19:30"}
{"level":"info","message":"Created ChatMessage with id [6nDcrPToLvhu6NVQ]","timestamp":"2026-07-07 03:20:57"}
{"level":"info","message":"Created ChatMessage with id [TyO4JrACneUoKKcF]","timestamp":"2026-07-07 03:21:18"}
{"level":"info","message":"Created ChatMessage with id [WbFztQnAbyqQtyVn]","timestamp":"2026-07-07 03:22:12"}
{"level":"info","message":"Created ChatMessage with id [WJfSe0sKNkx6ZdNt]","timestamp":"2026-07-07 03:22:35"}
{"level":"info","message":"Created Token with id [zT3N8bbkkXMdhedL] in parent Scene [Qd6o0lUHPQsYtKTl]","timestamp":"2026-07-07 03:23:23"}
{"level":"info","message":"Deleted Token with id [xkDbw0l78Q87eiiW] in parent Scene [Qd6o0lUHPQsYtKTl]","timestamp":"2026-07-07 03:23:26"}
{"level":"info","message":"Created ChatMessage with id [IcsKRJU1mFOo8i4g]","timestamp":"2026-07-07 03:24:33"}
{"level":"debug","message":"Starting edit session for user 'cBIwMH3b7DjWKHRM' and instance 'JournalEntry.zIc8H8J6la5G6v3n.JournalEntryPage.PAdYXRukWhbDmzHG#text.content'.","timestamp":"2026-07-07 03:27:14"}
{"level":"debug","message":"Retiring user 'cBIwMH3b7DjWKHRM' from editing session for instance 'JournalEntry.zIc8H8J6la5G6v3n.JournalEntryPage.PAdYXRukWhbDmzHG#text.content'.","timestamp":"2026-07-07 03:27:28"}
{"level":"debug","message":"Instance 'JournalEntry.zIc8H8J6la5G6v3n.JournalEntryPage.PAdYXRukWhbDmzHG#text.content' has no more active editors, cleaning up.","timestamp":"2026-07-07 03:27:28"}
{"level":"info","message":"Created ChatMessage with id [oc6X4TogUGsgsUr0]","timestamp":"2026-07-07 03:29:27"}
{"level":"info","message":"Created client session d82b19500e85f8c795bd291c","timestamp":"2026-07-07 03:30:27"}
{"level":"info","message":"Created Token with id [bCO66ueA00sO0kco] in parent Scene [Qd6o0lUHPQsYtKTl]","timestamp":"2026-07-07 03:30:35"}
{"level":"info","message":"No system update for FIST: Ultra Edition is currently available.","timestamp":"2026-07-07 03:30:51"}
{"level":"info","message":"Vended World data to User [xmljeyMGZBPkULO7] in 536ms","timestamp":"2026-07-07 03:30:51"}
{"level":"info","message":"Created Token with id [EWoelmhNEnYQ6jLm] in parent Scene [Qd6o0lUHPQsYtKTl]","timestamp":"2026-07-07 03:31:04"}
{"level":"info","message":"Created client session 5461aa0070fc5f4c7d2e09bd","timestamp":"2026-07-07 03:31:06"}
{"level":"info","message":"Created client session 675e29bd78091e34687f8ae3","timestamp":"2026-07-07 03:33:08"}
{"level":"info","message":"Created ChatMessage with id [gCmWOisaHUtYg0vy]","timestamp":"2026-07-07 03:33:25"}
{"level":"info","message":"Created client session 853668369b49b51dc03859ba","timestamp":"2026-07-07 03:36:05"}
{"level":"info","message":"Created client session c4854f06cb1ba6687570b2ab","timestamp":"2026-07-07 03:37:40"}
{"level":"info","message":"Created client session e4775efef6258cc1bf348007","timestamp":"2026-07-07 03:37:58"}
{"level":"info","message":"Created ChatMessage with id [sSkOKGUqkbBgJlYP]","timestamp":"2026-07-07 03:38:32"}
{"level":"info","message":"Created ChatMessage with id [rGn8V2tpl6ADpKXF]","timestamp":"2026-07-07 03:38:36"}
{"level":"info","message":"Created client session e786e18defa10ef0be995b66","timestamp":"2026-07-07 03:38:54"}
{"level":"info","message":"Created ChatMessage with id [6I8icna4HUYl90h3]","timestamp":"2026-07-07 03:39:00"}
{"level":"info","message":"Created ChatMessage with id [1w5CNAlFDF6rZjjn]","timestamp":"2026-07-07 03:39:48"}
{"level":"info","message":"Created ChatMessage with id [znflZW8qjyhQlBcY]","timestamp":"2026-07-07 03:40:38"}
{"level":"info","message":"Created ChatMessage with id [lMgPGL0XLysIM6Xd]","timestamp":"2026-07-07 03:40:49"}
{"level":"info","message":"Created ChatMessage with id [fWvLSxrmFBinUwYk]","timestamp":"2026-07-07 03:41:09"}
{"level":"info","message":"Created client session 4d3b4fbb8d041374f3bf1b33","timestamp":"2026-07-07 03:41:38"}
{"level":"info","message":"Created ChatMessage with id [DlG5xMcRrZZJ5kAw]","timestamp":"2026-07-07 03:42:14"}
{"level":"warn","message":"The current position {x: 3281, y: 1538, elevation: 0, width: 1, height: 1, shape: 4} of Token [vLTp1qwfqelSWoAf] in Scene [Qd6o0lUHPQsYtKTl] does not match the origin {x: 3221, y: 1538, elevation: 0, width: 1, height: 1, shape: 4} of movement initiated by User [3vZiDyybi0TUv5gv]. The movement of this Token has been prevented.","timestamp":"2026-07-07 03:42:36"}
{"level":"debug","message":"Token update prevented by _preUpdate","timestamp":"2026-07-07 03:42:36"}
{"level":"warn","message":"The current position {x: 3341, y: 1538, elevation: 0, width: 1, height: 1, shape: 4} of Token [vLTp1qwfqelSWoAf] in Scene [Qd6o0lUHPQsYtKTl] does not match the origin {x: 3281, y: 1538, elevation: 0, width: 1, height: 1, shape: 4} of movement initiated by User [3vZiDyybi0TUv5gv]. The movement of this Token has been prevented.","timestamp":"2026-07-07 03:42:36"}
{"level":"debug","message":"Token update prevented by _preUpdate","timestamp":"2026-07-07 03:42:36"}
{"level":"warn","message":"The current position {x: 3401, y: 1538, elevation: 0, width: 1, height: 1, shape: 4} of Token [vLTp1qwfqelSWoAf] in Scene [Qd6o0lUHPQsYtKTl] does not match the origin {x: 3341, y: 1538, elevation: 0, width: 1, height: 1, shape: 4} of movement initiated by User [3vZiDyybi0TUv5gv]. The movement of this Token has been prevented.","timestamp":"2026-07-07 03:42:37"}
{"level":"debug","message":"Token update prevented by _preUpdate","timestamp":"2026-07-07 03:42:37"}
{"level":"info","message":"Created client session 9af693d8b34102ab94c9231d","timestamp":"2026-07-07 03:43:15"}
{"level":"info","message":"Created client session 86f5fee87b9d0cb9f36463fd","timestamp":"2026-07-07 03:43:43"}
{"level":"info","message":"Created client session 58939a4ad1fae3664ebfa192","timestamp":"2026-07-07 03:44:37"}
{"level":"info","message":"Created ChatMessage with id [oXmu8612J8c5Ydvn]","timestamp":"2026-07-07 03:44:51"}
{"level":"info","message":"Created client session 075411d450e380943b571d22","timestamp":"2026-07-07 03:44:59"}
{"level":"info","message":"Created ChatMessage with id [QhdhCKE2OiNV7z3k]","timestamp":"2026-07-07 03:45:02"}
{"level":"info","message":"Created ChatMessage with id [2XR04pUFNYxfXLJO]","timestamp":"2026-07-07 03:45:12"}
{"level":"info","message":"Created client session e7db57e7653f6bff0433d580","timestamp":"2026-07-07 03:45:14"}
{"level":"info","message":"Created client session aaea5c960166450648ff826c","timestamp":"2026-07-07 03:45:26"}
{"level":"info","message":"Created ChatMessage with id [PAs0ckr3f8zi22Ld]","timestamp":"2026-07-07 03:45:28"}
{"level":"info","message":"Created ChatMessage with id [fEUorQwnKSBV2zG3]","timestamp":"2026-07-07 03:45:34"}
{"level":"info","message":"Created ChatMessage with id [m9ATvoAdXWpQY6ni]","timestamp":"2026-07-07 03:45:38"}
{"level":"info","message":"Created ChatMessage with id [sSDkPpr1zaWKKlKK]","timestamp":"2026-07-07 03:45:38"}
{"level":"info","message":"Created ChatMessage with id [HmjkJFM78exrtGAm]","timestamp":"2026-07-07 03:45:42"}
{"level":"info","message":"Created client session f07cb801d2066faaf49e52ca","timestamp":"2026-07-07 03:45:44"}
{"level":"info","message":"Created ChatMessage with id [HbDcYFp88N6YFpoG]","timestamp":"2026-07-07 03:45:50"}
{"level":"info","message":"Created ChatMessage with id [SMFP4Meq3WwFW6du]","timestamp":"2026-07-07 03:45:56"}
{"level":"info","message":"Created ChatMessage with id [uwTYwNWoBDsLlvA3]","timestamp":"2026-07-07 03:46:29"}
{"level":"info","message":"Created ChatMessage with id [ci5vfgHjIoaw8jaS]","timestamp":"2026-07-07 03:46:32"}
{"level":"info","message":"Created ChatMessage with id [Jg3HDPQ9qgPs5j4z]","timestamp":"2026-07-07 03:48:15"}
{"level":"info","message":"Created ChatMessage with id [l2kLZv0DrfwZW12Z]","timestamp":"2026-07-07 03:48:38"}
{"level":"info","message":"Created ChatMessage with id [TIbMAPaFOWHwW1Fi]","timestamp":"2026-07-07 03:48:44"}
{"level":"info","message":"Created ChatMessage with id [ENcrHaK835IYTXG0]","timestamp":"2026-07-07 03:48:46"}
{"level":"info","message":"Created ChatMessage with id [HWXAOhrS7EARDfDH]","timestamp":"2026-07-07 03:48:57"}
{"level":"info","message":"Created ChatMessage with id [xnKEv83xxYDrNHOQ]","timestamp":"2026-07-07 03:49:03"}
{"level":"info","message":"Created ChatMessage with id [EYKISVOE0ZiakzkA]","timestamp":"2026-07-07 03:49:03"}
{"level":"info","message":"Created ChatMessage with id [eDYkvxAxBFF2tInM]","timestamp":"2026-07-07 03:49:06"}
{"level":"info","message":"Created ChatMessage with id [HoX62arTv1R9v9xk]","timestamp":"2026-07-07 03:49:13"}
{"level":"info","message":"Created ChatMessage with id [Y4beK6vdXAEh4em7]","timestamp":"2026-07-07 03:49:16"}
{"level":"info","message":"Created ChatMessage with id [lGaxT5eOhOA4mHXx]","timestamp":"2026-07-07 03:49:18"}
{"level":"info","message":"Created ChatMessage with id [0UCMTNm3VesqAtfm]","timestamp":"2026-07-07 03:49:21"}
{"level":"info","message":"Created ChatMessage with id [O6swE1dnNLYDwd4d]","timestamp":"2026-07-07 03:49:24"}
{"level":"info","message":"Created ChatMessage with id [DcijDW0KAQUUfQex]","timestamp":"2026-07-07 03:49:27"}
{"level":"info","message":"Created ChatMessage with id [i7hFBvWL0zupYRgB]","timestamp":"2026-07-07 03:49:32"}
{"level":"info","message":"Created ChatMessage with id [hlWkiGtZ7ry7tPwf]","timestamp":"2026-07-07 03:49:36"}
{"level":"info","message":"Created ChatMessage with id [idP02SaAXGuHQUuM]","timestamp":"2026-07-07 03:49:44"}
{"level":"info","message":"Created ChatMessage with id [uO83YUcfzwQOfi8s]","timestamp":"2026-07-07 03:52:38"}
{"level":"debug","message":"Starting edit session for user 'hisAKmwZpnqyxaz9' and instance 'JournalEntry.zIc8H8J6la5G6v3n.JournalEntryPage.Unm9bHHDMt0zrPNI#text.content'.","timestamp":"2026-07-07 03:54:17"}
{"level":"debug","message":"Retiring user 'hisAKmwZpnqyxaz9' from editing session for instance 'JournalEntry.zIc8H8J6la5G6v3n.JournalEntryPage.Unm9bHHDMt0zrPNI#text.content'.","timestamp":"2026-07-07 03:54:29"}
{"level":"debug","message":"Instance 'JournalEntry.zIc8H8J6la5G6v3n.JournalEntryPage.Unm9bHHDMt0zrPNI#text.content' has no more active editors, cleaning up.","timestamp":"2026-07-07 03:54:29"}
{"level":"info","message":"Created ChatMessage with id [QG3WxsS2hsCrJHSf]","timestamp":"2026-07-07 03:55:43"}
{"level":"info","message":"Created ChatMessage with id [VV72RxaPvWCinCta]","timestamp":"2026-07-07 03:57:59"}
{"level":"info","message":"Created ChatMessage with id [FgvRSsMEDkbabu2m]","timestamp":"2026-07-07 04:02:41"}
{"level":"info","message":"Created ChatMessage with id [gVChxM2GBzc82A4G]","timestamp":"2026-07-07 04:02:44"}
{"level":"info","message":"Created ChatMessage with id [crgQHTZJ2JnJxBnb]","timestamp":"2026-07-07 04:04:45"}
{"level":"info","message":"Created ChatMessage with id [FjxQMXyL0dqsOcUe]","timestamp":"2026-07-07 04:04:48"}
{"level":"warn","message":"The current position {x: 2561, y: 698, elevation: 0, width: 1, height: 1, shape: 4} of Token [vLTp1qwfqelSWoAf] in Scene [Qd6o0lUHPQsYtKTl] does not match the origin {x: 2561, y: 758, elevation: 0, width: 1, height: 1, shape: 4} of movement initiated by User [3vZiDyybi0TUv5gv]. The movement of this Token has been prevented.","timestamp":"2026-07-07 04:06:22"}
{"level":"debug","message":"Token update prevented by _preUpdate","timestamp":"2026-07-07 04:06:22"}
{"level":"info","message":"Created ChatMessage with id [Hg9q8Y3CSeYGyl9d]","timestamp":"2026-07-07 04:06:55"}
{"level":"info","message":"Created ChatMessage with id [cnN9eznZSpfGNdyX]","timestamp":"2026-07-07 04:06:57"}
{"level":"info","message":"Created client session d702354580b20ff65940fa84","timestamp":"2026-07-07 04:09:52"}
{"level":"info","message":"Created ChatMessage with id [2e7OViRmm9afSq61]","timestamp":"2026-07-07 04:14:02"}
{"level":"info","message":"Created ChatMessage with id [8IIDkTmwe7BUWrzi]","timestamp":"2026-07-07 04:14:09"}
{"level":"info","message":"Created ChatMessage with id [6FQA8b5sO4bv3xoy]","timestamp":"2026-07-07 04:14:13"}
{"level":"info","message":"Created ChatMessage with id [1fMkIIRNwNPYLSIb]","timestamp":"2026-07-07 04:14:15"}
{"level":"info","message":"Created ChatMessage with id [dPzfE1KUyO86oWkc]","timestamp":"2026-07-07 04:14:24"}
{"level":"info","message":"Created client session 7fabe5b987a0d9c497b3ec52","timestamp":"2026-07-07 04:15:09"}
{"level":"info","message":"Created client session 16ab6807fc86230c8bfb3eb2","timestamp":"2026-07-07 04:15:14"}
{"level":"info","message":"Created client session 8da0ca58143384edf402729c","timestamp":"2026-07-07 04:21:35"}
{"level":"info","message":"Created client session 82cda0529b987548a6aac1d7","timestamp":"2026-07-07 04:21:35"}
{"level":"info","message":"Created client session 3cfaa561764e9fe95ec4f235","timestamp":"2026-07-07 04:23:24"}
{"level":"info","message":"Created client session d13ccbf33be04ee9fe8bda74","timestamp":"2026-07-07 04:23:24"}
{"level":"info","message":"Created client session 402a821801639acb0567a214","timestamp":"2026-07-07 04:23:24"}
{"level":"info","message":"Created client session 190488d0f9c88106590d4f89","timestamp":"2026-07-07 04:23:24"}
{"level":"info","message":"Created client session 7f7757ae968d468f1351b8d6","timestamp":"2026-07-07 04:26:47"}
{"level":"info","message":"Created client session aa4eb222c6465cb8070dabf1","timestamp":"2026-07-07 04:38:14"}
{"level":"info","message":"Created client session 1cd150a626fd98e6f3303c58","timestamp":"2026-07-07 04:41:55"}
{"level":"info","message":"Created client session bef76bfeee1124ee552e53ee","timestamp":"2026-07-07 04:47:01"}
{"ip":"38.143.253.121","level":"info","message":"User authentication successful for user Gamemaster","session":"bef76bfeee1124ee552e53ee","timestamp":"2026-07-07 04:47:07"}
{"level":"info","message":"No system update for FIST: Ultra Edition is currently available.","timestamp":"2026-07-07 04:47:08"}
{"level":"info","message":"Vended World data to User [xmljeyMGZBPkULO7] in 318ms","timestamp":"2026-07-07 04:47:08"}
{"level":"info","message":"No system update for FIST: Ultra Edition is currently available.","timestamp":"2026-07-07 04:59:42"}
{"level":"info","message":"Vended World data to User [cBIwMH3b7DjWKHRM] in 449ms","timestamp":"2026-07-07 04:59:42"}
{"level":"info","message":"Created client session 77c14b3d845495bec13da51e","timestamp":"2026-07-07 05:23:21"}
{"level":"info","message":"Created client session f4054f0b3e7c59e9cc392c99","timestamp":"2026-07-07 05:44:15"}
{"level":"info","message":"Created client session a93f0b450c1c876deaccc21f","timestamp":"2026-07-07 05:51:20"}
{"level":"info","message":"Created client session 1125bd6630d809542aed0a9d","timestamp":"2026-07-07 05:51:21"}
{"level":"info","message":"Created client session 02285ab1f84927738275529c","timestamp":"2026-07-07 05:51:31"}
{"level":"info","message":"Created client session 05ca7074c56026b16a26c907","timestamp":"2026-07-07 05:51:31"}
{"level":"info","message":"Created client session c758f3f75330ded9f3890836","timestamp":"2026-07-07 05:51:31"}
{"level":"info","message":"Created client session c2c8ef2b168d105c65d0be27","timestamp":"2026-07-07 06:07:34"}
{"level":"info","message":"Created client session 217151cc755ea7f48de8d440","timestamp":"2026-07-07 06:07:35"}
{"level":"info","message":"Created client session 13f91fffa502967ecfd145e1","timestamp":"2026-07-07 06:07:36"}
{"level":"info","message":"Created client session 44b890986c10fc888cf2364f","timestamp":"2026-07-07 06:07:44"}
{"level":"info","message":"Created client session 9d249077cc7059c805bb82f5","timestamp":"2026-07-07 06:21:07"}
{"level":"info","message":"Created client session 36946ad21b05ead323b7aeee","timestamp":"2026-07-07 06:21:08"}
{"level":"info","message":"Created client session 1108a6e3bae9ec6719202c5b","timestamp":"2026-07-07 06:21:08"}
{"level":"info","message":"Created client session b66ecccfd3089a0a418a1d0a","timestamp":"2026-07-07 06:21:08"}
{"level":"info","message":"Created client session b9b832aa8bba7c8181b87b3b","timestamp":"2026-07-07 06:21:08"}
{"level":"info","message":"Created client session 82e49aeffc9b0a170264c2f6","timestamp":"2026-07-07 06:21:08"}
{"level":"info","message":"Created client session 90dfdd0054354d58c7d7ddd0","timestamp":"2026-07-07 06:21:08"}
{"level":"info","message":"Created client session 77cec8dd05306062aad1512f","timestamp":"2026-07-07 06:21:08"}
{"level":"info","message":"Created client session 7bd8ba9cd6c8223fe25ebdce","timestamp":"2026-07-07 06:21:08"}
{"level":"info","message":"Created client session d0afc1306b324e90c5ef14e6","timestamp":"2026-07-07 06:21:08"}
{"level":"info","message":"Created client session 701f43aab06262540d7a4e20","timestamp":"2026-07-07 06:21:08"}
{"level":"info","message":"Created client session 4f0724e47e3a605d282e788d","timestamp":"2026-07-07 06:21:08"}
{"level":"info","message":"Created client session 6d1023ed02938e996dda744a","timestamp":"2026-07-07 06:21:08"}
{"level":"info","message":"Created client session e0933afbd6dd99a5e5c8b2f3","timestamp":"2026-07-07 06:21:08"}
{"level":"info","message":"Created client session a9c98216607d94f67809cb52","timestamp":"2026-07-07 06:21:08"}
{"level":"info","message":"Created client session fad44fce75f2f14e223fbd80","timestamp":"2026-07-07 06:21:08"}
{"level":"info","message":"Created client session 04c95deaa066745953132042","timestamp":"2026-07-07 06:21:08"}
{"level":"info","message":"Created client session 7598f8f271b5531a5375da27","timestamp":"2026-07-07 06:21:08"}
{"level":"info","message":"Created client session 7e0a0e132d3b9ab4fb30812d","timestamp":"2026-07-07 06:21:08"}
{"level":"info","message":"Created client session 81ee20bba9c1aa85c692dc52","timestamp":"2026-07-07 06:21:08"}
{"level":"info","message":"Created client session 96489883290b3d7d679a5565","timestamp":"2026-07-07 06:21:08"}
{"level":"info","message":"Created client session c8234c6b25b05ad01329afd4","timestamp":"2026-07-07 06:21:08"}
{"level":"info","message":"Created client session 499aeb0dda07289954cdc03d","timestamp":"2026-07-07 06:21:08"}
{"level":"info","message":"Created client session 20adcaf2d620dd5d0a0b5656","timestamp":"2026-07-07 06:21:09"}
{"level":"info","message":"Created client session da0c8f06bdb6325d7fb19145","timestamp":"2026-07-07 06:21:09"}
{"level":"info","message":"Created client session 7a11dbee137147838b4c36ce","timestamp":"2026-07-07 06:21:09"}
{"level":"info","message":"Created client session 8c78c5cd8dbbf4c7610a53e1","timestamp":"2026-07-07 06:21:09"}
{"level":"info","message":"Created client session 9b8f4f6bcb0767e448c8ecf0","timestamp":"2026-07-07 06:21:09"}
{"level":"info","message":"Created client session 537dc8246fa4be4966ba6df9","timestamp":"2026-07-07 06:21:09"}
{"level":"info","message":"Created client session 94418e8508de44421cdc4bb5","timestamp":"2026-07-07 06:21:09"}
{"level":"info","message":"Created client session 1be3e4e3cf415942695ec307","timestamp":"2026-07-07 06:21:09"}
{"level":"info","message":"Created client session 72792352e3f0562d1a95024d","timestamp":"2026-07-07 06:21:09"}
{"level":"info","message":"Created client session bf6e772c2c6e8216e4e1c6d5","timestamp":"2026-07-07 06:21:10"}
{"level":"info","message":"Created client session d4b2fd66cfcb29e9f0742b0b","timestamp":"2026-07-07 06:21:10"}
{"level":"info","message":"Created client session 1b3087bbf9252388bcb147aa","timestamp":"2026-07-07 06:21:10"}
{"level":"info","message":"Created client session 8f8dc3e38067ef8c9c5906b4","timestamp":"2026-07-07 06:21:10"}
{"level":"info","message":"Created client session 4ff730ea99f8032cdd3b4aa4","timestamp":"2026-07-07 06:21:10"}
{"level":"info","message":"Created client session 3fbb36b0c3aa3e64b4e38398","timestamp":"2026-07-07 06:21:10"}
{"level":"info","message":"Created client session 673f43fc206c306e4f131ab4","timestamp":"2026-07-07 06:21:10"}
{"level":"info","message":"Created client session ddb8823e374b7948d3f6b80b","timestamp":"2026-07-07 06:21:10"}
{"level":"info","message":"Created client session 38d1a99fc8c867062ca06319","timestamp":"2026-07-07 06:21:11"}
{"level":"info","message":"Created client session 4d5e150ed0aa25a65901abdd","timestamp":"2026-07-07 06:21:11"}
{"level":"info","message":"Created client session 8a2a0acab4db1a3ab967da17","timestamp":"2026-07-07 06:21:11"}
{"level":"info","message":"Created client session 786819208fb89dfa19e1ebff","timestamp":"2026-07-07 06:21:11"}
{"level":"info","message":"Created client session 84cd318a560083308f56d5b4","timestamp":"2026-07-07 06:21:11"}
{"level":"info","message":"Created client session 36e6754aa4e63cb56c7a0913","timestamp":"2026-07-07 06:21:11"}
{"level":"info","message":"Created client session 0338b984fc68b01b13b045df","timestamp":"2026-07-07 06:21:11"}
{"level":"info","message":"Created client session 31230303c4278f151f59dd25","timestamp":"2026-07-07 06:21:11"}
{"level":"info","message":"Created client session d6c44edc51613ba567869766","timestamp":"2026-07-07 06:21:11"}
{"level":"info","message":"Created client session 0f1432cbdb37a6dfde9650a4","timestamp":"2026-07-07 06:21:11"}
{"level":"info","message":"Created client session 1d97770951fb7e53a42bd7f5","timestamp":"2026-07-07 06:21:12"}
{"level":"info","message":"Created client session 86c432a216766f6b65e3f5c1","timestamp":"2026-07-07 06:23:31"}
{"level":"info","message":"Created client session 0003a00c53a0551a20dd55c3","timestamp":"2026-07-07 06:26:35"}
{"level":"info","message":"Created client session 5a880db3b6bb2062ae72b10f","timestamp":"2026-07-07 06:26:45"}
{"level":"info","message":"Created client session 65fd10dfc0718aa8b6af6e74","timestamp":"2026-07-07 06:26:45"}
{"level":"info","message":"Created client session 96e4b1e8df532160cfa18806","timestamp":"2026-07-07 06:26:45"}
{"level":"info","message":"Created client session 6afb8cb9c791ea1da0ecc507","timestamp":"2026-07-07 06:26:46"}
{"level":"info","message":"Created client session ed80e0419463aba98193bc1c","timestamp":"2026-07-07 06:42:32"}
{"level":"info","message":"Created client session 1bc30e4b5d3199c34e4a94d1","timestamp":"2026-07-07 06:42:42"}
{"level":"info","message":"Created client session 33508b3ca56fd7ef58b87785","timestamp":"2026-07-07 06:43:17"}
{"level":"info","message":"Created client session a1e0ee3c7fc3cbe8f85b03ab","timestamp":"2026-07-07 06:52:21"}
{"level":"info","message":"Created client session 4fce04bf882c5e98349538c5","timestamp":"2026-07-07 06:52:50"}
{"level":"info","message":"Created client session 94bb7b405d172762d1e3f4de","timestamp":"2026-07-07 07:03:41"}
{"level":"info","message":"Created client session 250fa9ce9065c78b5d301b8c","timestamp":"2026-07-07 07:09:43"}
{"level":"info","message":"Created client session aad27cfff15f54b109f1d936","timestamp":"2026-07-07 07:10:29"}
{"level":"info","message":"Created client session ddc2614307bed7677da8bfa1","timestamp":"2026-07-07 07:41:35"}
{"level":"info","message":"Created client session 22de33261b915ad99f9774db","timestamp":"2026-07-07 07:47:52"}
{"level":"info","message":"Created client session 3fba9a59af71cac55ce767e4","timestamp":"2026-07-07 08:22:49"}
{"level":"info","message":"Created client session de3b51cb22406a61c9506224","timestamp":"2026-07-07 09:24:16"}
{"level":"info","message":"Created client session 16e9c52742dda390fddb3c0f","timestamp":"2026-07-07 09:24:16"}
{"level":"info","message":"Created client session 1e78310f049c58369a33029f","timestamp":"2026-07-07 09:48:54"}
{"level":"info","message":"Created client session bb365e35e210c3c5be38dfff","timestamp":"2026-07-07 09:48:59"}
{"level":"info","message":"Created client session 427e429581090ed0e42eadc0","timestamp":"2026-07-07 09:49:43"}
{"level":"info","message":"Created client session 45a0e88af047f43b1d00e20e","timestamp":"2026-07-07 10:26:50"}
{"level":"info","message":"Created client session f082deca83de8f1ef26ee9a9","timestamp":"2026-07-07 10:34:18"}
{"level":"info","message":"Created client session 607428e81ba83c3b7eedff04","timestamp":"2026-07-07 10:34:19"}
{"level":"info","message":"Created client session 9ff21a77e78992a2c91eee59","timestamp":"2026-07-07 10:34:20"}
{"level":"info","message":"Created client session 31274e8facfd52bae56e2532","timestamp":"2026-07-07 10:40:27"}
{"level":"info","message":"Created client session 5afc6eb16f735ee550d0cf09","timestamp":"2026-07-07 10:40:27"}
{"level":"info","message":"Created client session 09fd67dfb011cfbc8f66edae","timestamp":"2026-07-07 10:40:28"}
{"level":"info","message":"Created client session f2124f18d19e7354eefe2f71","timestamp":"2026-07-07 10:40:28"}
{"level":"info","message":"Created client session c65f3ced002c9ec8b17de600","timestamp":"2026-07-07 10:40:28"}
{"level":"info","message":"Created client session 55b6fc8301b3247b4c59383b","timestamp":"2026-07-07 10:40:29"}
{"level":"info","message":"Created client session f846de3e29aa31e1658b536a","timestamp":"2026-07-07 10:40:29"}
{"level":"info","message":"Created client session f4400af4491be1287044eef7","timestamp":"2026-07-07 11:02:06"}
{"level":"info","message":"Created client session 0cdddd7dd933dc11e0eb03f5","timestamp":"2026-07-07 11:20:27"}
{"level":"info","message":"Created client session ead28f0301346ca358694602","timestamp":"2026-07-07 11:34:01"}
{"level":"info","message":"Created client session c0f71b49fa636e55c4d66f76","timestamp":"2026-07-07 11:34:01"}
{"level":"info","message":"Created client session 4d4fd77d24b66981a8b9861d","timestamp":"2026-07-07 11:34:01"}
{"level":"info","message":"Created client session d16018fe7204fa271981882e","timestamp":"2026-07-07 11:58:55"}
{"level":"info","message":"Created client session b74311334542fdfdb24427fd","timestamp":"2026-07-07 12:06:01"}
{"level":"info","message":"Created client session 56963d9b5539ab217c686cc3","timestamp":"2026-07-07 12:08:07"}
{"level":"info","message":"Created client session 59694881edbcd5494087d2dc","timestamp":"2026-07-07 12:08:24"}
{"level":"info","message":"Created client session 0e8b057e20f5bb36b2ede896","timestamp":"2026-07-07 12:54:49"}
{"level":"info","message":"Created client session 68ccfd45aafce37f718c26a8","timestamp":"2026-07-07 13:10:49"}
{"level":"info","message":"Created client session 2c5fb270f951f498110a2cb4","timestamp":"2026-07-07 13:14:22"}
{"level":"info","message":"Created client session 51b221f82540fb87be5ff195","timestamp":"2026-07-07 13:16:09"}
{"level":"info","message":"Created client session 7b0897bcac17157e0b300e20","timestamp":"2026-07-07 13:22:30"}
{"level":"info","message":"Created client session c81b2e3879b1023ed99adfca","timestamp":"2026-07-07 13:31:17"}
{"level":"info","message":"Created client session 6d30948a520a50f5446e7cd5","timestamp":"2026-07-07 13:31:17"}
{"level":"info","message":"Created client session 0dccaf53b26a58bd4d80d19d","timestamp":"2026-07-07 13:31:17"}
{"level":"info","message":"Created client session 536a3c437b93398198822b88","timestamp":"2026-07-07 13:31:18"}
{"level":"info","message":"Created client session b793070ff5ff830a5f082064","timestamp":"2026-07-07 13:31:18"}
{"level":"info","message":"Created client session b7dff7664adc0264fec63bdc","timestamp":"2026-07-07 13:31:18"}
{"level":"info","message":"Created client session fb1ce33fd50cb8c8eb22751b","timestamp":"2026-07-07 13:31:18"}
{"level":"info","message":"Created client session 617f48140669131791e31c79","timestamp":"2026-07-07 13:31:18"}
{"level":"info","message":"Created client session 251a0224a9fb97153786c3e5","timestamp":"2026-07-07 13:31:18"}
{"level":"info","message":"Created client session 23844c0bfe9b2fde7e788250","timestamp":"2026-07-07 13:31:18"}
{"level":"info","message":"Created client session 4d60ab02e31465619c558146","timestamp":"2026-07-07 13:31:18"}
{"level":"info","message":"Created client session 1f454183996c61ab57a0fd96","timestamp":"2026-07-07 13:31:19"}
{"level":"info","message":"Created client session effdc1530673dbecea339b9b","timestamp":"2026-07-07 13:31:19"}
{"level":"info","message":"Created client session b6fa9e270048dffe272eef5f","timestamp":"2026-07-07 13:31:19"}
{"level":"info","message":"Created client session e1dc32382654b49e65730a65","timestamp":"2026-07-07 13:31:19"}
{"level":"info","message":"Created client session b3e44d7444628a30947d85d6","timestamp":"2026-07-07 13:31:19"}
{"level":"info","message":"Created client session ca704a62c66640469f678114","timestamp":"2026-07-07 13:31:19"}
{"level":"info","message":"Created client session 62f6f174b06af7f93e238f48","timestamp":"2026-07-07 13:31:19"}
{"level":"info","message":"Created client session 3f0af8cf5c5dd3c063733eab","timestamp":"2026-07-07 13:31:19"}
{"level":"info","message":"Created client session 64505d7a507808876a3856e0","timestamp":"2026-07-07 13:31:20"}
{"level":"info","message":"Created client session 13c108291c3088540e5f5e55","timestamp":"2026-07-07 13:31:20"}
{"level":"info","message":"Created client session 67fe814eb13348a51074dabc","timestamp":"2026-07-07 13:31:20"}
{"level":"info","message":"Created client session b1826ac96d985d6441a81a70","timestamp":"2026-07-07 13:31:20"}
{"level":"info","message":"Created client session 9df7dc31fa24bc7d77457cd3","timestamp":"2026-07-07 13:31:20"}
{"level":"info","message":"Created client session c85166236635a358b35fcbb8","timestamp":"2026-07-07 13:31:20"}
{"level":"info","message":"Created client session 38ecf9f94a0bcaef6860ff16","timestamp":"2026-07-07 13:31:20"}
{"level":"info","message":"Created client session 29bf4a5e5d6a09a9ed369dac","timestamp":"2026-07-07 13:31:21"}
{"level":"info","message":"Created client session 090d09985004ccc85d8cbd47","timestamp":"2026-07-07 13:31:21"}
{"level":"info","message":"Created client session 8c8c4f4ae7103a385aa51b91","timestamp":"2026-07-07 13:31:21"}
{"level":"info","message":"Created client session 955b764129d2c29317cbd7b4","timestamp":"2026-07-07 13:31:21"}
{"level":"info","message":"Created client session 0dd78c81a737bb859d55960c","timestamp":"2026-07-07 13:31:21"}
{"level":"info","message":"Created client session cbac47bbb6238bb9179b03be","timestamp":"2026-07-07 13:31:21"}
{"level":"info","message":"Created client session 46404420fdde728007ab369f","timestamp":"2026-07-07 13:31:21"}
{"level":"info","message":"Created client session 1203b219dda4615be18a251d","timestamp":"2026-07-07 13:31:22"}
{"level":"info","message":"Created client session 8dd7f799fd3cba5d6ddb283b","timestamp":"2026-07-07 13:31:22"}
{"level":"info","message":"Created client session 3a4ae3f091ef8d830f2b079e","timestamp":"2026-07-07 13:31:22"}
{"level":"info","message":"Created client session 15ca5f0c30decd1cafa2fb67","timestamp":"2026-07-07 13:31:22"}
{"level":"info","message":"Created client session ac088b7b50540f18481e2068","timestamp":"2026-07-07 13:31:22"}
{"level":"info","message":"Created client session 23487072ead9ae8bebec65cf","timestamp":"2026-07-07 13:31:22"}
{"level":"info","message":"Created client session 11519c9be3780b6cdda4b5fe","timestamp":"2026-07-07 13:31:22"}
{"level":"info","message":"Created client session 6956864c735ac4226e5ef3d0","timestamp":"2026-07-07 13:31:22"}
{"level":"info","message":"Created client session 36dfcc3b5c6c27f4fe4d6200","timestamp":"2026-07-07 13:31:23"}
{"level":"info","message":"Created client session b4e9a0072830bbb953e115e2","timestamp":"2026-07-07 13:31:23"}
{"level":"info","message":"Created client session 7d49a6366d42adee6e185991","timestamp":"2026-07-07 13:31:23"}
{"level":"info","message":"Created client session 8a287ee556d933cd03788150","timestamp":"2026-07-07 13:31:23"}
{"level":"info","message":"Created client session ede6aa41766548962b2d5a62","timestamp":"2026-07-07 13:31:23"}
{"level":"info","message":"Created client session 3344e32bf799d57e6a8ce672","timestamp":"2026-07-07 13:31:23"}
{"level":"info","message":"Created client session 220eaf524be550cce12f27a8","timestamp":"2026-07-07 13:31:23"}
{"level":"info","message":"Created client session e8672035d36b273eb1400c46","timestamp":"2026-07-07 13:31:23"}
{"level":"info","message":"Created client session edfafb9b90ff7de578cb8235","timestamp":"2026-07-07 13:31:23"}
{"level":"info","message":"Created client session 03e1a2914cffd42df502dcba","timestamp":"2026-07-07 13:31:24"}
{"level":"info","message":"Created client session 83a8c47420d052deef376b58","timestamp":"2026-07-07 13:31:24"}
{"level":"info","message":"Created client session 0b9b47f925cbb6f81d6bd3f6","timestamp":"2026-07-07 13:31:24"}
{"level":"info","message":"Created client session 7ebb0f602841a9ecc2180042","timestamp":"2026-07-07 13:31:24"}
{"level":"info","message":"Created client session 15edf03a266be87133be1412","timestamp":"2026-07-07 13:31:24"}
{"level":"info","message":"Created client session 5da37bc8249ee3d902c75609","timestamp":"2026-07-07 13:31:24"}
{"level":"info","message":"Created client session 58c77c774f41e43a43aee6de","timestamp":"2026-07-07 13:31:24"}
{"level":"info","message":"Created client session 58aebfd58f7008ccc3c54775","timestamp":"2026-07-07 13:31:24"}
{"level":"info","message":"Created client session cca0938914fd297f5bd19ee9","timestamp":"2026-07-07 13:31:25"}
{"level":"info","message":"Created client session 6531902c47eec7173cee574f","timestamp":"2026-07-07 13:36:04"}
{"level":"info","message":"Created client session bf78fcc294e9c5ed07a3c988","timestamp":"2026-07-07 13:36:04"}
{"level":"info","message":"Created client session 36dfe72547d8eae21bca0d65","timestamp":"2026-07-07 13:36:09"}
{"level":"info","message":"Created client session abf524ab4231986c7975bf39","timestamp":"2026-07-07 13:39:13"}
{"level":"info","message":"Created client session a7a0a71eadec60c6d400592b","timestamp":"2026-07-07 13:57:47"}
{"level":"info","message":"Created client session ed32bb5bc2419dd2a3998eb0","timestamp":"2026-07-07 14:11:52"}
{"level":"info","message":"Created client session 47bad80e023bf33ecaafc69c","timestamp":"2026-07-07 14:20:04"}
{"level":"info","message":"Created client session f796b6baaaa17f30f79376ab","timestamp":"2026-07-07 15:20:26"}
{"level":"info","message":"Created client session 879870ecbb8dd5617a04b59c","timestamp":"2026-07-07 15:20:26"}
{"level":"info","message":"Created client session 7e096910e8863667fcafcdd2","timestamp":"2026-07-07 15:34:10"}
{"level":"info","message":"Created client session 8b8feaac89e040fe8c2b5a73","timestamp":"2026-07-07 15:37:50"}
{"level":"info","message":"Created client session 49ff8931514d623b7356b410","timestamp":"2026-07-07 15:38:51"}
{"level":"info","message":"Created client session 322590d80349d25b6c572096","timestamp":"2026-07-07 15:46:12"}
{"level":"info","message":"Created client session a790db2509bfe934214a6748","timestamp":"2026-07-07 15:46:13"}
{"level":"info","message":"Created client session 79836c84c95f4419323c7dc1","timestamp":"2026-07-07 15:46:19"}
{"level":"info","message":"Created client session 5e417d9845c4754669bde6c5","timestamp":"2026-07-07 15:53:43"}
{"level":"info","message":"Created client session dc05e51f661ca0fd2eff7f7e","timestamp":"2026-07-07 15:54:11"}
{"level":"info","message":"Created client session d60048269539bc2ecf43b2e1","timestamp":"2026-07-07 15:54:13"}
{"level":"info","message":"Created client session 00b1993234673a2c0c946fe4","timestamp":"2026-07-07 16:08:35"}
{"level":"info","message":"Created client session ad1953e238edc2f9c2b2ea55","timestamp":"2026-07-07 16:18:29"}
{"level":"info","message":"Created client session 38801e670f35c28fa8d6b404","timestamp":"2026-07-07 16:36:59"}
{"level":"info","message":"Logged user xmljeyMGZBPkULO7 out of active World","timestamp":"2026-07-07 17:20:30"}
{"ip":"38.143.253.121","level":"warn","message":"User authentication failed for user Gamemaster; invalid password","session":"bef76bfeee1124ee552e53ee","status":401,"timestamp":"2026-07-07 17:20:33"}
{"ip":"38.143.253.121","level":"info","message":"User authentication successful for user Gamemaster","session":"bef76bfeee1124ee552e53ee","timestamp":"2026-07-07 17:20:38"}
{"level":"info","message":"No system update for FIST: Ultra Edition is currently available.","timestamp":"2026-07-07 17:20:39"}
{"level":"info","message":"Vended World data to User [xmljeyMGZBPkULO7] in 417ms","timestamp":"2026-07-07 17:20:39"}
{"level":"info","message":"Created client session d1deda937ddbce98460aa9a2","timestamp":"2026-07-07 18:33:10"}
{"level":"info","message":"Created client session f432039760dd1ca05e98fb03","timestamp":"2026-07-07 18:44:17"}
{"level":"info","message":"Created client session 3130441a3473620cdede2f04","timestamp":"2026-07-07 19:14:20"}
{"level":"info","message":"Created client session 0c5b55fe6171b74457c017f9","timestamp":"2026-07-07 19:23:49"}
{"level":"info","message":"Created client session 6fdf5eca1af54ef6b1689587","timestamp":"2026-07-07 19:46:47"}
{"level":"info","message":"Logged user xmljeyMGZBPkULO7 out of active World","timestamp":"2026-07-07 20:01:28"}
{"ip":"38.143.253.121","level":"warn","message":"User authentication failed for user Gamemaster; invalid password","session":"bef76bfeee1124ee552e53ee","status":401,"timestamp":"2026-07-07 20:01:30"}
{"ip":"38.143.253.121","level":"info","message":"User authentication successful for user Gamemaster","session":"bef76bfeee1124ee552e53ee","timestamp":"2026-07-07 20:01:35"}
{"level":"info","message":"No system update for FIST: Ultra Edition is currently available.","timestamp":"2026-07-07 20:01:37"}
{"level":"info","message":"Vended World data to User [xmljeyMGZBPkULO7] in 484ms","timestamp":"2026-07-07 20:01:37"}
{"level":"info","message":"No system update for FIST: Ultra Edition is currently available.","timestamp":"2026-07-07 20:01:49"}
{"level":"info","message":"Vended World data to User [xmljeyMGZBPkULO7] in 425ms","timestamp":"2026-07-07 20:01:49"}
{"level":"info","message":"Administrator authentication successful for session bef76bfeee1124ee552e53ee","timestamp":"2026-07-07 20:02:09"}
{"level":"info","message":"Applied sidegrade metadata updates to module fist-ultra-edition-compendium","timestamp":"2026-07-07 20:02:26"}
{"level":"info","message":"Downloading package - 0%","timestamp":"2026-07-07 20:02:27"}
{"level":"info","message":"Downloading package - 1%","timestamp":"2026-07-07 20:02:27"}
{"level":"info","message":"Downloading package - 3%","timestamp":"2026-07-07 20:02:27"}
{"level":"info","message":"Downloading package - 4%","timestamp":"2026-07-07 20:02:27"}
{"level":"info","message":"Downloading package - 5%","timestamp":"2026-07-07 20:02:27"}
{"level":"info","message":"Downloading package - 7%","timestamp":"2026-07-07 20:02:27"}
{"level":"info","message":"Downloading package - 8%","timestamp":"2026-07-07 20:02:27"}
{"level":"info","message":"Downloading package - 9%","timestamp":"2026-07-07 20:02:27"}
{"level":"info","message":"Downloading package - 11%","timestamp":"2026-07-07 20:02:27"}
{"level":"info","message":"Downloading package - 12%","timestamp":"2026-07-07 20:02:27"}
{"level":"info","message":"Downloading package - 13%","timestamp":"2026-07-07 20:02:27"}
{"level":"info","message":"Downloading package - 15%","timestamp":"2026-07-07 20:02:27"}
{"level":"info","message":"Downloading package - 16%","timestamp":"2026-07-07 20:02:27"}
{"level":"info","message":"Downloading package - 17%","timestamp":"2026-07-07 20:02:27"}
{"level":"info","message":"Downloading package - 19%","timestamp":"2026-07-07 20:02:27"}
{"level":"info","message":"Downloading package - 20%","timestamp":"2026-07-07 20:02:27"}
{"level":"info","message":"Downloading package - 21%","timestamp":"2026-07-07 20:02:27"}
{"level":"info","message":"Downloading package - 23%","timestamp":"2026-07-07 20:02:27"}
{"level":"info","message":"Downloading package - 24%","timestamp":"2026-07-07 20:02:27"}
{"level":"info","message":"Downloading package - 25%","timestamp":"2026-07-07 20:02:27"}
{"level":"info","message":"Downloading package - 27%","timestamp":"2026-07-07 20:02:27"}
{"level":"info","message":"Downloading package - 28%","timestamp":"2026-07-07 20:02:27"}
{"level":"info","message":"Downloading package - 29%","timestamp":"2026-07-07 20:02:27"}
{"level":"info","message":"Downloading package - 31%","timestamp":"2026-07-07 20:02:27"}
{"level":"info","message":"Downloading package - 32%","timestamp":"2026-07-07 20:02:27"}
{"level":"info","message":"Downloading package - 33%","timestamp":"2026-07-07 20:02:27"}
{"level":"info","message":"Downloading package - 35%","timestamp":"2026-07-07 20:02:27"}
{"level":"info","message":"Downloading package - 36%","timestamp":"2026-07-07 20:02:27"}
{"level":"info","message":"Downloading package - 37%","timestamp":"2026-07-07 20:02:27"}
{"level":"info","message":"Downloading package - 39%","timestamp":"2026-07-07 20:02:27"}
{"level":"info","message":"Downloading package - 40%","timestamp":"2026-07-07 20:02:27"}
{"level":"info","message":"Downloading package - 41%","timestamp":"2026-07-07 20:02:27"}
{"level":"info","message":"Downloading package - 42%","timestamp":"2026-07-07 20:02:27"}
{"level":"info","message":"Downloading package - 44%","timestamp":"2026-07-07 20:02:27"}
{"level":"info","message":"Downloading package - 45%","timestamp":"2026-07-07 20:02:27"}
{"level":"info","message":"Downloading package - 46%","timestamp":"2026-07-07 20:02:27"}
{"level":"info","message":"Downloading package - 48%","timestamp":"2026-07-07 20:02:27"}
{"level":"info","message":"Downloading package - 49%","timestamp":"2026-07-07 20:02:27"}
{"level":"info","message":"Downloading package - 53%","timestamp":"2026-07-07 20:02:27"}
{"level":"info","message":"Downloading package - 57%","timestamp":"2026-07-07 20:02:27"}
{"level":"info","message":"Downloading package - 61%","timestamp":"2026-07-07 20:02:27"}
{"level":"info","message":"Downloading package - 66%","timestamp":"2026-07-07 20:02:27"}
{"level":"info","message":"Downloading package - 70%","timestamp":"2026-07-07 20:02:27"}
{"level":"info","message":"Downloading package - 74%","timestamp":"2026-07-07 20:02:27"}
{"level":"info","message":"Downloading package - 78%","timestamp":"2026-07-07 20:02:27"}
{"level":"info","message":"Downloading package - 82%","timestamp":"2026-07-07 20:02:27"}
{"level":"info","message":"Downloading package - 86%","timestamp":"2026-07-07 20:02:27"}
{"level":"info","message":"Downloading package - 90%","timestamp":"2026-07-07 20:02:27"}
{"level":"info","message":"Downloading package - 94%","timestamp":"2026-07-07 20:02:27"}
{"level":"info","message":"Downloading package - 98%","timestamp":"2026-07-07 20:02:27"}
{"level":"info","message":"Downloading package - 100%","timestamp":"2026-07-07 20:02:27"}
{"level":"info","message":"Installing package - 4%","timestamp":"2026-07-07 20:02:27"}
{"level":"info","message":"Installing package - 9%","timestamp":"2026-07-07 20:02:27"}
{"level":"info","message":"Installing package - 13%","timestamp":"2026-07-07 20:02:27"}
{"level":"info","message":"Installing package - 17%","timestamp":"2026-07-07 20:02:27"}
{"level":"info","message":"Installing package - 22%","timestamp":"2026-07-07 20:02:27"}
{"level":"info","message":"Installing package - 26%","timestamp":"2026-07-07 20:02:27"}
{"level":"info","message":"Installing package - 30%","timestamp":"2026-07-07 20:02:27"}
{"level":"info","message":"Installing package - 35%","timestamp":"2026-07-07 20:02:27"}
{"level":"info","message":"Installing package - 39%","timestamp":"2026-07-07 20:02:27"}
{"level":"info","message":"Installing package - 43%","timestamp":"2026-07-07 20:02:27"}
{"level":"info","message":"Installing package - 48%","timestamp":"2026-07-07 20:02:27"}
{"level":"info","message":"Installing package - 52%","timestamp":"2026-07-07 20:02:27"}
{"level":"info","message":"Installing package - 57%","timestamp":"2026-07-07 20:02:27"}
{"level":"info","message":"Installing package - 61%","timestamp":"2026-07-07 20:02:27"}
{"level":"info","message":"Installing package - 65%","timestamp":"2026-07-07 20:02:27"}
{"level":"info","message":"Installing package - 70%","timestamp":"2026-07-07 20:02:27"}
{"level":"info","message":"Installing package - 74%","timestamp":"2026-07-07 20:02:27"}
{"level":"info","message":"Installing package - 78%","timestamp":"2026-07-07 20:02:27"}
{"level":"info","message":"Installing package - 83%","timestamp":"2026-07-07 20:02:27"}
{"level":"info","message":"Installing package - 87%","timestamp":"2026-07-07 20:02:27"}
{"level":"info","message":"Installing package - 91%","timestamp":"2026-07-07 20:02:27"}
{"level":"info","message":"Installing package - 96%","timestamp":"2026-07-07 20:02:27"}
{"level":"info","message":"Installing package - 100%","timestamp":"2026-07-07 20:02:27"}
{"level":"info","message":"Installed module fist-ultra-edition-compendium","timestamp":"2026-07-07 20:02:27"}
{"level":"info","message":"complete - 100%","timestamp":"2026-07-07 20:02:27"}
{"level":"info","message":"Connected to database \"actors\"","timestamp":"2026-07-07 20:02:31"}
{"level":"info","message":"Launching World | Loading World Data - 7%","timestamp":"2026-07-07 20:02:31"}
{"level":"info","message":"Connected to database \"cards\"","timestamp":"2026-07-07 20:02:31"}
{"level":"info","message":"Launching World | Loading World Data - 14%","timestamp":"2026-07-07 20:02:31"}
{"level":"info","message":"Connected to database \"messages\"","timestamp":"2026-07-07 20:02:31"}
{"level":"info","message":"Launching World | Loading World Data - 21%","timestamp":"2026-07-07 20:02:31"}
{"level":"info","message":"Connected to database \"combats\"","timestamp":"2026-07-07 20:02:31"}
{"level":"info","message":"Launching World | Loading World Data - 29%","timestamp":"2026-07-07 20:02:31"}
{"level":"info","message":"Connected to database \"fog\"","timestamp":"2026-07-07 20:02:31"}
{"level":"info","message":"Launching World | Loading World Data - 36%","timestamp":"2026-07-07 20:02:31"}
{"level":"info","message":"Connected to database \"folders\"","timestamp":"2026-07-07 20:02:31"}
{"level":"info","message":"Launching World | Loading World Data - 43%","timestamp":"2026-07-07 20:02:31"}
{"level":"info","message":"Connected to database \"items\"","timestamp":"2026-07-07 20:02:31"}
{"level":"info","message":"Launching World | Loading World Data - 50%","timestamp":"2026-07-07 20:02:31"}
{"level":"info","message":"Connected to database \"journal\"","timestamp":"2026-07-07 20:02:31"}
{"level":"info","message":"Launching World | Loading World Data - 57%","timestamp":"2026-07-07 20:02:31"}
{"level":"info","message":"Connected to database \"macros\"","timestamp":"2026-07-07 20:02:31"}
{"level":"info","message":"Launching World | Loading World Data - 64%","timestamp":"2026-07-07 20:02:31"}
{"level":"info","message":"Connected to database \"playlists\"","timestamp":"2026-07-07 20:02:31"}
{"level":"info","message":"Launching World | Loading World Data - 71%","timestamp":"2026-07-07 20:02:31"}
{"level":"info","message":"Connected to database \"tables\"","timestamp":"2026-07-07 20:02:31"}
{"level":"info","message":"Launching World | Loading World Data - 79%","timestamp":"2026-07-07 20:02:31"}
{"level":"info","message":"Connected to database \"scenes\"","timestamp":"2026-07-07 20:02:31"}
{"level":"info","message":"Launching World | Loading World Data - 86%","timestamp":"2026-07-07 20:02:31"}
{"level":"info","message":"Connected to database \"settings\"","timestamp":"2026-07-07 20:02:31"}
{"level":"info","message":"Launching World | Loading World Data - 93%","timestamp":"2026-07-07 20:02:31"}
{"level":"info","message":"Connected to database \"users\"","timestamp":"2026-07-07 20:02:31"}
{"level":"info","message":"Launching World | Loading World Data - 100%","timestamp":"2026-07-07 20:02:31"}
{"level":"info","message":"Launching World | Migrating World Data - 7%","timestamp":"2026-07-07 20:02:31"}
{"level":"info","message":"Launching World | Migrating World Data - 14%","timestamp":"2026-07-07 20:02:31"}
{"level":"info","message":"Launching World | Migrating World Data - 21%","timestamp":"2026-07-07 20:02:31"}
{"level":"info","message":"Launching World | Migrating World Data - 29%","timestamp":"2026-07-07 20:02:31"}
{"level":"info","message":"Launching World | Migrating World Data - 36%","timestamp":"2026-07-07 20:02:31"}
{"level":"info","message":"Launching World | Migrating World Data - 43%","timestamp":"2026-07-07 20:02:31"}
{"level":"info","message":"Launching World | Migrating World Data - 50%","timestamp":"2026-07-07 20:02:31"}
{"level":"info","message":"Launching World | Migrating World Data - 57%","timestamp":"2026-07-07 20:02:31"}
{"level":"info","message":"Launching World | Migrating World Data - 64%","timestamp":"2026-07-07 20:02:31"}
{"level":"info","message":"Launching World | Migrating World Data - 71%","timestamp":"2026-07-07 20:02:32"}
{"level":"info","message":"Launching World | Migrating World Data - 79%","timestamp":"2026-07-07 20:02:32"}
{"level":"info","message":"Launching World | Migrating World Data - 86%","timestamp":"2026-07-07 20:02:32"}
{"level":"info","message":"Launching World | Migrating World Data - 93%","timestamp":"2026-07-07 20:02:32"}
{"level":"info","message":"Launching World | Migrating World Data - 100%","timestamp":"2026-07-07 20:02:32"}
{"level":"info","message":"Connected to database \"fist-ultra-edition-compendium.core_traits_gear\"","timestamp":"2026-07-07 20:02:32"}
{"level":"info","message":"Launching World | Loading Package Data - 33%","timestamp":"2026-07-07 20:02:32"}
{"level":"info","message":"Connected to database \"fist-ultra-edition-compendium.core_traits_skills\"","timestamp":"2026-07-07 20:02:32"}
{"level":"info","message":"Launching World | Loading Package Data - 67%","timestamp":"2026-07-07 20:02:32"}
{"level":"info","message":"Connected to database \"fist-ultra-edition-compendium.rollable_tables\"","timestamp":"2026-07-07 20:02:32"}
{"level":"info","message":"Launching World | Loading Package Data - 100%","timestamp":"2026-07-07 20:02:32"}
{"level":"info","message":"Created 0 Folder documents with ids: []","timestamp":"2026-07-07 20:02:32"}
{"level":"info","message":"Migrated Item record [0aUAqWdfcnGkhHdO] of database \"fist-ultra-edition-compendium.core_traits_gear\".","timestamp":"2026-07-07 20:02:32"}
{"level":"info","message":"Migrated Item record [0aUkB83K6mBPjzLw] of database \"fist-ultra-edition-compendium.core_traits_gear\".","timestamp":"2026-07-07 20:02:32"}
{"level":"info","message":"Migrated Item record [0hF3xiyZXyns7qSJ] of database \"fist-ultra-edition-compendium.core_traits_gear\".","timestamp":"2026-07-07 20:02:32"}
{"level":"info","message":"Migrated Item record [0pfgqM5zjYziQJ4g] of database \"fist-ultra-edition-compendium.core_traits_gear\".","timestamp":"2026-07-07 20:02:32"}
{"level":"info","message":"Migrated Item record [1BMk4yPtWnZoYY4o] of database \"fist-ultra-edition-compendium.core_traits_gear\".","timestamp":"2026-07-07 20:02:32"}
{"level":"info","message":"Migrated Item record [1uCTxinrPY31tl4O] of database \"fist-ultra-edition-compendium.core_traits_gear\".","timestamp":"2026-07-07 20:02:32"}
{"level":"info","message":"Migrated Item record [1x2Hb5kQXFHJIj4a] of database \"fist-ultra-edition-compendium.core_traits_gear\".","timestamp":"2026-07-07 20:02:32"}
{"level":"info","message":"Migrated Item record [2MSewlm5N4bME6xc] of database \"fist-ultra-edition-compendium.core_traits_gear\".","timestamp":"2026-07-07 20:02:32"}
{"level":"info","message":"Migrated Item record [2NFiUhWC8wczuzSg] of database \"fist-ultra-edition-compendium.core_traits_gear\".","timestamp":"2026-07-07 20:02:32"}
{"level":"info","message":"Migrated Item record [2euaob0JXoTUUhMv] of database \"fist-ultra-edition-compendium.core_traits_gear\".","timestamp":"2026-07-07 20:02:32"}
{"level":"info","message":"Migrated Item record [2rU9IQq7WJ6TGAvE] of database \"fist-ultra-edition-compendium.core_traits_gear\".","timestamp":"2026-07-07 20:02:32"}
{"level":"info","message":"Migrated Item record [3TDPCmG2KIfvylHy] of database \"fist-ultra-edition-compendium.core_traits_gear\".","timestamp":"2026-07-07 20:02:32"}
{"level":"info","message":"Migrated Item record [4437mjwWZjT8976T] of database \"fist-ultra-edition-compendium.core_traits_gear\".","timestamp":"2026-07-07 20:02:32"}
{"level":"info","message":"Migrated Item record [4B7pZfBc6K23M300] of database \"fist-ultra-edition-compendium.core_traits_gear\".","timestamp":"2026-07-07 20:02:32"}
{"level":"info","message":"Migrated Item record [4G1etc7pjbRfa0zu] of database \"fist-ultra-edition-compendium.core_traits_gear\".","timestamp":"2026-07-07 20:02:32"}
{"level":"info","message":"Migrated Item record [4GSL3OENsFnofDFB] of database \"fist-ultra-edition-compendium.core_traits_gear\".","timestamp":"2026-07-07 20:02:32"}
{"level":"info","message":"Migrated Item record [4iw5dfEixcT8cSnY] of database \"fist-ultra-edition-compendium.core_traits_gear\".","timestamp":"2026-07-07 20:02:32"}
{"level":"info","message":"Migrated Item record [4jQLdUC3hIKO2A8Q] of database \"fist-ultra-edition-compendium.core_traits_gear\".","timestamp":"2026-07-07 20:02:32"}
{"level":"info","message":"Migrated Item record [4lbsOOaF7T8TRKGg] of database \"fist-ultra-edition-compendium.core_traits_gear\".","timestamp":"2026-07-07 20:02:32"}
{"level":"info","message":"Migrated Item record [4mQNYhRRnIsX2rqW] of database \"fist-ultra-edition-compendium.core_traits_gear\".","timestamp":"2026-07-07 20:02:32"}
{"level":"info","message":"Migrated Item record [5231K7e7kAq08Hod] of database \"fist-ultra-edition-compendium.core_traits_gear\".","timestamp":"2026-07-07 20:02:32"}
{"level":"info","message":"Migrated Item record [5Gc1V0hF62X0K13s] of database \"fist-ultra-edition-compendium.core_traits_gear\".","timestamp":"2026-07-07 20:02:32"}
{"level":"info","message":"Migrated Item record [6RpguNB0tQX23uiD] of database \"fist-ultra-edition-compendium.core_traits_gear\".","timestamp":"2026-07-07 20:02:32"}
{"level":"info","message":"Migrated Item record [6a0R0vn0BYCxwGBv] of database \"fist-ultra-edition-compendium.core_traits_gear\".","timestamp":"2026-07-07 20:02:32"}
{"level":"info","message":"Migrated Item record [6cCJf7IzQvJhXF44] of database \"fist-ultra-edition-compendium.core_traits_gear\".","timestamp":"2026-07-07 20:02:32"}
{"level":"info","message":"Migrated Item record [6f2qu3n5TO3cjNR9] of database \"fist-ultra-edition-compendium.core_traits_gear\".","timestamp":"2026-07-07 20:02:32"}
{"level":"info","message":"Migrated Item record [6lLiJBBfaOChIbOS] of database \"fist-ultra-edition-compendium.core_traits_gear\".","timestamp":"2026-07-07 20:02:32"}
{"level":"info","message":"Migrated Item record [6oAYatMJDYneeebW] of database \"fist-ultra-edition-compendium.core_traits_gear\".","timestamp":"2026-07-07 20:02:32"}
{"level":"info","message":"Migrated Item record [6r7EDjdbE4FQHcAk] of database \"fist-ultra-edition-compendium.core_traits_gear\".","timestamp":"2026-07-07 20:02:32"}
{"level":"info","message":"Migrated Item record [7CRUowXvKOiP7fOa] of database \"fist-ultra-edition-compendium.core_traits_gear\".","timestamp":"2026-07-07 20:02:32"}
{"level":"info","message":"Migrated Item record [7EO73O777VLSpYHP] of database \"fist-ultra-edition-compendium.core_traits_gear\".","timestamp":"2026-07-07 20:02:32"}
{"level":"info","message":"Migrated Item record [7UkjyjjztCnzMDWq] of database \"fist-ultra-edition-compendium.core_traits_gear\".","timestamp":"2026-07-07 20:02:32"}
{"level":"info","message":"Migrated Item record [7hHgQQ8RbIe2dipO] of database \"fist-ultra-edition-compendium.core_traits_gear\".","timestamp":"2026-07-07 20:02:32"}
{"level":"info","message":"Migrated Item record [8KXUHm149nq7KYoQ] of database \"fist-ultra-edition-compendium.core_traits_gear\".","timestamp":"2026-07-07 20:02:32"}
{"level":"info","message":"Migrated Item record [8VORwtAo2TAi7RLs] of database \"fist-ultra-edition-compendium.core_traits_gear\".","timestamp":"2026-07-07 20:02:32"}
{"level":"info","message":"Migrated Item record [8dDAqu2uOyktCocs] of database \"fist-ultra-edition-compendium.core_traits_gear\".","timestamp":"2026-07-07 20:02:32"}
{"level":"info","message":"Migrated Item record [8pYH8u4tqCLdlRG2] of database \"fist-ultra-edition-compendium.core_traits_gear\".","timestamp":"2026-07-07 20:02:32"}
{"level":"info","message":"Migrated Item record [9Q9AqxixHlLvhTa9] of database \"fist-ultra-edition-compendium.core_traits_gear\".","timestamp":"2026-07-07 20:02:32"}
{"level":"info","message":"Migrated Item record [9bvw5f1UoNR4Iyds] of database \"fist-ultra-edition-compendium.core_traits_gear\".","timestamp":"2026-07-07 20:02:32"}
{"level":"info","message":"Migrated Item record [A0rilwTLdXHNgqT4] of database \"fist-ultra-edition-compendium.core_traits_gear\".","timestamp":"2026-07-07 20:02:32"}
{"level":"info","message":"Migrated Item record [APZ2osOQGkRqvYHw] of database \"fist-ultra-edition-compendium.core_traits_gear\".","timestamp":"2026-07-07 20:02:32"}
{"level":"info","message":"Migrated Item record [AQOk0UBExUXkk9Dm] of database \"fist-ultra-edition-compendium.core_traits_gear\".","timestamp":"2026-07-07 20:02:32"}
{"level":"info","message":"Migrated Item record [Atw2PS7W1zHMsQYP] of database \"fist-ultra-edition-compendium.core_traits_gear\".","timestamp":"2026-07-07 20:02:32"}
{"level":"info","message":"Migrated Item record [BBrt9xOjgp2tI9cU] of database \"fist-ultra-edition-compendium.core_traits_gear\".","timestamp":"2026-07-07 20:02:32"}
{"level":"info","message":"Migrated Item record [C59HNs9AVlszp8Jy] of database \"fist-ultra-edition-compendium.core_traits_gear\".","timestamp":"2026-07-07 20:02:32"}
{"level":"info","message":"Migrated Item record [CdwgSsrXtYOGtL1u] of database \"fist-ultra-edition-compendium.core_traits_gear\".","timestamp":"2026-07-07 20:02:32"}
{"level":"info","message":"Migrated Item record [DW1MMVDxxy7ymR4f] of database \"fist-ultra-edition-compendium.core_traits_gear\".","timestamp":"2026-07-07 20:02:32"}
{"level":"info","message":"Migrated Item record [DWan6cq501Xa8QZU] of database \"fist-ultra-edition-compendium.core_traits_gear\".","timestamp":"2026-07-07 20:02:32"}
{"level":"info","message":"Migrated Item record [DjALu0hQBZDkUVmN] of database \"fist-ultra-edition-compendium.core_traits_gear\".","timestamp":"2026-07-07 20:02:32"}
{"level":"info","message":"Migrated Item record [DlbDuys6Ss587dDK] of database \"fist-ultra-edition-compendium.core_traits_gear\".","timestamp":"2026-07-07 20:02:32"}
{"level":"info","message":"Migrated Item record [EISJmpm3kq0N60Us] of database \"fist-ultra-edition-compendium.core_traits_gear\".","timestamp":"2026-07-07 20:02:32"}
{"level":"info","message":"Migrated Item record [EWpeVZQhmKF5WBoo] of database \"fist-ultra-edition-compendium.core_traits_gear\".","timestamp":"2026-07-07 20:02:32"}
{"level":"info","message":"Migrated Item record [Ebrw5YIgfvpjgW52] of database \"fist-ultra-edition-compendium.core_traits_gear\".","timestamp":"2026-07-07 20:02:32"}
{"level":"info","message":"Migrated Item record [EsyVITu5Q6Y1CvmT] of database \"fist-ultra-edition-compendium.core_traits_gear\".","timestamp":"2026-07-07 20:02:32"}
{"level":"info","message":"Migrated Item record [F5LG0UwPc5DSOU2W] of database \"fist-ultra-edition-compendium.core_traits_gear\".","timestamp":"2026-07-07 20:02:32"}
{"level":"info","message":"Migrated Item record [FYQHKczwyxyUBaRh] of database \"fist-ultra-edition-compendium.core_traits_gear\".","timestamp":"2026-07-07 20:02:32"}
{"level":"info","message":"Migrated Item record [G0TEVIqrQJIMe4XS] of database \"fist-ultra-edition-compendium.core_traits_gear\".","timestamp":"2026-07-07 20:02:32"}
{"level":"info","message":"Migrated Item record [GbAaC0EpPYk9TeYs] of database \"fist-ultra-edition-compendium.core_traits_gear\".","timestamp":"2026-07-07 20:02:32"}
{"level":"info","message":"Migrated Item record [GfCJl45SqydR3EUO] of database \"fist-ultra-edition-compendium.core_traits_gear\".","timestamp":"2026-07-07 20:02:32"}
{"level":"info","message":"Migrated Item record [HTzI6X5ZEyagtUlR] of database \"fist-ultra-edition-compendium.core_traits_gear\".","timestamp":"2026-07-07 20:02:32"}
{"level":"info","message":"Migrated Item record [HVaRiVSWSIVxqOVK] of database \"fist-ultra-edition-compendium.core_traits_gear\".","timestamp":"2026-07-07 20:02:32"}
{"level":"info","message":"Migrated Item record [Hi6xubri1MfJZMpM] of database \"fist-ultra-edition-compendium.core_traits_gear\".","timestamp":"2026-07-07 20:02:32"}
{"level":"info","message":"Migrated Item record [HmWGVyY41A582inr] of database \"fist-ultra-edition-compendium.core_traits_gear\".","timestamp":"2026-07-07 20:02:32"}
{"level":"info","message":"Migrated Item record [I2CRrmwtKG5WHLb5] of database \"fist-ultra-edition-compendium.core_traits_gear\".","timestamp":"2026-07-07 20:02:32"}
{"level":"info","message":"Migrated Item record [IBa8DR53CNCEUDzd] of database \"fist-ultra-edition-compendium.core_traits_gear\".","timestamp":"2026-07-07 20:02:32"}
{"level":"info","message":"Migrated Item record [J5WJn4rFPTi04dsB] of database \"fist-ultra-edition-compendium.core_traits_gear\".","timestamp":"2026-07-07 20:02:32"}
{"level":"info","message":"Migrated Item record [KJldqfbZAK4LiNaI] of database \"fist-ultra-edition-compendium.core_traits_gear\".","timestamp":"2026-07-07 20:02:32"}
{"level":"info","message":"Migrated Item record [KRvzuMNszTTb9FMZ] of database \"fist-ultra-edition-compendium.core_traits_gear\".","timestamp":"2026-07-07 20:02:32"}
{"level":"info","message":"Migrated Item record [KSz35QaOOrHfSuK5] of database \"fist-ultra-edition-compendium.core_traits_gear\".","timestamp":"2026-07-07 20:02:32"}
{"level":"info","message":"Migrated Item record [L0RwOvb7Inh9PPpF] of database \"fist-ultra-edition-compendium.core_traits_gear\".","timestamp":"2026-07-07 20:02:32"}
{"level":"info","message":"Migrated Item record [LSA9XnNDy7SGHcsa] of database \"fist-ultra-edition-compendium.core_traits_gear\".","timestamp":"2026-07-07 20:02:32"}
{"level":"info","message":"Migrated Item record [Lf7Jc2LMGLJLIsMF] of database \"fist-ultra-edition-compendium.core_traits_gear\".","timestamp":"2026-07-07 20:02:32"}
{"level":"info","message":"Migrated Item record [LljJEMHD5n3P2XW0] of database \"fist-ultra-edition-compendium.core_traits_gear\".","timestamp":"2026-07-07 20:02:32"}
{"level":"info","message":"Migrated Item record [MPSXuQaGURBLBMxk] of database \"fist-ultra-edition-compendium.core_traits_gear\".","timestamp":"2026-07-07 20:02:32"}
{"level":"info","message":"Migrated Item record [Mf7tpb6WQwnIzLK9] of database \"fist-ultra-edition-compendium.core_traits_gear\".","timestamp":"2026-07-07 20:02:32"}
{"level":"info","message":"Migrated Item record [MkIpd2KFlZyqQsEP] of database \"fist-ultra-edition-compendium.core_traits_gear\".","timestamp":"2026-07-07 20:02:32"}
{"level":"info","message":"Migrated Item record [MkrADnCYipgE7P1G] of database \"fist-ultra-edition-compendium.core_traits_gear\".","timestamp":"2026-07-07 20:02:32"}
{"level":"info","message":"Migrated Item record [Mwt7mxmhGWcA5QpU] of database \"fist-ultra-edition-compendium.core_traits_gear\".","timestamp":"2026-07-07 20:02:32"}
{"level":"info","message":"Migrated Item record [NBoIacGS43TlohJg] of database \"fist-ultra-edition-compendium.core_traits_gear\".","timestamp":"2026-07-07 20:02:32"}
{"level":"info","message":"Migrated Item record [Na55yseZOI7FKULO] of database \"fist-ultra-edition-compendium.core_traits_gear\".","timestamp":"2026-07-07 20:02:32"}
{"level":"info","message":"Migrated Item record [NwkGEQCukX5jCPyo] of database \"fist-ultra-edition-compendium.core_traits_gear\".","timestamp":"2026-07-07 20:02:32"}
{"level":"info","message":"Migrated Item record [OFSTXITmsCu3O1Dd] of database \"fist-ultra-edition-compendium.core_traits_gear\".","timestamp":"2026-07-07 20:02:32"}
{"level":"info","message":"Migrated Item record [OMeP74czzr7QQEvf] of database \"fist-ultra-edition-compendium.core_traits_gear\".","timestamp":"2026-07-07 20:02:32"}
{"level":"info","message":"Migrated Item record [OW9hFGI3JgE9WY92] of database \"fist-ultra-edition-compendium.core_traits_gear\".","timestamp":"2026-07-07 20:02:32"}
{"level":"info","message":"Migrated Item record [OWH4xHAneNPoTz82] of database \"fist-ultra-edition-compendium.core_traits_gear\".","timestamp":"2026-07-07 20:02:32"}
{"level":"info","message":"Migrated Item record [OWgccDKlHLaiMstI] of database \"fist-ultra-edition-compendium.core_traits_gear\".","timestamp":"2026-07-07 20:02:32"}
{"level":"info","message":"Migrated Item record [OdGZqpR0SgcaXP79] of database \"fist-ultra-edition-compendium.core_traits_gear\".","timestamp":"2026-07-07 20:02:32"}
{"level":"info","message":"Migrated Item record [OsZcghrWNqTEbS4p] of database \"fist-ultra-edition-compendium.core_traits_gear\".","timestamp":"2026-07-07 20:02:32"}
{"level":"info","message":"Migrated Item record [OuwkTo1nZsexQgL3] of database \"fist-ultra-edition-compendium.core_traits_gear\".","timestamp":"2026-07-07 20:02:32"}
{"level":"info","message":"Migrated Item record [P6YdCb4wEgWqjt7g] of database \"fist-ultra-edition-compendium.core_traits_gear\".","timestamp":"2026-07-07 20:02:32"}
{"level":"info","message":"Migrated Item record [P6vYZ4Jvmwoqicsq] of database \"fist-ultra-edition-compendium.core_traits_gear\".","timestamp":"2026-07-07 20:02:32"}
{"level":"info","message":"Migrated Item record [PAadVvHpw7cEY9RL] of database \"fist-ultra-edition-compendium.core_traits_gear\".","timestamp":"2026-07-07 20:02:32"}
{"level":"info","message":"Migrated Item record [PB1wKvxRIGvzMKgH] of database \"fist-ultra-edition-compendium.core_traits_gear\".","timestamp":"2026-07-07 20:02:32"}
{"level":"info","message":"Migrated Item record [PFhtrwJagORFi6I1] of database \"fist-ultra-edition-compendium.core_traits_gear\".","timestamp":"2026-07-07 20:02:32"}
{"level":"info","message":"Migrated Item record [PGEIX1rdMumdtKiz] of database \"fist-ultra-edition-compendium.core_traits_gear\".","timestamp":"2026-07-07 20:02:32"}
{"level":"info","message":"Migrated Item record [PyOxZrt4C2kNlFnf] of database \"fist-ultra-edition-compendium.core_traits_gear\".","timestamp":"2026-07-07 20:02:32"}
{"level":"info","message":"Migrated Item record [QHPNMpyboF2WDAFm] of database \"fist-ultra-edition-compendium.core_traits_gear\".","timestamp":"2026-07-07 20:02:32"}
{"level":"info","message":"Migrated Item record [QOinvziaby9abf6L] of database \"fist-ultra-edition-compendium.core_traits_gear\".","timestamp":"2026-07-07 20:02:32"}
{"level":"info","message":"Migrated Item record [QQYC6uBTrvU4Z0Gx] of database \"fist-ultra-edition-compendium.core_traits_gear\".","timestamp":"2026-07-07 20:02:32"}
{"level":"info","message":"Migrated Item record [QTAwBls0eQCknhwU] of database \"fist-ultra-edition-compendium.core_traits_gear\".","timestamp":"2026-07-07 20:02:32"}
{"level":"info","message":"Migrated Item record [QiPRHRqUWSGTicOV] of database \"fist-ultra-edition-compendium.core_traits_gear\".","timestamp":"2026-07-07 20:02:32"}
{"level":"info","message":"Migrated Item record [QpHmZGSMvPfroUeU] of database \"fist-ultra-edition-compendium.core_traits_gear\".","timestamp":"2026-07-07 20:02:32"}
{"level":"info","message":"Migrated Item record [ROwSFeXB3fFkyhEr] of database \"fist-ultra-edition-compendium.core_traits_gear\".","timestamp":"2026-07-07 20:02:32"}
{"level":"info","message":"Migrated Item record [RPQ8Xd7OJjEOKx7H] of database \"fist-ultra-edition-compendium.core_traits_gear\".","timestamp":"2026-07-07 20:02:32"}
{"level":"info","message":"Migrated Item record [Rkb83ZbIRbCcFU6S] of database \"fist-ultra-edition-compendium.core_traits_gear\".","timestamp":"2026-07-07 20:02:32"}
{"level":"info","message":"Migrated Item record [SFmg42mSm9MivJKw] of database \"fist-ultra-edition-compendium.core_traits_gear\".","timestamp":"2026-07-07 20:02:32"}
{"level":"info","message":"Migrated Item record [SGX8ZP08l6sKnPUi] of database \"fist-ultra-edition-compendium.core_traits_gear\".","timestamp":"2026-07-07 20:02:32"}
{"level":"info","message":"Migrated Item record [SoS25TrCfffB95iN] of database \"fist-ultra-edition-compendium.core_traits_gear\".","timestamp":"2026-07-07 20:02:32"}
{"level":"info","message":"Migrated Item record [SsgLIZEE2RRhkLjv] of database \"fist-ultra-edition-compendium.core_traits_gear\".","timestamp":"2026-07-07 20:02:32"}
{"level":"info","message":"Migrated Item record [T00Y0usiULHurxZn] of database \"fist-ultra-edition-compendium.core_traits_gear\".","timestamp":"2026-07-07 20:02:32"}
{"level":"info","message":"Migrated Item record [TCMl03wLI9g0RA9e] of database \"fist-ultra-edition-compendium.core_traits_gear\".","timestamp":"2026-07-07 20:02:32"}
{"level":"info","message":"Migrated Item record [Towwvmer5loeJP1l] of database \"fist-ultra-edition-compendium.core_traits_gear\".","timestamp":"2026-07-07 20:02:32"}
{"level":"info","message":"Migrated Item record [UFWqLxlFCncpdMAk] of database \"fist-ultra-edition-compendium.core_traits_gear\".","timestamp":"2026-07-07 20:02:32"}
{"level":"info","message":"Migrated Item record [UXH1s5qf2CyrZdPJ] of database \"fist-ultra-edition-compendium.core_traits_gear\".","timestamp":"2026-07-07 20:02:32"}
{"level":"info","message":"Migrated Item record [UeFrtGbMeTy0cvpW] of database \"fist-ultra-edition-compendium.core_traits_gear\".","timestamp":"2026-07-07 20:02:32"}
{"level":"info","message":"Migrated Item record [Uguisw7chXa4Oce2] of database \"fist-ultra-edition-compendium.core_traits_gear\".","timestamp":"2026-07-07 20:02:32"}
{"level":"info","message":"Migrated Item record [UiRffYPEP3NzEhhb] of database \"fist-ultra-edition-compendium.core_traits_gear\".","timestamp":"2026-07-07 20:02:32"}
{"level":"info","message":"Migrated Item record [UjwdzLUcD5eo6Kaz] of database \"fist-ultra-edition-compendium.core_traits_gear\".","timestamp":"2026-07-07 20:02:32"}
{"level":"info","message":"Migrated Item record [VEEqUUpo1cUt1sPj] of database \"fist-ultra-edition-compendium.core_traits_gear\".","timestamp":"2026-07-07 20:02:32"}
{"level":"info","message":"Migrated Item record [VLQ8nRPUogZD5TuV] of database \"fist-ultra-edition-compendium.core_traits_gear\".","timestamp":"2026-07-07 20:02:32"}
{"level":"info","message":"Migrated Item record [Vft68tNNYz4UXYnu] of database \"fist-ultra-edition-compendium.core_traits_gear\".","timestamp":"2026-07-07 20:02:32"}
{"level":"info","message":"Migrated Item record [Vv8Qe0KQ6Gqn2lUg] of database \"fist-ultra-edition-compendium.core_traits_gear\".","timestamp":"2026-07-07 20:02:32"}
{"level":"info","message":"Migrated Item record [VwbWYQQQF81KA5IN] of database \"fist-ultra-edition-compendium.core_traits_gear\".","timestamp":"2026-07-07 20:02:32"}
{"level":"info","message":"Migrated Item record [W6TxkUBSTILatHdI] of database \"fist-ultra-edition-compendium.core_traits_gear\".","timestamp":"2026-07-07 20:02:32"}
{"level":"info","message":"Migrated Item record [WEPjlOP2sYlxSIDo] of database \"fist-ultra-edition-compendium.core_traits_gear\".","timestamp":"2026-07-07 20:02:32"}
{"level":"info","message":"Migrated Item record [WRDvQaOARMY6nWxS] of database \"fist-ultra-edition-compendium.core_traits_gear\".","timestamp":"2026-07-07 20:02:32"}
{"level":"info","message":"Migrated Item record [WbWrqiR2h5vTEHwl] of database \"fist-ultra-edition-compendium.core_traits_gear\".","timestamp":"2026-07-07 20:02:32"}
{"level":"info","message":"Migrated Item record [XRZ45Ews49MXfer1] of database \"fist-ultra-edition-compendium.core_traits_gear\".","timestamp":"2026-07-07 20:02:32"}
{"level":"info","message":"Migrated Item record [Y9girHCc2D7c5kdj] of database \"fist-ultra-edition-compendium.core_traits_gear\".","timestamp":"2026-07-07 20:02:32"}
{"level":"info","message":"Migrated Item record [YF7a1tNrZ2GLRXoG] of database \"fist-ultra-edition-compendium.core_traits_gear\".","timestamp":"2026-07-07 20:02:32"}
{"level":"info","message":"Migrated Item record [YN8lYpEhhIxGQAZw] of database \"fist-ultra-edition-compendium.core_traits_gear\".","timestamp":"2026-07-07 20:02:32"}
{"level":"info","message":"Migrated Item record [YNQsCBQSh8cYoTkL] of database \"fist-ultra-edition-compendium.core_traits_gear\".","timestamp":"2026-07-07 20:02:32"}
{"level":"info","message":"Migrated Item record [YqYovqT7uu4hYEsE] of database \"fist-ultra-edition-compendium.core_traits_gear\".","timestamp":"2026-07-07 20:02:32"}
{"level":"info","message":"Migrated Item record [Z0eNboy5yN4ncAYC] of database \"fist-ultra-edition-compendium.core_traits_gear\".","timestamp":"2026-07-07 20:02:32"}
{"level":"info","message":"Migrated Item record [ZMlA5Di7fI4kGbL6] of database \"fist-ultra-edition-compendium.core_traits_gear\".","timestamp":"2026-07-07 20:02:32"}
{"level":"info","message":"Migrated Item record [ZNZRIhQt4OgkTwMO] of database \"fist-ultra-edition-compendium.core_traits_gear\".","timestamp":"2026-07-07 20:02:32"}
{"level":"info","message":"Migrated Item record [ZtqnYVNjkcRbQnPY] of database \"fist-ultra-edition-compendium.core_traits_gear\".","timestamp":"2026-07-07 20:02:32"}
{"level":"info","message":"Migrated Item record [ZyFFhxpk0Fq0AiqK] of database \"fist-ultra-edition-compendium.core_traits_gear\".","timestamp":"2026-07-07 20:02:32"}
{"level":"info","message":"Migrated Item record [aALHedSfiyivaPax] of database \"fist-ultra-edition-compendium.core_traits_gear\".","timestamp":"2026-07-07 20:02:32"}
{"level":"info","message":"Migrated Item record [aaQiGvNFxcC42GmA] of database \"fist-ultra-edition-compendium.core_traits_gear\".","timestamp":"2026-07-07 20:02:32"}
{"level":"info","message":"Migrated Item record [abAVIzrVmdOAmBBI] of database \"fist-ultra-edition-compendium.core_traits_gear\".","timestamp":"2026-07-07 20:02:32"}
{"level":"info","message":"Migrated Item record [b3tjnbAoRAVXDsbU] of database \"fist-ultra-edition-compendium.core_traits_gear\".","timestamp":"2026-07-07 20:02:32"}
{"level":"info","message":"Migrated Item record [b88NIFGTFG9CL3xi] of database \"fist-ultra-edition-compendium.core_traits_gear\".","timestamp":"2026-07-07 20:02:32"}
{"level":"info","message":"Migrated Item record [b8mdCQPU46j03Sze] of database \"fist-ultra-edition-compendium.core_traits_gear\".","timestamp":"2026-07-07 20:02:32"}
{"level":"info","message":"Migrated Item record [bZ3MdlPYbWjjMvpn] of database \"fist-ultra-edition-compendium.core_traits_gear\".","timestamp":"2026-07-07 20:02:32"}
{"level":"info","message":"Migrated Item record [buAa935DGIvoCZRJ] of database \"fist-ultra-edition-compendium.core_traits_gear\".","timestamp":"2026-07-07 20:02:32"}
{"level":"info","message":"Migrated Item record [cU88c2smJkN7p9sK] of database \"fist-ultra-edition-compendium.core_traits_gear\".","timestamp":"2026-07-07 20:02:32"}
{"level":"info","message":"Migrated Item record [d2e8jSZd4SnPei2F] of database \"fist-ultra-edition-compendium.core_traits_gear\".","timestamp":"2026-07-07 20:02:32"}
{"level":"info","message":"Migrated Item record [dXBEbd46QM16R29A] of database \"fist-ultra-edition-compendium.core_traits_gear\".","timestamp":"2026-07-07 20:02:32"}
{"level":"info","message":"Migrated Item record [dck7KJQxCLgQY7a8] of database \"fist-ultra-edition-compendium.core_traits_gear\".","timestamp":"2026-07-07 20:02:32"}
{"level":"info","message":"Migrated Item record [eztYJis8VSBxAVg6] of database \"fist-ultra-edition-compendium.core_traits_gear\".","timestamp":"2026-07-07 20:02:32"}
{"level":"info","message":"Migrated Item record [fRM4maKTQ63Xg4LR] of database \"fist-ultra-edition-compendium.core_traits_gear\".","timestamp":"2026-07-07 20:02:32"}
{"level":"info","message":"Migrated Item record [fqqP5NCHOzYS1v8b] of database \"fist-ultra-edition-compendium.core_traits_gear\".","timestamp":"2026-07-07 20:02:32"}
{"level":"info","message":"Migrated Item record [ftzpupEUMXV8ssDL] of database \"fist-ultra-edition-compendium.core_traits_gear\".","timestamp":"2026-07-07 20:02:32"}
{"level":"info","message":"Migrated Item record [fukbRQDRdqvhZKV1] of database \"fist-ultra-edition-compendium.core_traits_gear\".","timestamp":"2026-07-07 20:02:32"}
{"level":"info","message":"Migrated Item record [g76qqvSIBGhsIC0y] of database \"fist-ultra-edition-compendium.core_traits_gear\".","timestamp":"2026-07-07 20:02:32"}
{"level":"info","message":"Migrated Item record [gAcrPakaGKQXQwTw] of database \"fist-ultra-edition-compendium.core_traits_gear\".","timestamp":"2026-07-07 20:02:32"}
{"level":"info","message":"Migrated Item record [gShxjxaiMMC6xzUu] of database \"fist-ultra-edition-compendium.core_traits_gear\".","timestamp":"2026-07-07 20:02:32"}
{"level":"info","message":"Migrated Item record [gVzSiMQEHahYGA1H] of database \"fist-ultra-edition-compendium.core_traits_gear\".","timestamp":"2026-07-07 20:02:32"}
{"level":"info","message":"Migrated Item record [gt1PyLv9mdiX3T40] of database \"fist-ultra-edition-compendium.core_traits_gear\".","timestamp":"2026-07-07 20:02:32"}
{"level":"info","message":"Migrated Item record [hPG5kSIOc6YT920m] of database \"fist-ultra-edition-compendium.core_traits_gear\".","timestamp":"2026-07-07 20:02:32"}
{"level":"info","message":"Migrated Item record [hWIz5gY0tVfsj9Gs] of database \"fist-ultra-edition-compendium.core_traits_gear\".","timestamp":"2026-07-07 20:02:32"}
{"level":"info","message":"Migrated Item record [hhlguR3fHJXiYKYu] of database \"fist-ultra-edition-compendium.core_traits_gear\".","timestamp":"2026-07-07 20:02:32"}
{"level":"info","message":"Migrated Item record [hicDWLkCp0g1TC5W] of database \"fist-ultra-edition-compendium.core_traits_gear\".","timestamp":"2026-07-07 20:02:32"}
{"level":"info","message":"Migrated Item record [hm3HbyImUNbMbEng] of database \"fist-ultra-edition-compendium.core_traits_gear\".","timestamp":"2026-07-07 20:02:32"}
{"level":"info","message":"Migrated Item record [iRwyRMyaHSue0U7T] of database \"fist-ultra-edition-compendium.core_traits_gear\".","timestamp":"2026-07-07 20:02:32"}
{"level":"info","message":"Migrated Item record [iThxQnODPLmhqiwW] of database \"fist-ultra-edition-compendium.core_traits_gear\".","timestamp":"2026-07-07 20:02:32"}
{"level":"info","message":"Migrated Item record [ijOeWtyc4TsE29eB] of database \"fist-ultra-edition-compendium.core_traits_gear\".","timestamp":"2026-07-07 20:02:32"}
{"level":"info","message":"Migrated Item record [imPJQZEOJTVZjsMq] of database \"fist-ultra-edition-compendium.core_traits_gear\".","timestamp":"2026-07-07 20:02:32"}
{"level":"info","message":"Migrated Item record [irquy3JTmywb7o4Q] of database \"fist-ultra-edition-compendium.core_traits_gear\".","timestamp":"2026-07-07 20:02:32"}
{"level":"info","message":"Migrated Item record [ivSkQj2Uik539FYD] of database \"fist-ultra-edition-compendium.core_traits_gear\".","timestamp":"2026-07-07 20:02:32"}
{"level":"info","message":"Migrated Item record [jK6WyoZAO2e5L5Vt] of database \"fist-ultra-edition-compendium.core_traits_gear\".","timestamp":"2026-07-07 20:02:32"}
{"level":"info","message":"Migrated Item record [jYERUmsDGSg4pgbJ] of database \"fist-ultra-edition-compendium.core_traits_gear\".","timestamp":"2026-07-07 20:02:32"}
{"level":"info","message":"Migrated Item record [jbpKsK531GYXW495] of database \"fist-ultra-edition-compendium.core_traits_gear\".","timestamp":"2026-07-07 20:02:32"}
{"level":"info","message":"Migrated Item record [kCMYggLmgIzTJwHO] of database \"fist-ultra-edition-compendium.core_traits_gear\".","timestamp":"2026-07-07 20:02:32"}
{"level":"info","message":"Migrated Item record [kFUn21bfJdNfojg2] of database \"fist-ultra-edition-compendium.core_traits_gear\".","timestamp":"2026-07-07 20:02:32"}
{"level":"info","message":"Migrated Item record [keIH6Vnje0pX4ngx] of database \"fist-ultra-edition-compendium.core_traits_gear\".","timestamp":"2026-07-07 20:02:32"}
{"level":"info","message":"Migrated Item record [kiRFVhjYWpwLAkE0] of database \"fist-ultra-edition-compendium.core_traits_gear\".","timestamp":"2026-07-07 20:02:32"}
{"level":"info","message":"Migrated Item record [lfZJ2OFfZb6PZ20E] of database \"fist-ultra-edition-compendium.core_traits_gear\".","timestamp":"2026-07-07 20:02:32"}
{"level":"info","message":"Migrated Item record [lxb0nPi6LVwi1nBZ] of database \"fist-ultra-edition-compendium.core_traits_gear\".","timestamp":"2026-07-07 20:02:32"}
{"level":"info","message":"Migrated Item record [meaJOGr4taynGEp6] of database \"fist-ultra-edition-compendium.core_traits_gear\".","timestamp":"2026-07-07 20:02:32"}
{"level":"info","message":"Migrated Item record [nKtC1rHZ8gH5ZehX] of database \"fist-ultra-edition-compendium.core_traits_gear\".","timestamp":"2026-07-07 20:02:32"}
{"level":"info","message":"Migrated Item record [nyw930O66gRXcwcw] of database \"fist-ultra-edition-compendium.core_traits_gear\".","timestamp":"2026-07-07 20:02:32"}
{"level":"info","message":"Migrated Item record [oFtcgd7dztKltCOe] of database \"fist-ultra-edition-compendium.core_traits_gear\".","timestamp":"2026-07-07 20:02:32"}
{"level":"info","message":"Migrated Item record [q4zJV9Qqvq7TwylB] of database \"fist-ultra-edition-compendium.core_traits_gear\".","timestamp":"2026-07-07 20:02:32"}
{"level":"info","message":"Migrated Item record [q89wAqJdUVs5PMKa] of database \"fist-ultra-edition-compendium.core_traits_gear\".","timestamp":"2026-07-07 20:02:32"}
{"level":"info","message":"Migrated Item record [qnau49BdJa3bGwck] of database \"fist-ultra-edition-compendium.core_traits_gear\".","timestamp":"2026-07-07 20:02:32"}
{"level":"info","message":"Migrated Item record [qzT3ksUvlVLf9kbr] of database \"fist-ultra-edition-compendium.core_traits_gear\".","timestamp":"2026-07-07 20:02:32"}
{"level":"info","message":"Migrated Item record [rDl09Ur9Vz4I6PYK] of database \"fist-ultra-edition-compendium.core_traits_gear\".","timestamp":"2026-07-07 20:02:32"}
{"level":"info","message":"Migrated Item record [rFLZ3D4MhnZESQIw] of database \"fist-ultra-edition-compendium.core_traits_gear\".","timestamp":"2026-07-07 20:02:32"}
{"level":"info","message":"Migrated Item record [riBWZQAdR22JxmeQ] of database \"fist-ultra-edition-compendium.core_traits_gear\".","timestamp":"2026-07-07 20:02:32"}
{"level":"info","message":"Migrated Item record [rn235aYYVZQBbYTo] of database \"fist-ultra-edition-compendium.core_traits_gear\".","timestamp":"2026-07-07 20:02:32"}
{"level":"info","message":"Migrated Item record [sHxVrF6QZOCVJwkL] of database \"fist-ultra-edition-compendium.core_traits_gear\".","timestamp":"2026-07-07 20:02:32"}
{"level":"info","message":"Migrated Item record [t69Q1pixNUYjHQ44] of database \"fist-ultra-edition-compendium.core_traits_gear\".","timestamp":"2026-07-07 20:02:32"}
{"level":"info","message":"Migrated Item record [tTKjqtf0RUY8pxY2] of database \"fist-ultra-edition-compendium.core_traits_gear\".","timestamp":"2026-07-07 20:02:32"}
{"level":"info","message":"Migrated Item record [uBvB1rkbt75r371Q] of database \"fist-ultra-edition-compendium.core_traits_gear\".","timestamp":"2026-07-07 20:02:32"}
{"level":"info","message":"Migrated Item record [uHBdANbAi58MH0fl] of database \"fist-ultra-edition-compendium.core_traits_gear\".","timestamp":"2026-07-07 20:02:32"}
{"level":"info","message":"Migrated Item record [uOPVbUwCiIr1faab] of database \"fist-ultra-edition-compendium.core_traits_gear\".","timestamp":"2026-07-07 20:02:32"}
{"level":"info","message":"Migrated Item record [umsL4feyQ7Bk3bvD] of database \"fist-ultra-edition-compendium.core_traits_gear\".","timestamp":"2026-07-07 20:02:32"}
{"level":"info","message":"Migrated Item record [v2NQzo6CINGjHSxI] of database \"fist-ultra-edition-compendium.core_traits_gear\".","timestamp":"2026-07-07 20:02:32"}
{"level":"info","message":"Migrated Item record [vfVUXh2JvQ7RGoVs] of database \"fist-ultra-edition-compendium.core_traits_gear\".","timestamp":"2026-07-07 20:02:32"}
{"level":"info","message":"Migrated Item record [vqSLihzyDm11XUtP] of database \"fist-ultra-edition-compendium.core_traits_gear\".","timestamp":"2026-07-07 20:02:32"}
{"level":"info","message":"Migrated Item record [wVS7IU32euN4dx2M] of database \"fist-ultra-edition-compendium.core_traits_gear\".","timestamp":"2026-07-07 20:02:32"}
{"level":"info","message":"Migrated Item record [wyFLqzTm4fU4Wqxm] of database \"fist-ultra-edition-compendium.core_traits_gear\".","timestamp":"2026-07-07 20:02:32"}
{"level":"info","message":"Migrated Item record [x52YEp3ikQnH1Sd2] of database \"fist-ultra-edition-compendium.core_traits_gear\".","timestamp":"2026-07-07 20:02:32"}
{"level":"info","message":"Migrated Item record [x5hNQhfR6NcReizI] of database \"fist-ultra-edition-compendium.core_traits_gear\".","timestamp":"2026-07-07 20:02:32"}
{"level":"info","message":"Migrated Item record [xGoQssTFadpogo5m] of database \"fist-ultra-edition-compendium.core_traits_gear\".","timestamp":"2026-07-07 20:02:32"}
{"level":"info","message":"Migrated Item record [xRBspHtsKZsKho73] of database \"fist-ultra-edition-compendium.core_traits_gear\".","timestamp":"2026-07-07 20:02:32"}
{"level":"info","message":"Migrated Item record [xflKgIfqhV2ZXnBA] of database \"fist-ultra-edition-compendium.core_traits_gear\".","timestamp":"2026-07-07 20:02:32"}
{"level":"info","message":"Migrated Item record [y1cDzeLVqSBmm4Nr] of database \"fist-ultra-edition-compendium.core_traits_gear\".","timestamp":"2026-07-07 20:02:32"}
{"level":"info","message":"Migrated Item record [y7R3tPV5pDqw2SlG] of database \"fist-ultra-edition-compendium.core_traits_gear\".","timestamp":"2026-07-07 20:02:32"}
{"level":"info","message":"Migrated Item record [yMWuNCGkFbFO96Iw] of database \"fist-ultra-edition-compendium.core_traits_gear\".","timestamp":"2026-07-07 20:02:32"}
{"level":"info","message":"Migrated Item record [zIxKYlNMmGsJFaLG] of database \"fist-ultra-edition-compendium.core_traits_gear\".","timestamp":"2026-07-07 20:02:32"}
{"level":"info","message":"Migrated Item record [zdwbtywVwiPTmNVR] of database \"fist-ultra-edition-compendium.core_traits_gear\".","timestamp":"2026-07-07 20:02:32"}
{"level":"info","message":"Migrated Item record [zhcEJQHv72jLFzno] of database \"fist-ultra-edition-compendium.core_traits_gear\".","timestamp":"2026-07-07 20:02:32"}
{"level":"info","message":"Migrated Item record [zkGtc3qkG5aCfDiC] of database \"fist-ultra-edition-compendium.core_traits_gear\".","timestamp":"2026-07-07 20:02:32"}
{"level":"info","message":"Persisting migrated Item record [0aUAqWdfcnGkhHdO] of database \"fist-ultra-edition-compendium.core_traits_gear\".","timestamp":"2026-07-07 20:02:32"}
{"level":"info","message":"Persisting migrated Item record [0aUkB83K6mBPjzLw] of database \"fist-ultra-edition-compendium.core_traits_gear\".","timestamp":"2026-07-07 20:02:32"}
{"level":"info","message":"Persisting migrated Item record [0hF3xiyZXyns7qSJ] of database \"fist-ultra-edition-compendium.core_traits_gear\".","timestamp":"2026-07-07 20:02:32"}
{"level":"info","message":"Persisting migrated Item record [0pfgqM5zjYziQJ4g] of database \"fist-ultra-edition-compendium.core_traits_gear\".","timestamp":"2026-07-07 20:02:32"}
{"level":"info","message":"Persisting migrated Item record [1BMk4yPtWnZoYY4o] of database \"fist-ultra-edition-compendium.core_traits_gear\".","timestamp":"2026-07-07 20:02:32"}
{"level":"info","message":"Persisting migrated Item record [1uCTxinrPY31tl4O] of database \"fist-ultra-edition-compendium.core_traits_gear\".","timestamp":"2026-07-07 20:02:32"}
{"level":"info","message":"Persisting migrated Item record [1x2Hb5kQXFHJIj4a] of database \"fist-ultra-edition-compendium.core_traits_gear\".","timestamp":"2026-07-07 20:02:32"}
{"level":"info","message":"Persisting migrated Item record [2MSewlm5N4bME6xc] of database \"fist-ultra-edition-compendium.core_traits_gear\".","timestamp":"2026-07-07 20:02:32"}
{"level":"info","message":"Persisting migrated Item record [2NFiUhWC8wczuzSg] of database \"fist-ultra-edition-compendium.core_traits_gear\".","timestamp":"2026-07-07 20:02:32"}
{"level":"info","message":"Persisting migrated Item record [2euaob0JXoTUUhMv] of database \"fist-ultra-edition-compendium.core_traits_gear\".","timestamp":"2026-07-07 20:02:32"}
{"level":"info","message":"Persisting migrated Item record [2rU9IQq7WJ6TGAvE] of database \"fist-ultra-edition-compendium.core_traits_gear\".","timestamp":"2026-07-07 20:02:32"}
{"level":"info","message":"Persisting migrated Item record [3TDPCmG2KIfvylHy] of database \"fist-ultra-edition-compendium.core_traits_gear\".","timestamp":"2026-07-07 20:02:32"}
{"level":"info","message":"Persisting migrated Item record [4437mjwWZjT8976T] of database \"fist-ultra-edition-compendium.core_traits_gear\".","timestamp":"2026-07-07 20:02:32"}
{"level":"info","message":"Persisting migrated Item record [4B7pZfBc6K23M300] of database \"fist-ultra-edition-compendium.core_traits_gear\".","timestamp":"2026-07-07 20:02:32"}
{"level":"info","message":"Persisting migrated Item record [4G1etc7pjbRfa0zu] of database \"fist-ultra-edition-compendium.core_traits_gear\".","timestamp":"2026-07-07 20:02:32"}
{"level":"info","message":"Persisting migrated Item record [4GSL3OENsFnofDFB] of database \"fist-ultra-edition-compendium.core_traits_gear\".","timestamp":"2026-07-07 20:02:32"}
{"level":"info","message":"Persisting migrated Item record [4iw5dfEixcT8cSnY] of database \"fist-ultra-edition-compendium.core_traits_gear\".","timestamp":"2026-07-07 20:02:32"}
{"level":"info","message":"Persisting migrated Item record [4jQLdUC3hIKO2A8Q] of database \"fist-ultra-edition-compendium.core_traits_gear\".","timestamp":"2026-07-07 20:02:32"}
{"level":"info","message":"Persisting migrated Item record [4lbsOOaF7T8TRKGg] of database \"fist-ultra-edition-compendium.core_traits_gear\".","timestamp":"2026-07-07 20:02:32"}
{"level":"info","message":"Persisting migrated Item record [4mQNYhRRnIsX2rqW] of database \"fist-ultra-edition-compendium.core_traits_gear\".","timestamp":"2026-07-07 20:02:32"}
{"level":"info","message":"Persisting migrated Item record [5231K7e7kAq08Hod] of database \"fist-ultra-edition-compendium.core_traits_gear\".","timestamp":"2026-07-07 20:02:32"}
{"level":"info","message":"Persisting migrated Item record [5Gc1V0hF62X0K13s] of database \"fist-ultra-edition-compendium.core_traits_gear\".","timestamp":"2026-07-07 20:02:32"}
{"level":"info","message":"Persisting migrated Item record [6RpguNB0tQX23uiD] of database \"fist-ultra-edition-compendium.core_traits_gear\".","timestamp":"2026-07-07 20:02:32"}
{"level":"info","message":"Persisting migrated Item record [6a0R0vn0BYCxwGBv] of database \"fist-ultra-edition-compendium.core_traits_gear\".","timestamp":"2026-07-07 20:02:32"}
{"level":"info","message":"Persisting migrated Item record [6cCJf7IzQvJhXF44] of database \"fist-ultra-edition-compendium.core_traits_gear\".","timestamp":"2026-07-07 20:02:32"}
{"level":"info","message":"Persisting migrated Item record [6f2qu3n5TO3cjNR9] of database \"fist-ultra-edition-compendium.core_traits_gear\".","timestamp":"2026-07-07 20:02:32"}
{"level":"info","message":"Persisting migrated Item record [6lLiJBBfaOChIbOS] of database \"fist-ultra-edition-compendium.core_traits_gear\".","timestamp":"2026-07-07 20:02:32"}
{"level":"info","message":"Persisting migrated Item record [6oAYatMJDYneeebW] of database \"fist-ultra-edition-compendium.core_traits_gear\".","timestamp":"2026-07-07 20:02:32"}
{"level":"info","message":"Persisting migrated Item record [6r7EDjdbE4FQHcAk] of database \"fist-ultra-edition-compendium.core_traits_gear\".","timestamp":"2026-07-07 20:02:32"}
{"level":"info","message":"Persisting migrated Item record [7CRUowXvKOiP7fOa] of database \"fist-ultra-edition-compendium.core_traits_gear\".","timestamp":"2026-07-07 20:02:32"}
{"level":"info","message":"Persisting migrated Item record [7EO73O777VLSpYHP] of database \"fist-ultra-edition-compendium.core_traits_gear\".","timestamp":"2026-07-07 20:02:32"}
{"level":"info","message":"Persisting migrated Item record [7UkjyjjztCnzMDWq] of database \"fist-ultra-edition-compendium.core_traits_gear\".","timestamp":"2026-07-07 20:02:32"}
{"level":"info","message":"Persisting migrated Item record [7hHgQQ8RbIe2dipO] of database \"fist-ultra-edition-compendium.core_traits_gear\".","timestamp":"2026-07-07 20:02:32"}
{"level":"info","message":"Persisting migrated Item record [8KXUHm149nq7KYoQ] of database \"fist-ultra-edition-compendium.core_traits_gear\".","timestamp":"2026-07-07 20:02:32"}
{"level":"info","message":"Persisting migrated Item record [8VORwtAo2TAi7RLs] of database \"fist-ultra-edition-compendium.core_traits_gear\".","timestamp":"2026-07-07 20:02:32"}
{"level":"info","message":"Persisting migrated Item record [8dDAqu2uOyktCocs] of database \"fist-ultra-edition-compendium.core_traits_gear\".","timestamp":"2026-07-07 20:02:32"}
{"level":"info","message":"Persisting migrated Item record [8pYH8u4tqCLdlRG2] of database \"fist-ultra-edition-compendium.core_traits_gear\".","timestamp":"2026-07-07 20:02:32"}
{"level":"info","message":"Persisting migrated Item record [9Q9AqxixHlLvhTa9] of database \"fist-ultra-edition-compendium.core_traits_gear\".","timestamp":"2026-07-07 20:02:32"}
{"level":"info","message":"Persisting migrated Item record [9bvw5f1UoNR4Iyds] of database \"fist-ultra-edition-compendium.core_traits_gear\".","timestamp":"2026-07-07 20:02:32"}
{"level":"info","message":"Persisting migrated Item record [A0rilwTLdXHNgqT4] of database \"fist-ultra-edition-compendium.core_traits_gear\".","timestamp":"2026-07-07 20:02:32"}
{"level":"info","message":"Persisting migrated Item record [APZ2osOQGkRqvYHw] of database \"fist-ultra-edition-compendium.core_traits_gear\".","timestamp":"2026-07-07 20:02:32"}
{"level":"info","message":"Persisting migrated Item record [AQOk0UBExUXkk9Dm] of database \"fist-ultra-edition-compendium.core_traits_gear\".","timestamp":"2026-07-07 20:02:32"}
{"level":"info","message":"Persisting migrated Item record [Atw2PS7W1zHMsQYP] of database \"fist-ultra-edition-compendium.core_traits_gear\".","timestamp":"2026-07-07 20:02:32"}
{"level":"info","message":"Persisting migrated Item record [BBrt9xOjgp2tI9cU] of database \"fist-ultra-edition-compendium.core_traits_gear\".","timestamp":"2026-07-07 20:02:32"}
{"level":"info","message":"Persisting migrated Item record [C59HNs9AVlszp8Jy] of database \"fist-ultra-edition-compendium.core_traits_gear\".","timestamp":"2026-07-07 20:02:32"}
{"level":"info","message":"Persisting migrated Item record [CdwgSsrXtYOGtL1u] of database \"fist-ultra-edition-compendium.core_traits_gear\".","timestamp":"2026-07-07 20:02:32"}
{"level":"info","message":"Persisting migrated Item record [DW1MMVDxxy7ymR4f] of database \"fist-ultra-edition-compendium.core_traits_gear\".","timestamp":"2026-07-07 20:02:32"}
{"level":"info","message":"Persisting migrated Item record [DWan6cq501Xa8QZU] of database \"fist-ultra-edition-compendium.core_traits_gear\".","timestamp":"2026-07-07 20:02:32"}
{"level":"info","message":"Persisting migrated Item record [DjALu0hQBZDkUVmN] of database \"fist-ultra-edition-compendium.core_traits_gear\".","timestamp":"2026-07-07 20:02:32"}
{"level":"info","message":"Persisting migrated Item record [DlbDuys6Ss587dDK] of database \"fist-ultra-edition-compendium.core_traits_gear\".","timestamp":"2026-07-07 20:02:32"}
{"level":"info","message":"Persisting migrated Item record [EISJmpm3kq0N60Us] of database \"fist-ultra-edition-compendium.core_traits_gear\".","timestamp":"2026-07-07 20:02:32"}
{"level":"info","message":"Persisting migrated Item record [EWpeVZQhmKF5WBoo] of database \"fist-ultra-edition-compendium.core_traits_gear\".","timestamp":"2026-07-07 20:02:32"}
{"level":"info","message":"Persisting migrated Item record [Ebrw5YIgfvpjgW52] of database \"fist-ultra-edition-compendium.core_traits_gear\".","timestamp":"2026-07-07 20:02:32"}
{"level":"info","message":"Persisting migrated Item record [EsyVITu5Q6Y1CvmT] of database \"fist-ultra-edition-compendium.core_traits_gear\".","timestamp":"2026-07-07 20:02:32"}
{"level":"info","message":"Persisting migrated Item record [F5LG0UwPc5DSOU2W] of database \"fist-ultra-edition-compendium.core_traits_gear\".","timestamp":"2026-07-07 20:02:32"}
{"level":"info","message":"Persisting migrated Item record [FYQHKczwyxyUBaRh] of database \"fist-ultra-edition-compendium.core_traits_gear\".","timestamp":"2026-07-07 20:02:32"}
{"level":"info","message":"Persisting migrated Item record [G0TEVIqrQJIMe4XS] of database \"fist-ultra-edition-compendium.core_traits_gear\".","timestamp":"2026-07-07 20:02:32"}
{"level":"info","message":"Persisting migrated Item record [GbAaC0EpPYk9TeYs] of database \"fist-ultra-edition-compendium.core_traits_gear\".","timestamp":"2026-07-07 20:02:32"}
{"level":"info","message":"Persisting migrated Item record [GfCJl45SqydR3EUO] of database \"fist-ultra-edition-compendium.core_traits_gear\".","timestamp":"2026-07-07 20:02:32"}
{"level":"info","message":"Persisting migrated Item record [HTzI6X5ZEyagtUlR] of database \"fist-ultra-edition-compendium.core_traits_gear\".","timestamp":"2026-07-07 20:02:32"}
{"level":"info","message":"Persisting migrated Item record [HVaRiVSWSIVxqOVK] of database \"fist-ultra-edition-compendium.core_traits_gear\".","timestamp":"2026-07-07 20:02:32"}
{"level":"info","message":"Persisting migrated Item record [Hi6xubri1MfJZMpM] of database \"fist-ultra-edition-compendium.core_traits_gear\".","timestamp":"2026-07-07 20:02:32"}
{"level":"info","message":"Persisting migrated Item record [HmWGVyY41A582inr] of database \"fist-ultra-edition-compendium.core_traits_gear\".","timestamp":"2026-07-07 20:02:32"}
{"level":"info","message":"Persisting migrated Item record [I2CRrmwtKG5WHLb5] of database \"fist-ultra-edition-compendium.core_traits_gear\".","timestamp":"2026-07-07 20:02:32"}
{"level":"info","message":"Persisting migrated Item record [IBa8DR53CNCEUDzd] of database \"fist-ultra-edition-compendium.core_traits_gear\".","timestamp":"2026-07-07 20:02:32"}
{"level":"info","message":"Persisting migrated Item record [J5WJn4rFPTi04dsB] of database \"fist-ultra-edition-compendium.core_traits_gear\".","timestamp":"2026-07-07 20:02:32"}
{"level":"info","message":"Persisting migrated Item record [KJldqfbZAK4LiNaI] of database \"fist-ultra-edition-compendium.core_traits_gear\".","timestamp":"2026-07-07 20:02:32"}
{"level":"info","message":"Persisting migrated Item record [KRvzuMNszTTb9FMZ] of database \"fist-ultra-edition-compendium.core_traits_gear\".","timestamp":"2026-07-07 20:02:32"}
{"level":"info","message":"Persisting migrated Item record [KSz35QaOOrHfSuK5] of database \"fist-ultra-edition-compendium.core_traits_gear\".","timestamp":"2026-07-07 20:02:32"}
{"level":"info","message":"Persisting migrated Item record [L0RwOvb7Inh9PPpF] of database \"fist-ultra-edition-compendium.core_traits_gear\".","timestamp":"2026-07-07 20:02:32"}
{"level":"info","message":"Persisting migrated Item record [LSA9XnNDy7SGHcsa] of database \"fist-ultra-edition-compendium.core_traits_gear\".","timestamp":"2026-07-07 20:02:32"}
{"level":"info","message":"Persisting migrated Item record [Lf7Jc2LMGLJLIsMF] of database \"fist-ultra-edition-compendium.core_traits_gear\".","timestamp":"2026-07-07 20:02:32"}
{"level":"info","message":"Persisting migrated Item record [LljJEMHD5n3P2XW0] of database \"fist-ultra-edition-compendium.core_traits_gear\".","timestamp":"2026-07-07 20:02:32"}
{"level":"info","message":"Persisting migrated Item record [MPSXuQaGURBLBMxk] of database \"fist-ultra-edition-compendium.core_traits_gear\".","timestamp":"2026-07-07 20:02:32"}
{"level":"info","message":"Persisting migrated Item record [Mf7tpb6WQwnIzLK9] of database \"fist-ultra-edition-compendium.core_traits_gear\".","timestamp":"2026-07-07 20:02:32"}
{"level":"info","message":"Persisting migrated Item record [MkIpd2KFlZyqQsEP] of database \"fist-ultra-edition-compendium.core_traits_gear\".","timestamp":"2026-07-07 20:02:32"}
{"level":"info","message":"Persisting migrated Item record [MkrADnCYipgE7P1G] of database \"fist-ultra-edition-compendium.core_traits_gear\".","timestamp":"2026-07-07 20:02:32"}
{"level":"info","message":"Persisting migrated Item record [Mwt7mxmhGWcA5QpU] of database \"fist-ultra-edition-compendium.core_traits_gear\".","timestamp":"2026-07-07 20:02:32"}
{"level":"info","message":"Persisting migrated Item record [NBoIacGS43TlohJg] of database \"fist-ultra-edition-compendium.core_traits_gear\".","timestamp":"2026-07-07 20:02:32"}
{"level":"info","message":"Persisting migrated Item record [Na55yseZOI7FKULO] of database \"fist-ultra-edition-compendium.core_traits_gear\".","timestamp":"2026-07-07 20:02:32"}
{"level":"info","message":"Persisting migrated Item record [NwkGEQCukX5jCPyo] of database \"fist-ultra-edition-compendium.core_traits_gear\".","timestamp":"2026-07-07 20:02:32"}
{"level":"info","message":"Persisting migrated Item record [OFSTXITmsCu3O1Dd] of database \"fist-ultra-edition-compendium.core_traits_gear\".","timestamp":"2026-07-07 20:02:32"}
{"level":"info","message":"Persisting migrated Item record [OMeP74czzr7QQEvf] of database \"fist-ultra-edition-compendium.core_traits_gear\".","timestamp":"2026-07-07 20:02:32"}
{"level":"info","message":"Persisting migrated Item record [OW9hFGI3JgE9WY92] of database \"fist-ultra-edition-compendium.core_traits_gear\".","timestamp":"2026-07-07 20:02:32"}
{"level":"info","message":"Persisting migrated Item record [OWH4xHAneNPoTz82] of database \"fist-ultra-edition-compendium.core_traits_gear\".","timestamp":"2026-07-07 20:02:32"}
{"level":"info","message":"Persisting migrated Item record [OWgccDKlHLaiMstI] of database \"fist-ultra-edition-compendium.core_traits_gear\".","timestamp":"2026-07-07 20:02:32"}
{"level":"info","message":"Persisting migrated Item record [OdGZqpR0SgcaXP79] of database \"fist-ultra-edition-compendium.core_traits_gear\".","timestamp":"2026-07-07 20:02:32"}
{"level":"info","message":"Persisting migrated Item record [OsZcghrWNqTEbS4p] of database \"fist-ultra-edition-compendium.core_traits_gear\".","timestamp":"2026-07-07 20:02:32"}
{"level":"info","message":"Persisting migrated Item record [OuwkTo1nZsexQgL3] of database \"fist-ultra-edition-compendium.core_traits_gear\".","timestamp":"2026-07-07 20:02:32"}
{"level":"info","message":"Persisting migrated Item record [P6YdCb4wEgWqjt7g] of database \"fist-ultra-edition-compendium.core_traits_gear\".","timestamp":"2026-07-07 20:02:32"}
{"level":"info","message":"Persisting migrated Item record [P6vYZ4Jvmwoqicsq] of database \"fist-ultra-edition-compendium.core_traits_gear\".","timestamp":"2026-07-07 20:02:32"}
{"level":"info","message":"Persisting migrated Item record [PAadVvHpw7cEY9RL] of database \"fist-ultra-edition-compendium.core_traits_gear\".","timestamp":"2026-07-07 20:02:32"}
{"level":"info","message":"Persisting migrated Item record [PB1wKvxRIGvzMKgH] of database \"fist-ultra-edition-compendium.core_traits_gear\".","timestamp":"2026-07-07 20:02:32"}
{"level":"info","message":"Persisting migrated Item record [PFhtrwJagORFi6I1] of database \"fist-ultra-edition-compendium.core_traits_gear\".","timestamp":"2026-07-07 20:02:32"}
{"level":"info","message":"Persisting migrated Item record [PGEIX1rdMumdtKiz] of database \"fist-ultra-edition-compendium.core_traits_gear\".","timestamp":"2026-07-07 20:02:32"}
{"level":"info","message":"Persisting migrated Item record [PyOxZrt4C2kNlFnf] of database \"fist-ultra-edition-compendium.core_traits_gear\".","timestamp":"2026-07-07 20:02:32"}
{"level":"info","message":"Persisting migrated Item record [QHPNMpyboF2WDAFm] of database \"fist-ultra-edition-compendium.core_traits_gear\".","timestamp":"2026-07-07 20:02:32"}
{"level":"info","message":"Persisting migrated Item record [QOinvziaby9abf6L] of database \"fist-ultra-edition-compendium.core_traits_gear\".","timestamp":"2026-07-07 20:02:32"}
{"level":"info","message":"Persisting migrated Item record [QQYC6uBTrvU4Z0Gx] of database \"fist-ultra-edition-compendium.core_traits_gear\".","timestamp":"2026-07-07 20:02:32"}
{"level":"info","message":"Persisting migrated Item record [QTAwBls0eQCknhwU] of database \"fist-ultra-edition-compendium.core_traits_gear\".","timestamp":"2026-07-07 20:02:32"}
{"level":"info","message":"Persisting migrated Item record [QiPRHRqUWSGTicOV] of database \"fist-ultra-edition-compendium.core_traits_gear\".","timestamp":"2026-07-07 20:02:32"}
{"level":"info","message":"Persisting migrated Item record [QpHmZGSMvPfroUeU] of database \"fist-ultra-edition-compendium.core_traits_gear\".","timestamp":"2026-07-07 20:02:32"}
{"level":"info","message":"Persisting migrated Item record [ROwSFeXB3fFkyhEr] of database \"fist-ultra-edition-compendium.core_traits_gear\".","timestamp":"2026-07-07 20:02:32"}
{"level":"info","message":"Persisting migrated Item record [RPQ8Xd7OJjEOKx7H] of database \"fist-ultra-edition-compendium.core_traits_gear\".","timestamp":"2026-07-07 20:02:32"}
{"level":"info","message":"Persisting migrated Item record [Rkb83ZbIRbCcFU6S] of database \"fist-ultra-edition-compendium.core_traits_gear\".","timestamp":"2026-07-07 20:02:32"}
{"level":"info","message":"Persisting migrated Item record [SFmg42mSm9MivJKw] of database \"fist-ultra-edition-compendium.core_traits_gear\".","timestamp":"2026-07-07 20:02:32"}
{"level":"info","message":"Persisting migrated Item record [SGX8ZP08l6sKnPUi] of database \"fist-ultra-edition-compendium.core_traits_gear\".","timestamp":"2026-07-07 20:02:32"}
{"level":"info","message":"Persisting migrated Item record [SoS25TrCfffB95iN] of database \"fist-ultra-edition-compendium.core_traits_gear\".","timestamp":"2026-07-07 20:02:32"}
{"level":"info","message":"Persisting migrated Item record [SsgLIZEE2RRhkLjv] of database \"fist-ultra-edition-compendium.core_traits_gear\".","timestamp":"2026-07-07 20:02:32"}
{"level":"info","message":"Persisting migrated Item record [T00Y0usiULHurxZn] of database \"fist-ultra-edition-compendium.core_traits_gear\".","timestamp":"2026-07-07 20:02:32"}
{"level":"info","message":"Persisting migrated Item record [TCMl03wLI9g0RA9e] of database \"fist-ultra-edition-compendium.core_traits_gear\".","timestamp":"2026-07-07 20:02:32"}
{"level":"info","message":"Persisting migrated Item record [Towwvmer5loeJP1l] of database \"fist-ultra-edition-compendium.core_traits_gear\".","timestamp":"2026-07-07 20:02:32"}
{"level":"info","message":"Persisting migrated Item record [UFWqLxlFCncpdMAk] of database \"fist-ultra-edition-compendium.core_traits_gear\".","timestamp":"2026-07-07 20:02:32"}
{"level":"info","message":"Persisting migrated Item record [UXH1s5qf2CyrZdPJ] of database \"fist-ultra-edition-compendium.core_traits_gear\".","timestamp":"2026-07-07 20:02:32"}
{"level":"info","message":"Persisting migrated Item record [UeFrtGbMeTy0cvpW] of database \"fist-ultra-edition-compendium.core_traits_gear\".","timestamp":"2026-07-07 20:02:32"}
{"level":"info","message":"Persisting migrated Item record [Uguisw7chXa4Oce2] of database \"fist-ultra-edition-compendium.core_traits_gear\".","timestamp":"2026-07-07 20:02:32"}
{"level":"info","message":"Persisting migrated Item record [UiRffYPEP3NzEhhb] of database \"fist-ultra-edition-compendium.core_traits_gear\".","timestamp":"2026-07-07 20:02:32"}
{"level":"info","message":"Persisting migrated Item record [UjwdzLUcD5eo6Kaz] of database \"fist-ultra-edition-compendium.core_traits_gear\".","timestamp":"2026-07-07 20:02:32"}
{"level":"info","message":"Persisting migrated Item record [VEEqUUpo1cUt1sPj] of database \"fist-ultra-edition-compendium.core_traits_gear\".","timestamp":"2026-07-07 20:02:32"}
{"level":"info","message":"Persisting migrated Item record [VLQ8nRPUogZD5TuV] of database \"fist-ultra-edition-compendium.core_traits_gear\".","timestamp":"2026-07-07 20:02:32"}
{"level":"info","message":"Persisting migrated Item record [Vft68tNNYz4UXYnu] of database \"fist-ultra-edition-compendium.core_traits_gear\".","timestamp":"2026-07-07 20:02:32"}
{"level":"info","message":"Persisting migrated Item record [Vv8Qe0KQ6Gqn2lUg] of database \"fist-ultra-edition-compendium.core_traits_gear\".","timestamp":"2026-07-07 20:02:32"}
{"level":"info","message":"Persisting migrated Item record [VwbWYQQQF81KA5IN] of database \"fist-ultra-edition-compendium.core_traits_gear\".","timestamp":"2026-07-07 20:02:32"}
{"level":"info","message":"Persisting migrated Item record [W6TxkUBSTILatHdI] of database \"fist-ultra-edition-compendium.core_traits_gear\".","timestamp":"2026-07-07 20:02:32"}
{"level":"info","message":"Persisting migrated Item record [WEPjlOP2sYlxSIDo] of database \"fist-ultra-edition-compendium.core_traits_gear\".","timestamp":"2026-07-07 20:02:32"}
{"level":"info","message":"Persisting migrated Item record [WRDvQaOARMY6nWxS] of database \"fist-ultra-edition-compendium.core_traits_gear\".","timestamp":"2026-07-07 20:02:32"}
{"level":"info","message":"Persisting migrated Item record [WbWrqiR2h5vTEHwl] of database \"fist-ultra-edition-compendium.core_traits_gear\".","timestamp":"2026-07-07 20:02:32"}
{"level":"info","message":"Persisting migrated Item record [XRZ45Ews49MXfer1] of database \"fist-ultra-edition-compendium.core_traits_gear\".","timestamp":"2026-07-07 20:02:32"}
{"level":"info","message":"Persisting migrated Item record [Y9girHCc2D7c5kdj] of database \"fist-ultra-edition-compendium.core_traits_gear\".","timestamp":"2026-07-07 20:02:32"}
{"level":"info","message":"Persisting migrated Item record [YF7a1tNrZ2GLRXoG] of database \"fist-ultra-edition-compendium.core_traits_gear\".","timestamp":"2026-07-07 20:02:32"}
{"level":"info","message":"Persisting migrated Item record [YN8lYpEhhIxGQAZw] of database \"fist-ultra-edition-compendium.core_traits_gear\".","timestamp":"2026-07-07 20:02:32"}
{"level":"info","message":"Persisting migrated Item record [YNQsCBQSh8cYoTkL] of database \"fist-ultra-edition-compendium.core_traits_gear\".","timestamp":"2026-07-07 20:02:32"}
{"level":"info","message":"Persisting migrated Item record [YqYovqT7uu4hYEsE] of database \"fist-ultra-edition-compendium.core_traits_gear\".","timestamp":"2026-07-07 20:02:32"}
{"level":"info","message":"Persisting migrated Item record [Z0eNboy5yN4ncAYC] of database \"fist-ultra-edition-compendium.core_traits_gear\".","timestamp":"2026-07-07 20:02:32"}
{"level":"info","message":"Persisting migrated Item record [ZMlA5Di7fI4kGbL6] of database \"fist-ultra-edition-compendium.core_traits_gear\".","timestamp":"2026-07-07 20:02:32"}
{"level":"info","message":"Persisting migrated Item record [ZNZRIhQt4OgkTwMO] of database \"fist-ultra-edition-compendium.core_traits_gear\".","timestamp":"2026-07-07 20:02:32"}
{"level":"info","message":"Persisting migrated Item record [ZtqnYVNjkcRbQnPY] of database \"fist-ultra-edition-compendium.core_traits_gear\".","timestamp":"2026-07-07 20:02:32"}
{"level":"info","message":"Persisting migrated Item record [ZyFFhxpk0Fq0AiqK] of database \"fist-ultra-edition-compendium.core_traits_gear\".","timestamp":"2026-07-07 20:02:32"}
{"level":"info","message":"Persisting migrated Item record [aALHedSfiyivaPax] of database \"fist-ultra-edition-compendium.core_traits_gear\".","timestamp":"2026-07-07 20:02:32"}
{"level":"info","message":"Persisting migrated Item record [aaQiGvNFxcC42GmA] of database \"fist-ultra-edition-compendium.core_traits_gear\".","timestamp":"2026-07-07 20:02:32"}
{"level":"info","message":"Persisting migrated Item record [abAVIzrVmdOAmBBI] of database \"fist-ultra-edition-compendium.core_traits_gear\".","timestamp":"2026-07-07 20:02:32"}
{"level":"info","message":"Persisting migrated Item record [b3tjnbAoRAVXDsbU] of database \"fist-ultra-edition-compendium.core_traits_gear\".","timestamp":"2026-07-07 20:02:32"}
{"level":"info","message":"Persisting migrated Item record [b88NIFGTFG9CL3xi] of database \"fist-ultra-edition-compendium.core_traits_gear\".","timestamp":"2026-07-07 20:02:32"}
{"level":"info","message":"Persisting migrated Item record [b8mdCQPU46j03Sze] of database \"fist-ultra-edition-compendium.core_traits_gear\".","timestamp":"2026-07-07 20:02:32"}
{"level":"info","message":"Persisting migrated Item record [bZ3MdlPYbWjjMvpn] of database \"fist-ultra-edition-compendium.core_traits_gear\".","timestamp":"2026-07-07 20:02:32"}
{"level":"info","message":"Persisting migrated Item record [buAa935DGIvoCZRJ] of database \"fist-ultra-edition-compendium.core_traits_gear\".","timestamp":"2026-07-07 20:02:32"}
{"level":"info","message":"Persisting migrated Item record [cU88c2smJkN7p9sK] of database \"fist-ultra-edition-compendium.core_traits_gear\".","timestamp":"2026-07-07 20:02:32"}
{"level":"info","message":"Persisting migrated Item record [d2e8jSZd4SnPei2F] of database \"fist-ultra-edition-compendium.core_traits_gear\".","timestamp":"2026-07-07 20:02:32"}
{"level":"info","message":"Persisting migrated Item record [dXBEbd46QM16R29A] of database \"fist-ultra-edition-compendium.core_traits_gear\".","timestamp":"2026-07-07 20:02:32"}
{"level":"info","message":"Persisting migrated Item record [dck7KJQxCLgQY7a8] of database \"fist-ultra-edition-compendium.core_traits_gear\".","timestamp":"2026-07-07 20:02:32"}
{"level":"info","message":"Persisting migrated Item record [eztYJis8VSBxAVg6] of database \"fist-ultra-edition-compendium.core_traits_gear\".","timestamp":"2026-07-07 20:02:32"}
{"level":"info","message":"Persisting migrated Item record [fRM4maKTQ63Xg4LR] of database \"fist-ultra-edition-compendium.core_traits_gear\".","timestamp":"2026-07-07 20:02:32"}
{"level":"info","message":"Persisting migrated Item record [fqqP5NCHOzYS1v8b] of database \"fist-ultra-edition-compendium.core_traits_gear\".","timestamp":"2026-07-07 20:02:32"}
{"level":"info","message":"Persisting migrated Item record [ftzpupEUMXV8ssDL] of database \"fist-ultra-edition-compendium.core_traits_gear\".","timestamp":"2026-07-07 20:02:32"}
{"level":"info","message":"Persisting migrated Item record [fukbRQDRdqvhZKV1] of database \"fist-ultra-edition-compendium.core_traits_gear\".","timestamp":"2026-07-07 20:02:32"}
{"level":"info","message":"Persisting migrated Item record [g76qqvSIBGhsIC0y] of database \"fist-ultra-edition-compendium.core_traits_gear\".","timestamp":"2026-07-07 20:02:32"}
{"level":"info","message":"Persisting migrated Item record [gAcrPakaGKQXQwTw] of database \"fist-ultra-edition-compendium.core_traits_gear\".","timestamp":"2026-07-07 20:02:32"}
{"level":"info","message":"Persisting migrated Item record [gShxjxaiMMC6xzUu] of database \"fist-ultra-edition-compendium.core_traits_gear\".","timestamp":"2026-07-07 20:02:32"}
{"level":"info","message":"Persisting migrated Item record [gVzSiMQEHahYGA1H] of database \"fist-ultra-edition-compendium.core_traits_gear\".","timestamp":"2026-07-07 20:02:32"}
{"level":"info","message":"Persisting migrated Item record [gt1PyLv9mdiX3T40] of database \"fist-ultra-edition-compendium.core_traits_gear\".","timestamp":"2026-07-07 20:02:32"}
{"level":"info","message":"Persisting migrated Item record [hPG5kSIOc6YT920m] of database \"fist-ultra-edition-compendium.core_traits_gear\".","timestamp":"2026-07-07 20:02:32"}
{"level":"info","message":"Persisting migrated Item record [hWIz5gY0tVfsj9Gs] of database \"fist-ultra-edition-compendium.core_traits_gear\".","timestamp":"2026-07-07 20:02:32"}
{"level":"info","message":"Persisting migrated Item record [hhlguR3fHJXiYKYu] of database \"fist-ultra-edition-compendium.core_traits_gear\".","timestamp":"2026-07-07 20:02:32"}
{"level":"info","message":"Persisting migrated Item record [hicDWLkCp0g1TC5W] of database \"fist-ultra-edition-compendium.core_traits_gear\".","timestamp":"2026-07-07 20:02:32"}
{"level":"info","message":"Persisting migrated Item record [hm3HbyImUNbMbEng] of database \"fist-ultra-edition-compendium.core_traits_gear\".","timestamp":"2026-07-07 20:02:32"}
{"level":"info","message":"Persisting migrated Item record [iRwyRMyaHSue0U7T] of database \"fist-ultra-edition-compendium.core_traits_gear\".","timestamp":"2026-07-07 20:02:32"}
{"level":"info","message":"Persisting migrated Item record [iThxQnODPLmhqiwW] of database \"fist-ultra-edition-compendium.core_traits_gear\".","timestamp":"2026-07-07 20:02:32"}
{"level":"info","message":"Persisting migrated Item record [ijOeWtyc4TsE29eB] of database \"fist-ultra-edition-compendium.core_traits_gear\".","timestamp":"2026-07-07 20:02:32"}
{"level":"info","message":"Persisting migrated Item record [imPJQZEOJTVZjsMq] of database \"fist-ultra-edition-compendium.core_traits_gear\".","timestamp":"2026-07-07 20:02:32"}
{"level":"info","message":"Persisting migrated Item record [irquy3JTmywb7o4Q] of database \"fist-ultra-edition-compendium.core_traits_gear\".","timestamp":"2026-07-07 20:02:32"}
{"level":"info","message":"Persisting migrated Item record [ivSkQj2Uik539FYD] of database \"fist-ultra-edition-compendium.core_traits_gear\".","timestamp":"2026-07-07 20:02:32"}
{"level":"info","message":"Persisting migrated Item record [jK6WyoZAO2e5L5Vt] of database \"fist-ultra-edition-compendium.core_traits_gear\".","timestamp":"2026-07-07 20:02:32"}
{"level":"info","message":"Persisting migrated Item record [jYERUmsDGSg4pgbJ] of database \"fist-ultra-edition-compendium.core_traits_gear\".","timestamp":"2026-07-07 20:02:32"}
{"level":"info","message":"Persisting migrated Item record [jbpKsK531GYXW495] of database \"fist-ultra-edition-compendium.core_traits_gear\".","timestamp":"2026-07-07 20:02:32"}
{"level":"info","message":"Persisting migrated Item record [kCMYggLmgIzTJwHO] of database \"fist-ultra-edition-compendium.core_traits_gear\".","timestamp":"2026-07-07 20:02:32"}
{"level":"info","message":"Persisting migrated Item record [kFUn21bfJdNfojg2] of database \"fist-ultra-edition-compendium.core_traits_gear\".","timestamp":"2026-07-07 20:02:32"}
{"level":"info","message":"Persisting migrated Item record [keIH6Vnje0pX4ngx] of database \"fist-ultra-edition-compendium.core_traits_gear\".","timestamp":"2026-07-07 20:02:32"}
{"level":"info","message":"Persisting migrated Item record [kiRFVhjYWpwLAkE0] of database \"fist-ultra-edition-compendium.core_traits_gear\".","timestamp":"2026-07-07 20:02:32"}
{"level":"info","message":"Persisting migrated Item record [lfZJ2OFfZb6PZ20E] of database \"fist-ultra-edition-compendium.core_traits_gear\".","timestamp":"2026-07-07 20:02:32"}
{"level":"info","message":"Persisting migrated Item record [lxb0nPi6LVwi1nBZ] of database \"fist-ultra-edition-compendium.core_traits_gear\".","timestamp":"2026-07-07 20:02:32"}
{"level":"info","message":"Persisting migrated Item record [meaJOGr4taynGEp6] of database \"fist-ultra-edition-compendium.core_traits_gear\".","timestamp":"2026-07-07 20:02:32"}
{"level":"info","message":"Persisting migrated Item record [nKtC1rHZ8gH5ZehX] of database \"fist-ultra-edition-compendium.core_traits_gear\".","timestamp":"2026-07-07 20:02:32"}
{"level":"info","message":"Persisting migrated Item record [nyw930O66gRXcwcw] of database \"fist-ultra-edition-compendium.core_traits_gear\".","timestamp":"2026-07-07 20:02:32"}
{"level":"info","message":"Persisting migrated Item record [oFtcgd7dztKltCOe] of database \"fist-ultra-edition-compendium.core_traits_gear\".","timestamp":"2026-07-07 20:02:32"}
{"level":"info","message":"Persisting migrated Item record [q4zJV9Qqvq7TwylB] of database \"fist-ultra-edition-compendium.core_traits_gear\".","timestamp":"2026-07-07 20:02:32"}
{"level":"info","message":"Persisting migrated Item record [q89wAqJdUVs5PMKa] of database \"fist-ultra-edition-compendium.core_traits_gear\".","timestamp":"2026-07-07 20:02:32"}
{"level":"info","message":"Persisting migrated Item record [qnau49BdJa3bGwck] of database \"fist-ultra-edition-compendium.core_traits_gear\".","timestamp":"2026-07-07 20:02:32"}
{"level":"info","message":"Persisting migrated Item record [qzT3ksUvlVLf9kbr] of database \"fist-ultra-edition-compendium.core_traits_gear\".","timestamp":"2026-07-07 20:02:32"}
{"level":"info","message":"Persisting migrated Item record [rDl09Ur9Vz4I6PYK] of database \"fist-ultra-edition-compendium.core_traits_gear\".","timestamp":"2026-07-07 20:02:32"}
{"level":"info","message":"Persisting migrated Item record [rFLZ3D4MhnZESQIw] of database \"fist-ultra-edition-compendium.core_traits_gear\".","timestamp":"2026-07-07 20:02:32"}
{"level":"info","message":"Persisting migrated Item record [riBWZQAdR22JxmeQ] of database \"fist-ultra-edition-compendium.core_traits_gear\".","timestamp":"2026-07-07 20:02:32"}
{"level":"info","message":"Persisting migrated Item record [rn235aYYVZQBbYTo] of database \"fist-ultra-edition-compendium.core_traits_gear\".","timestamp":"2026-07-07 20:02:32"}
{"level":"info","message":"Persisting migrated Item record [sHxVrF6QZOCVJwkL] of database \"fist-ultra-edition-compendium.core_traits_gear\".","timestamp":"2026-07-07 20:02:32"}
{"level":"info","message":"Persisting migrated Item record [t69Q1pixNUYjHQ44] of database \"fist-ultra-edition-compendium.core_traits_gear\".","timestamp":"2026-07-07 20:02:32"}
{"level":"info","message":"Persisting migrated Item record [tTKjqtf0RUY8pxY2] of database \"fist-ultra-edition-compendium.core_traits_gear\".","timestamp":"2026-07-07 20:02:32"}
{"level":"info","message":"Persisting migrated Item record [uBvB1rkbt75r371Q] of database \"fist-ultra-edition-compendium.core_traits_gear\".","timestamp":"2026-07-07 20:02:32"}
{"level":"info","message":"Persisting migrated Item record [uHBdANbAi58MH0fl] of database \"fist-ultra-edition-compendium.core_traits_gear\".","timestamp":"2026-07-07 20:02:32"}
{"level":"info","message":"Persisting migrated Item record [uOPVbUwCiIr1faab] of database \"fist-ultra-edition-compendium.core_traits_gear\".","timestamp":"2026-07-07 20:02:32"}
{"level":"info","message":"Persisting migrated Item record [umsL4feyQ7Bk3bvD] of database \"fist-ultra-edition-compendium.core_traits_gear\".","timestamp":"2026-07-07 20:02:32"}
{"level":"info","message":"Persisting migrated Item record [v2NQzo6CINGjHSxI] of database \"fist-ultra-edition-compendium.core_traits_gear\".","timestamp":"2026-07-07 20:02:32"}
{"level":"info","message":"Persisting migrated Item record [vfVUXh2JvQ7RGoVs] of database \"fist-ultra-edition-compendium.core_traits_gear\".","timestamp":"2026-07-07 20:02:32"}
{"level":"info","message":"Persisting migrated Item record [vqSLihzyDm11XUtP] of database \"fist-ultra-edition-compendium.core_traits_gear\".","timestamp":"2026-07-07 20:02:32"}
{"level":"info","message":"Persisting migrated Item record [wVS7IU32euN4dx2M] of database \"fist-ultra-edition-compendium.core_traits_gear\".","timestamp":"2026-07-07 20:02:32"}
{"level":"info","message":"Persisting migrated Item record [wyFLqzTm4fU4Wqxm] of database \"fist-ultra-edition-compendium.core_traits_gear\".","timestamp":"2026-07-07 20:02:32"}
{"level":"info","message":"Persisting migrated Item record [x52YEp3ikQnH1Sd2] of database \"fist-ultra-edition-compendium.core_traits_gear\".","timestamp":"2026-07-07 20:02:32"}
{"level":"info","message":"Persisting migrated Item record [x5hNQhfR6NcReizI] of database \"fist-ultra-edition-compendium.core_traits_gear\".","timestamp":"2026-07-07 20:02:32"}
{"level":"info","message":"Persisting migrated Item record [xGoQssTFadpogo5m] of database \"fist-ultra-edition-compendium.core_traits_gear\".","timestamp":"2026-07-07 20:02:32"}
{"level":"info","message":"Persisting migrated Item record [xRBspHtsKZsKho73] of database \"fist-ultra-edition-compendium.core_traits_gear\".","timestamp":"2026-07-07 20:02:32"}
{"level":"info","message":"Persisting migrated Item record [xflKgIfqhV2ZXnBA] of database \"fist-ultra-edition-compendium.core_traits_gear\".","timestamp":"2026-07-07 20:02:32"}
{"level":"info","message":"Persisting migrated Item record [y1cDzeLVqSBmm4Nr] of database \"fist-ultra-edition-compendium.core_traits_gear\".","timestamp":"2026-07-07 20:02:32"}
{"level":"info","message":"Persisting migrated Item record [y7R3tPV5pDqw2SlG] of database \"fist-ultra-edition-compendium.core_traits_gear\".","timestamp":"2026-07-07 20:02:32"}
{"level":"info","message":"Persisting migrated Item record [yMWuNCGkFbFO96Iw] of database \"fist-ultra-edition-compendium.core_traits_gear\".","timestamp":"2026-07-07 20:02:32"}
{"level":"info","message":"Persisting migrated Item record [zIxKYlNMmGsJFaLG] of database \"fist-ultra-edition-compendium.core_traits_gear\".","timestamp":"2026-07-07 20:02:32"}
{"level":"info","message":"Persisting migrated Item record [zdwbtywVwiPTmNVR] of database \"fist-ultra-edition-compendium.core_traits_gear\".","timestamp":"2026-07-07 20:02:32"}
{"level":"info","message":"Persisting migrated Item record [zhcEJQHv72jLFzno] of database \"fist-ultra-edition-compendium.core_traits_gear\".","timestamp":"2026-07-07 20:02:32"}
{"level":"info","message":"Persisting migrated Item record [zkGtc3qkG5aCfDiC] of database \"fist-ultra-edition-compendium.core_traits_gear\".","timestamp":"2026-07-07 20:02:32"}
{"level":"info","message":"Completed migration of database \"fist-ultra-edition-compendium.core_traits_gear.\"","timestamp":"2026-07-07 20:02:32"}
{"level":"info","message":"Launching World | Migrating Package Data - 33%","timestamp":"2026-07-07 20:02:32"}
{"level":"info","message":"Migrated Item record [016PhNZHtaPO6R3I] of database \"fist-ultra-edition-compendium.core_traits_skills\".","timestamp":"2026-07-07 20:02:32"}
{"level":"info","message":"Migrated Item record [0BkFjYcm4p8Byuqv] of database \"fist-ultra-edition-compendium.core_traits_skills\".","timestamp":"2026-07-07 20:02:32"}
{"level":"info","message":"Migrated Item record [0FX5IHjUAEUG4heU] of database \"fist-ultra-edition-compendium.core_traits_skills\".","timestamp":"2026-07-07 20:02:32"}
{"level":"info","message":"Migrated Item record [12OYh9eKmfIPpTmY] of database \"fist-ultra-edition-compendium.core_traits_skills\".","timestamp":"2026-07-07 20:02:32"}
{"level":"info","message":"Migrated Item record [1Q0pbrWNPKUVEL4j] of database \"fist-ultra-edition-compendium.core_traits_skills\".","timestamp":"2026-07-07 20:02:32"}
{"level":"info","message":"Migrated Item record [1UjZN66Xhc6yAxVH] of database \"fist-ultra-edition-compendium.core_traits_skills\".","timestamp":"2026-07-07 20:02:32"}
{"level":"info","message":"Migrated Item record [1l7DC8qPtG8gDjlK] of database \"fist-ultra-edition-compendium.core_traits_skills\".","timestamp":"2026-07-07 20:02:32"}
{"level":"info","message":"Migrated Item record [2EtFsaE6E8tyBdBw] of database \"fist-ultra-edition-compendium.core_traits_skills\".","timestamp":"2026-07-07 20:02:32"}
{"level":"info","message":"Migrated Item record [33CZiRYnrMDgviNm] of database \"fist-ultra-edition-compendium.core_traits_skills\".","timestamp":"2026-07-07 20:02:32"}
{"level":"info","message":"Migrated Item record [3WFHZ4aYSGIgFwrL] of database \"fist-ultra-edition-compendium.core_traits_skills\".","timestamp":"2026-07-07 20:02:32"}
{"level":"info","message":"Migrated Item record [3aTfXCxbFLvuA4dB] of database \"fist-ultra-edition-compendium.core_traits_skills\".","timestamp":"2026-07-07 20:02:32"}
{"level":"info","message":"Migrated Item record [3fxNDuL5bzjZX3e5] of database \"fist-ultra-edition-compendium.core_traits_skills\".","timestamp":"2026-07-07 20:02:32"}
{"level":"info","message":"Migrated Item record [44kvEOWdk0A2X3GO] of database \"fist-ultra-edition-compendium.core_traits_skills\".","timestamp":"2026-07-07 20:02:32"}
{"level":"info","message":"Migrated Item record [47D4S9VlDrVvpdhp] of database \"fist-ultra-edition-compendium.core_traits_skills\".","timestamp":"2026-07-07 20:02:32"}
{"level":"info","message":"Migrated Item record [4QtuFvWEDvyd3YDZ] of database \"fist-ultra-edition-compendium.core_traits_skills\".","timestamp":"2026-07-07 20:02:32"}
{"level":"info","message":"Migrated Item record [4pq8BLFdpCtm6wyb] of database \"fist-ultra-edition-compendium.core_traits_skills\".","timestamp":"2026-07-07 20:02:32"}
{"level":"info","message":"Migrated Item record [4t7YhZOHNZhbDYeM] of database \"fist-ultra-edition-compendium.core_traits_skills\".","timestamp":"2026-07-07 20:02:32"}
{"level":"info","message":"Migrated Item record [5AsFa930dc7XWQHg] of database \"fist-ultra-edition-compendium.core_traits_skills\".","timestamp":"2026-07-07 20:02:32"}
{"level":"info","message":"Migrated Item record [5E6VIKURkt0YiAhU] of database \"fist-ultra-edition-compendium.core_traits_skills\".","timestamp":"2026-07-07 20:02:32"}
{"level":"info","message":"Migrated Item record [5HNzn0kib5Rr5bKR] of database \"fist-ultra-edition-compendium.core_traits_skills\".","timestamp":"2026-07-07 20:02:32"}
{"level":"info","message":"Migrated Item record [5V4dLE3Om6diMyre] of database \"fist-ultra-edition-compendium.core_traits_skills\".","timestamp":"2026-07-07 20:02:32"}
{"level":"info","message":"Migrated Item record [5rQSkgMj4GkZ1lyr] of database \"fist-ultra-edition-compendium.core_traits_skills\".","timestamp":"2026-07-07 20:02:32"}
{"level":"info","message":"Migrated Item record [6TH8xYJF0F1MOBFj] of database \"fist-ultra-edition-compendium.core_traits_skills\".","timestamp":"2026-07-07 20:02:32"}
{"level":"info","message":"Migrated Item record [6ZK2T07vTXLpTRT5] of database \"fist-ultra-edition-compendium.core_traits_skills\".","timestamp":"2026-07-07 20:02:32"}
{"level":"info","message":"Migrated Item record [6nKuE1s4tS4D5KoN] of database \"fist-ultra-edition-compendium.core_traits_skills\".","timestamp":"2026-07-07 20:02:32"}
{"level":"info","message":"Migrated Item record [6oGoTceGPK10nH8o] of database \"fist-ultra-edition-compendium.core_traits_skills\".","timestamp":"2026-07-07 20:02:32"}
{"level":"info","message":"Migrated Item record [77FtcD1mxg1jv69k] of database \"fist-ultra-edition-compendium.core_traits_skills\".","timestamp":"2026-07-07 20:02:32"}
{"level":"info","message":"Migrated Item record [80K9NY6bQDfkJZIi] of database \"fist-ultra-edition-compendium.core_traits_skills\".","timestamp":"2026-07-07 20:02:32"}
{"level":"info","message":"Migrated Item record [8ZxnI8wlMQQKj2lB] of database \"fist-ultra-edition-compendium.core_traits_skills\".","timestamp":"2026-07-07 20:02:32"}
{"level":"info","message":"Migrated Item record [8tlegRzWPsKhDtmM] of database \"fist-ultra-edition-compendium.core_traits_skills\".","timestamp":"2026-07-07 20:02:32"}
{"level":"info","message":"Migrated Item record [90GwKPK9rEtP2dYG] of database \"fist-ultra-edition-compendium.core_traits_skills\".","timestamp":"2026-07-07 20:02:32"}
{"level":"info","message":"Migrated Item record [93gCIAgBdUCpy08f] of database \"fist-ultra-edition-compendium.core_traits_skills\".","timestamp":"2026-07-07 20:02:32"}
{"level":"info","message":"Migrated Item record [9Zfma5NAgYKlhKMm] of database \"fist-ultra-edition-compendium.core_traits_skills\".","timestamp":"2026-07-07 20:02:32"}
{"level":"info","message":"Migrated Item record [9ebBb2gFf02lcKxb] of database \"fist-ultra-edition-compendium.core_traits_skills\".","timestamp":"2026-07-07 20:02:32"}
{"level":"info","message":"Migrated Item record [9hwW0q5FiFdJW7t0] of database \"fist-ultra-edition-compendium.core_traits_skills\".","timestamp":"2026-07-07 20:02:32"}
{"level":"info","message":"Migrated Item record [A9S6UKOXF6zilwQH] of database \"fist-ultra-edition-compendium.core_traits_skills\".","timestamp":"2026-07-07 20:02:32"}
{"level":"info","message":"Migrated Item record [ArKmlR5DINCSHxGa] of database \"fist-ultra-edition-compendium.core_traits_skills\".","timestamp":"2026-07-07 20:02:32"}
{"level":"info","message":"Migrated Item record [AsvSrJgIgTPkPqKG] of database \"fist-ultra-edition-compendium.core_traits_skills\".","timestamp":"2026-07-07 20:02:32"}
{"level":"info","message":"Migrated Item record [B3gexldEG3GLL996] of database \"fist-ultra-edition-compendium.core_traits_skills\".","timestamp":"2026-07-07 20:02:32"}
{"level":"info","message":"Migrated Item record [B7wNcsmoClZRiWz4] of database \"fist-ultra-edition-compendium.core_traits_skills\".","timestamp":"2026-07-07 20:02:32"}
{"level":"info","message":"Migrated Item record [BVpiKTuoFgA4BzBq] of database \"fist-ultra-edition-compendium.core_traits_skills\".","timestamp":"2026-07-07 20:02:32"}
{"level":"info","message":"Migrated Item record [BaiUi4lvhCwEhsKv] of database \"fist-ultra-edition-compendium.core_traits_skills\".","timestamp":"2026-07-07 20:02:32"}
{"level":"info","message":"Migrated Item record [Bf2kD3LiqYfoSBYi] of database \"fist-ultra-edition-compendium.core_traits_skills\".","timestamp":"2026-07-07 20:02:32"}
{"level":"info","message":"Migrated Item record [BpPW7zAODOZiAqd9] of database \"fist-ultra-edition-compendium.core_traits_skills\".","timestamp":"2026-07-07 20:02:32"}
{"level":"info","message":"Migrated Item record [Byi5vJTqcRtiydo6] of database \"fist-ultra-edition-compendium.core_traits_skills\".","timestamp":"2026-07-07 20:02:32"}
{"level":"info","message":"Migrated Item record [C1HMsmqX8UXLphwq] of database \"fist-ultra-edition-compendium.core_traits_skills\".","timestamp":"2026-07-07 20:02:32"}
{"level":"info","message":"Migrated Item record [CJFxbpMjZHP4N8Gx] of database \"fist-ultra-edition-compendium.core_traits_skills\".","timestamp":"2026-07-07 20:02:32"}
{"level":"info","message":"Migrated Item record [CZWnyiFJxQGJQugy] of database \"fist-ultra-edition-compendium.core_traits_skills\".","timestamp":"2026-07-07 20:02:32"}
{"level":"info","message":"Migrated Item record [CiJdW5kZFH5TzKTO] of database \"fist-ultra-edition-compendium.core_traits_skills\".","timestamp":"2026-07-07 20:02:32"}
{"level":"info","message":"Migrated Item record [Co0th5WgCzsi3PQD] of database \"fist-ultra-edition-compendium.core_traits_skills\".","timestamp":"2026-07-07 20:02:32"}
{"level":"info","message":"Migrated Item record [D3QRky1A4XtTaoj3] of database \"fist-ultra-edition-compendium.core_traits_skills\".","timestamp":"2026-07-07 20:02:32"}
{"level":"info","message":"Migrated Item record [D4E4N15yU4F4IXzy] of database \"fist-ultra-edition-compendium.core_traits_skills\".","timestamp":"2026-07-07 20:02:32"}
{"level":"info","message":"Migrated Item record [DHwxiNkpxbGBUsiJ] of database \"fist-ultra-edition-compendium.core_traits_skills\".","timestamp":"2026-07-07 20:02:32"}
{"level":"info","message":"Migrated Item record [DTfx6PYpynxl9MxU] of database \"fist-ultra-edition-compendium.core_traits_skills\".","timestamp":"2026-07-07 20:02:32"}
{"level":"info","message":"Migrated Item record [DWdMNALc5VuXGYeD] of database \"fist-ultra-edition-compendium.core_traits_skills\".","timestamp":"2026-07-07 20:02:32"}
{"level":"info","message":"Migrated Item record [DpiitixYnyk861ZG] of database \"fist-ultra-edition-compendium.core_traits_skills\".","timestamp":"2026-07-07 20:02:32"}
{"level":"info","message":"Migrated Item record [E2Xok0zNlb0X85ni] of database \"fist-ultra-edition-compendium.core_traits_skills\".","timestamp":"2026-07-07 20:02:32"}
{"level":"info","message":"Migrated Item record [EJrHjHCZFOF2RvM0] of database \"fist-ultra-edition-compendium.core_traits_skills\".","timestamp":"2026-07-07 20:02:32"}
{"level":"info","message":"Migrated Item record [EOcqo4TZFaZPBEEU] of database \"fist-ultra-edition-compendium.core_traits_skills\".","timestamp":"2026-07-07 20:02:32"}
{"level":"info","message":"Migrated Item record [FLs4wdS1JJUGm4ss] of database \"fist-ultra-edition-compendium.core_traits_skills\".","timestamp":"2026-07-07 20:02:32"}
{"level":"info","message":"Migrated Item record [FgmwenGxlfGOOpqi] of database \"fist-ultra-edition-compendium.core_traits_skills\".","timestamp":"2026-07-07 20:02:32"}
{"level":"info","message":"Migrated Item record [G9XCK4QrJL94zjJ8] of database \"fist-ultra-edition-compendium.core_traits_skills\".","timestamp":"2026-07-07 20:02:32"}
{"level":"info","message":"Migrated Item record [GC3n4pj9aE7on7JO] of database \"fist-ultra-edition-compendium.core_traits_skills\".","timestamp":"2026-07-07 20:02:32"}
{"level":"info","message":"Migrated Item record [GEUctbpPB1pqRXgv] of database \"fist-ultra-edition-compendium.core_traits_skills\".","timestamp":"2026-07-07 20:02:32"}
{"level":"info","message":"Migrated Item record [GLjtLgeEMC5XXncr] of database \"fist-ultra-edition-compendium.core_traits_skills\".","timestamp":"2026-07-07 20:02:32"}
{"level":"info","message":"Migrated Item record [GX9BePbwVJqbShgc] of database \"fist-ultra-edition-compendium.core_traits_skills\".","timestamp":"2026-07-07 20:02:32"}
{"level":"info","message":"Migrated Item record [GbO5xrP061LzRbBJ] of database \"fist-ultra-edition-compendium.core_traits_skills\".","timestamp":"2026-07-07 20:02:32"}
{"level":"info","message":"Migrated Item record [H4wNcWFqkuh4aMOa] of database \"fist-ultra-edition-compendium.core_traits_skills\".","timestamp":"2026-07-07 20:02:32"}
{"level":"info","message":"Migrated Item record [H5jlXwN3ZqcJeqAR] of database \"fist-ultra-edition-compendium.core_traits_skills\".","timestamp":"2026-07-07 20:02:32"}
{"level":"info","message":"Migrated Item record [HC4PY1399RRFVmMY] of database \"fist-ultra-edition-compendium.core_traits_skills\".","timestamp":"2026-07-07 20:02:32"}
{"level":"info","message":"Migrated Item record [HF4uSCsYOZYLmFEl] of database \"fist-ultra-edition-compendium.core_traits_skills\".","timestamp":"2026-07-07 20:02:32"}
{"level":"info","message":"Migrated Item record [Hjiy1S6uf2LMUpV7] of database \"fist-ultra-edition-compendium.core_traits_skills\".","timestamp":"2026-07-07 20:02:32"}
{"level":"info","message":"Migrated Item record [HlYmhw3oH4cRLoRJ] of database \"fist-ultra-edition-compendium.core_traits_skills\".","timestamp":"2026-07-07 20:02:32"}
{"level":"info","message":"Migrated Item record [HvKuGKtcu1J7jKX1] of database \"fist-ultra-edition-compendium.core_traits_skills\".","timestamp":"2026-07-07 20:02:32"}
{"level":"info","message":"Migrated Item record [IHKVZc8woqIVQGKP] of database \"fist-ultra-edition-compendium.core_traits_skills\".","timestamp":"2026-07-07 20:02:32"}
{"level":"info","message":"Migrated Item record [ILb5VpnCQ91eYOB0] of database \"fist-ultra-edition-compendium.core_traits_skills\".","timestamp":"2026-07-07 20:02:32"}
{"level":"info","message":"Migrated Item record [JJgpi1dyoU4rjF8p] of database \"fist-ultra-edition-compendium.core_traits_skills\".","timestamp":"2026-07-07 20:02:32"}
{"level":"info","message":"Migrated Item record [JKo7TtX24LLjo8Um] of database \"fist-ultra-edition-compendium.core_traits_skills\".","timestamp":"2026-07-07 20:02:32"}
{"level":"info","message":"Migrated Item record [K7wGE5JgSYqPxjPo] of database \"fist-ultra-edition-compendium.core_traits_skills\".","timestamp":"2026-07-07 20:02:32"}
{"level":"info","message":"Migrated Item record [KWPBl38uTFxC49Ae] of database \"fist-ultra-edition-compendium.core_traits_skills\".","timestamp":"2026-07-07 20:02:32"}
{"level":"info","message":"Migrated Item record [Loepb6wEiAPCeXTy] of database \"fist-ultra-edition-compendium.core_traits_skills\".","timestamp":"2026-07-07 20:02:32"}
{"level":"info","message":"Migrated Item record [MN5XHbeyMu9r7qWj] of database \"fist-ultra-edition-compendium.core_traits_skills\".","timestamp":"2026-07-07 20:02:32"}
{"level":"info","message":"Migrated Item record [MeZV1m1TV1phxlyE] of database \"fist-ultra-edition-compendium.core_traits_skills\".","timestamp":"2026-07-07 20:02:32"}
{"level":"info","message":"Migrated Item record [OxtOBCSU71us9Dj9] of database \"fist-ultra-edition-compendium.core_traits_skills\".","timestamp":"2026-07-07 20:02:32"}
{"level":"info","message":"Migrated Item record [P7OBwAXSaVF55ZRY] of database \"fist-ultra-edition-compendium.core_traits_skills\".","timestamp":"2026-07-07 20:02:32"}
{"level":"info","message":"Migrated Item record [Q0SDUi1GqYaTSGlh] of database \"fist-ultra-edition-compendium.core_traits_skills\".","timestamp":"2026-07-07 20:02:32"}
{"level":"info","message":"Migrated Item record [QFGiGnMwY86ijBub] of database \"fist-ultra-edition-compendium.core_traits_skills\".","timestamp":"2026-07-07 20:02:32"}
{"level":"info","message":"Migrated Item record [QXDwOXkCsMBRX1td] of database \"fist-ultra-edition-compendium.core_traits_skills\".","timestamp":"2026-07-07 20:02:32"}
{"level":"info","message":"Migrated Item record [RF4kDjOsq5VT42hi] of database \"fist-ultra-edition-compendium.core_traits_skills\".","timestamp":"2026-07-07 20:02:32"}
{"level":"info","message":"Migrated Item record [RP7RidMZ83jfxPJb] of database \"fist-ultra-edition-compendium.core_traits_skills\".","timestamp":"2026-07-07 20:02:32"}
{"level":"info","message":"Migrated Item record [RT9c2R1NvcWqBk6F] of database \"fist-ultra-edition-compendium.core_traits_skills\".","timestamp":"2026-07-07 20:02:32"}
{"level":"info","message":"Migrated Item record [S3o0vPNzdHqKp7GE] of database \"fist-ultra-edition-compendium.core_traits_skills\".","timestamp":"2026-07-07 20:02:32"}
{"level":"info","message":"Migrated Item record [SLaaHV9ojfLaIKy3] of database \"fist-ultra-edition-compendium.core_traits_skills\".","timestamp":"2026-07-07 20:02:32"}
{"level":"info","message":"Migrated Item record [TKy73QeXy2TEFtqo] of database \"fist-ultra-edition-compendium.core_traits_skills\".","timestamp":"2026-07-07 20:02:32"}
{"level":"info","message":"Migrated Item record [TNZNwQ3yq5FnPJXD] of database \"fist-ultra-edition-compendium.core_traits_skills\".","timestamp":"2026-07-07 20:02:32"}
{"level":"info","message":"Migrated Item record [U0jT4zD8GkwVA6Wg] of database \"fist-ultra-edition-compendium.core_traits_skills\".","timestamp":"2026-07-07 20:02:32"}
{"level":"info","message":"Migrated Item record [UEdk6ZdRgOTla6dM] of database \"fist-ultra-edition-compendium.core_traits_skills\".","timestamp":"2026-07-07 20:02:32"}
{"level":"info","message":"Migrated Item record [ULSZGeXyqTCKMTk3] of database \"fist-ultra-edition-compendium.core_traits_skills\".","timestamp":"2026-07-07 20:02:32"}
{"level":"info","message":"Migrated Item record [UMjaMZtqiS4iCZ2m] of database \"fist-ultra-edition-compendium.core_traits_skills\".","timestamp":"2026-07-07 20:02:32"}
{"level":"info","message":"Migrated Item record [UVPJImw2NxDNsKYz] of database \"fist-ultra-edition-compendium.core_traits_skills\".","timestamp":"2026-07-07 20:02:32"}
{"level":"info","message":"Migrated Item record [Ui9LZFo20DBVSTKx] of database \"fist-ultra-edition-compendium.core_traits_skills\".","timestamp":"2026-07-07 20:02:32"}
{"level":"info","message":"Migrated Item record [UlzFSroZw0FCg9f1] of database \"fist-ultra-edition-compendium.core_traits_skills\".","timestamp":"2026-07-07 20:02:32"}
{"level":"info","message":"Migrated Item record [UtFw6KkyGMPym6ff] of database \"fist-ultra-edition-compendium.core_traits_skills\".","timestamp":"2026-07-07 20:02:32"}
{"level":"info","message":"Migrated Item record [UtrMRLVFyBFnzD3n] of database \"fist-ultra-edition-compendium.core_traits_skills\".","timestamp":"2026-07-07 20:02:32"}
{"level":"info","message":"Migrated Item record [V19F9N46elCaQ9hy] of database \"fist-ultra-edition-compendium.core_traits_skills\".","timestamp":"2026-07-07 20:02:32"}
{"level":"info","message":"Migrated Item record [V2Z9mdVEHAJbVaVb] of database \"fist-ultra-edition-compendium.core_traits_skills\".","timestamp":"2026-07-07 20:02:32"}
{"level":"info","message":"Migrated Item record [VHNYzOjE2gKZ6YAd] of database \"fist-ultra-edition-compendium.core_traits_skills\".","timestamp":"2026-07-07 20:02:32"}
{"level":"info","message":"Migrated Item record [W40AgQYlcX5mZ9PG] of database \"fist-ultra-edition-compendium.core_traits_skills\".","timestamp":"2026-07-07 20:02:32"}
{"level":"info","message":"Migrated Item record [WzFPLp1N5J23LKGW] of database \"fist-ultra-edition-compendium.core_traits_skills\".","timestamp":"2026-07-07 20:02:32"}
{"level":"info","message":"Migrated Item record [XNligjeBcl1jlqQk] of database \"fist-ultra-edition-compendium.core_traits_skills\".","timestamp":"2026-07-07 20:02:32"}
{"level":"info","message":"Migrated Item record [XOY4UrL19KB2jYcs] of database \"fist-ultra-edition-compendium.core_traits_skills\".","timestamp":"2026-07-07 20:02:32"}
{"level":"info","message":"Migrated Item record [Y583Z9AYsJnBBnfB] of database \"fist-ultra-edition-compendium.core_traits_skills\".","timestamp":"2026-07-07 20:02:32"}
{"level":"info","message":"Migrated Item record [Y6xDYQD5SMhSC5tb] of database \"fist-ultra-edition-compendium.core_traits_skills\".","timestamp":"2026-07-07 20:02:32"}
{"level":"info","message":"Migrated Item record [YEyn5tE0EXZBpjNf] of database \"fist-ultra-edition-compendium.core_traits_skills\".","timestamp":"2026-07-07 20:02:32"}
{"level":"info","message":"Migrated Item record [YF1Zutf4GQrZ3mmb] of database \"fist-ultra-edition-compendium.core_traits_skills\".","timestamp":"2026-07-07 20:02:32"}
{"level":"info","message":"Migrated Item record [YGPcsMEmabu9u94c] of database \"fist-ultra-edition-compendium.core_traits_skills\".","timestamp":"2026-07-07 20:02:32"}
{"level":"info","message":"Migrated Item record [YSJFVqHvV9dcw8jD] of database \"fist-ultra-edition-compendium.core_traits_skills\".","timestamp":"2026-07-07 20:02:32"}
{"level":"info","message":"Migrated Item record [ZFEqZRDwOcVseH6s] of database \"fist-ultra-edition-compendium.core_traits_skills\".","timestamp":"2026-07-07 20:02:32"}
{"level":"info","message":"Migrated Item record [ZTATvZrPaMG8ItBT] of database \"fist-ultra-edition-compendium.core_traits_skills\".","timestamp":"2026-07-07 20:02:32"}
{"level":"info","message":"Migrated Item record [ZlDS8cnCxTTzEaVB] of database \"fist-ultra-edition-compendium.core_traits_skills\".","timestamp":"2026-07-07 20:02:32"}
{"level":"info","message":"Migrated Item record [ZzsfnckZIe4A7bgD] of database \"fist-ultra-edition-compendium.core_traits_skills\".","timestamp":"2026-07-07 20:02:32"}
{"level":"info","message":"Migrated Item record [a1BoMVweecThtDNv] of database \"fist-ultra-edition-compendium.core_traits_skills\".","timestamp":"2026-07-07 20:02:32"}
{"level":"info","message":"Migrated Item record [a411HQ3wYOJzMhSO] of database \"fist-ultra-edition-compendium.core_traits_skills\".","timestamp":"2026-07-07 20:02:32"}
{"level":"info","message":"Migrated Item record [aICHtd2SdnEDFW35] of database \"fist-ultra-edition-compendium.core_traits_skills\".","timestamp":"2026-07-07 20:02:32"}
{"level":"info","message":"Migrated Item record [aZyVFKziObADR5BG] of database \"fist-ultra-edition-compendium.core_traits_skills\".","timestamp":"2026-07-07 20:02:32"}
{"level":"info","message":"Migrated Item record [adfevPF8GlI9Vip5] of database \"fist-ultra-edition-compendium.core_traits_skills\".","timestamp":"2026-07-07 20:02:32"}
{"level":"info","message":"Migrated Item record [bhHDj13jgzPewgFZ] of database \"fist-ultra-edition-compendium.core_traits_skills\".","timestamp":"2026-07-07 20:02:32"}
{"level":"info","message":"Migrated Item record [bibGLporOHuwtFXF] of database \"fist-ultra-edition-compendium.core_traits_skills\".","timestamp":"2026-07-07 20:02:32"}
{"level":"info","message":"Migrated Item record [blcgQeO1CPHli3o8] of database \"fist-ultra-edition-compendium.core_traits_skills\".","timestamp":"2026-07-07 20:02:32"}
{"level":"info","message":"Migrated Item record [buVoVM9qG58PLbgh] of database \"fist-ultra-edition-compendium.core_traits_skills\".","timestamp":"2026-07-07 20:02:32"}
{"level":"info","message":"Migrated Item record [cVp8pa0SPZSE2jzL] of database \"fist-ultra-edition-compendium.core_traits_skills\".","timestamp":"2026-07-07 20:02:32"}
{"level":"info","message":"Migrated Item record [cX1htmx45fe8ATn1] of database \"fist-ultra-edition-compendium.core_traits_skills\".","timestamp":"2026-07-07 20:02:32"}
{"level":"info","message":"Migrated Item record [ciD5s7hYqvNGdXZ7] of database \"fist-ultra-edition-compendium.core_traits_skills\".","timestamp":"2026-07-07 20:02:32"}
{"level":"info","message":"Migrated Item record [d1zbFhoAqzzOvrMf] of database \"fist-ultra-edition-compendium.core_traits_skills\".","timestamp":"2026-07-07 20:02:32"}
{"level":"info","message":"Migrated Item record [dyMnQe4YMo6szMLO] of database \"fist-ultra-edition-compendium.core_traits_skills\".","timestamp":"2026-07-07 20:02:32"}
{"level":"info","message":"Migrated Item record [eeHxZpI6XVLr9aaM] of database \"fist-ultra-edition-compendium.core_traits_skills\".","timestamp":"2026-07-07 20:02:32"}
{"level":"info","message":"Migrated Item record [efBFaDWP3jAK8VCi] of database \"fist-ultra-edition-compendium.core_traits_skills\".","timestamp":"2026-07-07 20:02:32"}
{"level":"info","message":"Migrated Item record [eurIz14QMg1Z3iRx] of database \"fist-ultra-edition-compendium.core_traits_skills\".","timestamp":"2026-07-07 20:02:32"}
{"level":"info","message":"Migrated Item record [eym2r9157lUk2rM0] of database \"fist-ultra-edition-compendium.core_traits_skills\".","timestamp":"2026-07-07 20:02:32"}
{"level":"info","message":"Migrated Item record [fRi6gzg0VmXokxjz] of database \"fist-ultra-edition-compendium.core_traits_skills\".","timestamp":"2026-07-07 20:02:32"}
{"level":"info","message":"Migrated Item record [fVd9yppsDComOWS3] of database \"fist-ultra-edition-compendium.core_traits_skills\".","timestamp":"2026-07-07 20:02:32"}
{"level":"info","message":"Migrated Item record [g9WJPjYByHjq7xcl] of database \"fist-ultra-edition-compendium.core_traits_skills\".","timestamp":"2026-07-07 20:02:32"}
{"level":"info","message":"Migrated Item record [gHHV1Au3FCBd4HIJ] of database \"fist-ultra-edition-compendium.core_traits_skills\".","timestamp":"2026-07-07 20:02:32"}
{"level":"info","message":"Migrated Item record [giNNYZRfw6nIUUQ0] of database \"fist-ultra-edition-compendium.core_traits_skills\".","timestamp":"2026-07-07 20:02:32"}
{"level":"info","message":"Migrated Item record [gz9Zq8FUHXIRFdVi] of database \"fist-ultra-edition-compendium.core_traits_skills\".","timestamp":"2026-07-07 20:02:32"}
{"level":"info","message":"Migrated Item record [h2ALaRiIlr91pjEa] of database \"fist-ultra-edition-compendium.core_traits_skills\".","timestamp":"2026-07-07 20:02:32"}
{"level":"info","message":"Migrated Item record [h68CvMEeXv3tu272] of database \"fist-ultra-edition-compendium.core_traits_skills\".","timestamp":"2026-07-07 20:02:32"}
{"level":"info","message":"Migrated Item record [hBQ2x7rwEqjEA6Zn] of database \"fist-ultra-edition-compendium.core_traits_skills\".","timestamp":"2026-07-07 20:02:32"}
{"level":"info","message":"Migrated Item record [hTltQot2vaReEa5D] of database \"fist-ultra-edition-compendium.core_traits_skills\".","timestamp":"2026-07-07 20:02:32"}
{"level":"info","message":"Migrated Item record [hUAEwECbPtobtzEx] of database \"fist-ultra-edition-compendium.core_traits_skills\".","timestamp":"2026-07-07 20:02:32"}
{"level":"info","message":"Migrated Item record [htpRNN7ZxKYXRMcT] of database \"fist-ultra-edition-compendium.core_traits_skills\".","timestamp":"2026-07-07 20:02:32"}
{"level":"info","message":"Migrated Item record [iFhdyqcHruS3HfWA] of database \"fist-ultra-edition-compendium.core_traits_skills\".","timestamp":"2026-07-07 20:02:32"}
{"level":"info","message":"Migrated Item record [jBWogvWigmoc1GeG] of database \"fist-ultra-edition-compendium.core_traits_skills\".","timestamp":"2026-07-07 20:02:32"}
{"level":"info","message":"Migrated Item record [jVWHmdpyuAXmw1C3] of database \"fist-ultra-edition-compendium.core_traits_skills\".","timestamp":"2026-07-07 20:02:32"}
{"level":"info","message":"Migrated Item record [jr0QFAaY3KUYmfhD] of database \"fist-ultra-edition-compendium.core_traits_skills\".","timestamp":"2026-07-07 20:02:32"}
{"level":"info","message":"Migrated Item record [ka3jXVw3ubH2vOpR] of database \"fist-ultra-edition-compendium.core_traits_skills\".","timestamp":"2026-07-07 20:02:32"}
{"level":"info","message":"Migrated Item record [l22RG9os3Wmt6JdL] of database \"fist-ultra-edition-compendium.core_traits_skills\".","timestamp":"2026-07-07 20:02:32"}
{"level":"info","message":"Migrated Item record [lXthVXdoSz4cOxDT] of database \"fist-ultra-edition-compendium.core_traits_skills\".","timestamp":"2026-07-07 20:02:32"}
{"level":"info","message":"Migrated Item record [lvoPRBjZyIqcxbsu] of database \"fist-ultra-edition-compendium.core_traits_skills\".","timestamp":"2026-07-07 20:02:32"}
{"level":"info","message":"Migrated Item record [mPyJwSfwOtxmFYam] of database \"fist-ultra-edition-compendium.core_traits_skills\".","timestamp":"2026-07-07 20:02:32"}
{"level":"info","message":"Migrated Item record [n4OammffpxfmqRTg] of database \"fist-ultra-edition-compendium.core_traits_skills\".","timestamp":"2026-07-07 20:02:32"}
{"level":"info","message":"Migrated Item record [nKw4vY34AxOLhjVh] of database \"fist-ultra-edition-compendium.core_traits_skills\".","timestamp":"2026-07-07 20:02:32"}
{"level":"info","message":"Migrated Item record [nN2lG70xDw1e1hTI] of database \"fist-ultra-edition-compendium.core_traits_skills\".","timestamp":"2026-07-07 20:02:32"}
{"level":"info","message":"Migrated Item record [nNaGXzVosN6T6kWh] of database \"fist-ultra-edition-compendium.core_traits_skills\".","timestamp":"2026-07-07 20:02:32"}
{"level":"info","message":"Migrated Item record [nr3r6sXENG2T6lCc] of database \"fist-ultra-edition-compendium.core_traits_skills\".","timestamp":"2026-07-07 20:02:32"}
{"level":"info","message":"Migrated Item record [o6vXy8VVsakulQTI] of database \"fist-ultra-edition-compendium.core_traits_skills\".","timestamp":"2026-07-07 20:02:32"}
{"level":"info","message":"Migrated Item record [oH48qjfWVAbqEqyp] of database \"fist-ultra-edition-compendium.core_traits_skills\".","timestamp":"2026-07-07 20:02:32"}
{"level":"info","message":"Migrated Item record [oN1Up6yPIsdRKOj9] of database \"fist-ultra-edition-compendium.core_traits_skills\".","timestamp":"2026-07-07 20:02:32"}
{"level":"info","message":"Migrated Item record [ohy0IGvnqbS9w9v7] of database \"fist-ultra-edition-compendium.core_traits_skills\".","timestamp":"2026-07-07 20:02:32"}
{"level":"info","message":"Migrated Item record [oqbxVcdRyZrJPpjN] of database \"fist-ultra-edition-compendium.core_traits_skills\".","timestamp":"2026-07-07 20:02:32"}
{"level":"info","message":"Migrated Item record [pLtKv2VjyS0g9dwe] of database \"fist-ultra-edition-compendium.core_traits_skills\".","timestamp":"2026-07-07 20:02:32"}
{"level":"info","message":"Migrated Item record [peIwWmB2DxFbLIKm] of database \"fist-ultra-edition-compendium.core_traits_skills\".","timestamp":"2026-07-07 20:02:32"}
{"level":"info","message":"Migrated Item record [qCuC0mZyHweLEP4I] of database \"fist-ultra-edition-compendium.core_traits_skills\".","timestamp":"2026-07-07 20:02:32"}
{"level":"info","message":"Migrated Item record [qXw0zwFWazTE7xLB] of database \"fist-ultra-edition-compendium.core_traits_skills\".","timestamp":"2026-07-07 20:02:32"}
{"level":"info","message":"Migrated Item record [qoqbi0JwSZl3eYor] of database \"fist-ultra-edition-compendium.core_traits_skills\".","timestamp":"2026-07-07 20:02:32"}
{"level":"info","message":"Migrated Item record [rBgHPoCKhECTN5TI] of database \"fist-ultra-edition-compendium.core_traits_skills\".","timestamp":"2026-07-07 20:02:32"}
{"level":"info","message":"Migrated Item record [rCuputEyzVOAVINF] of database \"fist-ultra-edition-compendium.core_traits_skills\".","timestamp":"2026-07-07 20:02:32"}
{"level":"info","message":"Migrated Item record [reh2Lu4eJz1GSDtu] of database \"fist-ultra-edition-compendium.core_traits_skills\".","timestamp":"2026-07-07 20:02:32"}
{"level":"info","message":"Migrated Item record [rxLgLKgr45FhnUFE] of database \"fist-ultra-edition-compendium.core_traits_skills\".","timestamp":"2026-07-07 20:02:32"}
{"level":"info","message":"Migrated Item record [sCUHzdq5b7StAh3g] of database \"fist-ultra-edition-compendium.core_traits_skills\".","timestamp":"2026-07-07 20:02:32"}
{"level":"info","message":"Migrated Item record [sKZNqRhnkeGENFEF] of database \"fist-ultra-edition-compendium.core_traits_skills\".","timestamp":"2026-07-07 20:02:32"}
{"level":"info","message":"Migrated Item record [sTZZ3WNgJCRGKJnb] of database \"fist-ultra-edition-compendium.core_traits_skills\".","timestamp":"2026-07-07 20:02:32"}
{"level":"info","message":"Migrated Item record [sZ5scjlWVtx3mhnj] of database \"fist-ultra-edition-compendium.core_traits_skills\".","timestamp":"2026-07-07 20:02:32"}
{"level":"info","message":"Migrated Item record [stEkG2fxur5kUdqH] of database \"fist-ultra-edition-compendium.core_traits_skills\".","timestamp":"2026-07-07 20:02:32"}
{"level":"info","message":"Migrated Item record [tG7Ta4fddcwqxsaU] of database \"fist-ultra-edition-compendium.core_traits_skills\".","timestamp":"2026-07-07 20:02:32"}
{"level":"info","message":"Migrated Item record [tVPEYsPTVXu9vOwz] of database \"fist-ultra-edition-compendium.core_traits_skills\".","timestamp":"2026-07-07 20:02:32"}
{"level":"info","message":"Migrated Item record [uETb40KipX8lMqw5] of database \"fist-ultra-edition-compendium.core_traits_skills\".","timestamp":"2026-07-07 20:02:32"}
{"level":"info","message":"Migrated Item record [uIrc4kYffubFRsam] of database \"fist-ultra-edition-compendium.core_traits_skills\".","timestamp":"2026-07-07 20:02:32"}
{"level":"info","message":"Migrated Item record [uOsWX8Vn5APLv2vL] of database \"fist-ultra-edition-compendium.core_traits_skills\".","timestamp":"2026-07-07 20:02:32"}
{"level":"info","message":"Migrated Item record [uY509F5mBldhBrjO] of database \"fist-ultra-edition-compendium.core_traits_skills\".","timestamp":"2026-07-07 20:02:32"}
{"level":"info","message":"Migrated Item record [ubPL7XbzNBj5XUfC] of database \"fist-ultra-edition-compendium.core_traits_skills\".","timestamp":"2026-07-07 20:02:32"}
{"level":"info","message":"Migrated Item record [umgJJ31pQbQTQxBC] of database \"fist-ultra-edition-compendium.core_traits_skills\".","timestamp":"2026-07-07 20:02:32"}
{"level":"info","message":"Migrated Item record [v0DbfSa5mh2wvErV] of database \"fist-ultra-edition-compendium.core_traits_skills\".","timestamp":"2026-07-07 20:02:32"}
{"level":"info","message":"Migrated Item record [v0cwBkg9ZrevOjrM] of database \"fist-ultra-edition-compendium.core_traits_skills\".","timestamp":"2026-07-07 20:02:32"}
{"level":"info","message":"Migrated Item record [vgtmx5F0Z9jslSQx] of database \"fist-ultra-edition-compendium.core_traits_skills\".","timestamp":"2026-07-07 20:02:32"}
{"level":"info","message":"Migrated Item record [wBEqhBSxubh2F92F] of database \"fist-ultra-edition-compendium.core_traits_skills\".","timestamp":"2026-07-07 20:02:32"}
{"level":"info","message":"Migrated Item record [wMehccq7V0QgivF8] of database \"fist-ultra-edition-compendium.core_traits_skills\".","timestamp":"2026-07-07 20:02:32"}
{"level":"info","message":"Migrated Item record [wPU6S47giPw8Dohv] of database \"fist-ultra-edition-compendium.core_traits_skills\".","timestamp":"2026-07-07 20:02:32"}
{"level":"info","message":"Migrated Item record [wfWkP540RongzC3J] of database \"fist-ultra-edition-compendium.core_traits_skills\".","timestamp":"2026-07-07 20:02:32"}
{"level":"info","message":"Migrated Item record [wsKR9xzdTHCftAxV] of database \"fist-ultra-edition-compendium.core_traits_skills\".","timestamp":"2026-07-07 20:02:32"}
{"level":"info","message":"Migrated Item record [xDbRl0Cke4lf6HPa] of database \"fist-ultra-edition-compendium.core_traits_skills\".","timestamp":"2026-07-07 20:02:32"}
{"level":"info","message":"Migrated Item record [xJh9DUrLUnYgfH4a] of database \"fist-ultra-edition-compendium.core_traits_skills\".","timestamp":"2026-07-07 20:02:32"}
{"level":"info","message":"Migrated Item record [xQMXRThZIxs7Jw00] of database \"fist-ultra-edition-compendium.core_traits_skills\".","timestamp":"2026-07-07 20:02:32"}
{"level":"info","message":"Migrated Item record [xYqAFJfACPuUOUQB] of database \"fist-ultra-edition-compendium.core_traits_skills\".","timestamp":"2026-07-07 20:02:32"}
{"level":"info","message":"Migrated Item record [y1qC7cIEKZBrq5tE] of database \"fist-ultra-edition-compendium.core_traits_skills\".","timestamp":"2026-07-07 20:02:32"}
{"level":"info","message":"Migrated Item record [yBEeqCvqbmO3f0pC] of database \"fist-ultra-edition-compendium.core_traits_skills\".","timestamp":"2026-07-07 20:02:32"}
{"level":"info","message":"Migrated Item record [yYTqsCqkK7V6rYkB] of database \"fist-ultra-edition-compendium.core_traits_skills\".","timestamp":"2026-07-07 20:02:32"}
{"level":"info","message":"Migrated Item record [yfeivODQXJALkoNj] of database \"fist-ultra-edition-compendium.core_traits_skills\".","timestamp":"2026-07-07 20:02:32"}
{"level":"info","message":"Migrated Item record [ymnMF5VySgUuzHx2] of database \"fist-ultra-edition-compendium.core_traits_skills\".","timestamp":"2026-07-07 20:02:32"}
{"level":"info","message":"Migrated Item record [yqHI3zSVfdFJRYjS] of database \"fist-ultra-edition-compendium.core_traits_skills\".","timestamp":"2026-07-07 20:02:32"}
{"level":"info","message":"Migrated Item record [yqPSdqzTizjWuuqB] of database \"fist-ultra-edition-compendium.core_traits_skills\".","timestamp":"2026-07-07 20:02:32"}
{"level":"info","message":"Migrated Item record [z0qLioIdTHjpNmgO] of database \"fist-ultra-edition-compendium.core_traits_skills\".","timestamp":"2026-07-07 20:02:32"}
{"level":"info","message":"Migrated Item record [z3NLG2OFFdfOz5IK] of database \"fist-ultra-edition-compendium.core_traits_skills\".","timestamp":"2026-07-07 20:02:32"}
{"level":"info","message":"Migrated Item record [z6x3nBZrSphvIed8] of database \"fist-ultra-edition-compendium.core_traits_skills\".","timestamp":"2026-07-07 20:02:32"}
{"level":"info","message":"Migrated Item record [zNBLGKov8XZnPXMf] of database \"fist-ultra-edition-compendium.core_traits_skills\".","timestamp":"2026-07-07 20:02:32"}
{"level":"info","message":"Migrated Item record [zuHoMSJtfeH8sVt6] of database \"fist-ultra-edition-compendium.core_traits_skills\".","timestamp":"2026-07-07 20:02:32"}
{"level":"info","message":"Persisting migrated Item record [016PhNZHtaPO6R3I] of database \"fist-ultra-edition-compendium.core_traits_skills\".","timestamp":"2026-07-07 20:02:32"}
{"level":"info","message":"Persisting migrated Item record [0BkFjYcm4p8Byuqv] of database \"fist-ultra-edition-compendium.core_traits_skills\".","timestamp":"2026-07-07 20:02:32"}
{"level":"info","message":"Persisting migrated Item record [0FX5IHjUAEUG4heU] of database \"fist-ultra-edition-compendium.core_traits_skills\".","timestamp":"2026-07-07 20:02:32"}
{"level":"info","message":"Persisting migrated Item record [12OYh9eKmfIPpTmY] of database \"fist-ultra-edition-compendium.core_traits_skills\".","timestamp":"2026-07-07 20:02:32"}
{"level":"info","message":"Persisting migrated Item record [1Q0pbrWNPKUVEL4j] of database \"fist-ultra-edition-compendium.core_traits_skills\".","timestamp":"2026-07-07 20:02:32"}
{"level":"info","message":"Persisting migrated Item record [1UjZN66Xhc6yAxVH] of database \"fist-ultra-edition-compendium.core_traits_skills\".","timestamp":"2026-07-07 20:02:32"}
{"level":"info","message":"Persisting migrated Item record [1l7DC8qPtG8gDjlK] of database \"fist-ultra-edition-compendium.core_traits_skills\".","timestamp":"2026-07-07 20:02:32"}
{"level":"info","message":"Persisting migrated Item record [2EtFsaE6E8tyBdBw] of database \"fist-ultra-edition-compendium.core_traits_skills\".","timestamp":"2026-07-07 20:02:32"}
{"level":"info","message":"Persisting migrated Item record [33CZiRYnrMDgviNm] of database \"fist-ultra-edition-compendium.core_traits_skills\".","timestamp":"2026-07-07 20:02:32"}
{"level":"info","message":"Persisting migrated Item record [3WFHZ4aYSGIgFwrL] of database \"fist-ultra-edition-compendium.core_traits_skills\".","timestamp":"2026-07-07 20:02:32"}
{"level":"info","message":"Persisting migrated Item record [3aTfXCxbFLvuA4dB] of database \"fist-ultra-edition-compendium.core_traits_skills\".","timestamp":"2026-07-07 20:02:32"}
{"level":"info","message":"Persisting migrated Item record [3fxNDuL5bzjZX3e5] of database \"fist-ultra-edition-compendium.core_traits_skills\".","timestamp":"2026-07-07 20:02:32"}
{"level":"info","message":"Persisting migrated Item record [44kvEOWdk0A2X3GO] of database \"fist-ultra-edition-compendium.core_traits_skills\".","timestamp":"2026-07-07 20:02:32"}
{"level":"info","message":"Persisting migrated Item record [47D4S9VlDrVvpdhp] of database \"fist-ultra-edition-compendium.core_traits_skills\".","timestamp":"2026-07-07 20:02:32"}
{"level":"info","message":"Persisting migrated Item record [4QtuFvWEDvyd3YDZ] of database \"fist-ultra-edition-compendium.core_traits_skills\".","timestamp":"2026-07-07 20:02:32"}
{"level":"info","message":"Persisting migrated Item record [4pq8BLFdpCtm6wyb] of database \"fist-ultra-edition-compendium.core_traits_skills\".","timestamp":"2026-07-07 20:02:32"}
{"level":"info","message":"Persisting migrated Item record [4t7YhZOHNZhbDYeM] of database \"fist-ultra-edition-compendium.core_traits_skills\".","timestamp":"2026-07-07 20:02:32"}
{"level":"info","message":"Persisting migrated Item record [5AsFa930dc7XWQHg] of database \"fist-ultra-edition-compendium.core_traits_skills\".","timestamp":"2026-07-07 20:02:32"}
{"level":"info","message":"Persisting migrated Item record [5E6VIKURkt0YiAhU] of database \"fist-ultra-edition-compendium.core_traits_skills\".","timestamp":"2026-07-07 20:02:32"}
{"level":"info","message":"Persisting migrated Item record [5HNzn0kib5Rr5bKR] of database \"fist-ultra-edition-compendium.core_traits_skills\".","timestamp":"2026-07-07 20:02:32"}
{"level":"info","message":"Persisting migrated Item record [5V4dLE3Om6diMyre] of database \"fist-ultra-edition-compendium.core_traits_skills\".","timestamp":"2026-07-07 20:02:32"}
{"level":"info","message":"Persisting migrated Item record [5rQSkgMj4GkZ1lyr] of database \"fist-ultra-edition-compendium.core_traits_skills\".","timestamp":"2026-07-07 20:02:32"}
{"level":"info","message":"Persisting migrated Item record [6TH8xYJF0F1MOBFj] of database \"fist-ultra-edition-compendium.core_traits_skills\".","timestamp":"2026-07-07 20:02:32"}
{"level":"info","message":"Persisting migrated Item record [6ZK2T07vTXLpTRT5] of database \"fist-ultra-edition-compendium.core_traits_skills\".","timestamp":"2026-07-07 20:02:32"}
{"level":"info","message":"Persisting migrated Item record [6nKuE1s4tS4D5KoN] of database \"fist-ultra-edition-compendium.core_traits_skills\".","timestamp":"2026-07-07 20:02:32"}
{"level":"info","message":"Persisting migrated Item record [6oGoTceGPK10nH8o] of database \"fist-ultra-edition-compendium.core_traits_skills\".","timestamp":"2026-07-07 20:02:32"}
{"level":"info","message":"Persisting migrated Item record [77FtcD1mxg1jv69k] of database \"fist-ultra-edition-compendium.core_traits_skills\".","timestamp":"2026-07-07 20:02:32"}
{"level":"info","message":"Persisting migrated Item record [80K9NY6bQDfkJZIi] of database \"fist-ultra-edition-compendium.core_traits_skills\".","timestamp":"2026-07-07 20:02:32"}
{"level":"info","message":"Persisting migrated Item record [8ZxnI8wlMQQKj2lB] of database \"fist-ultra-edition-compendium.core_traits_skills\".","timestamp":"2026-07-07 20:02:32"}
{"level":"info","message":"Persisting migrated Item record [8tlegRzWPsKhDtmM] of database \"fist-ultra-edition-compendium.core_traits_skills\".","timestamp":"2026-07-07 20:02:32"}
{"level":"info","message":"Persisting migrated Item record [90GwKPK9rEtP2dYG] of database \"fist-ultra-edition-compendium.core_traits_skills\".","timestamp":"2026-07-07 20:02:32"}
{"level":"info","message":"Persisting migrated Item record [93gCIAgBdUCpy08f] of database \"fist-ultra-edition-compendium.core_traits_skills\".","timestamp":"2026-07-07 20:02:32"}
{"level":"info","message":"Persisting migrated Item record [9Zfma5NAgYKlhKMm] of database \"fist-ultra-edition-compendium.core_traits_skills\".","timestamp":"2026-07-07 20:02:32"}
{"level":"info","message":"Persisting migrated Item record [9ebBb2gFf02lcKxb] of database \"fist-ultra-edition-compendium.core_traits_skills\".","timestamp":"2026-07-07 20:02:32"}
{"level":"info","message":"Persisting migrated Item record [9hwW0q5FiFdJW7t0] of database \"fist-ultra-edition-compendium.core_traits_skills\".","timestamp":"2026-07-07 20:02:32"}
{"level":"info","message":"Persisting migrated Item record [A9S6UKOXF6zilwQH] of database \"fist-ultra-edition-compendium.core_traits_skills\".","timestamp":"2026-07-07 20:02:32"}
{"level":"info","message":"Persisting migrated Item record [ArKmlR5DINCSHxGa] of database \"fist-ultra-edition-compendium.core_traits_skills\".","timestamp":"2026-07-07 20:02:32"}
{"level":"info","message":"Persisting migrated Item record [AsvSrJgIgTPkPqKG] of database \"fist-ultra-edition-compendium.core_traits_skills\".","timestamp":"2026-07-07 20:02:32"}
{"level":"info","message":"Persisting migrated Item record [B3gexldEG3GLL996] of database \"fist-ultra-edition-compendium.core_traits_skills\".","timestamp":"2026-07-07 20:02:32"}
{"level":"info","message":"Persisting migrated Item record [B7wNcsmoClZRiWz4] of database \"fist-ultra-edition-compendium.core_traits_skills\".","timestamp":"2026-07-07 20:02:32"}
{"level":"info","message":"Persisting migrated Item record [BVpiKTuoFgA4BzBq] of database \"fist-ultra-edition-compendium.core_traits_skills\".","timestamp":"2026-07-07 20:02:32"}
{"level":"info","message":"Persisting migrated Item record [BaiUi4lvhCwEhsKv] of database \"fist-ultra-edition-compendium.core_traits_skills\".","timestamp":"2026-07-07 20:02:32"}
{"level":"info","message":"Persisting migrated Item record [Bf2kD3LiqYfoSBYi] of database \"fist-ultra-edition-compendium.core_traits_skills\".","timestamp":"2026-07-07 20:02:32"}
{"level":"info","message":"Persisting migrated Item record [BpPW7zAODOZiAqd9] of database \"fist-ultra-edition-compendium.core_traits_skills\".","timestamp":"2026-07-07 20:02:32"}
{"level":"info","message":"Persisting migrated Item record [Byi5vJTqcRtiydo6] of database \"fist-ultra-edition-compendium.core_traits_skills\".","timestamp":"2026-07-07 20:02:32"}
{"level":"info","message":"Persisting migrated Item record [C1HMsmqX8UXLphwq] of database \"fist-ultra-edition-compendium.core_traits_skills\".","timestamp":"2026-07-07 20:02:32"}
{"level":"info","message":"Persisting migrated Item record [CJFxbpMjZHP4N8Gx] of database \"fist-ultra-edition-compendium.core_traits_skills\".","timestamp":"2026-07-07 20:02:32"}
{"level":"info","message":"Persisting migrated Item record [CZWnyiFJxQGJQugy] of database \"fist-ultra-edition-compendium.core_traits_skills\".","timestamp":"2026-07-07 20:02:32"}
{"level":"info","message":"Persisting migrated Item record [CiJdW5kZFH5TzKTO] of database \"fist-ultra-edition-compendium.core_traits_skills\".","timestamp":"2026-07-07 20:02:32"}
{"level":"info","message":"Persisting migrated Item record [Co0th5WgCzsi3PQD] of database \"fist-ultra-edition-compendium.core_traits_skills\".","timestamp":"2026-07-07 20:02:32"}
{"level":"info","message":"Persisting migrated Item record [D3QRky1A4XtTaoj3] of database \"fist-ultra-edition-compendium.core_traits_skills\".","timestamp":"2026-07-07 20:02:32"}
{"level":"info","message":"Persisting migrated Item record [D4E4N15yU4F4IXzy] of database \"fist-ultra-edition-compendium.core_traits_skills\".","timestamp":"2026-07-07 20:02:32"}
{"level":"info","message":"Persisting migrated Item record [DHwxiNkpxbGBUsiJ] of database \"fist-ultra-edition-compendium.core_traits_skills\".","timestamp":"2026-07-07 20:02:32"}
{"level":"info","message":"Persisting migrated Item record [DTfx6PYpynxl9MxU] of database \"fist-ultra-edition-compendium.core_traits_skills\".","timestamp":"2026-07-07 20:02:32"}
{"level":"info","message":"Persisting migrated Item record [DWdMNALc5VuXGYeD] of database \"fist-ultra-edition-compendium.core_traits_skills\".","timestamp":"2026-07-07 20:02:32"}
{"level":"info","message":"Persisting migrated Item record [DpiitixYnyk861ZG] of database \"fist-ultra-edition-compendium.core_traits_skills\".","timestamp":"2026-07-07 20:02:32"}
{"level":"info","message":"Persisting migrated Item record [E2Xok0zNlb0X85ni] of database \"fist-ultra-edition-compendium.core_traits_skills\".","timestamp":"2026-07-07 20:02:32"}
{"level":"info","message":"Persisting migrated Item record [EJrHjHCZFOF2RvM0] of database \"fist-ultra-edition-compendium.core_traits_skills\".","timestamp":"2026-07-07 20:02:32"}
{"level":"info","message":"Persisting migrated Item record [EOcqo4TZFaZPBEEU] of database \"fist-ultra-edition-compendium.core_traits_skills\".","timestamp":"2026-07-07 20:02:32"}
{"level":"info","message":"Persisting migrated Item record [FLs4wdS1JJUGm4ss] of database \"fist-ultra-edition-compendium.core_traits_skills\".","timestamp":"2026-07-07 20:02:32"}
{"level":"info","message":"Persisting migrated Item record [FgmwenGxlfGOOpqi] of database \"fist-ultra-edition-compendium.core_traits_skills\".","timestamp":"2026-07-07 20:02:32"}
{"level":"info","message":"Persisting migrated Item record [G9XCK4QrJL94zjJ8] of database \"fist-ultra-edition-compendium.core_traits_skills\".","timestamp":"2026-07-07 20:02:32"}
{"level":"info","message":"Persisting migrated Item record [GC3n4pj9aE7on7JO] of database \"fist-ultra-edition-compendium.core_traits_skills\".","timestamp":"2026-07-07 20:02:32"}
{"level":"info","message":"Persisting migrated Item record [GEUctbpPB1pqRXgv] of database \"fist-ultra-edition-compendium.core_traits_skills\".","timestamp":"2026-07-07 20:02:32"}
{"level":"info","message":"Persisting migrated Item record [GLjtLgeEMC5XXncr] of database \"fist-ultra-edition-compendium.core_traits_skills\".","timestamp":"2026-07-07 20:02:32"}
{"level":"info","message":"Persisting migrated Item record [GX9BePbwVJqbShgc] of database \"fist-ultra-edition-compendium.core_traits_skills\".","timestamp":"2026-07-07 20:02:32"}
{"level":"info","message":"Persisting migrated Item record [GbO5xrP061LzRbBJ] of database \"fist-ultra-edition-compendium.core_traits_skills\".","timestamp":"2026-07-07 20:02:32"}
{"level":"info","message":"Persisting migrated Item record [H4wNcWFqkuh4aMOa] of database \"fist-ultra-edition-compendium.core_traits_skills\".","timestamp":"2026-07-07 20:02:32"}
{"level":"info","message":"Persisting migrated Item record [H5jlXwN3ZqcJeqAR] of database \"fist-ultra-edition-compendium.core_traits_skills\".","timestamp":"2026-07-07 20:02:32"}
{"level":"info","message":"Persisting migrated Item record [HC4PY1399RRFVmMY] of database \"fist-ultra-edition-compendium.core_traits_skills\".","timestamp":"2026-07-07 20:02:32"}
{"level":"info","message":"Persisting migrated Item record [HF4uSCsYOZYLmFEl] of database \"fist-ultra-edition-compendium.core_traits_skills\".","timestamp":"2026-07-07 20:02:32"}
{"level":"info","message":"Persisting migrated Item record [Hjiy1S6uf2LMUpV7] of database \"fist-ultra-edition-compendium.core_traits_skills\".","timestamp":"2026-07-07 20:02:32"}
{"level":"info","message":"Persisting migrated Item record [HlYmhw3oH4cRLoRJ] of database \"fist-ultra-edition-compendium.core_traits_skills\".","timestamp":"2026-07-07 20:02:32"}
{"level":"info","message":"Persisting migrated Item record [HvKuGKtcu1J7jKX1] of database \"fist-ultra-edition-compendium.core_traits_skills\".","timestamp":"2026-07-07 20:02:32"}
{"level":"info","message":"Persisting migrated Item record [IHKVZc8woqIVQGKP] of database \"fist-ultra-edition-compendium.core_traits_skills\".","timestamp":"2026-07-07 20:02:32"}
{"level":"info","message":"Persisting migrated Item record [ILb5VpnCQ91eYOB0] of database \"fist-ultra-edition-compendium.core_traits_skills\".","timestamp":"2026-07-07 20:02:32"}
{"level":"info","message":"Persisting migrated Item record [JJgpi1dyoU4rjF8p] of database \"fist-ultra-edition-compendium.core_traits_skills\".","timestamp":"2026-07-07 20:02:32"}
{"level":"info","message":"Persisting migrated Item record [JKo7TtX24LLjo8Um] of database \"fist-ultra-edition-compendium.core_traits_skills\".","timestamp":"2026-07-07 20:02:32"}
{"level":"info","message":"Persisting migrated Item record [K7wGE5JgSYqPxjPo] of database \"fist-ultra-edition-compendium.core_traits_skills\".","timestamp":"2026-07-07 20:02:32"}
{"level":"info","message":"Persisting migrated Item record [KWPBl38uTFxC49Ae] of database \"fist-ultra-edition-compendium.core_traits_skills\".","timestamp":"2026-07-07 20:02:32"}
{"level":"info","message":"Persisting migrated Item record [Loepb6wEiAPCeXTy] of database \"fist-ultra-edition-compendium.core_traits_skills\".","timestamp":"2026-07-07 20:02:32"}
{"level":"info","message":"Persisting migrated Item record [MN5XHbeyMu9r7qWj] of database \"fist-ultra-edition-compendium.core_traits_skills\".","timestamp":"2026-07-07 20:02:32"}
{"level":"info","message":"Persisting migrated Item record [MeZV1m1TV1phxlyE] of database \"fist-ultra-edition-compendium.core_traits_skills\".","timestamp":"2026-07-07 20:02:32"}
{"level":"info","message":"Persisting migrated Item record [OxtOBCSU71us9Dj9] of database \"fist-ultra-edition-compendium.core_traits_skills\".","timestamp":"2026-07-07 20:02:32"}
{"level":"info","message":"Persisting migrated Item record [P7OBwAXSaVF55ZRY] of database \"fist-ultra-edition-compendium.core_traits_skills\".","timestamp":"2026-07-07 20:02:32"}
{"level":"info","message":"Persisting migrated Item record [Q0SDUi1GqYaTSGlh] of database \"fist-ultra-edition-compendium.core_traits_skills\".","timestamp":"2026-07-07 20:02:32"}
{"level":"info","message":"Persisting migrated Item record [QFGiGnMwY86ijBub] of database \"fist-ultra-edition-compendium.core_traits_skills\".","timestamp":"2026-07-07 20:02:32"}
{"level":"info","message":"Persisting migrated Item record [QXDwOXkCsMBRX1td] of database \"fist-ultra-edition-compendium.core_traits_skills\".","timestamp":"2026-07-07 20:02:32"}
{"level":"info","message":"Persisting migrated Item record [RF4kDjOsq5VT42hi] of database \"fist-ultra-edition-compendium.core_traits_skills\".","timestamp":"2026-07-07 20:02:32"}
{"level":"info","message":"Persisting migrated Item record [RP7RidMZ83jfxPJb] of database \"fist-ultra-edition-compendium.core_traits_skills\".","timestamp":"2026-07-07 20:02:32"}
{"level":"info","message":"Persisting migrated Item record [RT9c2R1NvcWqBk6F] of database \"fist-ultra-edition-compendium.core_traits_skills\".","timestamp":"2026-07-07 20:02:32"}
{"level":"info","message":"Persisting migrated Item record [S3o0vPNzdHqKp7GE] of database \"fist-ultra-edition-compendium.core_traits_skills\".","timestamp":"2026-07-07 20:02:32"}
{"level":"info","message":"Persisting migrated Item record [SLaaHV9ojfLaIKy3] of database \"fist-ultra-edition-compendium.core_traits_skills\".","timestamp":"2026-07-07 20:02:32"}
{"level":"info","message":"Persisting migrated Item record [TKy73QeXy2TEFtqo] of database \"fist-ultra-edition-compendium.core_traits_skills\".","timestamp":"2026-07-07 20:02:32"}
{"level":"info","message":"Persisting migrated Item record [TNZNwQ3yq5FnPJXD] of database \"fist-ultra-edition-compendium.core_traits_skills\".","timestamp":"2026-07-07 20:02:32"}
{"level":"info","message":"Persisting migrated Item record [U0jT4zD8GkwVA6Wg] of database \"fist-ultra-edition-compendium.core_traits_skills\".","timestamp":"2026-07-07 20:02:32"}
{"level":"info","message":"Persisting migrated Item record [UEdk6ZdRgOTla6dM] of database \"fist-ultra-edition-compendium.core_traits_skills\".","timestamp":"2026-07-07 20:02:32"}
{"level":"info","message":"Persisting migrated Item record [ULSZGeXyqTCKMTk3] of database \"fist-ultra-edition-compendium.core_traits_skills\".","timestamp":"2026-07-07 20:02:32"}
{"level":"info","message":"Persisting migrated Item record [UMjaMZtqiS4iCZ2m] of database \"fist-ultra-edition-compendium.core_traits_skills\".","timestamp":"2026-07-07 20:02:32"}
{"level":"info","message":"Persisting migrated Item record [UVPJImw2NxDNsKYz] of database \"fist-ultra-edition-compendium.core_traits_skills\".","timestamp":"2026-07-07 20:02:32"}
{"level":"info","message":"Persisting migrated Item record [Ui9LZFo20DBVSTKx] of database \"fist-ultra-edition-compendium.core_traits_skills\".","timestamp":"2026-07-07 20:02:32"}
{"level":"info","message":"Persisting migrated Item record [UlzFSroZw0FCg9f1] of database \"fist-ultra-edition-compendium.core_traits_skills\".","timestamp":"2026-07-07 20:02:32"}
{"level":"info","message":"Persisting migrated Item record [UtFw6KkyGMPym6ff] of database \"fist-ultra-edition-compendium.core_traits_skills\".","timestamp":"2026-07-07 20:02:32"}
{"level":"info","message":"Persisting migrated Item record [UtrMRLVFyBFnzD3n] of database \"fist-ultra-edition-compendium.core_traits_skills\".","timestamp":"2026-07-07 20:02:32"}
{"level":"info","message":"Persisting migrated Item record [V19F9N46elCaQ9hy] of database \"fist-ultra-edition-compendium.core_traits_skills\".","timestamp":"2026-07-07 20:02:32"}
{"level":"info","message":"Persisting migrated Item record [V2Z9mdVEHAJbVaVb] of database \"fist-ultra-edition-compendium.core_traits_skills\".","timestamp":"2026-07-07 20:02:32"}
{"level":"info","message":"Persisting migrated Item record [VHNYzOjE2gKZ6YAd] of database \"fist-ultra-edition-compendium.core_traits_skills\".","timestamp":"2026-07-07 20:02:32"}
{"level":"info","message":"Persisting migrated Item record [W40AgQYlcX5mZ9PG] of database \"fist-ultra-edition-compendium.core_traits_skills\".","timestamp":"2026-07-07 20:02:32"}
{"level":"info","message":"Persisting migrated Item record [WzFPLp1N5J23LKGW] of database \"fist-ultra-edition-compendium.core_traits_skills\".","timestamp":"2026-07-07 20:02:32"}
{"level":"info","message":"Persisting migrated Item record [XNligjeBcl1jlqQk] of database \"fist-ultra-edition-compendium.core_traits_skills\".","timestamp":"2026-07-07 20:02:32"}
{"level":"info","message":"Persisting migrated Item record [XOY4UrL19KB2jYcs] of database \"fist-ultra-edition-compendium.core_traits_skills\".","timestamp":"2026-07-07 20:02:32"}
{"level":"info","message":"Persisting migrated Item record [Y583Z9AYsJnBBnfB] of database \"fist-ultra-edition-compendium.core_traits_skills\".","timestamp":"2026-07-07 20:02:32"}
{"level":"info","message":"Persisting migrated Item record [Y6xDYQD5SMhSC5tb] of database \"fist-ultra-edition-compendium.core_traits_skills\".","timestamp":"2026-07-07 20:02:32"}
{"level":"info","message":"Persisting migrated Item record [YEyn5tE0EXZBpjNf] of database \"fist-ultra-edition-compendium.core_traits_skills\".","timestamp":"2026-07-07 20:02:32"}
{"level":"info","message":"Persisting migrated Item record [YF1Zutf4GQrZ3mmb] of database \"fist-ultra-edition-compendium.core_traits_skills\".","timestamp":"2026-07-07 20:02:32"}
{"level":"info","message":"Persisting migrated Item record [YGPcsMEmabu9u94c] of database \"fist-ultra-edition-compendium.core_traits_skills\".","timestamp":"2026-07-07 20:02:32"}
{"level":"info","message":"Persisting migrated Item record [YSJFVqHvV9dcw8jD] of database \"fist-ultra-edition-compendium.core_traits_skills\".","timestamp":"2026-07-07 20:02:32"}
{"level":"info","message":"Persisting migrated Item record [ZFEqZRDwOcVseH6s] of database \"fist-ultra-edition-compendium.core_traits_skills\".","timestamp":"2026-07-07 20:02:32"}
{"level":"info","message":"Persisting migrated Item record [ZTATvZrPaMG8ItBT] of database \"fist-ultra-edition-compendium.core_traits_skills\".","timestamp":"2026-07-07 20:02:32"}
{"level":"info","message":"Persisting migrated Item record [ZlDS8cnCxTTzEaVB] of database \"fist-ultra-edition-compendium.core_traits_skills\".","timestamp":"2026-07-07 20:02:32"}
{"level":"info","message":"Persisting migrated Item record [ZzsfnckZIe4A7bgD] of database \"fist-ultra-edition-compendium.core_traits_skills\".","timestamp":"2026-07-07 20:02:32"}
{"level":"info","message":"Persisting migrated Item record [a1BoMVweecThtDNv] of database \"fist-ultra-edition-compendium.core_traits_skills\".","timestamp":"2026-07-07 20:02:32"}
{"level":"info","message":"Persisting migrated Item record [a411HQ3wYOJzMhSO] of database \"fist-ultra-edition-compendium.core_traits_skills\".","timestamp":"2026-07-07 20:02:32"}
{"level":"info","message":"Persisting migrated Item record [aICHtd2SdnEDFW35] of database \"fist-ultra-edition-compendium.core_traits_skills\".","timestamp":"2026-07-07 20:02:32"}
{"level":"info","message":"Persisting migrated Item record [aZyVFKziObADR5BG] of database \"fist-ultra-edition-compendium.core_traits_skills\".","timestamp":"2026-07-07 20:02:32"}
{"level":"info","message":"Persisting migrated Item record [adfevPF8GlI9Vip5] of database \"fist-ultra-edition-compendium.core_traits_skills\".","timestamp":"2026-07-07 20:02:32"}
{"level":"info","message":"Persisting migrated Item record [bhHDj13jgzPewgFZ] of database \"fist-ultra-edition-compendium.core_traits_skills\".","timestamp":"2026-07-07 20:02:32"}
{"level":"info","message":"Persisting migrated Item record [bibGLporOHuwtFXF] of database \"fist-ultra-edition-compendium.core_traits_skills\".","timestamp":"2026-07-07 20:02:32"}
{"level":"info","message":"Persisting migrated Item record [blcgQeO1CPHli3o8] of database \"fist-ultra-edition-compendium.core_traits_skills\".","timestamp":"2026-07-07 20:02:32"}
{"level":"info","message":"Persisting migrated Item record [buVoVM9qG58PLbgh] of database \"fist-ultra-edition-compendium.core_traits_skills\".","timestamp":"2026-07-07 20:02:32"}
{"level":"info","message":"Persisting migrated Item record [cVp8pa0SPZSE2jzL] of database \"fist-ultra-edition-compendium.core_traits_skills\".","timestamp":"2026-07-07 20:02:32"}
{"level":"info","message":"Persisting migrated Item record [cX1htmx45fe8ATn1] of database \"fist-ultra-edition-compendium.core_traits_skills\".","timestamp":"2026-07-07 20:02:32"}
{"level":"info","message":"Persisting migrated Item record [ciD5s7hYqvNGdXZ7] of database \"fist-ultra-edition-compendium.core_traits_skills\".","timestamp":"2026-07-07 20:02:32"}
{"level":"info","message":"Persisting migrated Item record [d1zbFhoAqzzOvrMf] of database \"fist-ultra-edition-compendium.core_traits_skills\".","timestamp":"2026-07-07 20:02:32"}
{"level":"info","message":"Persisting migrated Item record [dyMnQe4YMo6szMLO] of database \"fist-ultra-edition-compendium.core_traits_skills\".","timestamp":"2026-07-07 20:02:32"}
{"level":"info","message":"Persisting migrated Item record [eeHxZpI6XVLr9aaM] of database \"fist-ultra-edition-compendium.core_traits_skills\".","timestamp":"2026-07-07 20:02:32"}
{"level":"info","message":"Persisting migrated Item record [efBFaDWP3jAK8VCi] of database \"fist-ultra-edition-compendium.core_traits_skills\".","timestamp":"2026-07-07 20:02:32"}
{"level":"info","message":"Persisting migrated Item record [eurIz14QMg1Z3iRx] of database \"fist-ultra-edition-compendium.core_traits_skills\".","timestamp":"2026-07-07 20:02:32"}
{"level":"info","message":"Persisting migrated Item record [eym2r9157lUk2rM0] of database \"fist-ultra-edition-compendium.core_traits_skills\".","timestamp":"2026-07-07 20:02:32"}
{"level":"info","message":"Persisting migrated Item record [fRi6gzg0VmXokxjz] of database \"fist-ultra-edition-compendium.core_traits_skills\".","timestamp":"2026-07-07 20:02:32"}
{"level":"info","message":"Persisting migrated Item record [fVd9yppsDComOWS3] of database \"fist-ultra-edition-compendium.core_traits_skills\".","timestamp":"2026-07-07 20:02:32"}
{"level":"info","message":"Persisting migrated Item record [g9WJPjYByHjq7xcl] of database \"fist-ultra-edition-compendium.core_traits_skills\".","timestamp":"2026-07-07 20:02:32"}
{"level":"info","message":"Persisting migrated Item record [gHHV1Au3FCBd4HIJ] of database \"fist-ultra-edition-compendium.core_traits_skills\".","timestamp":"2026-07-07 20:02:32"}
{"level":"info","message":"Persisting migrated Item record [giNNYZRfw6nIUUQ0] of database \"fist-ultra-edition-compendium.core_traits_skills\".","timestamp":"2026-07-07 20:02:32"}
{"level":"info","message":"Persisting migrated Item record [gz9Zq8FUHXIRFdVi] of database \"fist-ultra-edition-compendium.core_traits_skills\".","timestamp":"2026-07-07 20:02:32"}
{"level":"info","message":"Persisting migrated Item record [h2ALaRiIlr91pjEa] of database \"fist-ultra-edition-compendium.core_traits_skills\".","timestamp":"2026-07-07 20:02:32"}
{"level":"info","message":"Persisting migrated Item record [h68CvMEeXv3tu272] of database \"fist-ultra-edition-compendium.core_traits_skills\".","timestamp":"2026-07-07 20:02:32"}
{"level":"info","message":"Persisting migrated Item record [hBQ2x7rwEqjEA6Zn] of database \"fist-ultra-edition-compendium.core_traits_skills\".","timestamp":"2026-07-07 20:02:32"}
{"level":"info","message":"Persisting migrated Item record [hTltQot2vaReEa5D] of database \"fist-ultra-edition-compendium.core_traits_skills\".","timestamp":"2026-07-07 20:02:32"}
{"level":"info","message":"Persisting migrated Item record [hUAEwECbPtobtzEx] of database \"fist-ultra-edition-compendium.core_traits_skills\".","timestamp":"2026-07-07 20:02:32"}
{"level":"info","message":"Persisting migrated Item record [htpRNN7ZxKYXRMcT] of database \"fist-ultra-edition-compendium.core_traits_skills\".","timestamp":"2026-07-07 20:02:32"}
{"level":"info","message":"Persisting migrated Item record [iFhdyqcHruS3HfWA] of database \"fist-ultra-edition-compendium.core_traits_skills\".","timestamp":"2026-07-07 20:02:32"}
{"level":"info","message":"Persisting migrated Item record [jBWogvWigmoc1GeG] of database \"fist-ultra-edition-compendium.core_traits_skills\".","timestamp":"2026-07-07 20:02:32"}
{"level":"info","message":"Persisting migrated Item record [jVWHmdpyuAXmw1C3] of database \"fist-ultra-edition-compendium.core_traits_skills\".","timestamp":"2026-07-07 20:02:32"}
{"level":"info","message":"Persisting migrated Item record [jr0QFAaY3KUYmfhD] of database \"fist-ultra-edition-compendium.core_traits_skills\".","timestamp":"2026-07-07 20:02:32"}
{"level":"info","message":"Persisting migrated Item record [ka3jXVw3ubH2vOpR] of database \"fist-ultra-edition-compendium.core_traits_skills\".","timestamp":"2026-07-07 20:02:32"}
{"level":"info","message":"Persisting migrated Item record [l22RG9os3Wmt6JdL] of database \"fist-ultra-edition-compendium.core_traits_skills\".","timestamp":"2026-07-07 20:02:32"}
{"level":"info","message":"Persisting migrated Item record [lXthVXdoSz4cOxDT] of database \"fist-ultra-edition-compendium.core_traits_skills\".","timestamp":"2026-07-07 20:02:32"}
{"level":"info","message":"Persisting migrated Item record [lvoPRBjZyIqcxbsu] of database \"fist-ultra-edition-compendium.core_traits_skills\".","timestamp":"2026-07-07 20:02:32"}
{"level":"info","message":"Persisting migrated Item record [mPyJwSfwOtxmFYam] of database \"fist-ultra-edition-compendium.core_traits_skills\".","timestamp":"2026-07-07 20:02:32"}
{"level":"info","message":"Persisting migrated Item record [n4OammffpxfmqRTg] of database \"fist-ultra-edition-compendium.core_traits_skills\".","timestamp":"2026-07-07 20:02:32"}
{"level":"info","message":"Persisting migrated Item record [nKw4vY34AxOLhjVh] of database \"fist-ultra-edition-compendium.core_traits_skills\".","timestamp":"2026-07-07 20:02:32"}
{"level":"info","message":"Persisting migrated Item record [nN2lG70xDw1e1hTI] of database \"fist-ultra-edition-compendium.core_traits_skills\".","timestamp":"2026-07-07 20:02:32"}
{"level":"info","message":"Persisting migrated Item record [nNaGXzVosN6T6kWh] of database \"fist-ultra-edition-compendium.core_traits_skills\".","timestamp":"2026-07-07 20:02:32"}
{"level":"info","message":"Persisting migrated Item record [nr3r6sXENG2T6lCc] of database \"fist-ultra-edition-compendium.core_traits_skills\".","timestamp":"2026-07-07 20:02:32"}
{"level":"info","message":"Persisting migrated Item record [o6vXy8VVsakulQTI] of database \"fist-ultra-edition-compendium.core_traits_skills\".","timestamp":"2026-07-07 20:02:32"}
{"level":"info","message":"Persisting migrated Item record [oH48qjfWVAbqEqyp] of database \"fist-ultra-edition-compendium.core_traits_skills\".","timestamp":"2026-07-07 20:02:32"}
{"level":"info","message":"Persisting migrated Item record [oN1Up6yPIsdRKOj9] of database \"fist-ultra-edition-compendium.core_traits_skills\".","timestamp":"2026-07-07 20:02:32"}
{"level":"info","message":"Persisting migrated Item record [ohy0IGvnqbS9w9v7] of database \"fist-ultra-edition-compendium.core_traits_skills\".","timestamp":"2026-07-07 20:02:32"}
{"level":"info","message":"Persisting migrated Item record [oqbxVcdRyZrJPpjN] of database \"fist-ultra-edition-compendium.core_traits_skills\".","timestamp":"2026-07-07 20:02:32"}
{"level":"info","message":"Persisting migrated Item record [pLtKv2VjyS0g9dwe] of database \"fist-ultra-edition-compendium.core_traits_skills\".","timestamp":"2026-07-07 20:02:32"}
{"level":"info","message":"Persisting migrated Item record [peIwWmB2DxFbLIKm] of database \"fist-ultra-edition-compendium.core_traits_skills\".","timestamp":"2026-07-07 20:02:32"}
{"level":"info","message":"Persisting migrated Item record [qCuC0mZyHweLEP4I] of database \"fist-ultra-edition-compendium.core_traits_skills\".","timestamp":"2026-07-07 20:02:32"}
{"level":"info","message":"Persisting migrated Item record [qXw0zwFWazTE7xLB] of database \"fist-ultra-edition-compendium.core_traits_skills\".","timestamp":"2026-07-07 20:02:32"}
{"level":"info","message":"Persisting migrated Item record [qoqbi0JwSZl3eYor] of database \"fist-ultra-edition-compendium.core_traits_skills\".","timestamp":"2026-07-07 20:02:32"}
{"level":"info","message":"Persisting migrated Item record [rBgHPoCKhECTN5TI] of database \"fist-ultra-edition-compendium.core_traits_skills\".","timestamp":"2026-07-07 20:02:32"}
{"level":"info","message":"Persisting migrated Item record [rCuputEyzVOAVINF] of database \"fist-ultra-edition-compendium.core_traits_skills\".","timestamp":"2026-07-07 20:02:32"}
{"level":"info","message":"Persisting migrated Item record [reh2Lu4eJz1GSDtu] of database \"fist-ultra-edition-compendium.core_traits_skills\".","timestamp":"2026-07-07 20:02:32"}
{"level":"info","message":"Persisting migrated Item record [rxLgLKgr45FhnUFE] of database \"fist-ultra-edition-compendium.core_traits_skills\".","timestamp":"2026-07-07 20:02:32"}
{"level":"info","message":"Persisting migrated Item record [sCUHzdq5b7StAh3g] of database \"fist-ultra-edition-compendium.core_traits_skills\".","timestamp":"2026-07-07 20:02:32"}
{"level":"info","message":"Persisting migrated Item record [sKZNqRhnkeGENFEF] of database \"fist-ultra-edition-compendium.core_traits_skills\".","timestamp":"2026-07-07 20:02:32"}
{"level":"info","message":"Persisting migrated Item record [sTZZ3WNgJCRGKJnb] of database \"fist-ultra-edition-compendium.core_traits_skills\".","timestamp":"2026-07-07 20:02:32"}
{"level":"info","message":"Persisting migrated Item record [sZ5scjlWVtx3mhnj] of database \"fist-ultra-edition-compendium.core_traits_skills\".","timestamp":"2026-07-07 20:02:32"}
{"level":"info","message":"Persisting migrated Item record [stEkG2fxur5kUdqH] of database \"fist-ultra-edition-compendium.core_traits_skills\".","timestamp":"2026-07-07 20:02:32"}
{"level":"info","message":"Persisting migrated Item record [tG7Ta4fddcwqxsaU] of database \"fist-ultra-edition-compendium.core_traits_skills\".","timestamp":"2026-07-07 20:02:32"}
{"level":"info","message":"Persisting migrated Item record [tVPEYsPTVXu9vOwz] of database \"fist-ultra-edition-compendium.core_traits_skills\".","timestamp":"2026-07-07 20:02:32"}
{"level":"info","message":"Persisting migrated Item record [uETb40KipX8lMqw5] of database \"fist-ultra-edition-compendium.core_traits_skills\".","timestamp":"2026-07-07 20:02:32"}
{"level":"info","message":"Persisting migrated Item record [uIrc4kYffubFRsam] of database \"fist-ultra-edition-compendium.core_traits_skills\".","timestamp":"2026-07-07 20:02:32"}
{"level":"info","message":"Persisting migrated Item record [uOsWX8Vn5APLv2vL] of database \"fist-ultra-edition-compendium.core_traits_skills\".","timestamp":"2026-07-07 20:02:32"}
{"level":"info","message":"Persisting migrated Item record [uY509F5mBldhBrjO] of database \"fist-ultra-edition-compendium.core_traits_skills\".","timestamp":"2026-07-07 20:02:32"}
{"level":"info","message":"Persisting migrated Item record [ubPL7XbzNBj5XUfC] of database \"fist-ultra-edition-compendium.core_traits_skills\".","timestamp":"2026-07-07 20:02:32"}
{"level":"info","message":"Persisting migrated Item record [umgJJ31pQbQTQxBC] of database \"fist-ultra-edition-compendium.core_traits_skills\".","timestamp":"2026-07-07 20:02:32"}
{"level":"info","message":"Persisting migrated Item record [v0DbfSa5mh2wvErV] of database \"fist-ultra-edition-compendium.core_traits_skills\".","timestamp":"2026-07-07 20:02:32"}
{"level":"info","message":"Persisting migrated Item record [v0cwBkg9ZrevOjrM] of database \"fist-ultra-edition-compendium.core_traits_skills\".","timestamp":"2026-07-07 20:02:32"}
{"level":"info","message":"Persisting migrated Item record [vgtmx5F0Z9jslSQx] of database \"fist-ultra-edition-compendium.core_traits_skills\".","timestamp":"2026-07-07 20:02:32"}
{"level":"info","message":"Persisting migrated Item record [wBEqhBSxubh2F92F] of database \"fist-ultra-edition-compendium.core_traits_skills\".","timestamp":"2026-07-07 20:02:32"}
{"level":"info","message":"Persisting migrated Item record [wMehccq7V0QgivF8] of database \"fist-ultra-edition-compendium.core_traits_skills\".","timestamp":"2026-07-07 20:02:32"}
{"level":"info","message":"Persisting migrated Item record [wPU6S47giPw8Dohv] of database \"fist-ultra-edition-compendium.core_traits_skills\".","timestamp":"2026-07-07 20:02:32"}
{"level":"info","message":"Persisting migrated Item record [wfWkP540RongzC3J] of database \"fist-ultra-edition-compendium.core_traits_skills\".","timestamp":"2026-07-07 20:02:32"}
{"level":"info","message":"Persisting migrated Item record [wsKR9xzdTHCftAxV] of database \"fist-ultra-edition-compendium.core_traits_skills\".","timestamp":"2026-07-07 20:02:32"}
{"level":"info","message":"Persisting migrated Item record [xDbRl0Cke4lf6HPa] of database \"fist-ultra-edition-compendium.core_traits_skills\".","timestamp":"2026-07-07 20:02:32"}
{"level":"info","message":"Persisting migrated Item record [xJh9DUrLUnYgfH4a] of database \"fist-ultra-edition-compendium.core_traits_skills\".","timestamp":"2026-07-07 20:02:32"}
{"level":"info","message":"Persisting migrated Item record [xQMXRThZIxs7Jw00] of database \"fist-ultra-edition-compendium.core_traits_skills\".","timestamp":"2026-07-07 20:02:32"}
{"level":"info","message":"Persisting migrated Item record [xYqAFJfACPuUOUQB] of database \"fist-ultra-edition-compendium.core_traits_skills\".","timestamp":"2026-07-07 20:02:32"}
{"level":"info","message":"Persisting migrated Item record [y1qC7cIEKZBrq5tE] of database \"fist-ultra-edition-compendium.core_traits_skills\".","timestamp":"2026-07-07 20:02:32"}
{"level":"info","message":"Persisting migrated Item record [yBEeqCvqbmO3f0pC] of database \"fist-ultra-edition-compendium.core_traits_skills\".","timestamp":"2026-07-07 20:02:32"}
{"level":"info","message":"Persisting migrated Item record [yYTqsCqkK7V6rYkB] of database \"fist-ultra-edition-compendium.core_traits_skills\".","timestamp":"2026-07-07 20:02:32"}
{"level":"info","message":"Persisting migrated Item record [yfeivODQXJALkoNj] of database \"fist-ultra-edition-compendium.core_traits_skills\".","timestamp":"2026-07-07 20:02:32"}
{"level":"info","message":"Persisting migrated Item record [ymnMF5VySgUuzHx2] of database \"fist-ultra-edition-compendium.core_traits_skills\".","timestamp":"2026-07-07 20:02:32"}
{"level":"info","message":"Persisting migrated Item record [yqHI3zSVfdFJRYjS] of database \"fist-ultra-edition-compendium.core_traits_skills\".","timestamp":"2026-07-07 20:02:32"}
{"level":"info","message":"Persisting migrated Item record [yqPSdqzTizjWuuqB] of database \"fist-ultra-edition-compendium.core_traits_skills\".","timestamp":"2026-07-07 20:02:32"}
{"level":"info","message":"Persisting migrated Item record [z0qLioIdTHjpNmgO] of database \"fist-ultra-edition-compendium.core_traits_skills\".","timestamp":"2026-07-07 20:02:32"}
{"level":"info","message":"Persisting migrated Item record [z3NLG2OFFdfOz5IK] of database \"fist-ultra-edition-compendium.core_traits_skills\".","timestamp":"2026-07-07 20:02:32"}
{"level":"info","message":"Persisting migrated Item record [z6x3nBZrSphvIed8] of database \"fist-ultra-edition-compendium.core_traits_skills\".","timestamp":"2026-07-07 20:02:32"}
{"level":"info","message":"Persisting migrated Item record [zNBLGKov8XZnPXMf] of database \"fist-ultra-edition-compendium.core_traits_skills\".","timestamp":"2026-07-07 20:02:32"}
{"level":"info","message":"Persisting migrated Item record [zuHoMSJtfeH8sVt6] of database \"fist-ultra-edition-compendium.core_traits_skills\".","timestamp":"2026-07-07 20:02:32"}
{"level":"info","message":"Completed migration of database \"fist-ultra-edition-compendium.core_traits_skills.\"","timestamp":"2026-07-07 20:02:32"}
{"level":"info","message":"Launching World | Migrating Package Data - 67%","timestamp":"2026-07-07 20:02:32"}
{"level":"info","message":"Migrated RollTable record [0kci5aCVa6efMaG4] of database \"fist-ultra-edition-compendium.rollable_tables\".","timestamp":"2026-07-07 20:02:32"}
{"level":"info","message":"Migrated RollTable record [1k4jJNoQbzowT0ry] of database \"fist-ultra-edition-compendium.rollable_tables\".","timestamp":"2026-07-07 20:02:32"}
{"level":"info","message":"Migrated RollTable record [2XPVgAk2Mg67uI6s] of database \"fist-ultra-edition-compendium.rollable_tables\".","timestamp":"2026-07-07 20:02:32"}
{"level":"info","message":"Migrated RollTable record [EZs5kvDkOEAAvfQN] of database \"fist-ultra-edition-compendium.rollable_tables\".","timestamp":"2026-07-07 20:02:32"}
{"level":"info","message":"Migrated RollTable record [JtVKXqNyYze2gsRd] of database \"fist-ultra-edition-compendium.rollable_tables\".","timestamp":"2026-07-07 20:02:32"}
{"level":"info","message":"Migrated RollTable record [RBSyS9Gt0XIgA8JO] of database \"fist-ultra-edition-compendium.rollable_tables\".","timestamp":"2026-07-07 20:02:32"}
{"level":"info","message":"Migrated RollTable record [RLqmtvdroZ0Y2xTj] of database \"fist-ultra-edition-compendium.rollable_tables\".","timestamp":"2026-07-07 20:02:32"}
{"level":"info","message":"Migrated RollTable record [oCwRhv6zyl1Pkq7f] of database \"fist-ultra-edition-compendium.rollable_tables\".","timestamp":"2026-07-07 20:02:32"}
{"level":"info","message":"Migrated RollTable record [qIb9Xow3QErcvFGU] of database \"fist-ultra-edition-compendium.rollable_tables\".","timestamp":"2026-07-07 20:02:32"}
{"level":"info","message":"Persisting migrated RollTable record [0kci5aCVa6efMaG4] of database \"fist-ultra-edition-compendium.rollable_tables\".","timestamp":"2026-07-07 20:02:32"}
{"level":"info","message":"Persisting migrated RollTable record [1k4jJNoQbzowT0ry] of database \"fist-ultra-edition-compendium.rollable_tables\".","timestamp":"2026-07-07 20:02:32"}
{"level":"info","message":"Persisting migrated RollTable record [2XPVgAk2Mg67uI6s] of database \"fist-ultra-edition-compendium.rollable_tables\".","timestamp":"2026-07-07 20:02:32"}
{"level":"info","message":"Persisting migrated RollTable record [EZs5kvDkOEAAvfQN] of database \"fist-ultra-edition-compendium.rollable_tables\".","timestamp":"2026-07-07 20:02:32"}
{"level":"info","message":"Persisting migrated RollTable record [JtVKXqNyYze2gsRd] of database \"fist-ultra-edition-compendium.rollable_tables\".","timestamp":"2026-07-07 20:02:32"}
{"level":"info","message":"Persisting migrated RollTable record [RBSyS9Gt0XIgA8JO] of database \"fist-ultra-edition-compendium.rollable_tables\".","timestamp":"2026-07-07 20:02:32"}
{"level":"info","message":"Persisting migrated RollTable record [RLqmtvdroZ0Y2xTj] of database \"fist-ultra-edition-compendium.rollable_tables\".","timestamp":"2026-07-07 20:02:32"}
{"level":"info","message":"Persisting migrated RollTable record [oCwRhv6zyl1Pkq7f] of database \"fist-ultra-edition-compendium.rollable_tables\".","timestamp":"2026-07-07 20:02:32"}
{"level":"info","message":"Persisting migrated RollTable record [qIb9Xow3QErcvFGU] of database \"fist-ultra-edition-compendium.rollable_tables\".","timestamp":"2026-07-07 20:02:32"}
{"level":"info","message":"Completed migration of database \"fist-ultra-edition-compendium.rollable_tables.\"","timestamp":"2026-07-07 20:02:32"}
{"level":"info","message":"Launching World | Migrating Package Data - 100%","timestamp":"2026-07-07 20:02:32"}
{"level":"info","message":"Launching World | Complete","timestamp":"2026-07-07 20:02:32"}
{"ip":"38.143.253.121","level":"info","message":"User authentication successful for user Gamemaster","session":"bef76bfeee1124ee552e53ee","timestamp":"2026-07-07 20:02:37"}
{"level":"info","message":"No system update for FIST: Ultra Edition is currently available.","timestamp":"2026-07-07 20:02:39"}
{"level":"info","message":"Vended World data to User [xmljeyMGZBPkULO7] in 445ms","timestamp":"2026-07-07 20:02:39"}
{"level":"info","message":"Created ChatMessage with id [jF2d20byCoKitKbm]","timestamp":"2026-07-07 20:02:49"}
{"level":"info","message":"Created client session e11046902d7f6c580e2d999d","timestamp":"2026-07-07 20:11:06"}
{"level":"info","message":"Created client session 78383b52d6ec3f31f6941ddb","timestamp":"2026-07-07 20:13:46"}
{"level":"info","message":"Created client session 1b19d66c402b6a7620c13578","timestamp":"2026-07-07 20:13:47"}
{"level":"info","message":"Created client session 262b8d2425d6faa2256454b5","timestamp":"2026-07-07 20:34:01"}
{"level":"info","message":"Created client session cd61364086969b03b599d3f2","timestamp":"2026-07-07 20:46:28"}
{"level":"info","message":"Created client session 3e03a0248ea3b48c2d873f92","timestamp":"2026-07-07 21:03:33"}
{"level":"info","message":"Created client session 1d94a45fb286d45a9bdfa689","timestamp":"2026-07-07 21:32:05"}
{"level":"info","message":"Created client session c708c00c6a91f39af228df10","timestamp":"2026-07-07 21:32:05"}
{"level":"info","message":"Created client session fa547ba591527689af62f6a1","timestamp":"2026-07-07 21:43:51"}
{"level":"info","message":"Created client session 3a1a6dde3b8efd64b0f1c7b2","timestamp":"2026-07-07 21:55:55"}
{"level":"info","message":"Created client session 8ded2cb8774e434e65282956","timestamp":"2026-07-07 21:55:56"}
{"level":"info","message":"Created client session 8b18cda4eae8249c1e591ff4","timestamp":"2026-07-07 21:57:40"}
{"level":"info","message":"Created client session 0dd127468c8a6ca43f7807d8","timestamp":"2026-07-07 22:08:14"}
{"level":"info","message":"Created client session 691fdef6de368912fe25668f","timestamp":"2026-07-07 23:06:35"}
{"level":"info","message":"Created client session 65c446683c311d9ff95785e0","timestamp":"2026-07-07 23:08:47"}
{"level":"info","message":"Created client session 2f67dc59ed54b0095307bd0b","timestamp":"2026-07-07 23:20:27"}
{"level":"info","message":"Created client session b309c6485493ee12346da169","timestamp":"2026-07-07 23:20:27"}
{"level":"info","message":"Created client session 550de1e40bd8f61322fa1648","timestamp":"2026-07-07 23:20:28"}
{"level":"info","message":"Created client session d9d0b133a87f7ae6619f7148","timestamp":"2026-07-07 23:20:29"}
{"level":"info","message":"Created client session fa5f459dc6d49fa0d71616f7","timestamp":"2026-07-07 23:20:47"}
{"level":"info","message":"Created client session 5bc6f18b03c5dc88db9f0e3e","timestamp":"2026-07-07 23:27:54"}
