{"level":"info","message":"Created client session 28160a38d974810e3c25ce0c","timestamp":"2026-07-16 00:06:19"}
{"level":"info","message":"Created client session 2e731e1567977408d98cc117","timestamp":"2026-07-16 00:29:52"}
{"level":"info","message":"Created client session 8edd9c3b478e89d89710421a","timestamp":"2026-07-16 00:53:42"}
{"level":"info","message":"Created client session 0b55521806b346089486ca65","timestamp":"2026-07-16 01:03:44"}
{"level":"info","message":"Created client session ec33b9a9cd9c1b306d9680a0","timestamp":"2026-07-16 01:03:44"}
{"level":"info","message":"Created client session 3d53fe071c2827195444ca59","timestamp":"2026-07-16 01:03:44"}
{"level":"info","message":"Created client session bb5b3d3b09d45b29fa354e8e","timestamp":"2026-07-16 01:03:44"}
{"level":"info","message":"Created client session b3c23388e9ae4bbd04fe2a9e","timestamp":"2026-07-16 01:03:44"}
{"level":"info","message":"Created client session c6df0222c0e0bc0d2257a9f9","timestamp":"2026-07-16 01:03:44"}
{"level":"info","message":"Created client session 8b6449a9c605c208cb596239","timestamp":"2026-07-16 01:03:44"}
{"level":"info","message":"Created client session 1b7066621850c532ab240954","timestamp":"2026-07-16 01:03:44"}
{"level":"info","message":"Created client session b380b830a1c2d07ef7ca850b","timestamp":"2026-07-16 01:03:50"}
{"level":"info","message":"Created client session c8f860ce5c5c53cbfd2a7e05","timestamp":"2026-07-16 01:03:50"}
{"level":"info","message":"Created client session 8647110e7836822f4677b566","timestamp":"2026-07-16 01:03:52"}
{"level":"info","message":"Created client session 056efbae6413d04477d11c91","timestamp":"2026-07-16 01:03:52"}
{"level":"info","message":"Created client session 14ba9cd3709a6819713496bd","timestamp":"2026-07-16 01:03:52"}
{"level":"info","message":"Created client session 0c9709d88117df6c4c025c84","timestamp":"2026-07-16 01:03:58"}
{"level":"info","message":"Created client session af69be8f994b115d8b9f34c6","timestamp":"2026-07-16 01:03:58"}
{"level":"info","message":"Created client session a52cf39d9af34cc73b0ef138","timestamp":"2026-07-16 01:03:58"}
{"level":"info","message":"Created client session 5ac7fc886e7ba35c4e6004b2","timestamp":"2026-07-16 01:03:58"}
{"level":"info","message":"Created client session 4e2b4f463e705f74c99f19c3","timestamp":"2026-07-16 01:03:58"}
{"level":"info","message":"Created client session de1fa49695839ceee4808b1c","timestamp":"2026-07-16 01:03:59"}
{"level":"info","message":"Created client session a3c9bfc55a987395693ade22","timestamp":"2026-07-16 01:03:59"}
{"level":"info","message":"Created client session f6df22225bbedf8beb986eb4","timestamp":"2026-07-16 01:03:59"}
{"level":"info","message":"Created client session a163a6b8bbf1b94397c31e17","timestamp":"2026-07-16 01:04:08"}
{"level":"info","message":"Created client session a1d536070032f3a622d7deb6","timestamp":"2026-07-16 01:04:08"}
{"level":"info","message":"Created client session fc46c0ff3ceb24bdf85eac7b","timestamp":"2026-07-16 01:04:08"}
{"level":"info","message":"Created client session d758ab72237acc91df468616","timestamp":"2026-07-16 01:04:08"}
{"level":"info","message":"Created client session 450c70995121a6c7276c72f8","timestamp":"2026-07-16 01:04:16"}
{"level":"info","message":"Created client session ca8929e6af56d8a91f402253","timestamp":"2026-07-16 01:04:16"}
{"level":"info","message":"Created client session aaa2e98009bdd765a389c7de","timestamp":"2026-07-16 01:04:16"}
{"level":"info","message":"Created client session e9b5125f329dd9902b938437","timestamp":"2026-07-16 01:04:24"}
{"level":"info","message":"Created client session a3dd95b9d870631db418a3b7","timestamp":"2026-07-16 01:04:24"}
{"level":"info","message":"Created client session 8bcbcd70a6212216ec2f43be","timestamp":"2026-07-16 01:04:24"}
{"level":"info","message":"Created client session 7bf19f33a329c9160eec530f","timestamp":"2026-07-16 01:04:25"}
{"level":"info","message":"Created client session 4eeae915189d17aa8972ecf8","timestamp":"2026-07-16 01:04:25"}
{"level":"info","message":"Created client session 746cfd318bfab0bc3ae9a067","timestamp":"2026-07-16 01:04:25"}
{"level":"info","message":"Created client session f1c500be6bca979f57ec2af0","timestamp":"2026-07-16 01:04:27"}
{"level":"info","message":"Created client session bc97e29573b071b8377bbfd8","timestamp":"2026-07-16 01:04:29"}
{"level":"info","message":"Created client session e649adb369cee97cc64dc138","timestamp":"2026-07-16 01:04:29"}
{"level":"info","message":"Created client session a40a70e9977dc63958d66a29","timestamp":"2026-07-16 01:04:29"}
{"level":"info","message":"Created client session 3fbc29871689b611226fab55","timestamp":"2026-07-16 01:04:34"}
{"level":"info","message":"Created client session 7069c473fc5aecd119e23c30","timestamp":"2026-07-16 01:04:34"}
{"level":"info","message":"Created client session ae81f1d118e85d5132375dd7","timestamp":"2026-07-16 01:04:34"}
{"level":"info","message":"Created client session 6b8e9efc0dbb7d6d5862c3da","timestamp":"2026-07-16 01:04:34"}
{"level":"info","message":"Created client session ca777580502c21f11f2b6182","timestamp":"2026-07-16 01:04:34"}
{"level":"info","message":"Created client session 207a1186a01cde1e8b11687c","timestamp":"2026-07-16 01:04:35"}
{"level":"info","message":"Created client session 5d4e319e169a331506772f5d","timestamp":"2026-07-16 01:04:37"}
{"level":"info","message":"Created client session beed13d1d1adca4c7b139a02","timestamp":"2026-07-16 01:04:37"}
{"level":"info","message":"Created client session 82c16e0501c0d4d01ac90aef","timestamp":"2026-07-16 01:04:40"}
{"level":"info","message":"Created client session 8f3de973d611ae79419a0743","timestamp":"2026-07-16 01:04:40"}
{"level":"info","message":"Created client session 0e9bb31ddbbc68d9892e6ffc","timestamp":"2026-07-16 01:04:40"}
{"level":"info","message":"Created client session 6a0985c538e45bb7e2b40466","timestamp":"2026-07-16 01:04:40"}
{"level":"info","message":"Created client session 2ae9f92defaeb08e9c402c37","timestamp":"2026-07-16 01:04:42"}
{"level":"info","message":"Created client session 0d29fc2d3631ec91e64ac664","timestamp":"2026-07-16 01:04:44"}
{"level":"info","message":"Created client session ac2b3940c1e4bb72283c87fb","timestamp":"2026-07-16 01:04:45"}
{"level":"info","message":"Created client session 0d97913c16bf0cc3f7d0867e","timestamp":"2026-07-16 01:04:45"}
{"level":"info","message":"Created client session dc9e472d72679318613a3a0a","timestamp":"2026-07-16 01:04:50"}
{"level":"info","message":"Created client session b81d909f9e44efae1d7fcf2f","timestamp":"2026-07-16 01:04:57"}
{"level":"info","message":"Created client session 5977261fa808b69b0398a2e9","timestamp":"2026-07-16 01:08:00"}
{"level":"info","message":"Created client session 6f17d14958a54c929121b16d","timestamp":"2026-07-16 01:08:01"}
{"level":"info","message":"Created client session a6506b0ce7a38dba79bc7188","timestamp":"2026-07-16 01:08:01"}
{"level":"info","message":"Created client session b9825fc76367590e1e6e6a1e","timestamp":"2026-07-16 01:08:03"}
{"level":"info","message":"Created client session 7a80c276a418cebc9b0faf8d","timestamp":"2026-07-16 01:18:00"}
{"level":"info","message":"Created client session 5c2a81967bb106424e25c61c","timestamp":"2026-07-16 02:15:03"}
{"level":"info","message":"Created client session 7e8b993977d43f768c984a5c","timestamp":"2026-07-16 02:38:50"}
{"level":"info","message":"Created client session 56596e5374e9296c2f7996c2","timestamp":"2026-07-16 02:39:27"}
{"level":"info","message":"Created client session ebd82d09a0c39677b010892b","timestamp":"2026-07-16 03:03:10"}
{"level":"info","message":"Created client session e743f86b7cabc261f698ab2d","timestamp":"2026-07-16 03:04:13"}
{"level":"info","message":"Created client session 872913e5f07140527214e88c","timestamp":"2026-07-16 03:05:50"}
{"level":"info","message":"Created client session ca93b83f871ca5aec199f89c","timestamp":"2026-07-16 03:22:46"}
{"level":"info","message":"Created client session 6a3af0e8ac442f73293bb9db","timestamp":"2026-07-16 03:32:27"}
{"level":"info","message":"Created client session bde775434ce031d6b6ca229c","timestamp":"2026-07-16 03:33:21"}
{"level":"info","message":"Created client session d935c182a581b6610058549f","timestamp":"2026-07-16 03:35:13"}
{"level":"info","message":"Created client session 859b52400db6c359d93360ee","timestamp":"2026-07-16 03:35:17"}
{"level":"info","message":"Created client session 2e3a7e9cacf5cf4af9ae4ac1","timestamp":"2026-07-16 03:38:40"}
{"level":"info","message":"Created client session a82ddd415f5f6089d75101c5","timestamp":"2026-07-16 03:40:08"}
{"level":"info","message":"Created client session 13064e0d9b95c1fa99737026","timestamp":"2026-07-16 03:40:50"}
{"level":"info","message":"Created client session 55491384d5a9a1f4027472eb","timestamp":"2026-07-16 03:41:29"}
{"level":"info","message":"Created client session afa4d0a27811280e66a39a6b","timestamp":"2026-07-16 03:43:21"}
{"level":"info","message":"Created client session 51d829810efbabe5f4bfa7e4","timestamp":"2026-07-16 03:44:31"}
{"level":"info","message":"Created client session 47282eef8cd0e5769fae0b47","timestamp":"2026-07-16 03:45:16"}
{"level":"info","message":"Created client session 7872122729ab305ce73c99e8","timestamp":"2026-07-16 03:46:14"}
{"level":"info","message":"Created client session a0d74aba67b3ee8ea00a82de","timestamp":"2026-07-16 03:47:03"}
{"level":"info","message":"Created client session 403802517ad7fef818806a3a","timestamp":"2026-07-16 03:47:12"}
{"level":"info","message":"Created client session 0ee89f35f2a68a8cc110d84e","timestamp":"2026-07-16 03:48:01"}
{"level":"info","message":"Created client session fa1a42bfee3750a6cfed8a43","timestamp":"2026-07-16 03:48:40"}
{"level":"info","message":"Created client session e5a685cb600bbd4bdd5f677d","timestamp":"2026-07-16 03:49:03"}
{"level":"info","message":"Created client session 61dc956a7951cc601cd90acb","timestamp":"2026-07-16 03:49:26"}
{"level":"info","message":"Created client session 80374c54cd0dd781ed49737c","timestamp":"2026-07-16 03:49:55"}
{"level":"info","message":"Created client session 652ba4e466b3ff26bf844edd","timestamp":"2026-07-16 04:14:13"}
{"level":"info","message":"Created client session 3abfeb1a775eb3daf9bc9ebe","timestamp":"2026-07-16 04:14:14"}
{"level":"info","message":"Created client session d39906d5251f0406a31265d2","timestamp":"2026-07-16 04:16:06"}
{"level":"info","message":"Created client session 1efb2612afbbdb3484264989","timestamp":"2026-07-16 04:22:07"}
{"ip":"73.109.124.145","level":"info","message":"User authentication successful for user Celeste","session":"1efb2612afbbdb3484264989","timestamp":"2026-07-16 04:22:20"}
{"level":"info","message":"Core software stable update 14.365 is available!","timestamp":"2026-07-16 04:22:22"}
{"level":"info","message":"No system update for FIST: Ultra Edition is currently available.","timestamp":"2026-07-16 04:22:22"}
{"level":"info","message":"Vended World data to User [NtkiXgAzAG8PcZW0] in 516ms","timestamp":"2026-07-16 04:22:22"}
{"level":"info","message":"Created client session d81435eb4938e76143bdd6b9","timestamp":"2026-07-16 04:22:58"}
{"level":"info","message":"Created Item with id [PVLfJOpEgsa21QhZ] in parent Actor [NSMHAkXPCAw6OvS7]","timestamp":"2026-07-16 04:25:57"}
{"level":"info","message":"Deleted Item with id [PVLfJOpEgsa21QhZ] in parent Actor [NSMHAkXPCAw6OvS7]","timestamp":"2026-07-16 04:25:59"}
{"level":"info","message":"Created client session e51d177806800b61d69619eb","timestamp":"2026-07-16 04:38:45"}
{"level":"info","message":"Created client session 88930229150af9a9e58569e5","timestamp":"2026-07-16 04:38:46"}
{"level":"info","message":"Created client session a3ef833f71b719eaf876060f","timestamp":"2026-07-16 04:38:46"}
{"level":"info","message":"Created client session c6f791149366c2da0b482d94","timestamp":"2026-07-16 04:38:46"}
{"level":"info","message":"Created client session d7c42e0ca64fda8d171f9769","timestamp":"2026-07-16 04:38:47"}
{"level":"info","message":"Created client session 6aa9634fa5d8efc4ffad2401","timestamp":"2026-07-16 05:07:06"}
{"level":"info","message":"Created client session 764b93771f896ad9604d765e","timestamp":"2026-07-16 05:07:07"}
{"level":"info","message":"Created client session a4eca9fe81516542a9d9521a","timestamp":"2026-07-16 05:07:13"}
{"level":"info","message":"Created client session 0c23100fb706229d39cac0f7","timestamp":"2026-07-16 05:15:02"}
{"level":"info","message":"Created client session bccfc8143a3125101e25e27a","timestamp":"2026-07-16 05:25:15"}
{"level":"info","message":"Created client session 4ce3415900cd3e6f0b8b0e3b","timestamp":"2026-07-16 05:25:16"}
{"level":"info","message":"Created client session f39142c7fe9001a5b33ff292","timestamp":"2026-07-16 05:25:16"}
{"level":"info","message":"Created client session 599db2819fb86d16014b3022","timestamp":"2026-07-16 05:25:16"}
{"level":"info","message":"Created client session 9579aa824d492f72800de89f","timestamp":"2026-07-16 05:53:15"}
{"level":"info","message":"Created client session 48e3ca904955312892e0a4d4","timestamp":"2026-07-16 05:53:24"}
{"level":"info","message":"Created client session 42babe751427f58fa6aaba90","timestamp":"2026-07-16 05:56:15"}
{"level":"info","message":"Created client session a34ae869304f2d3f16e06141","timestamp":"2026-07-16 06:43:00"}
{"level":"info","message":"Created client session 0b3d0273d793ac75401d3be5","timestamp":"2026-07-16 06:46:49"}
{"level":"info","message":"Created client session d7f2cc91d9464f51e4e5754c","timestamp":"2026-07-16 06:49:06"}
{"level":"info","message":"Created client session c8aa1c0d9f5865f4535b92ae","timestamp":"2026-07-16 06:49:06"}
{"level":"info","message":"Created client session 5d1dbc0b1cea804ec3bd792d","timestamp":"2026-07-16 06:49:06"}
{"level":"info","message":"Created client session 111522903f7319a39a1b2c41","timestamp":"2026-07-16 06:49:06"}
{"level":"info","message":"Created client session cb1b2d367a1d80a13d3f5585","timestamp":"2026-07-16 06:49:06"}
{"level":"info","message":"Created client session 59ac97dc157cf325fdca98e7","timestamp":"2026-07-16 06:49:06"}
{"level":"info","message":"Created client session 4e5ce1539a076308555e4a8f","timestamp":"2026-07-16 06:52:11"}
{"level":"info","message":"Created client session d7db769a1f8f3270b29cf9a0","timestamp":"2026-07-16 07:03:23"}
{"level":"info","message":"Created client session 04c9243f8c7bb1bfc3991bc3","timestamp":"2026-07-16 07:24:42"}
{"level":"info","message":"Created client session f7018a600a003d35fe72a841","timestamp":"2026-07-16 07:25:52"}
{"level":"info","message":"Created client session 426f2863e5a5fa1c33de185b","timestamp":"2026-07-16 07:28:21"}
{"level":"info","message":"Created client session d8bbed9f02d118c5fba05ad9","timestamp":"2026-07-16 07:28:21"}
{"level":"info","message":"Created client session 46cc925f119408fba4ba6421","timestamp":"2026-07-16 07:28:21"}
{"level":"info","message":"Created client session b9d9e783e94dc097326e8bcf","timestamp":"2026-07-16 07:28:21"}
{"level":"info","message":"Created client session 2191da8eb914140447f23437","timestamp":"2026-07-16 07:53:53"}
{"level":"info","message":"Created client session 6dc1f7297c75729a5c01ee1d","timestamp":"2026-07-16 08:07:10"}
{"level":"info","message":"Created client session 6c6ec900f683a4a6ab82bb16","timestamp":"2026-07-16 08:18:20"}
{"level":"info","message":"Created client session c3bb3d7b8fdeddd246d904f6","timestamp":"2026-07-16 08:19:04"}
{"level":"info","message":"Created client session 1d6926d7748e14aa2fe1c999","timestamp":"2026-07-16 08:48:17"}
{"level":"info","message":"Created client session 98646763d68713690299bc99","timestamp":"2026-07-16 09:17:57"}
{"level":"info","message":"Created client session e0ec1d24706047bf9ff803ed","timestamp":"2026-07-16 09:35:22"}
{"level":"info","message":"Created client session 57982f1700858b6b268efbdc","timestamp":"2026-07-16 09:35:24"}
{"level":"info","message":"Created client session 9e26f33a2c47e0067ff743c8","timestamp":"2026-07-16 09:35:58"}
{"level":"info","message":"Created client session 0264140bddaa87347ae789eb","timestamp":"2026-07-16 09:35:58"}
{"level":"info","message":"Created client session 6b0421d59398f538ea1da27c","timestamp":"2026-07-16 09:42:23"}
{"level":"info","message":"Created client session 8f3176f9b6dd3928349fc8f2","timestamp":"2026-07-16 09:42:32"}
{"level":"info","message":"Created client session 03caff65928b90badd9b8547","timestamp":"2026-07-16 10:00:27"}
{"level":"info","message":"Created client session aa8198ebc72f2b25bc27294c","timestamp":"2026-07-16 10:00:28"}
{"level":"info","message":"Created client session 8c8e0804754a1d185fda3ce9","timestamp":"2026-07-16 10:21:31"}
{"level":"info","message":"Created client session f45b1d9780f9e92fea709c0b","timestamp":"2026-07-16 10:52:31"}
{"level":"info","message":"Created client session a515330962422eae7e214523","timestamp":"2026-07-16 10:52:31"}
{"level":"info","message":"Created client session 139ef5f0a630d120ff7836f9","timestamp":"2026-07-16 11:08:34"}
{"level":"info","message":"Created client session a295fba992e3dcbdf587e7d5","timestamp":"2026-07-16 11:26:55"}
{"level":"info","message":"Created client session 9fb6b853331fc2fcdc016add","timestamp":"2026-07-16 11:41:49"}
{"level":"info","message":"Created client session 00e41db9fee715be6ff5ead5","timestamp":"2026-07-16 11:42:01"}
{"level":"info","message":"Created client session 66871549369f961ae983abbd","timestamp":"2026-07-16 11:52:45"}
{"level":"info","message":"Created client session 246c24f2dfcc5b8234ccbf53","timestamp":"2026-07-16 11:52:48"}
{"level":"info","message":"Created client session c3b3e4396f41de613d9d4f4b","timestamp":"2026-07-16 12:00:57"}
{"level":"info","message":"Created client session d4be8324f3d3bc61c42d567f","timestamp":"2026-07-16 12:32:19"}
{"level":"info","message":"Created client session 04777a1a58b2b6f20e0f046b","timestamp":"2026-07-16 12:32:20"}
{"level":"info","message":"Created client session 1821abde870dd7db7a47044a","timestamp":"2026-07-16 12:32:20"}
{"level":"info","message":"Created client session d6c97eea6c50ccc3a7b7650a","timestamp":"2026-07-16 12:32:20"}
{"level":"info","message":"Created client session 043bd4d354a612d5adf47bcb","timestamp":"2026-07-16 12:32:20"}
{"level":"info","message":"Created client session 23cdb25e8ec0157579514f25","timestamp":"2026-07-16 12:32:20"}
{"level":"info","message":"Created client session ba5bfa737d2b168dfef13228","timestamp":"2026-07-16 12:32:20"}
{"level":"info","message":"Created client session dd19a347b643e26ec8e1b9f5","timestamp":"2026-07-16 12:32:20"}
{"level":"info","message":"Created client session 588106184b7ab36a91f84294","timestamp":"2026-07-16 12:32:20"}
{"level":"info","message":"Created client session 991b416a83198ca5d099df3b","timestamp":"2026-07-16 12:32:20"}
{"level":"info","message":"Created client session 4d3fb68793243d700d6d04b1","timestamp":"2026-07-16 12:32:21"}
{"level":"info","message":"Created client session f51f26bc302099a871ab5f70","timestamp":"2026-07-16 12:32:21"}
{"level":"info","message":"Created client session f82f348de9a8d3bc470c9a79","timestamp":"2026-07-16 12:32:21"}
{"level":"info","message":"Created client session 1edd029688d5593e855d1098","timestamp":"2026-07-16 12:32:21"}
{"level":"info","message":"Created client session 6c3e6205b4b85874c4819ba8","timestamp":"2026-07-16 12:32:21"}
{"level":"info","message":"Created client session c9c8f1abee7543c6ecf58ad4","timestamp":"2026-07-16 12:32:21"}
{"level":"info","message":"Created client session e04d02ded97f9b2ec33c187b","timestamp":"2026-07-16 12:32:21"}
{"level":"info","message":"Created client session a0a82cdddbfd544dbdfbaf05","timestamp":"2026-07-16 12:32:21"}
{"level":"info","message":"Created client session d61b37f30296e66102c6c708","timestamp":"2026-07-16 12:32:22"}
{"level":"info","message":"Created client session 18a886604dd2db30181498f1","timestamp":"2026-07-16 12:32:22"}
{"level":"info","message":"Created client session a1aab9bdf380b965b9751f60","timestamp":"2026-07-16 12:32:22"}
{"level":"info","message":"Created client session 2e6e91575bef9960c67e18ed","timestamp":"2026-07-16 12:32:22"}
{"level":"info","message":"Created client session 36a115ba095eff2b2baf1567","timestamp":"2026-07-16 12:32:22"}
{"level":"info","message":"Created client session 533252d5b1903fa69b93f4a2","timestamp":"2026-07-16 12:32:22"}
{"level":"info","message":"Created client session 8c4e91d3cb441187709e1a2e","timestamp":"2026-07-16 12:32:22"}
{"level":"info","message":"Created client session 5d315ce7a0b4ed32274f0176","timestamp":"2026-07-16 12:32:23"}
{"level":"info","message":"Created client session f066d51713784f52fbfcf254","timestamp":"2026-07-16 12:32:23"}
{"level":"info","message":"Created client session cc23e50088bf76d6b9031597","timestamp":"2026-07-16 12:32:23"}
{"level":"info","message":"Created client session 4fd0b93bc87b5e6c7e8c61db","timestamp":"2026-07-16 12:32:23"}
{"level":"info","message":"Created client session ac1af0e98ace905ab6e39894","timestamp":"2026-07-16 13:26:03"}
{"level":"info","message":"Created client session 43c40ee38e286da607dff7cf","timestamp":"2026-07-16 13:26:03"}
{"level":"info","message":"Created client session 62b00283c7037f7444794448","timestamp":"2026-07-16 13:26:03"}
{"level":"info","message":"Created client session 86ccf5a144ed1bd7086f386f","timestamp":"2026-07-16 13:26:04"}
{"level":"info","message":"Created client session 1f33d3d9cec38e3d370b5abc","timestamp":"2026-07-16 13:26:04"}
{"level":"info","message":"Created client session b8196e2e9d1658799bb1bd87","timestamp":"2026-07-16 13:26:04"}
{"level":"info","message":"Created client session 9782a57878c43ed0d6becf8d","timestamp":"2026-07-16 13:26:04"}
{"level":"info","message":"Created client session b00712cdcf54a305e0bf8ef7","timestamp":"2026-07-16 13:26:04"}
{"level":"info","message":"Created client session a2600ea60fb43fd419da236a","timestamp":"2026-07-16 13:26:04"}
{"level":"info","message":"Created client session 9de80f0b1fef3451cf98016c","timestamp":"2026-07-16 13:26:05"}
{"level":"info","message":"Created client session 5e4edc93e4363098688c4073","timestamp":"2026-07-16 13:26:05"}
{"level":"info","message":"Created client session 6887a683937923981b6d0cc6","timestamp":"2026-07-16 13:26:05"}
{"level":"info","message":"Created client session 749c2df5cd06da40507b9cd8","timestamp":"2026-07-16 13:26:05"}
{"level":"info","message":"Created client session eb62d67eb9447ab5de250ffb","timestamp":"2026-07-16 13:26:05"}
{"level":"info","message":"Created client session 919b0cad52f05ae364806024","timestamp":"2026-07-16 13:26:05"}
{"level":"info","message":"Created client session 6f7801fcc1e26f2cccfe340c","timestamp":"2026-07-16 13:26:06"}
{"level":"info","message":"Created client session db024a9a8f55409941a8d5b9","timestamp":"2026-07-16 13:26:06"}
{"level":"info","message":"Created client session 4cadda651a77aaed86d560dc","timestamp":"2026-07-16 13:26:06"}
{"level":"info","message":"Created client session 2dc8fd554b105d505900e84c","timestamp":"2026-07-16 13:26:07"}
{"level":"info","message":"Created client session 44d79a5630115cfd9f64eb27","timestamp":"2026-07-16 13:26:08"}
{"level":"info","message":"Created client session bb18ec28b0d08d169514296a","timestamp":"2026-07-16 13:55:07"}
{"level":"info","message":"Created client session d68e91f74e43036b51d79bc0","timestamp":"2026-07-16 13:55:07"}
{"level":"info","message":"Created client session 3d18b560125a7680610be2f3","timestamp":"2026-07-16 13:56:43"}
{"level":"info","message":"Created client session ccc107c0124c0f7977d42d15","timestamp":"2026-07-16 14:11:10"}
{"level":"info","message":"Created client session 83d1a4c0d63b39f139f0b0c8","timestamp":"2026-07-16 14:15:35"}
{"level":"info","message":"Created client session 1fb5799955985f803cf45585","timestamp":"2026-07-16 14:18:58"}
{"level":"info","message":"Created client session b84e648d9a4a81921ee120a2","timestamp":"2026-07-16 14:18:59"}
{"level":"info","message":"Created client session 10816f17dfa2006babe643de","timestamp":"2026-07-16 14:19:01"}
{"level":"info","message":"Created client session 723f284f9a7e52824dd493dc","timestamp":"2026-07-16 14:27:21"}
{"level":"info","message":"Created client session fc6838b395f88e3ef0b2906f","timestamp":"2026-07-16 15:11:07"}
{"level":"info","message":"Created client session 555d519407148d1f4df397b8","timestamp":"2026-07-16 15:12:19"}
{"level":"info","message":"Created client session c6c3cbdc43c770529383fff3","timestamp":"2026-07-16 15:27:28"}
{"level":"info","message":"Created client session 01f7a76079f15531a4e0e38a","timestamp":"2026-07-16 16:01:25"}
{"level":"info","message":"Created client session 317fd137dca9825c61ea4331","timestamp":"2026-07-16 16:10:33"}
{"level":"info","message":"Created client session ae6bdd48322bb54c84e5d774","timestamp":"2026-07-16 16:14:35"}
{"level":"info","message":"Created client session eb64a09ee9bf97cdcf8a8ae9","timestamp":"2026-07-16 16:16:56"}
{"level":"info","message":"Created client session c8e1947d9ba83abdc48a5cbd","timestamp":"2026-07-16 16:16:56"}
{"level":"info","message":"Created client session 880614d20fa9b6a1c9faf9a4","timestamp":"2026-07-16 16:16:56"}
{"level":"info","message":"Created client session 6dcf6feac45ba79d046d15fa","timestamp":"2026-07-16 16:16:57"}
{"level":"info","message":"Created client session aaaeff2b14fd8f585031e62d","timestamp":"2026-07-16 16:29:39"}
{"level":"info","message":"Created client session 24f6308c6c7bdc1caec0c4ac","timestamp":"2026-07-16 17:17:16"}
{"level":"info","message":"Created client session 560352208ab627791635d1a5","timestamp":"2026-07-16 17:17:16"}
{"level":"info","message":"Created client session db46cca44ebd9514a5a0c06d","timestamp":"2026-07-16 17:28:29"}
{"level":"info","message":"Created client session c7ea308517bc817c85486c10","timestamp":"2026-07-16 17:28:31"}
{"level":"info","message":"Created client session 71344e64dc28470f4385cc9d","timestamp":"2026-07-16 18:15:55"}
{"level":"info","message":"Created client session 82308e178d392df3e43c1aa5","timestamp":"2026-07-16 20:05:54"}
{"level":"info","message":"Created client session 1706a8251e628c4d47fac69a","timestamp":"2026-07-16 20:15:26"}
{"level":"info","message":"Created client session 3a0d69d4722c6afae88310c1","timestamp":"2026-07-16 20:15:27"}
{"level":"info","message":"Created client session bc5f8017dee6fa7d4d07b18e","timestamp":"2026-07-16 20:15:27"}
{"level":"info","message":"Created client session 7f9403cff0afa42714a54276","timestamp":"2026-07-16 20:21:14"}
{"level":"info","message":"Created client session ece139eeeb6e924945cf6993","timestamp":"2026-07-16 20:50:57"}
{"level":"info","message":"Created client session 11efb4113a336638c559ced3","timestamp":"2026-07-16 21:02:38"}
{"level":"info","message":"Created client session a2c67b68ec430a6c1db21aba","timestamp":"2026-07-16 21:28:56"}
{"level":"info","message":"Created client session bae8502c8de60bf52766878d","timestamp":"2026-07-16 21:28:56"}
{"level":"info","message":"Created client session 35a9830687318d6e982c8aa1","timestamp":"2026-07-16 21:28:57"}
{"level":"info","message":"Created client session 6447a330ab822a69ba262d4f","timestamp":"2026-07-16 21:28:57"}
{"level":"info","message":"Created client session cfb19edfd64a2240d68b49e2","timestamp":"2026-07-16 21:28:57"}
{"level":"info","message":"Created client session cade5b160baa27c3ce8f535f","timestamp":"2026-07-16 21:28:57"}
{"level":"info","message":"Created client session a794351d51516be1f7248db2","timestamp":"2026-07-16 21:28:57"}
{"level":"info","message":"Created client session 56c55d28e4a85a8c96a3a825","timestamp":"2026-07-16 21:28:57"}
{"level":"info","message":"Created client session f5cd8b3ef91ff26f65a537fd","timestamp":"2026-07-16 21:28:57"}
{"level":"info","message":"Created client session 527f41bfba2410a548907f4f","timestamp":"2026-07-16 21:28:57"}
{"level":"info","message":"Created client session 7c6c7d4e6eefe3012497137f","timestamp":"2026-07-16 21:28:57"}
{"level":"info","message":"Created client session 01db6101821df86408aec4a6","timestamp":"2026-07-16 21:28:58"}
{"level":"info","message":"Created client session ea12d434f1f6847105d8d1d5","timestamp":"2026-07-16 21:28:58"}
{"level":"info","message":"Created client session 686339c492218bd5a059157a","timestamp":"2026-07-16 21:28:58"}
{"level":"info","message":"Created client session 204ed44e434213873366a2cf","timestamp":"2026-07-16 21:28:58"}
{"level":"info","message":"Created client session c8a3257840544567bcaa7fc7","timestamp":"2026-07-16 21:28:58"}
{"level":"info","message":"Created client session 7faf72b385889f1a5b1d10a9","timestamp":"2026-07-16 21:28:58"}
{"level":"info","message":"Created client session 1567011ba10de57e01038add","timestamp":"2026-07-16 21:28:58"}
{"level":"info","message":"Created client session dc0273eb78d2793e257ffdf4","timestamp":"2026-07-16 21:28:58"}
{"level":"info","message":"Created client session 4409b582d78128e6095ec310","timestamp":"2026-07-16 21:28:59"}
{"level":"info","message":"Created client session f710a4277ee7cee8710efcea","timestamp":"2026-07-16 21:28:59"}
{"level":"info","message":"Created client session f7b998cd571867d2800868ac","timestamp":"2026-07-16 21:28:59"}
{"level":"info","message":"Created client session 5549ac5ed37b9b074fc86bb5","timestamp":"2026-07-16 21:28:59"}
{"level":"info","message":"Created client session 54f3eaf14a0359eacfce77c9","timestamp":"2026-07-16 21:28:59"}
{"level":"info","message":"Created client session 4a69981cf3fb6d4676a98fab","timestamp":"2026-07-16 21:28:59"}
{"level":"info","message":"Created client session caa66e383256b4e17a71eccc","timestamp":"2026-07-16 21:28:59"}
{"level":"info","message":"Created client session 1a8b0f803154653870035255","timestamp":"2026-07-16 21:28:59"}
{"level":"info","message":"Created client session ef0926c5329ccce71d1752cb","timestamp":"2026-07-16 21:29:00"}
{"level":"info","message":"Created client session ac1f5eb5293d7de8d7e2d097","timestamp":"2026-07-16 21:29:00"}
{"level":"info","message":"Created client session 42bcde03040e5902aca95680","timestamp":"2026-07-16 21:29:00"}
{"level":"info","message":"Created client session e96d13345b8a3eaebe90912e","timestamp":"2026-07-16 21:29:00"}
{"level":"info","message":"Created client session 282462d206295d1c7651b94c","timestamp":"2026-07-16 21:29:00"}
{"level":"info","message":"Created client session 972fb31163c523bd9d84f4b7","timestamp":"2026-07-16 21:29:00"}
{"level":"info","message":"Created client session 6a622f32562b686a431b8092","timestamp":"2026-07-16 21:29:00"}
{"level":"info","message":"Created client session 4b045d443bfb1c9b035f0ee7","timestamp":"2026-07-16 21:29:00"}
{"level":"info","message":"Created client session 62d5b64c2716044f2c980001","timestamp":"2026-07-16 21:29:00"}
{"level":"info","message":"Created client session 8f93dae5c0c60577b471b101","timestamp":"2026-07-16 21:29:01"}
{"level":"info","message":"Created client session 98eb3ddad9d610067f005b3f","timestamp":"2026-07-16 21:29:01"}
{"level":"info","message":"Created client session be50f3dae1da458067a8b94e","timestamp":"2026-07-16 21:29:01"}
{"level":"info","message":"Created client session c0f68bbae0d51d4403246d58","timestamp":"2026-07-16 21:29:01"}
{"level":"info","message":"Created client session 3940f624a400d64f6cf4dc86","timestamp":"2026-07-16 21:29:01"}
{"level":"info","message":"Created client session 3c46c38ace0e6d77896dc3d5","timestamp":"2026-07-16 21:29:01"}
{"level":"info","message":"Created client session 14d13c539ff39eac39d41bed","timestamp":"2026-07-16 21:29:01"}
{"level":"info","message":"Created client session 43daf95eda7676047596dff5","timestamp":"2026-07-16 21:29:01"}
{"level":"info","message":"Created client session 8adaa38a10eae51558d0d8d3","timestamp":"2026-07-16 21:29:01"}
{"level":"info","message":"Created client session d0b8d8bfbfb9147ebe56cf14","timestamp":"2026-07-16 21:29:02"}
{"level":"info","message":"Created client session 693a25541523e3d0c21b9295","timestamp":"2026-07-16 21:29:02"}
{"level":"info","message":"Created client session b3bf1cef292878df4511039a","timestamp":"2026-07-16 21:29:02"}
{"level":"info","message":"Created client session 1b1d33b201e52182abfce166","timestamp":"2026-07-16 21:29:02"}
{"level":"info","message":"Created client session eaadc8a4e582be97baa48d3a","timestamp":"2026-07-16 21:29:02"}
{"level":"info","message":"Created client session 97a41aab99d8c3c305371b1e","timestamp":"2026-07-16 21:29:02"}
{"level":"info","message":"Created client session a946c6aad13829f9b690c09c","timestamp":"2026-07-16 21:29:02"}
{"level":"info","message":"Created client session 50c7adb77ddc4515e19836b9","timestamp":"2026-07-16 21:29:02"}
{"level":"info","message":"Created client session 45789383f0ffe387c5808c72","timestamp":"2026-07-16 21:29:02"}
{"level":"info","message":"Created client session 197feee1d52e976630b8397b","timestamp":"2026-07-16 21:29:03"}
{"level":"info","message":"Created client session f89368b54d1badde8da8f06f","timestamp":"2026-07-16 21:29:03"}
{"level":"info","message":"Created client session c9c72a3dd3d05e3acbfcb4cd","timestamp":"2026-07-16 21:29:03"}
{"level":"info","message":"Created client session fc0730952269c4c6b7faa8de","timestamp":"2026-07-16 21:29:03"}
{"level":"info","message":"Created client session 122d26aab35deb4c86bcf9dd","timestamp":"2026-07-16 21:29:03"}
{"level":"info","message":"Created client session 191fa21ea4f433e413780847","timestamp":"2026-07-16 21:29:03"}
{"level":"info","message":"Created client session 0488968df0af029a6c192e29","timestamp":"2026-07-16 21:29:03"}
{"level":"info","message":"Created client session 8e47c4840058ac5c8326c77a","timestamp":"2026-07-16 21:29:03"}
{"level":"info","message":"Created client session 8a29bb9ce9efa20e425f6070","timestamp":"2026-07-16 21:29:03"}
{"level":"info","message":"Created client session f87ec360041929ecb21ecaf8","timestamp":"2026-07-16 21:29:04"}
{"level":"info","message":"Created client session ffbe6ce5e5732199418d1f9c","timestamp":"2026-07-16 21:29:04"}
{"level":"info","message":"Created client session a5b8b0a6df0f5d52c2339997","timestamp":"2026-07-16 21:29:04"}
{"level":"info","message":"Created client session 53e56a8e977897d5d9c3b95d","timestamp":"2026-07-16 21:29:04"}
{"level":"info","message":"Created client session dda695009e1892f677ce5f2f","timestamp":"2026-07-16 21:29:04"}
{"level":"info","message":"Created client session 020537147c9b71cff101b3cd","timestamp":"2026-07-16 21:29:04"}
{"level":"info","message":"Created client session 09bffde2ced49f399314abaa","timestamp":"2026-07-16 21:29:04"}
{"level":"info","message":"Created client session 88a57ff376a5e722d4bfa81c","timestamp":"2026-07-16 21:29:04"}
{"level":"info","message":"Created client session 7fec0373b396fea22f826374","timestamp":"2026-07-16 21:29:05"}
{"level":"info","message":"Created client session f929778f8446ffc5b7b2ac45","timestamp":"2026-07-16 21:29:05"}
{"level":"info","message":"Created client session 9a08a930ae59a4539a3e0d02","timestamp":"2026-07-16 21:29:05"}
{"level":"info","message":"Created client session 691626108ce3978d75af5498","timestamp":"2026-07-16 21:29:05"}
{"level":"info","message":"Created client session c58d35d964fc2e56733a0d04","timestamp":"2026-07-16 21:29:05"}
{"level":"info","message":"Created client session 6ab3efba28688c43df1fd77d","timestamp":"2026-07-16 21:29:05"}
{"level":"info","message":"Created client session b2674e85161aca22c71216d3","timestamp":"2026-07-16 21:29:05"}
{"level":"info","message":"Created client session 898c4cf43a3a3da200f686c4","timestamp":"2026-07-16 21:29:05"}
{"level":"info","message":"Created client session bbf3ada23f65cb0aa5b29b1c","timestamp":"2026-07-16 21:29:05"}
{"level":"info","message":"Created client session 964ebf211c810772a8ba8f71","timestamp":"2026-07-16 21:29:06"}
{"level":"info","message":"Created client session 2bdb8b3b90f692508efed9b8","timestamp":"2026-07-16 21:29:06"}
{"level":"info","message":"Created client session 97d97906013dd2906596ca79","timestamp":"2026-07-16 21:29:06"}
{"level":"info","message":"Created client session b9b1ea2d0b263e5a12f5fb37","timestamp":"2026-07-16 21:29:06"}
{"level":"info","message":"Created client session ea2b1c63df223a77d818cb96","timestamp":"2026-07-16 21:29:06"}
{"level":"info","message":"Created client session ac86dd613464dc8a4cf7338b","timestamp":"2026-07-16 21:29:06"}
{"level":"info","message":"Created client session 3111e4de57f0a58e6b1f51da","timestamp":"2026-07-16 21:29:06"}
{"level":"info","message":"Created client session f62e7453bc7e7ed42cf57769","timestamp":"2026-07-16 21:29:06"}
{"level":"info","message":"Created client session 5ce46e17babfdafa0e51f48f","timestamp":"2026-07-16 21:29:07"}
{"level":"info","message":"Created client session 869d3c3fb86220eca7f4eebb","timestamp":"2026-07-16 21:29:07"}
{"level":"info","message":"Created client session 993c27788de0052851773592","timestamp":"2026-07-16 21:29:07"}
{"level":"info","message":"Created client session 65f992a348c263a9ad6f0734","timestamp":"2026-07-16 21:29:07"}
{"level":"info","message":"Created client session 29b4a20b49b3ef77810814a9","timestamp":"2026-07-16 21:29:07"}
{"level":"info","message":"Created client session cdcb5bb8cc278d6d0842c7b8","timestamp":"2026-07-16 21:29:07"}
{"level":"info","message":"Created client session 29ea3ed3c484e383be69b8d2","timestamp":"2026-07-16 21:29:07"}
{"level":"info","message":"Created client session 58e46e835488fd65aa5f5725","timestamp":"2026-07-16 21:29:07"}
{"level":"info","message":"Created client session 0d530b49b6acbbbf6469748e","timestamp":"2026-07-16 21:29:07"}
{"level":"info","message":"Created client session 1af41d26473381cb86b0ef27","timestamp":"2026-07-16 21:29:08"}
{"level":"info","message":"Created client session 849a7c1d4ed7d4d5bfa41c3c","timestamp":"2026-07-16 21:29:08"}
{"level":"info","message":"Created client session 6d5874498d598d1281aeb364","timestamp":"2026-07-16 21:29:08"}
{"level":"info","message":"Created client session 8ff99364c28de5cd7f97567a","timestamp":"2026-07-16 21:29:08"}
{"level":"info","message":"Created client session 95b40071b82f0c8cc96b9e44","timestamp":"2026-07-16 21:29:08"}
{"level":"info","message":"Created client session bc25b7b94dbdb8a773f293ca","timestamp":"2026-07-16 21:29:08"}
{"level":"info","message":"Created client session e21e640ce4a380848bbbefa3","timestamp":"2026-07-16 21:29:08"}
{"level":"info","message":"Created client session 940e38e3ad69d86d758b4136","timestamp":"2026-07-16 21:29:08"}
{"level":"info","message":"Created client session 8b8932f1f74216a02ffb36e7","timestamp":"2026-07-16 21:29:08"}
{"level":"info","message":"Created client session 98f2aec21c9d158e3db34b1f","timestamp":"2026-07-16 21:29:09"}
{"level":"info","message":"Created client session 30aa6d76899fdeeec204a000","timestamp":"2026-07-16 21:29:09"}
{"level":"info","message":"Created client session a57679d338b3955a6d3d437b","timestamp":"2026-07-16 21:29:09"}
{"level":"info","message":"Created client session e3cd42f3be98d41d4cdfee16","timestamp":"2026-07-16 21:29:09"}
{"level":"info","message":"Created client session f3e09587170948edc0c294ea","timestamp":"2026-07-16 21:29:09"}
{"level":"info","message":"Created client session 6287b4d49b2fe34ab591a86d","timestamp":"2026-07-16 21:29:09"}
{"level":"info","message":"Created client session 3de52dc1a951186db87e2ab9","timestamp":"2026-07-16 21:29:09"}
{"level":"info","message":"Created client session 3302f50677d31881c7f769c8","timestamp":"2026-07-16 21:29:09"}
{"level":"info","message":"Created client session 05e11ae478504fcac648376a","timestamp":"2026-07-16 21:29:09"}
{"level":"info","message":"Created client session 1eb491414108d614e29f2790","timestamp":"2026-07-16 21:29:10"}
{"level":"info","message":"Created client session 1ca450cebb9b877bd8e214e6","timestamp":"2026-07-16 21:29:10"}
{"level":"info","message":"Created client session 09a41ecd7b3f09ca16b98c93","timestamp":"2026-07-16 21:29:10"}
{"level":"info","message":"Created client session 8ed30f5a8f606a9d7cf8c343","timestamp":"2026-07-16 21:29:10"}
{"level":"info","message":"Created client session b25154a0928682f955ea4be8","timestamp":"2026-07-16 21:29:10"}
{"level":"info","message":"Created client session 6c1000b98ee30b4803c6f4ab","timestamp":"2026-07-16 21:29:10"}
{"level":"info","message":"Created client session fa2e486847d87321fb929c1b","timestamp":"2026-07-16 21:29:10"}
{"level":"info","message":"Created client session 14eb3dd2bc1f7fd64e283ee4","timestamp":"2026-07-16 21:29:10"}
{"level":"info","message":"Created client session b8da5190ed29d602b8a05b9e","timestamp":"2026-07-16 21:29:10"}
{"level":"info","message":"Created client session 9c3f97e1a2666a8aff59a500","timestamp":"2026-07-16 21:29:11"}
{"level":"info","message":"Created client session 2140aff42eae2c1a244ffc94","timestamp":"2026-07-16 21:29:11"}
{"level":"info","message":"Created client session cdcd73e92ee3042f5e65bf56","timestamp":"2026-07-16 21:29:11"}
{"level":"info","message":"Created client session 80a5dd71ce89a97fff62c799","timestamp":"2026-07-16 21:29:11"}
{"level":"info","message":"Created client session 74c22b9a59ebf671e24b6199","timestamp":"2026-07-16 21:29:11"}
{"level":"info","message":"Created client session 2b04fe10e20b21de47a3d1bb","timestamp":"2026-07-16 21:29:11"}
{"level":"info","message":"Created client session 0333786d8600f98dc5d1793e","timestamp":"2026-07-16 21:29:11"}
{"level":"info","message":"Created client session b703a39791e987c31b463385","timestamp":"2026-07-16 21:29:11"}
{"level":"info","message":"Created client session 2d2e6a9a9aa492cc74897a5b","timestamp":"2026-07-16 21:29:11"}
{"level":"info","message":"Created client session 4b6b09f4955e256de95bbef4","timestamp":"2026-07-16 21:29:12"}
{"level":"info","message":"Created client session 236f9f736404e2162d9203ce","timestamp":"2026-07-16 21:29:12"}
{"level":"info","message":"Created client session 68e68c48c608442a3420ea0d","timestamp":"2026-07-16 21:29:12"}
{"level":"info","message":"Created client session a951ac94efb6657ad586907d","timestamp":"2026-07-16 21:29:12"}
{"level":"info","message":"Created client session 48ffa717a41eedf7d70428ea","timestamp":"2026-07-16 21:29:12"}
{"level":"info","message":"Created client session f9b820fedfa5ac1161b7e4cb","timestamp":"2026-07-16 21:29:12"}
{"level":"info","message":"Created client session d5dd5b681a3c33e52cf605ba","timestamp":"2026-07-16 21:29:12"}
{"level":"info","message":"Created client session 9ffd870f1820f70873ec08c9","timestamp":"2026-07-16 21:29:12"}
{"level":"info","message":"Created client session f85793b4c9267f90141e696c","timestamp":"2026-07-16 21:29:12"}
{"level":"info","message":"Created client session dc4d499ad9f9204ccfe82c45","timestamp":"2026-07-16 21:29:13"}
{"level":"info","message":"Created client session e78f0ce08a0768f57885df69","timestamp":"2026-07-16 21:29:13"}
{"level":"info","message":"Created client session e1fcc2d0c003f1f8f25528c9","timestamp":"2026-07-16 21:29:13"}
{"level":"info","message":"Created client session 251ddb192d65475e12541ca6","timestamp":"2026-07-16 21:29:13"}
{"level":"info","message":"Created client session 58a588c3d418f70730757d99","timestamp":"2026-07-16 21:29:13"}
{"level":"info","message":"Created client session ba7659c430da1bb2f81538e0","timestamp":"2026-07-16 21:29:13"}
{"level":"info","message":"Created client session 2afaeeb2b2c70b9a48080f21","timestamp":"2026-07-16 21:29:13"}
{"level":"info","message":"Created client session 8965395231e7f4323a162ae4","timestamp":"2026-07-16 21:29:13"}
{"level":"info","message":"Created client session 8c8b2f00ed93cb805b3a3866","timestamp":"2026-07-16 21:29:13"}
{"level":"info","message":"Created client session 9a34ee74493d75519638b89c","timestamp":"2026-07-16 21:29:14"}
{"level":"info","message":"Created client session 33dcad11a8f8be2517b76bbe","timestamp":"2026-07-16 21:29:14"}
{"level":"info","message":"Created client session b24a4c82353648deb93513e3","timestamp":"2026-07-16 21:29:14"}
{"level":"info","message":"Created client session 7d8f3a725b6ac0572cc70d4b","timestamp":"2026-07-16 21:29:14"}
{"level":"info","message":"Created client session 5b763ae03a0b51b37d421f7b","timestamp":"2026-07-16 21:29:14"}
{"level":"info","message":"Created client session cc351fe5b73f6cc3b19cc371","timestamp":"2026-07-16 21:29:14"}
{"level":"info","message":"Created client session 84ecc97582b5ae9bffd25ff8","timestamp":"2026-07-16 21:29:14"}
{"level":"info","message":"Created client session c803e88caf030bb876b28357","timestamp":"2026-07-16 21:29:14"}
{"level":"info","message":"Created client session c187237fd581f21fe74b218d","timestamp":"2026-07-16 21:29:15"}
{"level":"info","message":"Created client session 3c66bf9ceec31e6c4c6ddcc9","timestamp":"2026-07-16 21:29:15"}
{"level":"info","message":"Created client session 80df0e131a239137e5373868","timestamp":"2026-07-16 21:29:15"}
{"level":"info","message":"Created client session 595f62dd535cb52ca7f58d5d","timestamp":"2026-07-16 21:29:15"}
{"level":"info","message":"Created client session 15297123fa9a74b9de9e16c1","timestamp":"2026-07-16 21:29:15"}
{"level":"info","message":"Created client session 7f35b771c733093a5cb95e25","timestamp":"2026-07-16 21:29:15"}
{"level":"info","message":"Created client session cd81e31f6bb62fb8e25743d0","timestamp":"2026-07-16 21:29:15"}
{"level":"info","message":"Created client session 3e889cce7328f10e388ea674","timestamp":"2026-07-16 21:29:15"}
{"level":"info","message":"Created client session 69646a60f5063f0b78a3e9b2","timestamp":"2026-07-16 21:29:15"}
{"level":"info","message":"Created client session d31513edcb163758ba721ee4","timestamp":"2026-07-16 21:29:16"}
{"level":"info","message":"Created client session 240a6f3280d80be09489a5ed","timestamp":"2026-07-16 21:29:16"}
{"level":"info","message":"Created client session 18881c2cbaa0141774950859","timestamp":"2026-07-16 21:29:16"}
{"level":"info","message":"Created client session 4751c4c7dc41cca20d951d5f","timestamp":"2026-07-16 21:29:16"}
{"level":"info","message":"Created client session a8a081371f7f98a0b7d69655","timestamp":"2026-07-16 21:29:16"}
{"level":"info","message":"Created client session 669594018ed0cab3d3afba09","timestamp":"2026-07-16 21:29:16"}
{"level":"info","message":"Created client session 888426c966250cee47613218","timestamp":"2026-07-16 21:29:16"}
{"level":"info","message":"Created client session 2bfed063bd57111ba46b15d6","timestamp":"2026-07-16 21:29:16"}
{"level":"info","message":"Created client session eff4d257a70cc29efa890d36","timestamp":"2026-07-16 21:29:16"}
{"level":"info","message":"Created client session 0fc656a1c3820484fee5470c","timestamp":"2026-07-16 21:29:17"}
{"level":"info","message":"Created client session bb4a0cefa2c8f630592581f7","timestamp":"2026-07-16 21:29:17"}
{"level":"info","message":"Created client session 71d760b63e4c4cbf4a8902f2","timestamp":"2026-07-16 21:29:17"}
{"level":"info","message":"Created client session d1a0d0700af712db6b5042e4","timestamp":"2026-07-16 21:29:17"}
{"level":"info","message":"Created client session 698a709db2bf5222a80078ee","timestamp":"2026-07-16 21:29:17"}
{"level":"info","message":"Created client session 316de4be22f3a03137ccdfd0","timestamp":"2026-07-16 21:29:17"}
{"level":"info","message":"Created client session 01d8651790dbb4b75964bfc8","timestamp":"2026-07-16 21:29:17"}
{"level":"info","message":"Created client session 6433d61622180d352fdfe31f","timestamp":"2026-07-16 21:29:17"}
{"level":"info","message":"Created client session e7342807f729cecc65e9316c","timestamp":"2026-07-16 21:29:17"}
{"level":"info","message":"Created client session e982a3e6ac60b76ca0b6533e","timestamp":"2026-07-16 21:29:18"}
{"level":"info","message":"Created client session 92ae4d300df7aa13f02239c9","timestamp":"2026-07-16 21:29:18"}
{"level":"info","message":"Created client session de87a9bcdbc2870892cdc09c","timestamp":"2026-07-16 21:29:18"}
{"level":"info","message":"Created client session e024d9598c913e5024cfff42","timestamp":"2026-07-16 21:29:18"}
{"level":"info","message":"Created client session df9246a3dcbead3f2c190d0a","timestamp":"2026-07-16 21:29:18"}
{"level":"info","message":"Created client session cc71393745e3731adedf7b7d","timestamp":"2026-07-16 21:29:18"}
{"level":"info","message":"Created client session b739d0597f6712c74f496f65","timestamp":"2026-07-16 21:29:18"}
{"level":"info","message":"Created client session 033df2ef06da991b979e6135","timestamp":"2026-07-16 21:29:18"}
{"level":"info","message":"Created client session fd1c55e2ca26f9fced12cb12","timestamp":"2026-07-16 21:29:19"}
{"level":"info","message":"Created client session f56949c1e1da94b78e42f4dd","timestamp":"2026-07-16 21:29:19"}
{"level":"info","message":"Created client session 5aa093c13ca00658391bcdd2","timestamp":"2026-07-16 21:29:19"}
{"level":"info","message":"Created client session e4ad1996811fd8a5ab3cc6aa","timestamp":"2026-07-16 21:29:19"}
{"level":"info","message":"Created client session f0638c47fb7fd4610080a768","timestamp":"2026-07-16 21:29:19"}
{"level":"info","message":"Created client session e006a3ca632daff1ff23356e","timestamp":"2026-07-16 21:29:19"}
{"level":"info","message":"Created client session e4ec301fb17963c3e21e1a7c","timestamp":"2026-07-16 21:29:19"}
{"level":"info","message":"Created client session 0d89f50ecd16db3e361bd70b","timestamp":"2026-07-16 21:29:19"}
{"level":"info","message":"Created client session e0964e0ccee4ad8483837e50","timestamp":"2026-07-16 21:29:19"}
{"level":"info","message":"Created client session 1b00b78feb705f6de0e69824","timestamp":"2026-07-16 21:29:20"}
{"level":"info","message":"Created client session 4c0fb9c27328791f615b438f","timestamp":"2026-07-16 21:29:20"}
{"level":"info","message":"Created client session 855918f2bd79b18ac9a23c4c","timestamp":"2026-07-16 21:29:20"}
{"level":"info","message":"Created client session 523411597972f63b612ba2b6","timestamp":"2026-07-16 21:29:20"}
{"level":"info","message":"Created client session 8b88162ae39f5f4805a690d1","timestamp":"2026-07-16 21:29:20"}
{"level":"info","message":"Created client session 3c7f44e28c4addfec51d91f8","timestamp":"2026-07-16 21:29:20"}
{"level":"info","message":"Created client session 4fe3e0f3a277819f11391bf0","timestamp":"2026-07-16 21:29:20"}
{"level":"info","message":"Created client session 77dc715d6fee76c667a68e16","timestamp":"2026-07-16 21:29:20"}
{"level":"info","message":"Created client session 96a033077b6a79ab2392fb20","timestamp":"2026-07-16 21:29:20"}
{"level":"info","message":"Created client session 3230394220b6d480f5183c6e","timestamp":"2026-07-16 21:29:21"}
{"level":"info","message":"Created client session 70a9880ed157e9d9fadbee0b","timestamp":"2026-07-16 21:29:21"}
{"level":"info","message":"Created client session 040c1ff3ac95feace312e2d5","timestamp":"2026-07-16 21:29:21"}
{"level":"info","message":"Created client session 9d089f269bb074a76b5e9b68","timestamp":"2026-07-16 21:29:21"}
{"level":"info","message":"Created client session 5d1b97a8bdb3929a3a7d9c95","timestamp":"2026-07-16 21:29:21"}
{"level":"info","message":"Created client session b6d175ad58aac33f88da02c3","timestamp":"2026-07-16 21:29:21"}
{"level":"info","message":"Created client session 85333f2655cf1ef10fe3467d","timestamp":"2026-07-16 21:29:21"}
{"level":"info","message":"Created client session 2b4c136e1869eec85d8975c5","timestamp":"2026-07-16 21:29:21"}
{"level":"info","message":"Created client session c15e40bf7feef8c701fff8ba","timestamp":"2026-07-16 21:29:21"}
{"level":"info","message":"Created client session 9c5597e4fc509b213f14ba3d","timestamp":"2026-07-16 21:29:22"}
{"level":"info","message":"Created client session abe66c86ab5b447a0f40cece","timestamp":"2026-07-16 21:29:22"}
{"level":"info","message":"Created client session 17446747a18af0b7c683a3fd","timestamp":"2026-07-16 21:29:22"}
{"level":"info","message":"Created client session aa95f8d9ddeec4d4b35c8de5","timestamp":"2026-07-16 21:29:22"}
{"level":"info","message":"Created client session ce10fbb9b0ad6b43ac8f7d3c","timestamp":"2026-07-16 21:29:22"}
{"level":"info","message":"Created client session 80b8a7e1f21b3efa033e313c","timestamp":"2026-07-16 21:29:22"}
{"level":"info","message":"Created client session 8ff7bdd1f141b17ba82801d6","timestamp":"2026-07-16 21:29:22"}
{"level":"info","message":"Created client session e55829a90973c4c286a2a4de","timestamp":"2026-07-16 21:29:22"}
{"level":"info","message":"Created client session f7928703b6d88895325df94a","timestamp":"2026-07-16 21:29:23"}
{"level":"info","message":"Created client session af39a1e6021485849279a480","timestamp":"2026-07-16 21:29:23"}
{"level":"info","message":"Created client session 1d704a7848bd7dd01317ec3b","timestamp":"2026-07-16 21:29:23"}
{"level":"info","message":"Created client session f66a88c8df80166498c6e548","timestamp":"2026-07-16 21:29:23"}
{"level":"info","message":"Created client session a250205d95f7323d4951b8ce","timestamp":"2026-07-16 21:29:23"}
{"level":"info","message":"Created client session 267f32362b4f2bf3c74071c3","timestamp":"2026-07-16 21:29:23"}
{"level":"info","message":"Created client session 767dce90947251dfd2b9557f","timestamp":"2026-07-16 21:29:23"}
{"level":"info","message":"Created client session 5b53c1aa42bb0ef4889b7121","timestamp":"2026-07-16 21:29:23"}
{"level":"info","message":"Created client session a2af3ccedfa247681776d968","timestamp":"2026-07-16 21:29:23"}
{"level":"info","message":"Created client session e788852900269d43b2072e90","timestamp":"2026-07-16 21:29:24"}
{"level":"info","message":"Created client session c567025fcec69826d0485cc2","timestamp":"2026-07-16 21:29:24"}
{"level":"info","message":"Created client session fad7cf485bb743cc6704b1cd","timestamp":"2026-07-16 21:29:24"}
{"level":"info","message":"Created client session 094606097437d2ac51513644","timestamp":"2026-07-16 21:29:24"}
{"level":"info","message":"Created client session 2e4c0e2ee2d3587debf6ca28","timestamp":"2026-07-16 21:29:24"}
{"level":"info","message":"Created client session a0a1d9283b6ff8ba707dee8b","timestamp":"2026-07-16 21:29:24"}
{"level":"info","message":"Created client session e4f5a0e874a5cb7fcd1bcf6e","timestamp":"2026-07-16 21:29:24"}
{"level":"info","message":"Created client session 16de1705354271078be90da4","timestamp":"2026-07-16 21:29:24"}
{"level":"info","message":"Created client session e329907453e672e2fe9ae790","timestamp":"2026-07-16 21:29:24"}
{"level":"info","message":"Created client session e05b0a23b3f83cead1f5fce5","timestamp":"2026-07-16 21:29:25"}
{"level":"info","message":"Created client session 317ade4e725b208f8f69995e","timestamp":"2026-07-16 21:29:25"}
{"level":"info","message":"Created client session ec3956cdbaa4d717d272e296","timestamp":"2026-07-16 21:29:25"}
{"level":"info","message":"Created client session 79ca97e953b5891933cbe66c","timestamp":"2026-07-16 21:29:25"}
{"level":"info","message":"Created client session 8aa6870ecb09714311e4fe89","timestamp":"2026-07-16 21:29:25"}
{"level":"info","message":"Created client session 346de2b019ba0ed95ecf73fc","timestamp":"2026-07-16 21:29:25"}
{"level":"info","message":"Created client session fdc34368da9afaf5dfb4e21e","timestamp":"2026-07-16 21:29:25"}
{"level":"info","message":"Created client session 82534af4c466400c63186312","timestamp":"2026-07-16 21:29:25"}
{"level":"info","message":"Created client session cc173220717d860a191ef467","timestamp":"2026-07-16 21:29:25"}
{"level":"info","message":"Created client session 9e49e08e9ac6dfd6c11c1c5c","timestamp":"2026-07-16 21:29:26"}
{"level":"info","message":"Created client session 97c06e5da0fc11d9602eed9e","timestamp":"2026-07-16 21:29:26"}
{"level":"info","message":"Created client session 39ed73a4efd253a3edff6080","timestamp":"2026-07-16 21:29:26"}
{"level":"info","message":"Created client session 8b1c4cb5120dab844f35efde","timestamp":"2026-07-16 21:29:26"}
{"level":"info","message":"Created client session 96c4a6a120a2a64cb7da6d34","timestamp":"2026-07-16 21:29:26"}
{"level":"info","message":"Created client session fc8b21bd75aef3622897b232","timestamp":"2026-07-16 21:29:26"}
{"level":"info","message":"Created client session 6d0a7160b7131ff52fcb18a4","timestamp":"2026-07-16 21:29:26"}
{"level":"info","message":"Created client session 9826d6fc560dba2202ac95bb","timestamp":"2026-07-16 21:29:26"}
{"level":"info","message":"Created client session 22746642bdad4ce2118f54fb","timestamp":"2026-07-16 21:29:27"}
{"level":"info","message":"Created client session b8e96910f08dd431c10dea76","timestamp":"2026-07-16 21:29:27"}
{"level":"info","message":"Created client session 9e890f07763fef38206c0ad4","timestamp":"2026-07-16 21:29:27"}
{"level":"info","message":"Created client session bbf43677b39c63d846a7ea2d","timestamp":"2026-07-16 21:29:27"}
{"level":"info","message":"Created client session c13060d05c9051cc42a7de51","timestamp":"2026-07-16 21:29:27"}
{"level":"info","message":"Created client session 768bc2a3080271ffc5a21526","timestamp":"2026-07-16 21:29:27"}
{"level":"info","message":"Created client session b00aa221ea96bdf343ba627c","timestamp":"2026-07-16 21:29:27"}
{"level":"info","message":"Created client session b133658002ba9acdfa18e5e2","timestamp":"2026-07-16 21:29:27"}
{"level":"info","message":"Created client session 313ecb86539b724f5aa6bf81","timestamp":"2026-07-16 21:29:27"}
{"level":"info","message":"Created client session defb451c9abf45dd880348cb","timestamp":"2026-07-16 21:29:28"}
{"level":"info","message":"Created client session b499c6ebf452216823a355f7","timestamp":"2026-07-16 21:29:28"}
{"level":"info","message":"Created client session 7a186ee9d7b301f9269b35ef","timestamp":"2026-07-16 21:29:28"}
{"level":"info","message":"Created client session 2f8431298f516c3695bee521","timestamp":"2026-07-16 21:29:28"}
{"level":"info","message":"Created client session 483261006d74e9044e554d70","timestamp":"2026-07-16 21:29:28"}
{"level":"info","message":"Created client session 9c8739f31f2056f797135589","timestamp":"2026-07-16 21:29:28"}
{"level":"info","message":"Created client session f16ab9018fa20ddd764d487f","timestamp":"2026-07-16 21:29:28"}
{"level":"info","message":"Created client session d9f20d0af9b933928453c5d5","timestamp":"2026-07-16 21:29:28"}
{"level":"info","message":"Created client session d8a3e2d6cd6087304dc98d9b","timestamp":"2026-07-16 21:29:28"}
{"level":"info","message":"Created client session 0b93a08b1281614f81a17f8f","timestamp":"2026-07-16 21:29:29"}
{"level":"info","message":"Created client session e32fe6eed7eb62efe5e80d0d","timestamp":"2026-07-16 21:29:29"}
{"level":"info","message":"Created client session 4dc72cb2c9782d80190b3b09","timestamp":"2026-07-16 21:29:29"}
{"level":"info","message":"Created client session 5e1e6ff7fa68905e8444317c","timestamp":"2026-07-16 21:29:29"}
{"level":"info","message":"Created client session c80084a33e005751c15a0a33","timestamp":"2026-07-16 21:29:29"}
{"level":"info","message":"Created client session e9024735cf1f0765a3199908","timestamp":"2026-07-16 21:29:30"}
{"level":"info","message":"Created client session cf21a9319ebea4e482901a6b","timestamp":"2026-07-16 21:29:30"}
{"level":"info","message":"Created client session ad0e967413db1be1af874481","timestamp":"2026-07-16 21:29:30"}
{"level":"info","message":"Created client session 7c5ab4dc8c3c2809649ac0c5","timestamp":"2026-07-16 21:29:30"}
{"level":"info","message":"Created client session a3c3e882684cfc293a852176","timestamp":"2026-07-16 21:29:30"}
{"level":"info","message":"Created client session 4270dab2a6155df156ce8bc6","timestamp":"2026-07-16 21:29:30"}
{"level":"info","message":"Created client session 65bafae4a41b8e692e1eae91","timestamp":"2026-07-16 21:29:30"}
{"level":"info","message":"Created client session 5669afa4987515359cb2c3f4","timestamp":"2026-07-16 21:29:30"}
{"level":"info","message":"Created client session 6237b361bc847eaf1062d4df","timestamp":"2026-07-16 21:29:31"}
{"level":"info","message":"Created client session 4cfddd8390046c93c9907608","timestamp":"2026-07-16 21:29:31"}
{"level":"info","message":"Created client session bc12c1f1fc8c44697ba321c5","timestamp":"2026-07-16 21:29:31"}
{"level":"info","message":"Created client session 63ea87b2ded98fea7b1cc743","timestamp":"2026-07-16 21:29:31"}
{"level":"info","message":"Created client session 50a4b7e2c3731ccbc5b4a5cd","timestamp":"2026-07-16 21:29:31"}
{"level":"info","message":"Created client session 38dafb3fa311d27736935491","timestamp":"2026-07-16 21:29:31"}
{"level":"info","message":"Created client session 109bf0aa054ac10b17a6d9a8","timestamp":"2026-07-16 21:29:31"}
{"level":"info","message":"Created client session 6de8d89293bf7cc2883a3b4b","timestamp":"2026-07-16 21:29:31"}
{"level":"info","message":"Created client session 5a6577ac7a172bfb8fb9fb50","timestamp":"2026-07-16 21:29:31"}
{"level":"info","message":"Created client session 64aa43ec64884135b989fc9f","timestamp":"2026-07-16 21:29:32"}
{"level":"info","message":"Created client session e0e082a9d2b8c5f9b53d14ab","timestamp":"2026-07-16 21:29:32"}
{"level":"info","message":"Created client session bb47d38e8eab0560c5489af7","timestamp":"2026-07-16 21:29:32"}
{"level":"info","message":"Created client session 193612a6b7b79d4214ed3c58","timestamp":"2026-07-16 21:29:32"}
{"level":"info","message":"Created client session cee846c8a6db89c68431abfe","timestamp":"2026-07-16 21:29:32"}
{"level":"info","message":"Created client session d777bcfc8dd23b13a5f1ada7","timestamp":"2026-07-16 21:29:32"}
{"level":"info","message":"Created client session 99220e4fea8b2e0cdc19b0d6","timestamp":"2026-07-16 21:29:32"}
{"level":"info","message":"Created client session 0ec8770f2552eb9a954b0fc1","timestamp":"2026-07-16 21:29:32"}
{"level":"info","message":"Created client session 65d82018c4a288c1f10bb570","timestamp":"2026-07-16 21:29:32"}
{"level":"info","message":"Created client session bd72877df4ee97db993a73bd","timestamp":"2026-07-16 21:29:33"}
{"level":"info","message":"Created client session 4ab73b276e9abfa27b2ddd4b","timestamp":"2026-07-16 21:29:33"}
{"level":"info","message":"Created client session 16cbf8408cbfa0f622ef9549","timestamp":"2026-07-16 21:29:33"}
{"level":"info","message":"Created client session 3e43e8aba9c8aff1144ba403","timestamp":"2026-07-16 21:29:33"}
{"level":"info","message":"Created client session 9de733bd7667df7c46314364","timestamp":"2026-07-16 21:29:33"}
{"level":"info","message":"Created client session 4b2a7893979061f0095f31a9","timestamp":"2026-07-16 21:29:33"}
{"level":"info","message":"Created client session b57b3ff5fbe4f398fde60df4","timestamp":"2026-07-16 21:29:33"}
{"level":"info","message":"Created client session 3cd3dce22137f8721ea784eb","timestamp":"2026-07-16 21:29:33"}
{"level":"info","message":"Created client session cdd724baeb6d165638af2ba0","timestamp":"2026-07-16 21:29:33"}
{"level":"info","message":"Created client session 4800950a9eda8e0f11e592d1","timestamp":"2026-07-16 21:29:34"}
{"level":"info","message":"Created client session 935b17ee33c3fcf972af0795","timestamp":"2026-07-16 21:29:34"}
{"level":"info","message":"Created client session 0327b8fcda9177726ccf9c0a","timestamp":"2026-07-16 21:29:34"}
{"level":"info","message":"Created client session 7d28885a42b674ba31712bb9","timestamp":"2026-07-16 21:29:34"}
{"level":"info","message":"Created client session 0c5013cbd76c1257f6bcdb84","timestamp":"2026-07-16 21:29:34"}
{"level":"info","message":"Created client session 0cdc1e27a523aa05b335c0a2","timestamp":"2026-07-16 21:29:34"}
{"level":"info","message":"Created client session 1ce7d555e4e49753fb636f75","timestamp":"2026-07-16 21:29:34"}
{"level":"info","message":"Created client session bfa7d4538d45e60436318ed1","timestamp":"2026-07-16 21:29:34"}
{"level":"info","message":"Created client session b9cc5a88dd0c9642a957a7b5","timestamp":"2026-07-16 21:29:34"}
{"level":"info","message":"Created client session 63b65e9c4e6206b79fe21da2","timestamp":"2026-07-16 21:29:35"}
{"level":"info","message":"Created client session 78fbc3a49107d0f7fe6c8b97","timestamp":"2026-07-16 21:29:35"}
{"level":"info","message":"Created client session 6ae88f89e841fa28528f8088","timestamp":"2026-07-16 21:29:35"}
{"level":"info","message":"Created client session fd0ad4cc25bba380726cb0cf","timestamp":"2026-07-16 21:29:35"}
{"level":"info","message":"Created client session 64aaa37b6c3a82effc1a265a","timestamp":"2026-07-16 21:29:35"}
{"level":"info","message":"Created client session 4167a98a7a64bbcb0442f3f0","timestamp":"2026-07-16 21:29:35"}
{"level":"info","message":"Created client session f7c3489e55499bb524c68010","timestamp":"2026-07-16 21:29:35"}
{"level":"info","message":"Created client session 10bc5056e3615b11302c1738","timestamp":"2026-07-16 21:29:35"}
{"level":"info","message":"Created client session b5b87803624910ace3293762","timestamp":"2026-07-16 21:29:35"}
{"level":"info","message":"Created client session 4a88eefcdc03834bdd2e26b3","timestamp":"2026-07-16 21:29:36"}
{"level":"info","message":"Created client session 837dcfa635e47f30f74014aa","timestamp":"2026-07-16 21:29:36"}
{"level":"info","message":"Created client session e13ad781d7485269cd665a3a","timestamp":"2026-07-16 21:29:36"}
{"level":"info","message":"Created client session f21e639739fe74cc60a99cd9","timestamp":"2026-07-16 21:29:36"}
{"level":"info","message":"Created client session 2f720196806cb22d15490ac2","timestamp":"2026-07-16 21:29:36"}
{"level":"info","message":"Created client session 5b188ea2365c0f9f1380a659","timestamp":"2026-07-16 21:29:36"}
{"level":"info","message":"Created client session c080f65334bea3e5815da15c","timestamp":"2026-07-16 21:29:36"}
{"level":"info","message":"Created client session b752b2c84f6bf619f5a89213","timestamp":"2026-07-16 21:29:37"}
{"level":"info","message":"Created client session 7b221f2cf650525cba5cf0db","timestamp":"2026-07-16 21:29:37"}
{"level":"info","message":"Created client session 66670e40a48c4f77c0fa3334","timestamp":"2026-07-16 21:29:37"}
{"level":"info","message":"Created client session 02127de7f8701f9640f990e8","timestamp":"2026-07-16 21:29:37"}
{"level":"info","message":"Created client session b265f826452d9f45d46598f9","timestamp":"2026-07-16 21:29:37"}
{"level":"info","message":"Created client session 001a5c3bdd516ff4526dbb6d","timestamp":"2026-07-16 21:29:37"}
{"level":"info","message":"Created client session d4fa3e6f4c991b1d06a4cb50","timestamp":"2026-07-16 21:29:37"}
{"level":"info","message":"Created client session 2f7f6cd8c3027b26eeb48bbe","timestamp":"2026-07-16 21:29:37"}
{"level":"info","message":"Created client session fe0ca4169e2feec4adede2b3","timestamp":"2026-07-16 21:29:37"}
{"level":"info","message":"Created client session 0d5e30806e75811799a28c6c","timestamp":"2026-07-16 21:29:38"}
{"level":"info","message":"Created client session db73f96e444241a3d9121ded","timestamp":"2026-07-16 21:29:38"}
{"level":"info","message":"Created client session 287535a94e6b4762ed806d4a","timestamp":"2026-07-16 21:29:38"}
{"level":"info","message":"Created client session ee106b376441ba7f7e837fe4","timestamp":"2026-07-16 21:29:38"}
{"level":"info","message":"Created client session 0974490656f1049261ba67d4","timestamp":"2026-07-16 21:29:38"}
{"level":"info","message":"Created client session 4fd2f86a5ad72123b189226b","timestamp":"2026-07-16 21:29:38"}
{"level":"info","message":"Created client session 1442589f21f2803fc0b65866","timestamp":"2026-07-16 21:29:38"}
{"level":"info","message":"Created client session 01f996f36a33a729d002c980","timestamp":"2026-07-16 21:29:38"}
{"level":"info","message":"Created client session d4deb608ec6088e6384cb7f6","timestamp":"2026-07-16 21:29:38"}
{"level":"info","message":"Created client session ee865e51273c8f7e4d14ccd5","timestamp":"2026-07-16 21:29:39"}
{"level":"info","message":"Created client session d80f960242ca9ff257ca9683","timestamp":"2026-07-16 21:29:39"}
{"level":"info","message":"Created client session 1f5fa38df3b56ee0c52a9bd6","timestamp":"2026-07-16 21:29:39"}
{"level":"info","message":"Created client session 3647a758de333cc978de807b","timestamp":"2026-07-16 21:29:39"}
{"level":"info","message":"Created client session 593dd5025e8ee7034c03e10a","timestamp":"2026-07-16 21:29:39"}
{"level":"info","message":"Created client session 1e8f86c863cfaa01d7280398","timestamp":"2026-07-16 21:29:39"}
{"level":"info","message":"Created client session 4722689399a24b68f80187ca","timestamp":"2026-07-16 21:29:39"}
{"level":"info","message":"Created client session 089cf023fdd2be0574dc5ea9","timestamp":"2026-07-16 21:29:39"}
{"level":"info","message":"Created client session de57aca20fdf8523d65f2190","timestamp":"2026-07-16 21:29:39"}
{"level":"info","message":"Created client session 8f9e8fa39a05a789757d0133","timestamp":"2026-07-16 21:29:40"}
{"level":"info","message":"Created client session 36f8b39d72bc73226f8aa617","timestamp":"2026-07-16 21:29:40"}
{"level":"info","message":"Created client session 5befadb3d7c9e0460c691759","timestamp":"2026-07-16 21:29:40"}
{"level":"info","message":"Created client session 77ef01961aba5608f1c8b875","timestamp":"2026-07-16 21:29:40"}
{"level":"info","message":"Created client session c6191ed29816f8563bcec409","timestamp":"2026-07-16 21:29:40"}
{"level":"info","message":"Created client session 46f7446ad3dde950f8d081ff","timestamp":"2026-07-16 21:29:40"}
{"level":"info","message":"Created client session e0b56f73381815fbff371e57","timestamp":"2026-07-16 21:29:40"}
{"level":"info","message":"Created client session 9d3e76af05553f62e9e0e7bc","timestamp":"2026-07-16 21:29:41"}
{"level":"info","message":"Created client session 2cc93e8e11853db0b5c98378","timestamp":"2026-07-16 21:29:41"}
{"level":"info","message":"Created client session 8d74a66d96b17b5b89edfec0","timestamp":"2026-07-16 21:29:41"}
{"level":"info","message":"Created client session a2b1c8d5502ae0cbeb56bc72","timestamp":"2026-07-16 21:29:41"}
{"level":"info","message":"Created client session 40e5f27df7f5a3c97f65346b","timestamp":"2026-07-16 21:29:41"}
{"level":"info","message":"Created client session 1c0c2cb26fd2e5934a2d2fcc","timestamp":"2026-07-16 21:29:41"}
{"level":"info","message":"Created client session 9febcd350d99cc0a4fb51f65","timestamp":"2026-07-16 21:29:41"}
{"level":"info","message":"Created client session 984cca40cf1271397cd2282f","timestamp":"2026-07-16 21:29:41"}
{"level":"info","message":"Created client session b557b036e3f930008f1b75e5","timestamp":"2026-07-16 21:29:41"}
{"level":"info","message":"Created client session 664072354458a5cacf826dfd","timestamp":"2026-07-16 21:29:42"}
{"level":"info","message":"Created client session d16f83f01410289e7522b3b5","timestamp":"2026-07-16 21:29:42"}
{"level":"info","message":"Created client session 3e104980424c110ae7d37873","timestamp":"2026-07-16 21:29:42"}
{"level":"info","message":"Created client session 7061eb84207e4de12df37a9e","timestamp":"2026-07-16 21:29:42"}
{"level":"info","message":"Created client session aaa989a5ba5b72089f954500","timestamp":"2026-07-16 21:29:42"}
{"level":"info","message":"Created client session c239aaf08307f60740cc04d6","timestamp":"2026-07-16 21:29:42"}
{"level":"info","message":"Created client session cd56b986df37da213a1d818b","timestamp":"2026-07-16 21:29:42"}
{"level":"info","message":"Created client session d108d72cd64317e610bea38b","timestamp":"2026-07-16 21:29:42"}
{"level":"info","message":"Created client session c729dda20ae990f67f9a7ecf","timestamp":"2026-07-16 21:29:43"}
{"level":"info","message":"Created client session d4d79da97afba93198fae07c","timestamp":"2026-07-16 21:29:43"}
{"level":"info","message":"Created client session fd8edc69596cec19e58a3376","timestamp":"2026-07-16 21:29:43"}
{"level":"info","message":"Created client session b36aa0c34fdeb7d33779cb73","timestamp":"2026-07-16 21:29:43"}
{"level":"info","message":"Created client session c1623166201ff72ad487f01d","timestamp":"2026-07-16 21:29:43"}
{"level":"info","message":"Created client session d401866669106c1ee053bf45","timestamp":"2026-07-16 21:29:43"}
{"level":"info","message":"Created client session 7dc491487ca13aa2b73ed813","timestamp":"2026-07-16 21:29:43"}
{"level":"info","message":"Created client session 2047a1b1d63e8f90729d51eb","timestamp":"2026-07-16 21:29:43"}
{"level":"info","message":"Created client session fe5082fa9509ace23c927083","timestamp":"2026-07-16 21:29:44"}
{"level":"info","message":"Created client session 3e06fff8a79a52af96836fac","timestamp":"2026-07-16 21:29:44"}
{"level":"info","message":"Created client session 1e6146d6f0993bb7c49ee5e7","timestamp":"2026-07-16 21:29:44"}
{"level":"info","message":"Created client session 3dbc78fbbce8fc01157e874a","timestamp":"2026-07-16 21:29:44"}
{"level":"info","message":"Created client session 1b7ebcc86c516d4fb3a943b0","timestamp":"2026-07-16 21:29:44"}
{"level":"info","message":"Created client session bf60e4e5936c684636ef558f","timestamp":"2026-07-16 21:29:44"}
{"level":"info","message":"Created client session eb595ca0e84915623fb48153","timestamp":"2026-07-16 21:29:44"}
{"level":"info","message":"Created client session 7c2c5511432dec24e8feedae","timestamp":"2026-07-16 21:29:44"}
{"level":"info","message":"Created client session 3f0fc4959a584f7c4f0871d9","timestamp":"2026-07-16 21:29:45"}
{"level":"info","message":"Created client session 4346a3aefb292758633f0293","timestamp":"2026-07-16 21:29:45"}
{"level":"info","message":"Created client session faa984138e66232a9ab84d54","timestamp":"2026-07-16 21:29:45"}
{"level":"info","message":"Created client session f2289b70b940547e0b98c443","timestamp":"2026-07-16 21:29:45"}
{"level":"info","message":"Created client session 89ca27e2c83f8f39275e9918","timestamp":"2026-07-16 21:29:45"}
{"level":"info","message":"Created client session 03b99d4f59cfbc53ca840b56","timestamp":"2026-07-16 21:29:45"}
{"level":"info","message":"Created client session 2ff4ad0e8eca6ec9c564ff7a","timestamp":"2026-07-16 21:29:45"}
{"level":"info","message":"Created client session 2f3c0f85befa580d86b43b47","timestamp":"2026-07-16 21:29:46"}
{"level":"info","message":"Created client session e9fdd79fef2c499140e2e46d","timestamp":"2026-07-16 21:29:46"}
{"level":"info","message":"Created client session 9e0a0cd9606e406ee012a8a8","timestamp":"2026-07-16 21:29:46"}
{"level":"info","message":"Created client session 0f99b892d15656971d3f5591","timestamp":"2026-07-16 21:29:46"}
{"level":"info","message":"Created client session 20890e4302563fef023114af","timestamp":"2026-07-16 21:29:46"}
{"level":"info","message":"Created client session 358c4b5882b6fb71fbe622d3","timestamp":"2026-07-16 21:29:46"}
{"level":"info","message":"Created client session 8cbbda72e820a90349c61104","timestamp":"2026-07-16 21:29:46"}
{"level":"info","message":"Created client session 708c91b44b9967c38bd27c56","timestamp":"2026-07-16 21:29:46"}
{"level":"info","message":"Created client session 4d4b34f04cfe92e46df6f69b","timestamp":"2026-07-16 21:29:46"}
{"level":"info","message":"Created client session f8948d6d0927a3d1ec24c35c","timestamp":"2026-07-16 21:29:47"}
{"level":"info","message":"Created client session 0d43983f530369ee55e14020","timestamp":"2026-07-16 21:29:47"}
{"level":"info","message":"Created client session 0fe35e55f99543bca447debc","timestamp":"2026-07-16 21:29:47"}
{"level":"info","message":"Created client session a4b6b9ce1ee30329736a95b6","timestamp":"2026-07-16 21:29:47"}
{"level":"info","message":"Created client session 520f50c2956b140b9ea3e1e3","timestamp":"2026-07-16 21:29:47"}
{"level":"info","message":"Created client session 43fcf574f68ac7ba3b97308a","timestamp":"2026-07-16 21:29:47"}
{"level":"info","message":"Created client session 06345d63ce52633f382034ed","timestamp":"2026-07-16 21:29:47"}
{"level":"info","message":"Created client session f465c89935fd8fa77f434520","timestamp":"2026-07-16 21:29:47"}
{"level":"info","message":"Created client session eb45531804cddf03e6b3df8b","timestamp":"2026-07-16 21:29:48"}
{"level":"info","message":"Created client session f36d7a7825ec21bf37055d8e","timestamp":"2026-07-16 21:29:48"}
{"level":"info","message":"Created client session e0b63df9d08606d4cf4e15d8","timestamp":"2026-07-16 21:29:48"}
{"level":"info","message":"Created client session b7d9da21a3ac1497039e8f2d","timestamp":"2026-07-16 21:29:48"}
{"level":"info","message":"Created client session 42491a7447ec0e6d8efe50a4","timestamp":"2026-07-16 21:29:48"}
{"level":"info","message":"Created client session 7504a7192254f76863ecf3ff","timestamp":"2026-07-16 21:29:48"}
{"level":"info","message":"Created client session 3e0aeac3e4896d7e4373d9ea","timestamp":"2026-07-16 21:29:48"}
{"level":"info","message":"Created client session 9ac73f072a1c106dbe7ea3e3","timestamp":"2026-07-16 21:29:49"}
{"level":"info","message":"Created client session 15ed4c678c51ea8a6d86e64d","timestamp":"2026-07-16 21:29:49"}
{"level":"info","message":"Created client session 9a6f57685d57e4165e3551ef","timestamp":"2026-07-16 21:29:49"}
{"level":"info","message":"Created client session 342a353a1491113fafb7ddf8","timestamp":"2026-07-16 21:29:49"}
{"level":"info","message":"Created client session ff6cf1fd2517d2cb658a2831","timestamp":"2026-07-16 21:29:49"}
{"level":"info","message":"Created client session a77b26887e1c816a023dc2b3","timestamp":"2026-07-16 21:29:49"}
{"level":"info","message":"Created client session 285f7db958b3eeb4292e31b3","timestamp":"2026-07-16 21:29:49"}
{"level":"info","message":"Created client session f564dfc003288ae7a03be9ec","timestamp":"2026-07-16 21:29:49"}
{"level":"info","message":"Created client session 409e765966c87bcd8910833c","timestamp":"2026-07-16 21:29:50"}
{"level":"info","message":"Created client session 2a15fecdf3cfa1c6dcc704c9","timestamp":"2026-07-16 21:29:50"}
{"level":"info","message":"Created client session 5881f0a0ce1f2315caa2a792","timestamp":"2026-07-16 21:29:50"}
{"level":"info","message":"Created client session 7473375f1db9355b57b304fb","timestamp":"2026-07-16 21:29:50"}
{"level":"info","message":"Created client session 5e1c22ae9f70b252518ad45f","timestamp":"2026-07-16 21:29:50"}
{"level":"info","message":"Created client session cd248a948be7f044c6c3a5ad","timestamp":"2026-07-16 21:29:50"}
{"level":"info","message":"Created client session 48bfa211414f8a9b46b9dd44","timestamp":"2026-07-16 21:29:50"}
{"level":"info","message":"Created client session 89208759fcb44c3fe424e4be","timestamp":"2026-07-16 21:29:50"}
{"level":"info","message":"Created client session f1135c3742b97da4c6dfe929","timestamp":"2026-07-16 21:29:50"}
{"level":"info","message":"Created client session 8d0b0e279d21af3808e5f29a","timestamp":"2026-07-16 21:29:51"}
{"level":"info","message":"Created client session c42a33b82b0d6ebab602bab6","timestamp":"2026-07-16 21:29:51"}
{"level":"info","message":"Created client session 50e0b1fdbe3ffebea59a5495","timestamp":"2026-07-16 21:29:51"}
{"level":"info","message":"Created client session a7cc481eacd6f8f165a8afc6","timestamp":"2026-07-16 21:29:51"}
{"level":"info","message":"Created client session 20612c9b75126b2dea2f5d87","timestamp":"2026-07-16 21:29:51"}
{"level":"info","message":"Created client session f466ed50899be1f255052c8c","timestamp":"2026-07-16 21:29:51"}
{"level":"info","message":"Created client session 00b343977db4cf0c3abd4e70","timestamp":"2026-07-16 21:29:52"}
{"level":"info","message":"Created client session ff7ea80da8424b8150d5d01f","timestamp":"2026-07-16 21:29:52"}
{"level":"info","message":"Created client session 32b4394418eb3721f15605d0","timestamp":"2026-07-16 21:29:52"}
{"level":"info","message":"Created client session 59547b26400997f4fe79f732","timestamp":"2026-07-16 21:29:52"}
{"level":"info","message":"Created client session 7e400af3539f01b8723a36a8","timestamp":"2026-07-16 21:29:52"}
{"level":"info","message":"Created client session d93a28a379f28f174b803bee","timestamp":"2026-07-16 21:29:53"}
{"level":"info","message":"Created client session a666fc3b21c3c23d0bddb8e9","timestamp":"2026-07-16 21:29:53"}
{"level":"info","message":"Created client session 191d9153a6a64d91857815ad","timestamp":"2026-07-16 21:29:53"}
{"level":"info","message":"Created client session e2491b000ac02afd2b2037ff","timestamp":"2026-07-16 21:29:53"}
{"level":"info","message":"Created client session 2b53f38e2b43f10b7b9ad7f1","timestamp":"2026-07-16 21:29:53"}
{"level":"info","message":"Created client session 7d3e941e28c12eca780fa12e","timestamp":"2026-07-16 21:29:54"}
{"level":"info","message":"Created client session f336a95a2efabceb934153bf","timestamp":"2026-07-16 21:29:54"}
{"level":"info","message":"Created client session 90f1d68e975271495149ae3a","timestamp":"2026-07-16 21:29:54"}
{"level":"info","message":"Created client session 0a171b07616f35085d826b25","timestamp":"2026-07-16 21:29:54"}
{"level":"info","message":"Created client session 18920d924834d9a0a1823b11","timestamp":"2026-07-16 21:29:54"}
{"level":"info","message":"Created client session dadd1054ceebb1703132dd4a","timestamp":"2026-07-16 21:29:54"}
{"level":"info","message":"Created client session 44136051f668df3441795959","timestamp":"2026-07-16 21:29:54"}
{"level":"info","message":"Created client session 552a601ca67c96fd319eb5d3","timestamp":"2026-07-16 21:29:55"}
{"level":"info","message":"Created client session a3cc4e25c6436298e77c8169","timestamp":"2026-07-16 21:29:55"}
{"level":"info","message":"Created client session e12b3543a9d67f4f818c3b13","timestamp":"2026-07-16 21:29:55"}
{"level":"info","message":"Created client session ecda36f94a524d30efa3d611","timestamp":"2026-07-16 21:29:55"}
{"level":"info","message":"Created client session bc0354f83e2dc80a90b95b35","timestamp":"2026-07-16 21:29:55"}
{"level":"info","message":"Created client session d1cd95da0cc72734b5edca40","timestamp":"2026-07-16 21:29:55"}
{"level":"info","message":"Created client session b167008f64ee4090a71449e3","timestamp":"2026-07-16 21:29:55"}
{"level":"info","message":"Created client session 06bcfa9e4b922f92bdc3663f","timestamp":"2026-07-16 21:29:55"}
{"level":"info","message":"Created client session cf8eeb14ec9854fc123654e3","timestamp":"2026-07-16 21:29:55"}
{"level":"info","message":"Created client session ff2072776b9ff593ce755d7f","timestamp":"2026-07-16 21:29:56"}
{"level":"info","message":"Created client session f47edc8c2d72b7179afc28ba","timestamp":"2026-07-16 21:29:56"}
{"level":"info","message":"Created client session 1a2857891047f8b34a9ace0e","timestamp":"2026-07-16 21:29:56"}
{"level":"info","message":"Created client session 3748a20a27c05428600d66f4","timestamp":"2026-07-16 21:29:56"}
{"level":"info","message":"Created client session 274f6605cf68a034c0bbac71","timestamp":"2026-07-16 21:29:56"}
{"level":"info","message":"Created client session 2f279447ad5e121be0f14360","timestamp":"2026-07-16 21:29:56"}
{"level":"info","message":"Created client session ba1fbb9684aa8d77798e36be","timestamp":"2026-07-16 21:29:57"}
{"level":"info","message":"Created client session 4f32bdbb626dbda16cbb7af7","timestamp":"2026-07-16 21:29:57"}
{"level":"info","message":"Created client session 58fbbf69dba3413c1b0684f2","timestamp":"2026-07-16 21:29:57"}
{"level":"info","message":"Created client session 07da5faf12d08d1b3b98fe60","timestamp":"2026-07-16 21:29:57"}
{"level":"info","message":"Created client session 07484cb3d24685222d335563","timestamp":"2026-07-16 21:29:57"}
{"level":"info","message":"Created client session 2eaa52e7ca02cb089c10c1f5","timestamp":"2026-07-16 21:29:57"}
{"level":"info","message":"Created client session c4a49f7e44f349b86bf1d896","timestamp":"2026-07-16 21:29:58"}
{"level":"info","message":"Created client session 428d23a8611d2ad83d7992bb","timestamp":"2026-07-16 21:29:58"}
{"level":"info","message":"Created client session 552041f8dc3af16c79d3856c","timestamp":"2026-07-16 21:29:58"}
{"level":"info","message":"Created client session 68fb5ab42ae54115dfaf2711","timestamp":"2026-07-16 21:29:58"}
{"level":"info","message":"Created client session 6bd7b6a50206d064e568f3c6","timestamp":"2026-07-16 21:29:58"}
{"level":"info","message":"Created client session 482b5fc5a0e9fe487651ed4c","timestamp":"2026-07-16 21:29:58"}
{"level":"info","message":"Created client session 08c7f17c632dce89ce406c84","timestamp":"2026-07-16 21:29:58"}
{"level":"info","message":"Created client session 74148dbfad40863d3a682b8c","timestamp":"2026-07-16 21:29:59"}
{"level":"info","message":"Created client session 527afa4d193951a58abea0c3","timestamp":"2026-07-16 21:29:59"}
{"level":"info","message":"Created client session 5cd534f8f36ab428561be087","timestamp":"2026-07-16 21:29:59"}
{"level":"info","message":"Created client session 8d81eee8aaefa1217ea838e2","timestamp":"2026-07-16 21:29:59"}
{"level":"info","message":"Created client session 06dc3913d960c0c07e4122a8","timestamp":"2026-07-16 21:29:59"}
{"level":"info","message":"Created client session aaf254bf03db6ba205393171","timestamp":"2026-07-16 21:29:59"}
{"level":"info","message":"Created client session 440459d5b535ed5152c1e344","timestamp":"2026-07-16 21:30:00"}
{"level":"info","message":"Created client session e899abaee9fb85eb315e0728","timestamp":"2026-07-16 21:30:00"}
{"level":"info","message":"Created client session 7acf1609049215ced166e03a","timestamp":"2026-07-16 21:30:00"}
{"level":"info","message":"Created client session e566c27e44a2b4cb05aa6916","timestamp":"2026-07-16 21:30:00"}
{"level":"info","message":"Created client session 69b282504e99f3fd8f0d23db","timestamp":"2026-07-16 21:30:00"}
{"level":"info","message":"Created client session b8f5f055d1d40729ab361b34","timestamp":"2026-07-16 21:30:00"}
{"level":"info","message":"Created client session 19bf71d85c20cc8e25422527","timestamp":"2026-07-16 21:30:00"}
{"level":"info","message":"Created client session e25087c7b3ea343da7f2d6b2","timestamp":"2026-07-16 21:30:00"}
{"level":"info","message":"Created client session 62e45fa33736b13abdf8d0aa","timestamp":"2026-07-16 21:30:01"}
{"level":"info","message":"Created client session 718fae79ae2f0f04e636781a","timestamp":"2026-07-16 21:30:01"}
{"level":"info","message":"Created client session 5376bcac57ad6493e76428d6","timestamp":"2026-07-16 21:30:01"}
{"level":"info","message":"Created client session f9392df5b6ec534db43f3506","timestamp":"2026-07-16 21:30:01"}
{"level":"info","message":"Created client session 24612e8659119ce88747677d","timestamp":"2026-07-16 21:30:01"}
{"level":"info","message":"Created client session 09c41ec38eeef01385c02da2","timestamp":"2026-07-16 21:30:01"}
{"level":"info","message":"Created client session d0bf1307393eab3dac3efe0e","timestamp":"2026-07-16 21:30:01"}
{"level":"info","message":"Created client session 0681b826db58c4a8035ae49f","timestamp":"2026-07-16 21:30:01"}
{"level":"info","message":"Created client session d7540fae21da6efc4aa10c97","timestamp":"2026-07-16 21:30:01"}
{"level":"info","message":"Created client session 00fc015bab26864951b705c6","timestamp":"2026-07-16 21:30:02"}
{"level":"info","message":"Created client session 114d250c2b822d2c42c03ecb","timestamp":"2026-07-16 21:30:02"}
{"level":"info","message":"Created client session f2d4e9d52e881d9c8444aa47","timestamp":"2026-07-16 21:30:02"}
{"level":"info","message":"Created client session 729c54a86e4e7feb9603288c","timestamp":"2026-07-16 21:30:02"}
{"level":"info","message":"Created client session 5b5ea1f985ad26830d4b599c","timestamp":"2026-07-16 21:30:02"}
{"level":"info","message":"Created client session 74af34922617b98d0bb1622c","timestamp":"2026-07-16 21:30:02"}
{"level":"info","message":"Created client session 92b4d28bbdec822051e8ffba","timestamp":"2026-07-16 21:30:02"}
{"level":"info","message":"Created client session 8d29bbb10df7f06f5ce53675","timestamp":"2026-07-16 21:30:03"}
{"level":"info","message":"Created client session 77079b731fc7f330ea449c96","timestamp":"2026-07-16 21:30:03"}
{"level":"info","message":"Created client session bbb1fa02cbda146808062874","timestamp":"2026-07-16 21:30:03"}
{"level":"info","message":"Created client session 3b9504a2f16287d350e6aad9","timestamp":"2026-07-16 21:30:03"}
{"level":"info","message":"Created client session 8aa580bb83e152b621366eca","timestamp":"2026-07-16 21:30:03"}
{"level":"info","message":"Created client session 4dee2318292ec468724261a5","timestamp":"2026-07-16 21:30:03"}
{"level":"info","message":"Created client session 91a6149e73ad4818c1ba4294","timestamp":"2026-07-16 21:30:04"}
{"level":"info","message":"Created client session e976aa78ec2c2658acd45076","timestamp":"2026-07-16 21:30:04"}
{"level":"info","message":"Created client session 70aaae47aa760acbd2011b13","timestamp":"2026-07-16 21:30:04"}
{"level":"info","message":"Created client session a13be3299749921275e24634","timestamp":"2026-07-16 21:30:04"}
{"level":"info","message":"Created client session f37a42e8adbb833666f379e7","timestamp":"2026-07-16 21:30:05"}
{"level":"info","message":"Created client session a053285bb025892fdec58c72","timestamp":"2026-07-16 21:30:05"}
{"level":"info","message":"Created client session eec025bc8966d744497ad79e","timestamp":"2026-07-16 21:30:05"}
{"level":"info","message":"Created client session 20b7d39ea5b048a9a7d7bcc4","timestamp":"2026-07-16 21:30:05"}
{"level":"info","message":"Created client session a46fb0e0c1ce9af8df24e0b8","timestamp":"2026-07-16 21:30:05"}
{"level":"info","message":"Created client session 2f00a3a382fddb5bd2d6395f","timestamp":"2026-07-16 21:30:05"}
{"level":"info","message":"Created client session 1d32a0736fffbbc86b01c942","timestamp":"2026-07-16 21:30:06"}
{"level":"info","message":"Created client session aa05dcd060f5cb694d5667c6","timestamp":"2026-07-16 21:30:06"}
{"level":"info","message":"Created client session 0619b70a6e79832a80ab3d5f","timestamp":"2026-07-16 21:30:06"}
{"level":"info","message":"Created client session dea8e782bad553f76861cca1","timestamp":"2026-07-16 21:30:06"}
{"level":"info","message":"Created client session ef63da987199c2b3b9ce8dd1","timestamp":"2026-07-16 21:30:06"}
{"level":"info","message":"Created client session 3251813d8801298f4c8444dc","timestamp":"2026-07-16 21:30:06"}
{"level":"info","message":"Created client session a0ce694646624f4a85d5ac09","timestamp":"2026-07-16 21:30:06"}
{"level":"info","message":"Created client session 71cfefd734b38a6c5a810f1d","timestamp":"2026-07-16 21:30:06"}
{"level":"info","message":"Created client session d38939e4ff29ed8742b5802a","timestamp":"2026-07-16 21:30:07"}
{"level":"info","message":"Created client session 91aa22e3fea429142214ec03","timestamp":"2026-07-16 21:30:07"}
{"level":"info","message":"Created client session 6c5ce39ece77067d3f96fc8f","timestamp":"2026-07-16 21:30:07"}
{"level":"info","message":"Created client session 24873ecfe8858e36e0ad1dbd","timestamp":"2026-07-16 21:30:07"}
{"level":"info","message":"Created client session 39f9b8e28c6362d1e26b823b","timestamp":"2026-07-16 21:30:07"}
{"level":"info","message":"Created client session c493109cffa3187c9a3633db","timestamp":"2026-07-16 21:30:07"}
{"level":"info","message":"Created client session 8fbb099936e43f1acb28bf4f","timestamp":"2026-07-16 21:30:07"}
{"level":"info","message":"Created client session 3404d9ddb05ed95f752c9bd3","timestamp":"2026-07-16 21:30:07"}
{"level":"info","message":"Created client session 30cb36001ecc3ee0982db6b4","timestamp":"2026-07-16 21:30:07"}
{"level":"info","message":"Created client session f951301a5d42cc137ad580dd","timestamp":"2026-07-16 21:30:08"}
{"level":"info","message":"Created client session afe78b36d0f18c6ea9dc62aa","timestamp":"2026-07-16 21:30:08"}
{"level":"info","message":"Created client session d5064f61ab044cc943e8b54f","timestamp":"2026-07-16 21:30:08"}
{"level":"info","message":"Created client session 0e9af0215613dfdb58a36300","timestamp":"2026-07-16 21:30:08"}
{"level":"info","message":"Created client session 8d540f45e40ec534f5142ee7","timestamp":"2026-07-16 21:30:08"}
{"level":"info","message":"Created client session d52ca010f77fd8a8f5081a80","timestamp":"2026-07-16 21:30:08"}
{"level":"info","message":"Created client session eccf7f4228dcf6e2c8a4184f","timestamp":"2026-07-16 21:30:08"}
{"level":"info","message":"Created client session 1a5558e21f09059a66d37ec7","timestamp":"2026-07-16 21:30:08"}
{"level":"info","message":"Created client session 665a129061795eb85224f1fa","timestamp":"2026-07-16 21:30:08"}
{"level":"info","message":"Created client session 95cfe40000d1f5b98dacf3ec","timestamp":"2026-07-16 21:30:09"}
{"level":"info","message":"Created client session 0ff22bccf922b6df26fd740e","timestamp":"2026-07-16 21:30:09"}
{"level":"info","message":"Created client session 5695e6fc86f678641a4b8074","timestamp":"2026-07-16 21:30:09"}
{"level":"info","message":"Created client session 17298bd01837d369d9074cd8","timestamp":"2026-07-16 21:30:09"}
{"level":"info","message":"Created client session f401385e98e1bf70f360d67a","timestamp":"2026-07-16 21:30:09"}
{"level":"info","message":"Created client session 1f67f5cbb03f8e91f6de6bdf","timestamp":"2026-07-16 21:30:09"}
{"level":"info","message":"Created client session ff17ed5cf3e530483e1d919c","timestamp":"2026-07-16 21:30:09"}
{"level":"info","message":"Created client session 2a27a86f25aa9912a9220610","timestamp":"2026-07-16 21:30:09"}
{"level":"info","message":"Created client session 718d2d78697e328308707b10","timestamp":"2026-07-16 21:30:09"}
{"level":"info","message":"Created client session 5e48ae9c570c2f609be6376f","timestamp":"2026-07-16 21:30:10"}
{"level":"info","message":"Created client session c2c46b1e24a4addea6ea477a","timestamp":"2026-07-16 21:30:10"}
{"level":"info","message":"Created client session b351ab5e1e048008fc82b47e","timestamp":"2026-07-16 21:30:10"}
{"level":"info","message":"Created client session 8162ed1775cfde7054479ec2","timestamp":"2026-07-16 21:30:10"}
{"level":"info","message":"Created client session b36a34625193cef4f4ca53b8","timestamp":"2026-07-16 21:30:10"}
{"level":"info","message":"Created client session 6788b1d7711eb17a5e46f7d8","timestamp":"2026-07-16 21:30:10"}
{"level":"info","message":"Created client session 07c8190e3027e339d2f3d4e1","timestamp":"2026-07-16 21:30:10"}
{"level":"info","message":"Created client session e5dbaae29ae044db0ee6bc57","timestamp":"2026-07-16 21:30:10"}
{"level":"info","message":"Created client session 7e0c2713d76654838ed41789","timestamp":"2026-07-16 21:30:11"}
{"level":"info","message":"Created client session e6a1ff55f0ae3d4ad335929f","timestamp":"2026-07-16 21:30:11"}
{"level":"info","message":"Created client session ddc189e9ba5b134ac86fdc3c","timestamp":"2026-07-16 21:30:11"}
{"level":"info","message":"Created client session fea2b34f3675ad0a7c6e771b","timestamp":"2026-07-16 21:30:11"}
{"level":"info","message":"Created client session 483cbc6ade37207a4c9bf2a6","timestamp":"2026-07-16 21:30:11"}
{"level":"info","message":"Created client session c43c65ee6459007a8217a3ca","timestamp":"2026-07-16 21:30:11"}
{"level":"info","message":"Created client session ff0d9ebcc58a91612f69cfa0","timestamp":"2026-07-16 21:30:11"}
{"level":"info","message":"Created client session 6b0ea71a2fc6886f03a70169","timestamp":"2026-07-16 21:30:11"}
{"level":"info","message":"Created client session 0be161024ba2e7ec9ee39ff3","timestamp":"2026-07-16 21:30:11"}
{"level":"info","message":"Created client session 9970db3275a0fc7f91f2799e","timestamp":"2026-07-16 21:30:12"}
{"level":"info","message":"Created client session d2aa3d863c3fe16260fa3785","timestamp":"2026-07-16 21:30:12"}
{"level":"info","message":"Created client session 952c73b616f02b5743c62c6a","timestamp":"2026-07-16 21:30:12"}
{"level":"info","message":"Created client session 211a05ba6ed28e38941a00b9","timestamp":"2026-07-16 21:30:12"}
{"level":"info","message":"Created client session a147920ef1363ef9cd3c74e6","timestamp":"2026-07-16 21:30:12"}
{"level":"info","message":"Created client session 36ee1158d91832f7eaacf6d0","timestamp":"2026-07-16 21:30:12"}
{"level":"info","message":"Created client session b19d4383ecba848733631ceb","timestamp":"2026-07-16 21:30:12"}
{"level":"info","message":"Created client session aeba6922b0bcfbaba300903a","timestamp":"2026-07-16 21:30:12"}
{"level":"info","message":"Created client session e480fe600781ca2455701399","timestamp":"2026-07-16 21:30:12"}
{"level":"info","message":"Created client session 203907a24ac87374552b4fd1","timestamp":"2026-07-16 21:30:13"}
{"level":"info","message":"Created client session 534870bd04fd8668c0df5f73","timestamp":"2026-07-16 21:30:13"}
{"level":"info","message":"Created client session ed2269ee5489b720a9586b11","timestamp":"2026-07-16 21:30:13"}
{"level":"info","message":"Created client session 389e240c802a0a2cd1b9e114","timestamp":"2026-07-16 21:30:13"}
{"level":"info","message":"Created client session 1d839861d1cae39cff6c1fc0","timestamp":"2026-07-16 21:30:13"}
{"level":"info","message":"Created client session 73b87902d1e4499a5916edde","timestamp":"2026-07-16 21:30:13"}
{"level":"info","message":"Created client session 78438d763a21449a00526a18","timestamp":"2026-07-16 21:30:13"}
{"level":"info","message":"Created client session 18ec8c7199e0dc27244153f7","timestamp":"2026-07-16 21:30:13"}
{"level":"info","message":"Created client session 72168730c213309bf25031b2","timestamp":"2026-07-16 21:30:13"}
{"level":"info","message":"Created client session 633f25ad0ef52899d3bab2c6","timestamp":"2026-07-16 21:30:14"}
{"level":"info","message":"Created client session d39eef893d1893acda2f9f16","timestamp":"2026-07-16 21:30:14"}
{"level":"info","message":"Created client session a368eeb4cb5c93abe3976f66","timestamp":"2026-07-16 21:30:14"}
{"level":"info","message":"Created client session 4b8f6a4d3d14b036f48ffc87","timestamp":"2026-07-16 21:30:14"}
{"level":"info","message":"Created client session 81cd0691d7b0c5754bb44da3","timestamp":"2026-07-16 21:30:14"}
{"level":"info","message":"Created client session 3674c81f2733a6ff8e0a77c4","timestamp":"2026-07-16 21:30:14"}
{"level":"info","message":"Created client session 056b4f24ffdb51dd28e67e42","timestamp":"2026-07-16 21:30:14"}
{"level":"info","message":"Created client session c2887e090f12a42edd4d4911","timestamp":"2026-07-16 21:30:14"}
{"level":"info","message":"Created client session dd20feeba3edc2bb43b2d59d","timestamp":"2026-07-16 21:30:14"}
{"level":"info","message":"Created client session 368caa3b7353bb99ac4913ec","timestamp":"2026-07-16 21:30:15"}
{"level":"info","message":"Created client session fee383431c1b35b71604b60d","timestamp":"2026-07-16 21:30:15"}
{"level":"info","message":"Created client session b7237328fce403be166d0c7b","timestamp":"2026-07-16 21:30:15"}
{"level":"info","message":"Created client session c8b7f3747b363f7e13d69108","timestamp":"2026-07-16 21:30:15"}
{"level":"info","message":"Created client session da19246ff3219eb3b6a264a3","timestamp":"2026-07-16 21:30:15"}
{"level":"info","message":"Created client session 9ce2dea965975f2b15358486","timestamp":"2026-07-16 21:30:15"}
{"level":"info","message":"Created client session c65d512bf52613bbb9b05d8d","timestamp":"2026-07-16 21:30:15"}
{"level":"info","message":"Created client session 81283c73c8d41e8992eb16c6","timestamp":"2026-07-16 21:30:15"}
{"level":"info","message":"Created client session 63526f38ca6f059ab927efa8","timestamp":"2026-07-16 21:30:15"}
{"level":"info","message":"Created client session 56f87f350b88287763e7c04b","timestamp":"2026-07-16 21:30:16"}
{"level":"info","message":"Created client session 1d2d9ee59c4eb8183dbfe749","timestamp":"2026-07-16 21:30:16"}
{"level":"info","message":"Created client session 5848c2b786931637e3a9dfb5","timestamp":"2026-07-16 21:30:16"}
{"level":"info","message":"Created client session 159cf1f709d5c76db8875f3d","timestamp":"2026-07-16 21:30:16"}
{"level":"info","message":"Created client session 444fa0f6da8e8ad872067b0b","timestamp":"2026-07-16 21:30:16"}
{"level":"info","message":"Created client session 1c4f3779a8c0ddc1ecc16550","timestamp":"2026-07-16 21:30:16"}
{"level":"info","message":"Created client session b6d22ec58195358988071ef9","timestamp":"2026-07-16 21:30:16"}
{"level":"info","message":"Created client session 6c622fddc17ad6a490df8bc4","timestamp":"2026-07-16 21:30:16"}
{"level":"info","message":"Created client session 253fba9b4499a6c3f3fe2081","timestamp":"2026-07-16 21:30:17"}
{"level":"info","message":"Created client session bd36e7c6a7db5a5134250f2d","timestamp":"2026-07-16 21:30:17"}
{"level":"info","message":"Created client session d571257abf94f11cee06f0c6","timestamp":"2026-07-16 21:30:17"}
{"level":"info","message":"Created client session 4aaaade739238889215890be","timestamp":"2026-07-16 21:30:17"}
{"level":"info","message":"Created client session 5bcb33c5edbf3c299bb11d9d","timestamp":"2026-07-16 21:30:17"}
{"level":"info","message":"Created client session 6a35ffdbc40e44ab3132b672","timestamp":"2026-07-16 21:30:17"}
{"level":"info","message":"Created client session c8b9a8b9c5a7bba7c8d6aea5","timestamp":"2026-07-16 21:30:17"}
{"level":"info","message":"Created client session b9ebed322468b5c97e01b529","timestamp":"2026-07-16 21:30:17"}
{"level":"info","message":"Created client session c44df5aa615b8c037b243db9","timestamp":"2026-07-16 21:30:17"}
{"level":"info","message":"Created client session 3ab72ed16df81888b4e49d3e","timestamp":"2026-07-16 21:30:18"}
{"level":"info","message":"Created client session 38b71042f12e72bf7798843a","timestamp":"2026-07-16 21:30:18"}
{"level":"info","message":"Created client session c0ab6f706e57e7d56e781caa","timestamp":"2026-07-16 21:30:18"}
{"level":"info","message":"Created client session aa7c646bb742de0fbefc3804","timestamp":"2026-07-16 21:30:18"}
{"level":"info","message":"Created client session 4b59abee19ab47240e3cd111","timestamp":"2026-07-16 21:30:18"}
{"level":"info","message":"Created client session 658607f06bb9f997ee5f6fe0","timestamp":"2026-07-16 21:30:18"}
{"level":"info","message":"Created client session 2aded73a682897fba1897762","timestamp":"2026-07-16 21:30:23"}
{"level":"info","message":"Created client session aaab706252621ff33382cbd9","timestamp":"2026-07-16 21:30:23"}
{"level":"info","message":"Created client session 5aa5deeb8b96889f22e54c55","timestamp":"2026-07-16 21:30:23"}
{"level":"info","message":"Created client session 0e5a9ee6f245529460db2cba","timestamp":"2026-07-16 21:30:24"}
{"level":"info","message":"Created client session 64fcd8f2f1ae6cb1bb276fa2","timestamp":"2026-07-16 21:30:24"}
{"level":"info","message":"Created client session fcb6f38142f43ce0c57cdf69","timestamp":"2026-07-16 21:30:24"}
{"level":"info","message":"Created client session af08850a29ebb007a6425c76","timestamp":"2026-07-16 21:30:25"}
{"level":"info","message":"Created client session 0089af1e5c9cbc3c611c5c83","timestamp":"2026-07-16 21:30:25"}
{"level":"info","message":"Created client session 4628f1e92fcf2fa95a720e7c","timestamp":"2026-07-16 21:30:25"}
{"level":"info","message":"Created client session b1df8aecadf162e06c2f78ff","timestamp":"2026-07-16 21:30:26"}
{"level":"info","message":"Created client session 29576b28a7fdbab727a7e5d1","timestamp":"2026-07-16 21:30:26"}
{"level":"info","message":"Created client session 094bd7be80d019dc532eb711","timestamp":"2026-07-16 21:30:26"}
{"level":"info","message":"Created client session 733a4177ce33f0880a5d166e","timestamp":"2026-07-16 21:30:28"}
{"level":"info","message":"Created client session 10db7ad3fd74ea40e14b8205","timestamp":"2026-07-16 21:30:28"}
{"level":"info","message":"Created client session 6bbaa445347885b45c7a6178","timestamp":"2026-07-16 21:30:29"}
{"level":"info","message":"Created client session 80acc98ef05ad6e30f1f19eb","timestamp":"2026-07-16 21:30:29"}
{"level":"info","message":"Created client session f980110274f7bb749cb843b6","timestamp":"2026-07-16 21:30:30"}
{"level":"info","message":"Created client session 16f1cc6ccb2c7c847bcbef60","timestamp":"2026-07-16 21:30:30"}
{"level":"info","message":"Created client session b22ceb38d49cca17bce366a9","timestamp":"2026-07-16 21:33:03"}
{"level":"info","message":"Created client session 8965821dc607e0b4cbc03947","timestamp":"2026-07-16 21:39:58"}
{"level":"info","message":"Created client session aef1aff8afc7694d4b0ce19b","timestamp":"2026-07-16 21:56:40"}
{"level":"info","message":"Created client session 214632ca91e1a460e2584cb8","timestamp":"2026-07-16 22:37:58"}
{"level":"info","message":"Created client session 490292d415431361b18ef4d4","timestamp":"2026-07-16 23:19:47"}
