{"level":"info","message":"Created client session 664ed7b20bccee97200d110f","timestamp":"2026-07-05 00:11:20"}
{"level":"info","message":"Created client session 6158312c2716cde8b849c8b2","timestamp":"2026-07-05 00:13:59"}
{"level":"info","message":"Created client session d6b96517a766c84186ca42fe","timestamp":"2026-07-05 01:31:12"}
{"level":"info","message":"Created client session 1a0ede9d199e200a781127c9","timestamp":"2026-07-05 02:04:57"}
{"level":"info","message":"Created client session 940310a27f1370e477e80a85","timestamp":"2026-07-05 02:04:59"}
{"level":"info","message":"Created client session 90377643e4d13ea120c9c2ad","timestamp":"2026-07-05 02:05:10"}
{"level":"info","message":"Created client session 2cc4825790510009d13a12c3","timestamp":"2026-07-05 02:05:13"}
{"level":"info","message":"Created client session b99d1e39ce96baba290c4c77","timestamp":"2026-07-05 02:05:19"}
{"level":"info","message":"Created client session aea019c86719d095ae3d82ca","timestamp":"2026-07-05 02:05:25"}
{"level":"info","message":"Created client session 7a9cdff7e1b763c02d8fa5c3","timestamp":"2026-07-05 02:05:34"}
{"level":"info","message":"Created client session 16a9399430ddaa7dacc1f331","timestamp":"2026-07-05 02:05:36"}
{"level":"info","message":"Created client session d8d6e494e4c994f53ecae2e0","timestamp":"2026-07-05 02:05:36"}
{"level":"info","message":"Created client session 803a70bf4649c9712e64ba50","timestamp":"2026-07-05 02:05:37"}
{"level":"info","message":"Created client session 4b8aac5d86fa14eb8fc61c57","timestamp":"2026-07-05 02:05:44"}
{"level":"info","message":"Created client session 4ee7f8f74f4e8b3bd035182b","timestamp":"2026-07-05 02:05:58"}
{"level":"info","message":"Created client session 2fe9e466043985e6471179fd","timestamp":"2026-07-05 02:05:59"}
{"level":"info","message":"Created client session b6eb3a7488642067009f0a2f","timestamp":"2026-07-05 02:06:12"}
{"level":"info","message":"Created client session 9344ebc7a9947b123d0a29f4","timestamp":"2026-07-05 02:06:15"}
{"level":"info","message":"Created client session 0ee2752950e14f91d033338a","timestamp":"2026-07-05 02:06:17"}
{"level":"info","message":"Created client session 01280d5b5a0604e0791625f0","timestamp":"2026-07-05 02:06:18"}
{"level":"info","message":"Created client session 1d4024fa374e48d5695ed30d","timestamp":"2026-07-05 02:06:24"}
{"level":"info","message":"Created client session b0950afe5ebb9d5b294dc4ee","timestamp":"2026-07-05 02:06:30"}
{"level":"info","message":"Created client session 2c6d3ee26d16be444fffe792","timestamp":"2026-07-05 02:06:30"}
{"level":"info","message":"Created client session 0292335a66816c6106f6972d","timestamp":"2026-07-05 02:06:31"}
{"level":"info","message":"Created client session c3984b7cd0876261b075ec76","timestamp":"2026-07-05 02:06:36"}
{"level":"info","message":"Created client session 2add15338b15af2bc437bc67","timestamp":"2026-07-05 02:06:39"}
{"level":"info","message":"Created client session 4fe866f779f886d787ef069b","timestamp":"2026-07-05 02:06:43"}
{"level":"info","message":"Created client session 7ffd65fa70a7dcc6218cf42c","timestamp":"2026-07-05 02:06:44"}
{"level":"info","message":"Created client session 87152a7f0619739611f80c19","timestamp":"2026-07-05 02:06:44"}
{"level":"info","message":"Created client session 6c7f3fb993b3e2f3c84869b9","timestamp":"2026-07-05 02:06:48"}
{"level":"info","message":"Created client session 8487bee672c2b684244e1063","timestamp":"2026-07-05 02:06:51"}
{"level":"info","message":"Created client session bf17765c04a740cbd9192eae","timestamp":"2026-07-05 02:06:56"}
{"level":"info","message":"Created client session 9231ff05e7bf9e93e155263e","timestamp":"2026-07-05 02:07:09"}
{"level":"info","message":"Created client session cdbdc4879ad752e263a97aa2","timestamp":"2026-07-05 02:07:13"}
{"level":"info","message":"Created client session a412bb000217ba05f2699839","timestamp":"2026-07-05 02:07:13"}
{"level":"info","message":"Created client session ab093d306fe031412ec0fefb","timestamp":"2026-07-05 02:07:18"}
{"level":"info","message":"Created client session 6aa95b470f9c70e55739ae29","timestamp":"2026-07-05 02:07:18"}
{"level":"info","message":"Created client session 27c364010bcc25edbe8e0834","timestamp":"2026-07-05 02:07:28"}
{"level":"info","message":"Created client session 69920147fbd8e6182f3471dc","timestamp":"2026-07-05 02:07:37"}
{"level":"info","message":"Created client session 3709b6eb36dcfc60d83cffd1","timestamp":"2026-07-05 02:07:37"}
{"level":"info","message":"Created client session dded801a716ca6bd0850a278","timestamp":"2026-07-05 02:07:38"}
{"level":"info","message":"Created client session b3fc81b5792471b5e329cc0f","timestamp":"2026-07-05 02:07:42"}
{"level":"info","message":"Created client session b808a36ad3aa07dc7cdc0980","timestamp":"2026-07-05 02:07:54"}
{"level":"info","message":"Created client session e8749cdbdf4ac8c108757b02","timestamp":"2026-07-05 02:07:55"}
{"level":"info","message":"Created client session e8202b245ad08961900c26e7","timestamp":"2026-07-05 02:07:55"}
{"level":"info","message":"Created client session 86775b10e9a146fbf60cfa63","timestamp":"2026-07-05 02:07:58"}
{"level":"info","message":"Created client session 70e989b67ab84536cfd7370e","timestamp":"2026-07-05 02:08:01"}
{"level":"info","message":"Created client session 7a4e7d81c259d2b5f345222d","timestamp":"2026-07-05 02:08:15"}
{"level":"info","message":"Created client session 53c64fa9405284b2cc4199ed","timestamp":"2026-07-05 02:08:27"}
{"level":"info","message":"Created client session 26188e734b8468ba0d923458","timestamp":"2026-07-05 02:08:27"}
{"level":"info","message":"Created client session e0d2612bb5be480b95ecc618","timestamp":"2026-07-05 02:09:09"}
{"level":"info","message":"Created client session 920ec1055df2c8d3c04cab29","timestamp":"2026-07-05 02:09:11"}
{"level":"info","message":"Created client session a3bd1d20b8e5a396b7996ea2","timestamp":"2026-07-05 02:09:14"}
{"level":"info","message":"Created client session bf010b6a106646eae0e16717","timestamp":"2026-07-05 02:09:14"}
{"level":"info","message":"Created client session fa3a79cd309006f13cd1535c","timestamp":"2026-07-05 02:09:18"}
{"level":"info","message":"Created client session c6b1e8163c6ac6680ac9c3aa","timestamp":"2026-07-05 02:09:24"}
{"level":"info","message":"Created client session 02a9cfe4d596f208a7399dda","timestamp":"2026-07-05 02:09:36"}
{"level":"info","message":"Created client session aeb3899288037c762c729597","timestamp":"2026-07-05 02:09:36"}
{"level":"info","message":"Created client session ca1667d56abdd17605c40c9e","timestamp":"2026-07-05 02:09:42"}
{"level":"info","message":"Created client session 08d3a3fcab386ee7698e11e4","timestamp":"2026-07-05 02:10:02"}
{"level":"info","message":"Created client session 7eaf1d1942755ad0dc7608b6","timestamp":"2026-07-05 02:10:12"}
{"level":"info","message":"Created client session 42c0efc00f13c900e6c67c32","timestamp":"2026-07-05 02:10:13"}
{"level":"info","message":"Created client session 41581e2c3b9af8ebbe7e60bd","timestamp":"2026-07-05 02:10:13"}
{"level":"info","message":"Created client session d5a493d8618140e4a6f281a7","timestamp":"2026-07-05 02:10:20"}
{"level":"info","message":"Created client session 0ba61b68f8ff8fbf572fd615","timestamp":"2026-07-05 02:10:23"}
{"level":"info","message":"Created client session 99df6a9d6b54fa2c01f7c538","timestamp":"2026-07-05 02:10:39"}
{"level":"info","message":"Created client session 1eb013bd222a48f7a61fdb33","timestamp":"2026-07-05 02:10:49"}
{"level":"info","message":"Created client session 78c56670b7b37cb8948d2dff","timestamp":"2026-07-05 02:10:59"}
{"level":"info","message":"Created client session 6667100a5c9eca564e898185","timestamp":"2026-07-05 02:11:00"}
{"level":"info","message":"Created client session 85b53fb85c82b82ac9ab7103","timestamp":"2026-07-05 02:11:06"}
{"level":"info","message":"Created client session ae8616b13480a78c4c9eaed3","timestamp":"2026-07-05 02:11:22"}
{"level":"info","message":"Created client session fbbdbd9ab2e838883697be9f","timestamp":"2026-07-05 02:11:24"}
{"level":"info","message":"Created client session 2d3768d7b552299ec8a4467a","timestamp":"2026-07-05 02:11:24"}
{"level":"info","message":"Created client session e8eed97d22848038d2bb9b31","timestamp":"2026-07-05 02:11:26"}
{"level":"info","message":"Created client session 6f5723cb65a90ca505fda29f","timestamp":"2026-07-05 02:11:28"}
{"level":"info","message":"Created client session 5a15380c06117b57d9ffcaf6","timestamp":"2026-07-05 02:11:29"}
{"level":"info","message":"Created client session 5924751710fd51a6f14a50ac","timestamp":"2026-07-05 02:11:31"}
{"level":"info","message":"Created client session 711f1e06ca53a73071df97fa","timestamp":"2026-07-05 02:11:40"}
{"level":"info","message":"Created client session 9198c89fe90f69c8c72a0091","timestamp":"2026-07-05 02:11:50"}
{"level":"info","message":"Created client session 978f82656a81ad4b67831fe0","timestamp":"2026-07-05 02:11:54"}
{"level":"info","message":"Created client session 768920f17adcf0ea026f886b","timestamp":"2026-07-05 02:11:54"}
{"level":"info","message":"Created client session f4a7f6a84af0d07d8943cc9a","timestamp":"2026-07-05 02:12:01"}
{"level":"info","message":"Created client session 0c2a47337d7debf79d8a034f","timestamp":"2026-07-05 02:12:06"}
{"level":"info","message":"Created client session b353fafa3484091c435a763c","timestamp":"2026-07-05 02:12:10"}
{"level":"info","message":"Created client session f1848da9b56f754f74758867","timestamp":"2026-07-05 02:12:15"}
{"level":"info","message":"Created client session 663f49e8e7844eb12f3fbd13","timestamp":"2026-07-05 02:12:16"}
{"level":"info","message":"Created client session 24791f733e0ae1163b859b28","timestamp":"2026-07-05 02:12:24"}
{"level":"info","message":"Created client session b63acb1d25f3a242dc882c06","timestamp":"2026-07-05 02:12:26"}
{"level":"info","message":"Created client session 434a249560cc5a71afd32ad4","timestamp":"2026-07-05 02:12:26"}
{"level":"info","message":"Created client session ad035f9a31d3ad42a3843f26","timestamp":"2026-07-05 02:12:27"}
{"level":"info","message":"Created client session 8ea09c0173889c4a5a548a61","timestamp":"2026-07-05 02:12:30"}
{"level":"info","message":"Created client session 15381e40f7ebd42bb3f08b60","timestamp":"2026-07-05 02:12:35"}
{"level":"info","message":"Created client session 5160f477a7ac9b2878a15f1c","timestamp":"2026-07-05 02:12:35"}
{"level":"info","message":"Created client session e33906a5b47ab035c7d35ba1","timestamp":"2026-07-05 02:12:37"}
{"level":"info","message":"Created client session d43a817e1c9b131b495833b3","timestamp":"2026-07-05 02:12:46"}
{"level":"info","message":"Created client session 1999bd81165c65b3158f759d","timestamp":"2026-07-05 02:12:49"}
{"level":"info","message":"Created client session cb9150a54a9f07fe392a278c","timestamp":"2026-07-05 02:12:52"}
{"level":"info","message":"Created client session 9310b6e03da9b1377e2740e6","timestamp":"2026-07-05 02:12:56"}
{"level":"info","message":"Created client session c4773a0f548c5e9c7281fe5e","timestamp":"2026-07-05 02:12:56"}
{"level":"info","message":"Created client session f2b339286a080feacfbec06a","timestamp":"2026-07-05 02:13:07"}
{"level":"info","message":"Created client session ed1fc06e3a1e257faf27d339","timestamp":"2026-07-05 02:13:08"}
{"level":"info","message":"Created client session d751850f901f3c8cc8103c29","timestamp":"2026-07-05 02:13:11"}
{"level":"info","message":"Created client session 22dd4ad4d8b8c85f9c11cae8","timestamp":"2026-07-05 02:13:14"}
{"level":"info","message":"Created client session 4e48828996a74c29aa0fd776","timestamp":"2026-07-05 02:13:15"}
{"level":"info","message":"Created client session a16d009cb0316d1a8a18d055","timestamp":"2026-07-05 02:13:22"}
{"level":"info","message":"Created client session d9be88cecdfbcceba4937933","timestamp":"2026-07-05 02:13:22"}
{"level":"info","message":"Created client session 31474981b6795d6709338e00","timestamp":"2026-07-05 02:13:30"}
{"level":"info","message":"Created client session 75673c14052695c29a668ae6","timestamp":"2026-07-05 02:13:35"}
{"level":"info","message":"Created client session 3c26437e054ef13f51c26448","timestamp":"2026-07-05 02:13:36"}
{"level":"info","message":"Created client session f45039aae2121b4cee271004","timestamp":"2026-07-05 02:13:37"}
{"level":"info","message":"Created client session 1e943e5b6d26e6ac1db5660f","timestamp":"2026-07-05 02:13:50"}
{"level":"info","message":"Created client session f1d3bf1686843ed78ce8acc9","timestamp":"2026-07-05 02:13:52"}
{"level":"info","message":"Created client session bc183e98624356bc028fffd2","timestamp":"2026-07-05 02:13:58"}
{"level":"info","message":"Created client session 6ba69589934eeb4a663676f8","timestamp":"2026-07-05 02:14:01"}
{"level":"info","message":"Created client session 95f54aefe892dca30c7c2bcc","timestamp":"2026-07-05 02:14:09"}
{"level":"info","message":"Created client session 164839756f70b71ef7c14238","timestamp":"2026-07-05 02:14:16"}
{"level":"info","message":"Created client session 647e761ed93764b1200da3d0","timestamp":"2026-07-05 02:14:22"}
{"level":"info","message":"Created client session 7b374b88c6400a032e846bca","timestamp":"2026-07-05 02:14:33"}
{"level":"info","message":"Created client session beecc6ec35edf218b88ed3ea","timestamp":"2026-07-05 02:14:40"}
{"level":"info","message":"Created client session f7e9c8231e1e96951af2cd71","timestamp":"2026-07-05 02:14:44"}
{"level":"info","message":"Created client session d1d5df5484cd36379a07d931","timestamp":"2026-07-05 02:14:49"}
{"level":"info","message":"Created client session 73d2f4164b2e33cbe3773f4b","timestamp":"2026-07-05 02:14:51"}
{"level":"info","message":"Created client session b4cf823c9618371a448fa9f2","timestamp":"2026-07-05 02:14:58"}
{"level":"info","message":"Created client session c502b757460d910db3f6aa9e","timestamp":"2026-07-05 02:14:58"}
{"level":"info","message":"Created client session be9f1d7b27e21f119d3ba857","timestamp":"2026-07-05 02:15:00"}
{"level":"info","message":"Created client session 16e84b651cafbe422276f6f7","timestamp":"2026-07-05 02:15:03"}
{"level":"info","message":"Created client session d292e0002663372213919492","timestamp":"2026-07-05 02:15:12"}
{"level":"info","message":"Created client session 964f1f81be293bbeca4de342","timestamp":"2026-07-05 02:15:32"}
{"level":"info","message":"Created client session 3598a2fe3ab46a5796ff1ded","timestamp":"2026-07-05 02:15:36"}
{"level":"info","message":"Created client session 57b3ee002f21b02c298e2c90","timestamp":"2026-07-05 02:15:36"}
{"level":"info","message":"Created client session bc85a36db9dd2f101c92c025","timestamp":"2026-07-05 02:15:36"}
{"level":"info","message":"Created client session 98737faab5a55d747b719b63","timestamp":"2026-07-05 02:15:39"}
{"level":"info","message":"Created client session 8028a9fcad1e60f5f8c3a21c","timestamp":"2026-07-05 02:15:51"}
{"level":"info","message":"Created client session 6b8e34264c066015442666a3","timestamp":"2026-07-05 02:15:51"}
{"level":"info","message":"Created client session 749dff908731de917006a042","timestamp":"2026-07-05 02:15:57"}
{"level":"info","message":"Created client session 373c77ca61fd45622cdea6f3","timestamp":"2026-07-05 02:16:00"}
{"level":"info","message":"Created client session 03497b5a1fa60e909e98e63b","timestamp":"2026-07-05 02:16:09"}
{"level":"info","message":"Created client session f602c6f8f25f92d7a6450b4c","timestamp":"2026-07-05 02:16:10"}
{"level":"info","message":"Created client session 26363f3a4e9a0db12c19cd2a","timestamp":"2026-07-05 02:16:17"}
{"level":"info","message":"Created client session 122c608f5f7b1bcfc25255a5","timestamp":"2026-07-05 02:16:18"}
{"level":"info","message":"Created client session 4a58b284a93fd1f3c8f3c2b7","timestamp":"2026-07-05 02:16:19"}
{"level":"info","message":"Created client session 31cf266cf39f2ddcbf637d6c","timestamp":"2026-07-05 02:16:19"}
{"level":"info","message":"Created client session 2dd8502a74df8c67b2f7e413","timestamp":"2026-07-05 02:16:19"}
{"level":"info","message":"Created client session 553ded3dea0df2f2a47dfa77","timestamp":"2026-07-05 02:16:22"}
{"level":"info","message":"Created client session 73fd93b6c33f9f1a830d8b16","timestamp":"2026-07-05 02:16:23"}
{"level":"info","message":"Created client session c176f2595d8eac073feb4374","timestamp":"2026-07-05 02:16:24"}
{"level":"info","message":"Created client session d45c038bc64bd08f468a6142","timestamp":"2026-07-05 02:16:25"}
{"level":"info","message":"Created client session dd18007a80c53821ed5b4e76","timestamp":"2026-07-05 02:16:38"}
{"level":"info","message":"Created client session 6e5bac2470bcb3a088e3cb27","timestamp":"2026-07-05 02:16:46"}
{"level":"info","message":"Created client session 45d959339e5ac4dba0793a89","timestamp":"2026-07-05 02:16:50"}
{"level":"info","message":"Created client session 35559db1bdaba9025ee11de1","timestamp":"2026-07-05 02:17:02"}
{"level":"info","message":"Created client session b26c4837b5e0aff35b02ebc0","timestamp":"2026-07-05 02:17:03"}
{"level":"info","message":"Created client session 55515f0234d4b4e51afb029e","timestamp":"2026-07-05 02:17:04"}
{"level":"info","message":"Created client session 3194f4fa3aeaea37f39482dd","timestamp":"2026-07-05 02:17:05"}
{"level":"info","message":"Created client session 33e48d846126f103ac7df46c","timestamp":"2026-07-05 02:17:06"}
{"level":"info","message":"Created client session 40acb80e603e8bf022e75d76","timestamp":"2026-07-05 02:17:07"}
{"level":"info","message":"Created client session a806741038359aeb5b7213d8","timestamp":"2026-07-05 02:17:08"}
{"level":"info","message":"Created client session 1161da55c595ba4c69a07ec4","timestamp":"2026-07-05 02:17:08"}
{"level":"info","message":"Created client session da12ff2fd1b17a13f696ea67","timestamp":"2026-07-05 02:17:08"}
{"level":"info","message":"Created client session 5dcc40e8a3b7e3941548ac02","timestamp":"2026-07-05 02:17:11"}
{"level":"info","message":"Created client session 707c85c2aacf4530f1db0698","timestamp":"2026-07-05 02:17:24"}
{"level":"info","message":"Created client session 1625d6cfa4e8c23736d8c1c4","timestamp":"2026-07-05 02:17:25"}
{"level":"info","message":"Created client session 85a516261daab16514309d6c","timestamp":"2026-07-05 02:17:29"}
{"level":"info","message":"Created client session 699b0dc40523b68729bd27de","timestamp":"2026-07-05 02:17:31"}
{"level":"info","message":"Created client session 4504c6b3fcd37292625bb7d2","timestamp":"2026-07-05 02:17:34"}
{"level":"info","message":"Created client session 214b31d9042df135f00a5812","timestamp":"2026-07-05 02:17:41"}
{"level":"info","message":"Created client session 03c672b78486eb4c4b59a0b2","timestamp":"2026-07-05 02:17:46"}
{"level":"info","message":"Created client session 42df10176155f64fc41bfb83","timestamp":"2026-07-05 02:18:03"}
{"level":"info","message":"Created client session 0fde77f56c4a61c303755934","timestamp":"2026-07-05 02:18:08"}
{"level":"info","message":"Created client session 6eb182fcc4db49b8393ea186","timestamp":"2026-07-05 02:18:08"}
{"level":"info","message":"Created client session c04785a2ed83e4298d51d896","timestamp":"2026-07-05 02:18:21"}
{"level":"info","message":"Created client session 338a2eae8a282919eb2b44f2","timestamp":"2026-07-05 02:18:26"}
{"level":"info","message":"Created client session 154e6960641d5ab96fd9c3ce","timestamp":"2026-07-05 02:18:38"}
{"level":"info","message":"Created client session 03d468bb4c142c0d1df3c22d","timestamp":"2026-07-05 02:18:53"}
{"level":"info","message":"Created client session d72fafc3eb6e32fa6eddf3ba","timestamp":"2026-07-05 02:18:54"}
{"ip":"174.63.37.162","level":"info","message":"User authentication successful for user Coffee","session":"03d468bb4c142c0d1df3c22d","timestamp":"2026-07-05 02:18:58"}
{"level":"info","message":"Created client session bd3c67167d9e56d2de187e5f","timestamp":"2026-07-05 02:18:59"}
{"level":"info","message":"No system update for FIST: Ultra Edition is currently available.","timestamp":"2026-07-05 02:18:59"}
{"level":"info","message":"Vended World data to User [VHCXm10moFp0Cn5b] in 363ms","timestamp":"2026-07-05 02:18:59"}
{"level":"info","message":"Created client session f1a1261d6f69e8a488d156f8","timestamp":"2026-07-05 02:19:03"}
{"level":"info","message":"Created client session 1bd0162e8464a1428a72e218","timestamp":"2026-07-05 02:19:05"}
{"level":"info","message":"Created client session 172f9c2318a8203d4e826fd3","timestamp":"2026-07-05 02:19:06"}
{"level":"info","message":"Created client session 5d2056d42ca0496affb7a23b","timestamp":"2026-07-05 02:19:13"}
{"level":"info","message":"Created client session 38a0c704ff8d04e6067dbeb8","timestamp":"2026-07-05 02:19:14"}
{"level":"info","message":"Created client session 3d0fb95f7ae28a864d399aa7","timestamp":"2026-07-05 02:19:15"}
{"level":"info","message":"Created client session 998e44afaf419129a3077fef","timestamp":"2026-07-05 02:19:19"}
{"level":"info","message":"Created client session 00e0b85016771c25dc94fbea","timestamp":"2026-07-05 02:19:24"}
{"level":"info","message":"Created client session 4ed413c95767b6de35dd3b35","timestamp":"2026-07-05 02:19:24"}
{"level":"info","message":"Created client session 8513be7e3827d44a1c215c8d","timestamp":"2026-07-05 02:19:24"}
{"level":"info","message":"Created client session 6926627bbcfd21d4afc2511b","timestamp":"2026-07-05 02:19:35"}
{"level":"info","message":"Created client session 752d749ed3dc3b22e70867b0","timestamp":"2026-07-05 02:19:43"}
{"level":"info","message":"Created client session 40efdb9e70e577b24f4a70db","timestamp":"2026-07-05 02:19:43"}
{"level":"info","message":"Created client session edf0b68fa97e456ff58d1eb9","timestamp":"2026-07-05 02:19:46"}
{"level":"info","message":"Created client session f4e906024ed8b4cc4d23f6fc","timestamp":"2026-07-05 02:19:46"}
{"level":"info","message":"Created client session 7ea7d7906ff09f48d70a3cc1","timestamp":"2026-07-05 02:19:46"}
{"level":"info","message":"Created client session 08eb7eee9ea203b0eb3ac299","timestamp":"2026-07-05 02:19:52"}
{"level":"info","message":"Created client session da2c9f68b7e9ffd0fdf9a806","timestamp":"2026-07-05 02:20:01"}
{"level":"info","message":"Created client session 2e1ef7acab77687b8ad63680","timestamp":"2026-07-05 02:20:03"}
{"level":"info","message":"Created client session 9ab89c74bf2e8b538a3df7be","timestamp":"2026-07-05 02:20:14"}
{"level":"info","message":"Created client session 2d5565f70c5102c953f7010b","timestamp":"2026-07-05 02:20:21"}
{"level":"info","message":"Created client session 659590eaa39bee936d97493f","timestamp":"2026-07-05 02:20:23"}
{"level":"info","message":"Created client session f28c1bdb88ad563c9ecdea4b","timestamp":"2026-07-05 02:20:29"}
{"level":"info","message":"Created client session d247c0640ecaedbc89c318b9","timestamp":"2026-07-05 02:20:30"}
{"level":"info","message":"Created client session 1ce6026338fa6a4a15175662","timestamp":"2026-07-05 02:20:39"}
{"level":"info","message":"Created client session e16506c4ce4be6cc86dfdc48","timestamp":"2026-07-05 02:20:51"}
{"level":"info","message":"Created client session 7432efcf649b2060248d18c0","timestamp":"2026-07-05 02:20:52"}
{"level":"info","message":"Created client session 1520ec83c5a37d6948b75211","timestamp":"2026-07-05 02:20:52"}
{"level":"info","message":"Created client session b9f8d40dd614e51cc40cf9cc","timestamp":"2026-07-05 02:21:01"}
{"level":"info","message":"Created client session a7bb5e240fb389c00ec568c2","timestamp":"2026-07-05 02:21:10"}
{"level":"info","message":"Created client session 85f660e5ad7e928157d8fd0f","timestamp":"2026-07-05 02:21:15"}
{"level":"info","message":"Created client session f236bedf895b4a7a5b3dd750","timestamp":"2026-07-05 02:21:18"}
{"level":"info","message":"Created client session 7281da0754546312c4194983","timestamp":"2026-07-05 02:21:20"}
{"level":"info","message":"Created client session ad406c7a1c3d82634d2e0e5d","timestamp":"2026-07-05 02:21:21"}
{"level":"info","message":"Created Item with id [NNE9mwIXDaepMb8k] in parent Actor [mllcWdMqnO2njBE1]","timestamp":"2026-07-05 02:21:23"}
{"level":"info","message":"Created client session ab82a182daa4c8bd9098d930","timestamp":"2026-07-05 02:21:32"}
{"level":"info","message":"Created client session aaae4905789ad72d8ef28be3","timestamp":"2026-07-05 02:21:34"}
{"level":"info","message":"Created client session 3ced602428290a39ebb12eb5","timestamp":"2026-07-05 02:21:44"}
{"level":"info","message":"Created client session 8ab574be26aa68cede6b9af1","timestamp":"2026-07-05 02:21:52"}
{"level":"info","message":"Created client session d56552efbdf282e8ef9fb5ce","timestamp":"2026-07-05 02:21:54"}
{"level":"info","message":"Created client session 183aac55c5fb36894da2c191","timestamp":"2026-07-05 02:22:10"}
{"level":"info","message":"Created client session 26ff1fccf4d14d0330a7c89b","timestamp":"2026-07-05 02:22:15"}
{"level":"info","message":"Created client session c21a14138df9cc9a35d002a2","timestamp":"2026-07-05 02:22:15"}
{"level":"info","message":"Created client session 2e4d2ebaf02bac253451fbd2","timestamp":"2026-07-05 02:22:23"}
{"level":"info","message":"Created client session 571b200797b9a4508751d776","timestamp":"2026-07-05 02:22:23"}
{"level":"info","message":"Created client session f0a1a1e28e6cfe897880fcdb","timestamp":"2026-07-05 02:22:23"}
{"level":"info","message":"Created client session 61790d24ed02086e6c59cbbf","timestamp":"2026-07-05 02:22:24"}
{"level":"info","message":"Created client session 2f1820f0867eb411fdc5f747","timestamp":"2026-07-05 02:22:54"}
{"level":"info","message":"Created client session 5d07a773646e891e3e059ac4","timestamp":"2026-07-05 02:23:01"}
{"level":"info","message":"Created client session 19e9991e017e8294ac776b1f","timestamp":"2026-07-05 02:23:01"}
{"level":"info","message":"Created client session cf1dd8bbe4b7b0527da19380","timestamp":"2026-07-05 02:23:05"}
{"level":"info","message":"Created client session 598a9c3e039c8889c3e894c8","timestamp":"2026-07-05 02:23:20"}
{"level":"info","message":"Created client session 2dcc1c255c52259234d0d839","timestamp":"2026-07-05 02:23:34"}
{"level":"info","message":"Created client session b16712e5a1335bf0e842c90e","timestamp":"2026-07-05 02:23:35"}
{"level":"info","message":"Created client session 0e8c1e3d5fcb636de0ec0b26","timestamp":"2026-07-05 02:23:37"}
{"level":"info","message":"Created client session 5f46d4732a83fd5c09ee5073","timestamp":"2026-07-05 02:23:37"}
{"level":"info","message":"Created client session 99bb39fc38cf2328d541ce9e","timestamp":"2026-07-05 02:23:44"}
{"level":"info","message":"Created client session 9048617c563e9c9f13eaf2db","timestamp":"2026-07-05 02:23:51"}
{"level":"info","message":"Created Item with id [bjQ4Lj6zKkh9XjfF] in parent Actor [mllcWdMqnO2njBE1]","timestamp":"2026-07-05 02:23:52"}
{"level":"info","message":"Created Item with id [hqYBw0muZPGALM6U] in parent Actor [mllcWdMqnO2njBE1]","timestamp":"2026-07-05 02:23:56"}
{"level":"info","message":"Created ChatMessage with id [O2TFt3g5n4xO7uTk]","timestamp":"2026-07-05 02:23:58"}
{"level":"info","message":"Created client session 6ad1fb30187ca5d2cdd3abbd","timestamp":"2026-07-05 02:23:59"}
{"level":"info","message":"Created client session 36efd32f38bbb02ff250b2ca","timestamp":"2026-07-05 02:24:03"}
{"level":"info","message":"Created client session ba817a91703d060edb248f79","timestamp":"2026-07-05 02:24:05"}
{"level":"info","message":"Created client session 13da83bc96ad5312d2c88f02","timestamp":"2026-07-05 02:24:06"}
{"level":"info","message":"Created client session 45e778ef679066ad168fc860","timestamp":"2026-07-05 02:24:10"}
{"level":"info","message":"Created client session bec3ee634cc45c8132b98414","timestamp":"2026-07-05 02:24:12"}
{"level":"info","message":"Created client session d8edc339b47d58d260ab85db","timestamp":"2026-07-05 02:24:18"}
{"level":"info","message":"Created client session 243ef6505c6e34dd9a26a20e","timestamp":"2026-07-05 02:24:46"}
{"level":"info","message":"Created client session 13cf5b331e54bea7507159cb","timestamp":"2026-07-05 02:24:53"}
{"level":"info","message":"Created client session e020333bff94f14e7a0bc684","timestamp":"2026-07-05 02:24:58"}
{"level":"info","message":"Created client session a02d5d5ae18f87f7e4f9dbbd","timestamp":"2026-07-05 02:24:59"}
{"level":"info","message":"Created client session 174a9d610877e75b90527c0e","timestamp":"2026-07-05 02:25:00"}
{"level":"info","message":"Created client session 3a71788aa1b79f90f4078b20","timestamp":"2026-07-05 02:25:01"}
{"level":"info","message":"Created client session cc79d8bcb07192759d9c4199","timestamp":"2026-07-05 02:25:19"}
{"level":"info","message":"Created client session fdcf42170d8e817f311a526a","timestamp":"2026-07-05 02:25:24"}
{"level":"info","message":"No system update for FIST: Ultra Edition is currently available.","timestamp":"2026-07-05 02:25:31"}
{"level":"info","message":"Vended World data to User [VHCXm10moFp0Cn5b] in 387ms","timestamp":"2026-07-05 02:25:31"}
{"level":"info","message":"Created client session e3836dcffd0afa22f55f46d7","timestamp":"2026-07-05 02:25:39"}
{"level":"info","message":"Created client session c84450f2e7cc89fc6e7fd46d","timestamp":"2026-07-05 02:25:45"}
{"level":"info","message":"Created client session e72ecd0f6b4fb0304a89c9e7","timestamp":"2026-07-05 02:25:48"}
{"level":"info","message":"Created client session 89d14d540110e8b1471022da","timestamp":"2026-07-05 02:25:48"}
{"level":"info","message":"Created client session e2dcdb3d630119964a014ddd","timestamp":"2026-07-05 02:25:51"}
{"ip":"174.63.37.162","level":"info","message":"User authentication successful for user Coffee","session":"e2dcdb3d630119964a014ddd","timestamp":"2026-07-05 02:25:55"}
{"level":"info","message":"No system update for FIST: Ultra Edition is currently available.","timestamp":"2026-07-05 02:25:57"}
{"level":"info","message":"Vended World data to User [VHCXm10moFp0Cn5b] in 377ms","timestamp":"2026-07-05 02:25:57"}
{"level":"info","message":"Created client session 92b9cde31a80ec9bb5b81637","timestamp":"2026-07-05 02:25:58"}
{"level":"info","message":"Created client session 3c6240ccb16efcf5da67be25","timestamp":"2026-07-05 02:26:04"}
{"level":"info","message":"Created client session 8c150d8d06ebd1b48cb03d78","timestamp":"2026-07-05 02:26:41"}
{"level":"info","message":"Created client session e11ff2386c2def06e9df819f","timestamp":"2026-07-05 02:26:42"}
{"level":"info","message":"Created client session 109e7f8ae56e57250571834f","timestamp":"2026-07-05 02:27:05"}
{"level":"info","message":"Created client session d22d61ff7415fc8150dcc03f","timestamp":"2026-07-05 02:27:05"}
{"level":"info","message":"Created client session 22233c91d184b8ba2ca59f85","timestamp":"2026-07-05 02:27:07"}
{"level":"info","message":"Created client session 6e73b687cc6d9dd87496b220","timestamp":"2026-07-05 02:27:09"}
{"level":"info","message":"Created client session a20eafbc0a5d41ad81b79549","timestamp":"2026-07-05 02:27:12"}
{"level":"info","message":"Created client session 131c098122e92dedea356869","timestamp":"2026-07-05 02:27:12"}
{"level":"info","message":"Created client session 26827cd848cc2a63bbdf9b60","timestamp":"2026-07-05 02:27:13"}
{"level":"info","message":"Created client session 2c6f72203540ab229fbccec2","timestamp":"2026-07-05 02:27:14"}
{"level":"info","message":"Created client session 88394870b57f3fc374c7b319","timestamp":"2026-07-05 02:27:14"}
{"level":"info","message":"Created client session 2aeed54a116d13dd1b48fb00","timestamp":"2026-07-05 02:27:26"}
{"level":"info","message":"Created ChatMessage with id [at2VSqc5qf3KGqgI]","timestamp":"2026-07-05 02:27:28"}
{"level":"info","message":"Created client session c695a9f8beced3cc97bcc44f","timestamp":"2026-07-05 02:27:36"}
{"level":"info","message":"Created client session e43ee33f3d6ecdec951e5dc9","timestamp":"2026-07-05 02:27:36"}
{"level":"info","message":"Created ChatMessage with id [wgG4WUaw3h9HXe39]","timestamp":"2026-07-05 02:27:41"}
{"level":"info","message":"Created ChatMessage with id [5bMSy1ocMX2ENbog]","timestamp":"2026-07-05 02:27:44"}
{"level":"info","message":"Created client session ca9a07d2f9ebbda90d762e46","timestamp":"2026-07-05 02:27:51"}
{"level":"info","message":"Created client session 65ee54184dd2fdacc46966a8","timestamp":"2026-07-05 02:27:53"}
{"level":"info","message":"Created client session 8177c8d6bdb9b31ff7518af3","timestamp":"2026-07-05 02:27:53"}
{"level":"info","message":"Created client session a8473aad14fc8615e12ef844","timestamp":"2026-07-05 02:28:01"}
{"level":"info","message":"Created client session 37ea8a247d7476cc7fcaffe6","timestamp":"2026-07-05 02:28:09"}
{"level":"info","message":"Created client session eeb379502650c9d4e68fa9e7","timestamp":"2026-07-05 02:28:11"}
{"level":"info","message":"Created client session 3b9573394412b540120f80e3","timestamp":"2026-07-05 02:28:12"}
{"level":"info","message":"Created client session ee2d407e61e979481adc182d","timestamp":"2026-07-05 02:28:13"}
{"level":"info","message":"Created client session 366e5e6f1c631ceca15590a4","timestamp":"2026-07-05 02:28:14"}
{"level":"info","message":"Created client session e666b65e9d836d1c47c04f2a","timestamp":"2026-07-05 02:28:15"}
{"level":"info","message":"Created client session 9c75f610a6ad7e2e1da6fa42","timestamp":"2026-07-05 02:28:21"}
{"level":"info","message":"Created client session e7581852c4b0d92b8b3acb98","timestamp":"2026-07-05 02:28:31"}
{"level":"info","message":"Created client session ea605dad1a7d66e9753bdb82","timestamp":"2026-07-05 02:28:37"}
{"level":"info","message":"Created client session 7da018bb3afc1f1a2bf04e6d","timestamp":"2026-07-05 02:28:42"}
{"level":"info","message":"Created client session fde1bc0363c67739fafd33d9","timestamp":"2026-07-05 02:28:42"}
{"level":"info","message":"Created client session e3ec72589f2198572e829efa","timestamp":"2026-07-05 02:28:42"}
{"level":"info","message":"Created client session 4bf2d3390eebb8f224b36c25","timestamp":"2026-07-05 02:28:43"}
{"level":"info","message":"Created client session cde2704dc7bcf227cecdaf54","timestamp":"2026-07-05 02:28:43"}
{"level":"info","message":"Created client session 6511f519206168e4be768bd7","timestamp":"2026-07-05 02:28:51"}
{"level":"info","message":"Created client session 0a4e91e1bd23584b6fcbf096","timestamp":"2026-07-05 02:28:54"}
{"level":"info","message":"Created client session ffbc003a23562a3269db8e14","timestamp":"2026-07-05 02:29:00"}
{"level":"info","message":"Created client session a5a6d79aba5daef5fcbee39f","timestamp":"2026-07-05 02:29:00"}
{"level":"info","message":"Created client session 0717d6dfe6f29f027df26be6","timestamp":"2026-07-05 02:29:10"}
{"level":"info","message":"Created client session 55fb51d67c4b8104197feed2","timestamp":"2026-07-05 02:29:14"}
{"level":"info","message":"Created client session 5f566e2aac496368157399ce","timestamp":"2026-07-05 02:29:15"}
{"level":"info","message":"Created client session 25283ba6fba46a24edd7d689","timestamp":"2026-07-05 02:29:17"}
{"level":"info","message":"Created client session b5d454db34dbcbdb088067d3","timestamp":"2026-07-05 02:29:18"}
{"level":"info","message":"Created client session 6cc90a03ced7c6bc3e6e909c","timestamp":"2026-07-05 02:29:27"}
{"level":"info","message":"Created client session b4cc27e5306c03a9dddea096","timestamp":"2026-07-05 02:29:48"}
{"level":"info","message":"Created client session 4e1e666e9fc87f34eed890ad","timestamp":"2026-07-05 02:29:48"}
{"level":"info","message":"Created client session 42e10a12f0c5af461f678182","timestamp":"2026-07-05 02:29:48"}
{"level":"info","message":"Created client session 4cfd349145fe3e29d115353d","timestamp":"2026-07-05 02:29:49"}
{"level":"info","message":"Created client session 26be18c48b0b3c8af1f75177","timestamp":"2026-07-05 02:29:50"}
{"level":"info","message":"Created client session 05309419d1d11e91f3208f01","timestamp":"2026-07-05 02:30:27"}
{"level":"info","message":"Created client session 73a1ee0909ac2d6ec23bdad6","timestamp":"2026-07-05 02:30:28"}
{"level":"info","message":"Created client session f8eada29a90866db1e567ee3","timestamp":"2026-07-05 02:30:48"}
{"level":"info","message":"Created client session 41808ddab8e2909b18f20984","timestamp":"2026-07-05 02:30:51"}
{"level":"info","message":"Created client session 7de1b870b5e86ced8b8e0a78","timestamp":"2026-07-05 02:31:00"}
{"level":"info","message":"Created client session 2b676eebb17649d62146c31e","timestamp":"2026-07-05 02:31:13"}
{"level":"info","message":"Created client session 17796bba8310d036469c5038","timestamp":"2026-07-05 02:31:14"}
{"level":"info","message":"Created client session aad4201308b47c69c4593690","timestamp":"2026-07-05 02:31:21"}
{"level":"info","message":"Created client session 03cece384a0b33e6fd407c43","timestamp":"2026-07-05 02:31:21"}
{"level":"info","message":"Created client session 330cd66aa267560f3ba28a98","timestamp":"2026-07-05 02:31:21"}
{"level":"info","message":"Created client session 9428608d1e6da5783058454a","timestamp":"2026-07-05 02:31:28"}
{"level":"info","message":"Created client session 3bef9cab830fbb2b6cf9952c","timestamp":"2026-07-05 02:31:31"}
{"level":"info","message":"Created client session 2674b1e8acb7362eeb9e24ca","timestamp":"2026-07-05 02:31:33"}
{"level":"info","message":"Created client session 8599c6e201bca0db98a1ab6f","timestamp":"2026-07-05 02:31:40"}
{"level":"info","message":"Created client session 817cf5e3934ef2112ecc44c0","timestamp":"2026-07-05 02:31:49"}
{"level":"info","message":"Created client session 988e054bb63c373db9a6ff80","timestamp":"2026-07-05 02:31:50"}
{"level":"info","message":"Created client session 5c0e0010768b53262fc3b685","timestamp":"2026-07-05 02:31:52"}
{"level":"info","message":"Created client session f86abe6416ed9f3e6560f103","timestamp":"2026-07-05 02:31:55"}
{"level":"info","message":"Created client session fc8e893626544b712e748875","timestamp":"2026-07-05 02:31:57"}
{"level":"info","message":"Created client session c496c5a81e74da2e3974919f","timestamp":"2026-07-05 02:31:58"}
{"level":"info","message":"Created client session f9c2280fa804eedcf6a731c1","timestamp":"2026-07-05 02:32:19"}
{"level":"info","message":"Created client session 77164be08d92c9c24677c51a","timestamp":"2026-07-05 02:32:29"}
{"level":"info","message":"Created client session 7c8f9e30da019e549c702744","timestamp":"2026-07-05 02:32:30"}
{"level":"info","message":"Created client session f0f658e7c42d24528073f336","timestamp":"2026-07-05 02:32:34"}
{"level":"info","message":"Created client session 433af68171da63df84568e98","timestamp":"2026-07-05 02:32:40"}
{"level":"info","message":"Created client session c3c84c12a6cbc908312de98d","timestamp":"2026-07-05 02:32:54"}
{"level":"info","message":"Created client session faf20cc07f410f84d6d0f9d8","timestamp":"2026-07-05 02:32:55"}
{"level":"info","message":"Created client session 11409242dac08328be1ee313","timestamp":"2026-07-05 02:32:56"}
{"level":"info","message":"Created client session 7875b853e5302feb631beaad","timestamp":"2026-07-05 02:32:57"}
{"level":"info","message":"Created client session c545e537bb117efdd651dbe2","timestamp":"2026-07-05 02:33:00"}
{"level":"info","message":"Created client session 45eb22dd4f6e6fb69916fd2b","timestamp":"2026-07-05 02:33:01"}
{"level":"info","message":"Created client session 6ce6797d5e6485083ae416e2","timestamp":"2026-07-05 02:33:12"}
{"level":"info","message":"Created client session 3ece922c261a88be52586f08","timestamp":"2026-07-05 02:33:17"}
{"ip":"38.143.253.121","level":"warn","message":"User authentication failed for user Gamemaster; invalid password","session":"3ece922c261a88be52586f08","status":401,"timestamp":"2026-07-05 02:33:30"}
{"level":"info","message":"Created client session 3e16c6a0723337db2bce2958","timestamp":"2026-07-05 02:33:30"}
{"level":"info","message":"Created client session 536bfd4549e229c71f8dce8c","timestamp":"2026-07-05 02:33:31"}
{"ip":"38.143.253.121","level":"info","message":"User authentication successful for user Gamemaster","session":"3ece922c261a88be52586f08","timestamp":"2026-07-05 02:33:34"}
{"level":"info","message":"No system update for FIST: Ultra Edition is currently available.","timestamp":"2026-07-05 02:33:35"}
{"level":"info","message":"Vended World data to User [xmljeyMGZBPkULO7] in 375ms","timestamp":"2026-07-05 02:33:35"}
{"level":"info","message":"Created client session f71a2b46e6e220abf79cf3e3","timestamp":"2026-07-05 02:33:38"}
{"level":"info","message":"Created client session dcc5c449a5ce2bd9f950a1f5","timestamp":"2026-07-05 02:33:50"}
{"level":"info","message":"Created client session 6ba5e67672cb0ff0909d1353","timestamp":"2026-07-05 02:33:51"}
{"level":"info","message":"Created client session eae6b2ddb24599d8cc46368a","timestamp":"2026-07-05 02:33:56"}
{"level":"info","message":"Created client session dc44fe480fdbadb12abfa9ea","timestamp":"2026-07-05 02:34:00"}
{"level":"info","message":"Created Setting with id [uTcRgAARvV7BVEr6]","timestamp":"2026-07-05 02:34:03"}
{"level":"info","message":"Created Setting with id [EWL8GIHKGASEDnc1]","timestamp":"2026-07-05 02:34:03"}
{"level":"info","message":"Created Setting with id [uHxSTJ7Be8q5lfvk]","timestamp":"2026-07-05 02:34:03"}
{"level":"info","message":"Created Setting with id [tUabwQ598sYGtSjb]","timestamp":"2026-07-05 02:34:03"}
{"level":"info","message":"Created Setting with id [zAfkM8yGWm798NJa]","timestamp":"2026-07-05 02:34:03"}
{"level":"info","message":"Created Setting with id [KUmsqf0Jy0oOhVYH]","timestamp":"2026-07-05 02:34:03"}
{"level":"info","message":"Created Setting with id [y5ZPFiU0ciRPlDn8]","timestamp":"2026-07-05 02:34:03"}
{"level":"info","message":"Created Setting with id [kwXbDUjQAZSbU7VH]","timestamp":"2026-07-05 02:34:03"}
{"level":"info","message":"Created Setting with id [Oy2rus3c76x1FUG0]","timestamp":"2026-07-05 02:34:03"}
{"level":"info","message":"Created Setting with id [9oYIFYvu9LuRHVkA]","timestamp":"2026-07-05 02:34:03"}
{"level":"info","message":"Created Setting with id [GZNQtsGKVJihP7ar]","timestamp":"2026-07-05 02:34:03"}
{"level":"info","message":"Created Setting with id [GTzghjNhh3uNVzUX]","timestamp":"2026-07-05 02:34:03"}
{"level":"info","message":"Created Setting with id [IzeUmVUuKtKCGaxX]","timestamp":"2026-07-05 02:34:03"}
{"level":"info","message":"Created Setting with id [2yoCngTL94OccU0d]","timestamp":"2026-07-05 02:34:03"}
{"level":"info","message":"Created Setting with id [nXPVPSG45stC2HVW]","timestamp":"2026-07-05 02:34:03"}
{"level":"info","message":"Created Setting with id [pIbHw4ForgDXiH8H]","timestamp":"2026-07-05 02:34:03"}
{"level":"info","message":"Created Setting with id [i4raGTmL94nxTgCw]","timestamp":"2026-07-05 02:34:03"}
{"level":"info","message":"Created Setting with id [9WjD1t3Hm7xDmw5g]","timestamp":"2026-07-05 02:34:03"}
{"level":"info","message":"Created Setting with id [WZVWme8zp8sfVel9]","timestamp":"2026-07-05 02:34:03"}
{"level":"info","message":"Created Setting with id [0LRGMKEy2YqK9jKH]","timestamp":"2026-07-05 02:34:03"}
{"level":"info","message":"Created Setting with id [jKXrol1U9Ygou6Ve]","timestamp":"2026-07-05 02:34:03"}
{"level":"info","message":"Created Setting with id [x7VN9Lu9y8lsNjjN]","timestamp":"2026-07-05 02:34:03"}
{"level":"info","message":"Created Setting with id [ttwmeJcrQL5h4Oap]","timestamp":"2026-07-05 02:34:03"}
{"level":"info","message":"Created Setting with id [zE03sMhUCByuDjg4]","timestamp":"2026-07-05 02:34:03"}
{"level":"info","message":"Created Setting with id [1sZCubhW1GZlB5Ut]","timestamp":"2026-07-05 02:34:03"}
{"level":"info","message":"Created Setting with id [EI83Dd5otoh84I7w]","timestamp":"2026-07-05 02:34:03"}
{"level":"info","message":"Created Setting with id [7dasQwRx8t6F5Aci]","timestamp":"2026-07-05 02:34:03"}
{"level":"info","message":"Created Setting with id [FbRpId3QpWoKHCGo]","timestamp":"2026-07-05 02:34:03"}
{"level":"info","message":"Created Setting with id [sk1TuFptIc9WW7F3]","timestamp":"2026-07-05 02:34:03"}
{"level":"info","message":"Created Setting with id [9ZZyq2s6YpRtEYB0]","timestamp":"2026-07-05 02:34:03"}
{"level":"info","message":"No system update for FIST: Ultra Edition is currently available.","timestamp":"2026-07-05 02:34:05"}
{"level":"info","message":"Vended World data to User [xmljeyMGZBPkULO7] in 363ms","timestamp":"2026-07-05 02:34:05"}
{"level":"info","message":"Created client session 41ef3fdd96ae824354dada47","timestamp":"2026-07-05 02:34:06"}
{"level":"info","message":"Created client session 30659d47a0bff7b805bfd448","timestamp":"2026-07-05 02:34:07"}
{"level":"info","message":"Created client session e3e43452397e1b100522f05d","timestamp":"2026-07-05 02:34:08"}
{"level":"info","message":"Created client session 64b0cfdb8d1761a70d6e3a18","timestamp":"2026-07-05 02:34:11"}
{"level":"info","message":"Created client session 284294ed3c632f8f29e0022b","timestamp":"2026-07-05 02:34:15"}
{"level":"info","message":"Created client session 8c716ba75476df48526175ea","timestamp":"2026-07-05 02:34:28"}
{"level":"info","message":"Created client session 03b61d0cc00baf2f7202ddcf","timestamp":"2026-07-05 02:34:32"}
{"level":"info","message":"Created client session 6d726e735d7729dfbc826a71","timestamp":"2026-07-05 02:34:33"}
{"level":"info","message":"Created client session 8a50f4586f4643e80d43ab24","timestamp":"2026-07-05 02:34:38"}
{"level":"info","message":"Created client session 3254642018d6cfa7d1f8603f","timestamp":"2026-07-05 02:34:41"}
{"level":"info","message":"Logged user xmljeyMGZBPkULO7 out of active World","timestamp":"2026-07-05 02:34:45"}
{"level":"info","message":"Created client session 2a1d45f31215a45197463f22","timestamp":"2026-07-05 02:34:46"}
{"ip":"38.143.253.121","level":"info","message":"User authentication successful for user Levi","session":"3ece922c261a88be52586f08","timestamp":"2026-07-05 02:34:48"}
{"level":"info","message":"No system update for FIST: Ultra Edition is currently available.","timestamp":"2026-07-05 02:34:49"}
{"level":"info","message":"Vended World data to User [hisAKmwZpnqyxaz9] in 343ms","timestamp":"2026-07-05 02:34:49"}
{"level":"info","message":"Created client session 2b64ff0ae56340c4975dd8d8","timestamp":"2026-07-05 02:34:56"}
{"level":"info","message":"Created client session e872134cdb4277f6d02586f2","timestamp":"2026-07-05 02:34:59"}
{"level":"info","message":"Created client session b5fab3181fa5430e4ff3b350","timestamp":"2026-07-05 02:35:08"}
{"level":"info","message":"Created client session eccf4a33dc2c311b8091fefa","timestamp":"2026-07-05 02:35:08"}
{"level":"info","message":"Created client session 7fa1437f1b838d3b7ad1cedf","timestamp":"2026-07-05 02:35:08"}
{"level":"info","message":"Created client session b30b73705697d276e06ca843","timestamp":"2026-07-05 02:35:08"}
{"level":"info","message":"Created client session 7d5efb3f51b485dbadde8d0a","timestamp":"2026-07-05 02:35:12"}
{"level":"info","message":"Created client session 488cd7381754232bc3859e95","timestamp":"2026-07-05 02:35:13"}
{"level":"info","message":"Created client session 138151f3cb060f89b1794a4a","timestamp":"2026-07-05 02:35:14"}
{"level":"info","message":"Created client session f8266e43e65b204c1787ffd0","timestamp":"2026-07-05 02:35:15"}
{"level":"info","message":"Created client session 3c4200a05dc785e206caf43d","timestamp":"2026-07-05 02:35:15"}
{"level":"info","message":"Created client session 77f0b4c2ed94515d62eb0e35","timestamp":"2026-07-05 02:35:25"}
{"level":"info","message":"Created client session a645a0faf28b3eb109b751b8","timestamp":"2026-07-05 02:35:30"}
{"level":"info","message":"Created client session ec1a619b6a2e3293496aef81","timestamp":"2026-07-05 02:35:34"}
{"level":"info","message":"Logged user hisAKmwZpnqyxaz9 out of active World","timestamp":"2026-07-05 02:35:35"}
{"level":"info","message":"Created client session 1d682bea8c6582a5b3b02b14","timestamp":"2026-07-05 02:35:37"}
{"level":"info","message":"Created client session a84123520da687f5ae34bf54","timestamp":"2026-07-05 02:35:38"}
{"ip":"38.143.253.121","level":"info","message":"User authentication successful for user Gamemaster","session":"3ece922c261a88be52586f08","timestamp":"2026-07-05 02:35:41"}
{"level":"info","message":"No system update for FIST: Ultra Edition is currently available.","timestamp":"2026-07-05 02:35:42"}
{"level":"info","message":"Vended World data to User [xmljeyMGZBPkULO7] in 363ms","timestamp":"2026-07-05 02:35:42"}
{"level":"info","message":"Created client session e2b8e22c7cfb55d9c8b7277c","timestamp":"2026-07-05 02:35:48"}
{"level":"info","message":"Created client session 12f3fccbd99e3e6ad1fb17f3","timestamp":"2026-07-05 02:35:48"}
{"level":"info","message":"Created client session 9ff0db259b27b732d0c3f14c","timestamp":"2026-07-05 02:35:50"}
{"level":"info","message":"Created client session d952edcd0a36c5edf503e586","timestamp":"2026-07-05 02:35:55"}
{"level":"info","message":"Created client session 5e2a7da66f3a253d5c8aacf1","timestamp":"2026-07-05 02:35:57"}
{"level":"info","message":"Created client session d21d96321a7812a8f48247f1","timestamp":"2026-07-05 02:35:59"}
{"level":"info","message":"Created client session 30e25482e46a0a6c9aace73d","timestamp":"2026-07-05 02:36:07"}
{"level":"info","message":"Created client session 7a4e9a31df39450806b4ecaf","timestamp":"2026-07-05 02:36:10"}
{"level":"info","message":"Created client session ec7fa9bd07620057e7b0d87e","timestamp":"2026-07-05 02:36:10"}
{"level":"info","message":"Created client session 0d6b639f1a0380736abc3f41","timestamp":"2026-07-05 02:36:11"}
{"level":"info","message":"Logged user xmljeyMGZBPkULO7 out of active World","timestamp":"2026-07-05 02:36:15"}
{"ip":"38.143.253.121","level":"info","message":"User authentication successful for user Levi","session":"3ece922c261a88be52586f08","timestamp":"2026-07-05 02:36:18"}
{"level":"info","message":"No system update for FIST: Ultra Edition is currently available.","timestamp":"2026-07-05 02:36:19"}
{"level":"info","message":"Vended World data to User [hisAKmwZpnqyxaz9] in 365ms","timestamp":"2026-07-05 02:36:19"}
{"level":"info","message":"Created client session 07504534e923af5d3396107f","timestamp":"2026-07-05 02:36:28"}
{"level":"info","message":"Created client session 7449675f198de8a9ec6b1f65","timestamp":"2026-07-05 02:36:36"}
{"level":"info","message":"Created client session 347ae316cb7c9b45014bc81f","timestamp":"2026-07-05 02:36:37"}
{"level":"info","message":"Created client session 7d860ff2c35afd9d48e05a79","timestamp":"2026-07-05 02:36:46"}
{"level":"info","message":"Created client session d59c4f27cb89a0c246b30a18","timestamp":"2026-07-05 02:36:51"}
{"level":"info","message":"Created client session 88695e8e5d2a42c639a5f427","timestamp":"2026-07-05 02:36:52"}
{"level":"info","message":"Created client session 85562f5566185065cb0f7c53","timestamp":"2026-07-05 02:36:53"}
{"level":"info","message":"Created client session 8fbb5c59324dc80c435b8e19","timestamp":"2026-07-05 02:36:55"}
{"level":"info","message":"Created client session c633b3b3dd40508486a0e850","timestamp":"2026-07-05 02:37:04"}
{"level":"info","message":"Logged user hisAKmwZpnqyxaz9 out of active World","timestamp":"2026-07-05 02:37:06"}
{"ip":"38.143.253.121","level":"warn","message":"User authentication failed for user Gamemaster; invalid password","session":"3ece922c261a88be52586f08","status":401,"timestamp":"2026-07-05 02:37:09"}
{"level":"info","message":"Created client session 7ff4d9d4884185d00f55056c","timestamp":"2026-07-05 02:37:09"}
{"ip":"38.143.253.121","level":"warn","message":"User authentication failed for user Gamemaster; invalid password","session":"3ece922c261a88be52586f08","status":401,"timestamp":"2026-07-05 02:37:10"}
{"level":"info","message":"Created client session 44e879cf9227c5a80e02e657","timestamp":"2026-07-05 02:37:11"}
{"level":"info","message":"Created client session a51d565f668a5b7f2a8971de","timestamp":"2026-07-05 02:37:12"}
{"level":"info","message":"Created client session 887091d44b21b1ac42892c75","timestamp":"2026-07-05 02:37:13"}
{"ip":"38.143.253.121","level":"info","message":"User authentication successful for user Gamemaster","session":"3ece922c261a88be52586f08","timestamp":"2026-07-05 02:37:14"}
{"level":"info","message":"No system update for FIST: Ultra Edition is currently available.","timestamp":"2026-07-05 02:37:15"}
{"level":"info","message":"Vended World data to User [xmljeyMGZBPkULO7] in 348ms","timestamp":"2026-07-05 02:37:15"}
{"level":"info","message":"Created client session 2ab8b61cf202a761cae73c71","timestamp":"2026-07-05 02:37:18"}
{"level":"info","message":"Created client session 35484e6aae8d63278b357f3a","timestamp":"2026-07-05 02:37:21"}
{"level":"info","message":"Logged user cBIwMH3b7DjWKHRM out of active World","timestamp":"2026-07-05 02:37:28"}
{"ip":"71.81.66.111","level":"info","message":"User authentication successful for user Yuri","session":"59b1515d7236875b87ec3dc7","timestamp":"2026-07-05 02:37:33"}
{"ip":"71.81.66.111","level":"info","message":"User authentication successful for user Yuri","session":"59b1515d7236875b87ec3dc7","timestamp":"2026-07-05 02:37:33"}
{"level":"info","message":"Created client session 12accab7e75d49bbf21bef70","timestamp":"2026-07-05 02:37:34"}
{"level":"info","message":"No system update for FIST: Ultra Edition is currently available.","timestamp":"2026-07-05 02:37:36"}
{"level":"info","message":"Vended World data to User [cBIwMH3b7DjWKHRM] in 374ms","timestamp":"2026-07-05 02:37:36"}
{"level":"info","message":"Created client session 266028245d84feda1f850b4b","timestamp":"2026-07-05 02:37:38"}
{"level":"info","message":"Created client session 610cd82f9edeabff3b566468","timestamp":"2026-07-05 02:37:52"}
{"level":"info","message":"Created client session 37ee3a2da0fde7c9b683d6e9","timestamp":"2026-07-05 02:37:57"}
{"level":"info","message":"Created client session 98f04755576b1228b3f11ef7","timestamp":"2026-07-05 02:38:07"}
{"level":"info","message":"Created client session 98adec35218abb4a633a81cb","timestamp":"2026-07-05 02:38:10"}
{"level":"info","message":"Created client session 6a26356d5c21fcceb2aeaf05","timestamp":"2026-07-05 02:38:12"}
{"level":"info","message":"Created client session bc930d2baa7f7403ce432644","timestamp":"2026-07-05 02:38:15"}
{"level":"info","message":"Created client session 6b6440093e993c342027ca08","timestamp":"2026-07-05 02:38:27"}
{"level":"info","message":"Created client session 84c3e7054550d49359c71efd","timestamp":"2026-07-05 02:38:33"}
{"level":"info","message":"Created client session d43db7d36ef33514664b1017","timestamp":"2026-07-05 02:38:34"}
{"level":"info","message":"Created client session 36ac4192d7c3f5655b58fa74","timestamp":"2026-07-05 02:38:41"}
{"level":"info","message":"Created client session d6bc106072452f8d1639df0e","timestamp":"2026-07-05 02:38:47"}
{"level":"info","message":"Created client session a1595ff4971f37fa9450b1da","timestamp":"2026-07-05 02:38:48"}
{"level":"info","message":"Created client session 6f8348c042c941bed8aa6a14","timestamp":"2026-07-05 02:38:51"}
{"level":"info","message":"Created client session 2d11ce0884e591ec0ff332bc","timestamp":"2026-07-05 02:38:52"}
{"level":"info","message":"Created client session 4ce44dee7a82d7ce832aa385","timestamp":"2026-07-05 02:38:52"}
{"level":"info","message":"Created client session dc84f64a629a1c8576474f86","timestamp":"2026-07-05 02:38:55"}
{"level":"info","message":"Created client session f1cd8a260d874326e2053745","timestamp":"2026-07-05 02:38:55"}
{"level":"info","message":"Created client session 77f1bedd75f17f0406f30c7d","timestamp":"2026-07-05 02:39:03"}
{"level":"info","message":"Created client session 69c51a487f720180edbce2ac","timestamp":"2026-07-05 02:39:06"}
{"level":"info","message":"Created client session 8bb730c6b505670563a4e208","timestamp":"2026-07-05 02:39:18"}
{"level":"info","message":"Created client session 8540b10574a94c6934fd462d","timestamp":"2026-07-05 02:39:22"}
{"level":"info","message":"Created client session 43edeb1c5f2d3a9c904eb897","timestamp":"2026-07-05 02:39:24"}
{"level":"info","message":"coral w.png saved to assets/","timestamp":"2026-07-05 02:39:25"}
{"ip":"38.143.253.121","level":"info","message":"User authentication successful for user Levi","session":"8bb730c6b505670563a4e208","timestamp":"2026-07-05 02:39:26"}
{"level":"info","message":"No system update for FIST: Ultra Edition is currently available.","timestamp":"2026-07-05 02:39:27"}
{"level":"info","message":"Vended World data to User [hisAKmwZpnqyxaz9] in 433ms","timestamp":"2026-07-05 02:39:27"}
{"level":"info","message":"Created client session 15e75086b35828c4071ea1c5","timestamp":"2026-07-05 02:39:32"}
{"level":"info","message":"Created client session 57b3e5025d9341345da587fd","timestamp":"2026-07-05 02:39:32"}
{"level":"info","message":"Created client session 9302862cb50cbad62a13fa8a","timestamp":"2026-07-05 02:39:33"}
{"level":"info","message":"Created client session a63722365071d1f730d8090d","timestamp":"2026-07-05 02:39:40"}
{"level":"info","message":"Created client session 76e514b3ac538a06ba5406a7","timestamp":"2026-07-05 02:39:40"}
{"level":"info","message":"Created client session f0989000cd42d2eb3d0b9b8b","timestamp":"2026-07-05 02:39:45"}
{"level":"info","message":"Created ChatMessage with id [OmD92x1fKLq73QOl]","timestamp":"2026-07-05 02:39:48"}
{"level":"info","message":"Created client session d494c25633a6e45eaddf1f04","timestamp":"2026-07-05 02:39:48"}
{"level":"info","message":"Created ChatMessage with id [E4uPu4m6kJUKqVni]","timestamp":"2026-07-05 02:39:54"}
{"level":"info","message":"Created client session a157e875950514ff43496470","timestamp":"2026-07-05 02:39:57"}
{"level":"info","message":"Created client session 0c47bfbe71eee35f5b408b34","timestamp":"2026-07-05 02:40:10"}
{"level":"info","message":"Created client session d3b7544e534f0196041ddd67","timestamp":"2026-07-05 02:40:14"}
{"level":"info","message":"Created client session 31715515651f5e1c5b2019e2","timestamp":"2026-07-05 02:40:19"}
{"level":"info","message":"Created client session 5977f03f86f644d1c0dfa382","timestamp":"2026-07-05 02:40:22"}
{"level":"info","message":"Created client session 947b6e08e2f2522bfdce1055","timestamp":"2026-07-05 02:40:25"}
{"level":"info","message":"Created client session 6ac98c6ac949631bb6ce9d4d","timestamp":"2026-07-05 02:40:25"}
{"level":"info","message":"Created client session d174ba63c0565fa15ee6ee2c","timestamp":"2026-07-05 02:40:35"}
{"level":"info","message":"Created client session fedfb077442cd64d13c42a3b","timestamp":"2026-07-05 02:40:39"}
{"level":"info","message":"Created client session 8ad17e51b5a4d8ee0d280ebd","timestamp":"2026-07-05 02:40:42"}
{"level":"info","message":"Created client session b76a0a103b3e556ab6592fc4","timestamp":"2026-07-05 02:40:49"}
{"level":"info","message":"Created client session ab9d38d341c68cf98bff6af2","timestamp":"2026-07-05 02:40:51"}
{"level":"info","message":"Created client session 435939bf50566286a7b6c2e3","timestamp":"2026-07-05 02:40:55"}
{"level":"info","message":"Created client session 9c8fd101b56dd8297ae8a303","timestamp":"2026-07-05 02:40:56"}
{"level":"info","message":"Created client session 1c63a73d302eddedf204e1dc","timestamp":"2026-07-05 02:40:58"}
{"level":"info","message":"Created client session 5dfb064af87e8a4cc1e0dd49","timestamp":"2026-07-05 02:41:09"}
{"level":"info","message":"Created client session 1b8c944c8cf9fc5638a802c5","timestamp":"2026-07-05 02:41:12"}
{"level":"info","message":"Created client session 92ac5e76c19e874afc29d263","timestamp":"2026-07-05 02:41:13"}
{"level":"info","message":"Created client session de9c97a2a0f00ba62ef1f42e","timestamp":"2026-07-05 02:41:13"}
{"level":"info","message":"Created client session 0444a7be6f556166d189ef3d","timestamp":"2026-07-05 02:41:20"}
{"level":"info","message":"Created client session d3ea3e456666b9061e9697c5","timestamp":"2026-07-05 02:41:29"}
{"level":"info","message":"Created client session 2e7c1f6763168633f0374d16","timestamp":"2026-07-05 02:41:29"}
{"level":"info","message":"Created client session 364dc7b593afe81b16c9f7dd","timestamp":"2026-07-05 02:41:32"}
{"level":"info","message":"Created client session faed39b24a9c1d4c8f8cc3e1","timestamp":"2026-07-05 02:41:32"}
{"level":"info","message":"Created client session 31afe52deec61c12df4a7b84","timestamp":"2026-07-05 02:41:32"}
{"level":"info","message":"Created client session c727a9cad2fbe1c24c2096e8","timestamp":"2026-07-05 02:41:33"}
{"level":"info","message":"Created client session caf950e8932f4add884df2e9","timestamp":"2026-07-05 02:41:46"}
{"level":"info","message":"Created client session ae0be529a0013d8d974111c0","timestamp":"2026-07-05 02:41:52"}
{"level":"info","message":"Created client session 30393015c3faa3f43dc7a157","timestamp":"2026-07-05 02:41:52"}
{"level":"info","message":"Created client session add27d2d07ff335e162d4b61","timestamp":"2026-07-05 02:41:54"}
{"level":"info","message":"Created client session 1f815f52097978de0814a4ef","timestamp":"2026-07-05 02:41:59"}
{"level":"info","message":"Created client session c06b72cdf4d3cf7454bf5d0d","timestamp":"2026-07-05 02:42:08"}
{"level":"info","message":"Created client session 218e392fe1bd39b56449fd95","timestamp":"2026-07-05 02:42:12"}
{"level":"info","message":"Created client session 10dd9bd199e8de12b394295c","timestamp":"2026-07-05 02:42:25"}
{"level":"info","message":"Created client session d7955e5006208905e47d18d4","timestamp":"2026-07-05 02:42:26"}
{"level":"info","message":"Created client session 151e13d10173fb89b2ee3cbf","timestamp":"2026-07-05 02:42:29"}
{"level":"info","message":"Created client session 70b61875a2dff42cf25b196a","timestamp":"2026-07-05 02:42:30"}
{"level":"info","message":"Created client session c96f77a2e5c7f2ddb0e10f9b","timestamp":"2026-07-05 02:42:31"}
{"level":"info","message":"Created client session c3f8098fad0a3499c56fa0be","timestamp":"2026-07-05 02:42:31"}
{"level":"info","message":"Created client session 445f49abe6af2bbc4aacff33","timestamp":"2026-07-05 02:42:34"}
{"level":"info","message":"Created client session 981d18c3c3ad3c7bbf544438","timestamp":"2026-07-05 02:42:47"}
{"level":"info","message":"Created User with id [qJ7Ro9xk36btmANg]","timestamp":"2026-07-05 02:42:48"}
{"level":"info","message":"No system update for FIST: Ultra Edition is currently available.","timestamp":"2026-07-05 02:42:54"}
{"level":"info","message":"Vended World data to User [xmljeyMGZBPkULO7] in 338ms","timestamp":"2026-07-05 02:42:54"}
{"level":"info","message":"Created client session 7b062f6f53b7fe8ff2a2d719","timestamp":"2026-07-05 02:42:55"}
{"level":"info","message":"Created client session a9771bb00b2d4679b2321923","timestamp":"2026-07-05 02:42:55"}
{"level":"info","message":"Created client session 8aded3983870542b76efc1a9","timestamp":"2026-07-05 02:42:56"}
{"level":"info","message":"Created client session 131b2a2d311fd64959a659c9","timestamp":"2026-07-05 02:42:58"}
{"level":"info","message":"Created client session 68af8a8829303f617999e373","timestamp":"2026-07-05 02:43:00"}
{"level":"info","message":"Created client session 6139676c41630d889552adfe","timestamp":"2026-07-05 02:43:00"}
{"level":"info","message":"Created client session fa40b0a1472254f80f2a1d24","timestamp":"2026-07-05 02:43:11"}
{"level":"info","message":"Created client session e68c6ff65e9d3b756b37a42e","timestamp":"2026-07-05 02:43:20"}
{"level":"info","message":"Created Folder with id [d2nI2G3TuxBZKotk]","timestamp":"2026-07-05 02:43:22"}
{"level":"info","message":"Created client session 2fd8e9ae1c541c654c42dd0e","timestamp":"2026-07-05 02:43:23"}
{"level":"info","message":"Created client session 00aca1b28fa0e2fd29757614","timestamp":"2026-07-05 02:43:25"}
{"level":"info","message":"Created client session ab83abae53c0ea508293d86c","timestamp":"2026-07-05 02:43:25"}
{"level":"info","message":"Created client session 84f4e51404a2d75c0c0c4d33","timestamp":"2026-07-05 02:43:30"}
{"level":"info","message":"Created client session 886a872d87a377eb2517fde6","timestamp":"2026-07-05 02:43:31"}
{"level":"info","message":"Created client session 489cabed97715d2fe1413fac","timestamp":"2026-07-05 02:43:39"}
{"level":"info","message":"Created client session a3e27f6b2b9c059746986946","timestamp":"2026-07-05 02:43:40"}
{"level":"info","message":"Created client session 93a58755962326c6e04abc38","timestamp":"2026-07-05 02:43:48"}
{"ip":"38.143.253.121","level":"info","message":"User authentication successful for user Spectator/Tester","session":"fa40b0a1472254f80f2a1d24","timestamp":"2026-07-05 02:43:53"}
{"level":"info","message":"Created client session 47d4ec9385ea55e9ccbabda8","timestamp":"2026-07-05 02:43:53"}
{"level":"info","message":"No system update for FIST: Ultra Edition is currently available.","timestamp":"2026-07-05 02:43:54"}
{"level":"info","message":"Vended World data to User [qJ7Ro9xk36btmANg] in 367ms","timestamp":"2026-07-05 02:43:54"}
{"level":"info","message":"Created ChatMessage with id [f5HBrQOXsXh9GWnw]","timestamp":"2026-07-05 02:43:55"}
{"level":"info","message":"Created client session 8b04d0dd3bcb5db3216e6bfc","timestamp":"2026-07-05 02:44:00"}
{"level":"info","message":"Created client session 4367391806c01fe2da247a6b","timestamp":"2026-07-05 02:44:05"}
{"level":"info","message":"Created client session 5b7f73e2fae56516ccde037a","timestamp":"2026-07-05 02:44:05"}
{"level":"info","message":"phaunus phones tunes for every ear.png saved to assets/","timestamp":"2026-07-05 02:44:09"}
{"level":"info","message":"Created client session f9ea394579f353927e340bc9","timestamp":"2026-07-05 02:44:13"}
{"level":"info","message":"Created client session dfd1ff1d6995e64a6d0eb5c1","timestamp":"2026-07-05 02:44:13"}
{"level":"info","message":"Created client session 9d0975122f4a03e0b765a346","timestamp":"2026-07-05 02:44:19"}
{"level":"info","message":"Created client session 8ad967220cbec7a9c3732665","timestamp":"2026-07-05 02:44:30"}
{"level":"info","message":"Created client session 49cad2ebc1164a6cefa7e368","timestamp":"2026-07-05 02:44:32"}
{"level":"info","message":"Created client session 383da71c01bebff8002abe17","timestamp":"2026-07-05 02:44:35"}
{"level":"info","message":"Created client session 74c3518adf86f99276e73af2","timestamp":"2026-07-05 02:44:40"}
{"level":"info","message":"Created client session bcbacb555cda7d08fc406dd5","timestamp":"2026-07-05 02:44:43"}
{"level":"info","message":"Created client session 6682f5dd95b29b4af78bc5b0","timestamp":"2026-07-05 02:45:00"}
{"level":"info","message":"waterelemental_token_1.png saved to assets","timestamp":"2026-07-05 02:45:06"}
{"level":"info","message":"Created client session 730fb2a28ce481b59f19ca96","timestamp":"2026-07-05 02:45:07"}
{"level":"info","message":"Created client session d8a9e7dcf04e824a8af87361","timestamp":"2026-07-05 02:45:07"}
{"level":"info","message":"Created client session 29f62c1ba104ec1db9602f61","timestamp":"2026-07-05 02:45:07"}
{"level":"info","message":"Created client session 73f2c10fd1a6e3a3c31a7f3d","timestamp":"2026-07-05 02:45:07"}
{"level":"info","message":"Created client session 249db6f890e97441892930f6","timestamp":"2026-07-05 02:45:07"}
{"level":"info","message":"Created client session 53cca49c11bfd131d8614c1d","timestamp":"2026-07-05 02:45:10"}
{"level":"info","message":"Created client session ba3af68d6352a04fb319e58e","timestamp":"2026-07-05 02:45:10"}
{"level":"info","message":"Created client session 35165ded0ad1ba6d7e20a9af","timestamp":"2026-07-05 02:45:10"}
{"level":"info","message":"Created client session 22105a679db31f5680e723c3","timestamp":"2026-07-05 02:45:15"}
{"level":"info","message":"Created client session cd8763aab7eaf882ffd3ce64","timestamp":"2026-07-05 02:45:24"}
{"level":"info","message":"Created client session 30bf7b5c40795e08a02a2172","timestamp":"2026-07-05 02:45:32"}
{"level":"info","message":"Created client session ed874522a45267c4ca4d0c56","timestamp":"2026-07-05 02:45:33"}
{"level":"info","message":"Created client session 4451c53b9c7b93552e7691f2","timestamp":"2026-07-05 02:45:34"}
{"level":"info","message":"Created client session 124c12c067cf2bd33eed167e","timestamp":"2026-07-05 02:45:50"}
{"level":"info","message":"Created client session e92b1ecd9da6e928c6531b87","timestamp":"2026-07-05 02:45:52"}
{"level":"info","message":"Created client session db5f2a66349654b70d971f49","timestamp":"2026-07-05 02:45:57"}
{"level":"info","message":"Created client session 3fdefec622fe953ad9daa6c3","timestamp":"2026-07-05 02:45:58"}
{"level":"info","message":"Created client session 3669878979856364897002f5","timestamp":"2026-07-05 02:46:01"}
{"level":"info","message":"Created client session 4be2f88f8a36acaa969ddd41","timestamp":"2026-07-05 02:46:10"}
{"level":"info","message":"Created client session 464962a84f4027bdd5237c38","timestamp":"2026-07-05 02:46:10"}
{"level":"info","message":"Created client session a9a0ce2cb027d7ed71bdaad8","timestamp":"2026-07-05 02:46:28"}
{"level":"info","message":"Created client session 42c96b1e2ee1703e42e7ceda","timestamp":"2026-07-05 02:46:29"}
{"level":"info","message":"Created client session c17c2fa52eb0e7c55aff74a5","timestamp":"2026-07-05 02:46:30"}
{"level":"info","message":"Created client session 673117f9571d75d2bf275727","timestamp":"2026-07-05 02:46:37"}
{"level":"info","message":"Created client session e8a6ad1e3bf3484ede527bdd","timestamp":"2026-07-05 02:46:38"}
{"level":"info","message":"Created client session 88496934d37dfdf26a627cfe","timestamp":"2026-07-05 02:46:43"}
{"level":"info","message":"Created client session b28307eceb6f095d515d5375","timestamp":"2026-07-05 02:46:48"}
{"level":"info","message":"Created client session e5668eedf5e792209f8576fe","timestamp":"2026-07-05 02:46:49"}
{"level":"info","message":"Created client session 971a5449c9fde826fd032ae5","timestamp":"2026-07-05 02:46:51"}
{"level":"info","message":"Created client session 636eb27e60c604a9e90340d1","timestamp":"2026-07-05 02:46:58"}
{"level":"info","message":"Created client session 1f5693ae78930c6ad3413163","timestamp":"2026-07-05 02:47:00"}
{"level":"info","message":"Created client session 4381267be5507682c6ddcfd9","timestamp":"2026-07-05 02:47:03"}
{"level":"info","message":"Created client session 4784b803f0a56f0d19684892","timestamp":"2026-07-05 02:47:05"}
{"level":"info","message":"Created client session 9775b7eae7c3d840b01271c8","timestamp":"2026-07-05 02:47:08"}
{"level":"info","message":"Created client session 928781eb394e94018db800d0","timestamp":"2026-07-05 02:47:15"}
{"level":"info","message":"Created client session aad6a31519ff268bd6db2786","timestamp":"2026-07-05 02:47:16"}
{"level":"info","message":"Created client session 52711dc71a9f0c56fb317133","timestamp":"2026-07-05 02:47:17"}
{"level":"info","message":"Created client session 8e6141e8445f425b0571b3ba","timestamp":"2026-07-05 02:47:18"}
{"level":"info","message":"schwester.png saved to assets","timestamp":"2026-07-05 02:47:19"}
{"level":"info","message":"Created client session 8095f33dbb590b23a72a6fac","timestamp":"2026-07-05 02:47:19"}
{"level":"info","message":"Created client session d78387214534f6b12fafec0a","timestamp":"2026-07-05 02:47:19"}
{"level":"info","message":"Created client session 4dc9ef40c24537319171dd43","timestamp":"2026-07-05 02:47:37"}
{"level":"info","message":"Created client session a3e70b8c810664a0762d3dbe","timestamp":"2026-07-05 02:47:39"}
{"level":"info","message":"Created client session 07b1bf7daacf9a6cf494539d","timestamp":"2026-07-05 02:47:39"}
{"level":"info","message":"Created client session fd1af71924c349eb7f565ecb","timestamp":"2026-07-05 02:47:40"}
{"level":"info","message":"Created client session 437a9e92c4da9fbae082ad50","timestamp":"2026-07-05 02:47:49"}
{"level":"info","message":"Created client session 23e0f45b1ff6f55516480264","timestamp":"2026-07-05 02:47:50"}
{"level":"info","message":"Created client session b923ef7d9088cdb517a41f21","timestamp":"2026-07-05 02:47:52"}
{"level":"info","message":"Created client session 0954d920755dc3d76b64e420","timestamp":"2026-07-05 02:47:53"}
{"level":"info","message":"Created client session eb55247705dd5f5df3bb423a","timestamp":"2026-07-05 02:47:56"}
{"level":"info","message":"Created client session a61c8fd526b1a8a32d45bf15","timestamp":"2026-07-05 02:48:02"}
{"level":"info","message":"Created client session 7bcb95e56bbb935405c1ba61","timestamp":"2026-07-05 02:48:06"}
{"level":"info","message":"Created Item with id [OKJGCvzpwihRTpy0] in parent Actor [jB6sq5s5dt79eVT9]","timestamp":"2026-07-05 02:48:10"}
{"level":"info","message":"Created Item with id [CamKLbxlIA6ExwUB] in parent Actor [jB6sq5s5dt79eVT9]","timestamp":"2026-07-05 02:48:13"}
{"level":"info","message":"Created ChatMessage with id [bzF527jNV08CnyO4]","timestamp":"2026-07-05 02:48:14"}
{"level":"info","message":"Created client session fbee979277e9c881ad3b1b87","timestamp":"2026-07-05 02:48:19"}
{"level":"info","message":"Created client session 1df6c1375bad78824817f706","timestamp":"2026-07-05 02:48:35"}
{"level":"info","message":"Created client session fc1f8d184a30ec0fa7d7c53b","timestamp":"2026-07-05 02:48:41"}
{"level":"info","message":"Created client session 3ebb4582c9072c0683c8d563","timestamp":"2026-07-05 02:48:42"}
{"level":"info","message":"Created client session aea9b1c4bd814ca1f3d9f12c","timestamp":"2026-07-05 02:48:45"}
{"level":"info","message":"Created client session 5e842690ca302ce1c383590b","timestamp":"2026-07-05 02:48:46"}
{"level":"info","message":"Created client session a5e8af53345271d225c58041","timestamp":"2026-07-05 02:48:50"}
{"level":"info","message":"Created client session 380337a071972fbb304c32ee","timestamp":"2026-07-05 02:48:52"}
{"level":"info","message":"Created client session c1cb317f312e02f9cea63e11","timestamp":"2026-07-05 02:49:02"}
{"level":"info","message":"Created client session f68094a669ee5c7a7bd86fa9","timestamp":"2026-07-05 02:49:02"}
{"level":"info","message":"Created client session 015cc5421d513e95ecff49f1","timestamp":"2026-07-05 02:49:02"}
{"level":"info","message":"Created client session d02e9bca6ba169f2168c8e24","timestamp":"2026-07-05 02:49:07"}
{"level":"info","message":"Created client session 566fb519f6d043e923062ca0","timestamp":"2026-07-05 02:49:13"}
{"level":"info","message":"Created client session 4e27d8a9d2f17ad1463aadcb","timestamp":"2026-07-05 02:49:18"}
{"level":"info","message":"Created client session 0a1b90e2e0ed57141e41f9ab","timestamp":"2026-07-05 02:49:18"}
{"level":"info","message":"Created client session a45128267ba53c9077bd82c2","timestamp":"2026-07-05 02:49:19"}
{"level":"info","message":"Created ChatMessage with id [i9PhsVNGDlhw8Zbc]","timestamp":"2026-07-05 02:49:20"}
{"level":"info","message":"Created client session d0f544119114aec40a6e866e","timestamp":"2026-07-05 02:49:21"}
{"level":"info","message":"Created ChatMessage with id [kUbX94ZiwpOiwblq]","timestamp":"2026-07-05 02:49:25"}
{"level":"info","message":"Created client session 5f0381cc8a281b5ab464d43d","timestamp":"2026-07-05 02:49:33"}
{"level":"info","message":"Created client session 0cf783c76181cd53eea0e29c","timestamp":"2026-07-05 02:49:38"}
{"level":"info","message":"Created client session 81cd2364f2880a4e29eb5f7a","timestamp":"2026-07-05 02:49:38"}
{"level":"info","message":"Created client session 609ae4bb5c6f2e6b421be145","timestamp":"2026-07-05 02:49:38"}
{"level":"info","message":"Created client session bfbef0f81c02d7596c296ce0","timestamp":"2026-07-05 02:49:49"}
{"level":"info","message":"Created client session 981f43653d74b02ab4251e9f","timestamp":"2026-07-05 02:49:51"}
{"level":"info","message":"Created client session cc6de0459b86c52415c09db4","timestamp":"2026-07-05 02:49:59"}
{"level":"info","message":"Created client session d06da94a788e291d27306f8b","timestamp":"2026-07-05 02:50:22"}
{"level":"info","message":"Created Item with id [7uGxWW0mLRjzqg0J] in parent Actor [jB6sq5s5dt79eVT9]","timestamp":"2026-07-05 02:50:25"}
{"level":"info","message":"Created client session 5120789970a12235e25770fc","timestamp":"2026-07-05 02:50:28"}
{"level":"info","message":"Created client session 70bc892af57b11ef5e847bb3","timestamp":"2026-07-05 02:50:31"}
{"level":"info","message":"Created client session 62dfc9c9a3f766814c2ba24d","timestamp":"2026-07-05 02:50:32"}
{"level":"info","message":"Created client session f5aa239759883edfe8417a75","timestamp":"2026-07-05 02:50:35"}
{"level":"info","message":"Created client session 1b617c5d345ae5bfb1181a58","timestamp":"2026-07-05 02:50:37"}
{"level":"info","message":"Created client session 1775a411c2d3b4f9d2fb22c3","timestamp":"2026-07-05 02:50:42"}
{"level":"info","message":"Created client session ac21eae923314f0f26dbb87b","timestamp":"2026-07-05 02:50:49"}
{"level":"info","message":"Created client session 03ed6396996e611954f95913","timestamp":"2026-07-05 02:50:54"}
{"level":"info","message":"Created client session 8dcd49fd7c1bf67c1f392a5b","timestamp":"2026-07-05 02:50:59"}
{"level":"info","message":"Created client session 0e0fb0e7550b19b3973d6b25","timestamp":"2026-07-05 02:51:00"}
{"level":"info","message":"Created client session 47809d6de95be9028bd52bd3","timestamp":"2026-07-05 02:51:02"}
{"level":"info","message":"Created client session f175a2290f96b89f42ba78ae","timestamp":"2026-07-05 02:51:15"}
{"level":"info","message":"Created client session 94e93aba724d5e952f5d0603","timestamp":"2026-07-05 02:51:15"}
{"level":"info","message":"Created client session 890179fb61e198c0abdeb815","timestamp":"2026-07-05 02:51:16"}
{"level":"info","message":"Created client session 9bb6be3c0cd3f3e6cfe766b3","timestamp":"2026-07-05 02:51:16"}
{"level":"info","message":"Created client session 97bada33485b4080de390b40","timestamp":"2026-07-05 02:51:18"}
{"level":"info","message":"Created client session 0157efc50e40836f874c79a7","timestamp":"2026-07-05 02:51:20"}
{"level":"info","message":"Created client session ea8ba086e1527e5f45a01372","timestamp":"2026-07-05 02:51:28"}
{"level":"info","message":"Created client session cfd58152f6162e288998acc7","timestamp":"2026-07-05 02:51:29"}
{"level":"info","message":"Created client session f217cd1f7c30c9da61e98deb","timestamp":"2026-07-05 02:51:41"}
{"level":"info","message":"Created client session 1444a0123ef2cd6260d258d8","timestamp":"2026-07-05 02:51:45"}
{"level":"info","message":"Created client session 113fb4fa35bb7ad07dfd1713","timestamp":"2026-07-05 02:51:48"}
{"level":"info","message":"Logged user KozeLkCf7s0I2baM out of active World","timestamp":"2026-07-05 02:51:55"}
{"level":"info","message":"Created client session 47eb24a8f9732816c851fac0","timestamp":"2026-07-05 02:51:56"}
{"ip":"92.33.153.201","level":"info","message":"User authentication successful for user Darakoi","session":"4a84f10f0b5f0ec38bc01dcf","timestamp":"2026-07-05 02:52:04"}
{"level":"info","message":"Created client session e3b62aaec6ef4f3832616d19","timestamp":"2026-07-05 02:52:06"}
{"level":"info","message":"No system update for FIST: Ultra Edition is currently available.","timestamp":"2026-07-05 02:52:06"}
{"level":"info","message":"Vended World data to User [KozeLkCf7s0I2baM] in 400ms","timestamp":"2026-07-05 02:52:06"}
{"level":"info","message":"Created client session 81837422ef6e3b661ef2d561","timestamp":"2026-07-05 02:52:17"}
{"level":"info","message":"Created client session 100cf260450063381b0f0e75","timestamp":"2026-07-05 02:52:19"}
{"level":"info","message":"Created client session 3cb34d5cd76c61be6e88e429","timestamp":"2026-07-05 02:52:22"}
{"level":"info","message":"Created client session 4ea77c9ab5e77f3c35ab3a53","timestamp":"2026-07-05 02:52:22"}
{"level":"info","message":"Created client session ab719a5886851ed62b50c7dc","timestamp":"2026-07-05 02:52:24"}
{"level":"info","message":"Created client session af37e77f93a87f087d6bb0fc","timestamp":"2026-07-05 02:52:39"}
{"level":"info","message":"Created client session 1b3d474775615eefd2d854c1","timestamp":"2026-07-05 02:52:43"}
{"level":"info","message":"Created client session 57b4f70d6336a20f0779d6f1","timestamp":"2026-07-05 02:52:48"}
{"level":"info","message":"Created client session 6743ed896c138e1a375d3440","timestamp":"2026-07-05 02:52:52"}
{"level":"info","message":"Created client session 8d5d798ce120dee349313e31","timestamp":"2026-07-05 02:52:56"}
{"level":"info","message":"Created client session 639365803618cad0937e0a54","timestamp":"2026-07-05 02:53:02"}
{"level":"info","message":"Created client session d0c87cc8bc069584c3c1fe91","timestamp":"2026-07-05 02:53:03"}
{"level":"info","message":"Created client session bed9ab966d27b6b4a22a2a58","timestamp":"2026-07-05 02:53:04"}
{"level":"info","message":"Created client session e9f6241cf8f872cefdb45fc5","timestamp":"2026-07-05 02:53:39"}
{"level":"info","message":"Created client session ca2a09b29b36cfe8386bdc78","timestamp":"2026-07-05 02:53:40"}
{"level":"info","message":"Created client session 80dfa9fce8e9c35f3271ca91","timestamp":"2026-07-05 02:53:40"}
{"level":"info","message":"MaxPayneMP3.jpg saved to assets","timestamp":"2026-07-05 02:53:46"}
{"level":"info","message":"Created client session b3b72baf4aa7b0890c83cd77","timestamp":"2026-07-05 02:53:49"}
{"level":"info","message":"Created client session 1690a077674fcd5a86eb01e0","timestamp":"2026-07-05 02:53:54"}
{"level":"info","message":"Created client session b1a0471709340d0461204585","timestamp":"2026-07-05 02:53:54"}
{"level":"info","message":"Created client session 6e152400cd3718fab7a2b09f","timestamp":"2026-07-05 02:53:58"}
{"level":"info","message":"Created client session a84d9767b92028ed51cff1c6","timestamp":"2026-07-05 02:54:02"}
{"level":"info","message":"Created client session 9dfacdc0b4138277d71efbc2","timestamp":"2026-07-05 02:54:07"}
{"level":"info","message":"Created Item with id [SEQfOdY9I79cwBJz] in parent Actor [jB6sq5s5dt79eVT9]","timestamp":"2026-07-05 02:54:25"}
{"level":"info","message":"Created client session 0d70bb51f736c60f3c40abc9","timestamp":"2026-07-05 02:54:41"}
{"level":"info","message":"Created client session 4e94a008a022c01e79401142","timestamp":"2026-07-05 02:54:45"}
{"level":"info","message":"Created client session 1f11290a470e2e307da18274","timestamp":"2026-07-05 02:54:45"}
{"level":"info","message":"Created client session 606b98db6485b46aa76f892c","timestamp":"2026-07-05 02:54:47"}
{"level":"info","message":"Created client session d509d73fb08f89c3f2b24c24","timestamp":"2026-07-05 02:54:50"}
{"level":"info","message":"Created client session 0780393e9b7e3f5e20cf1c3c","timestamp":"2026-07-05 02:54:50"}
{"level":"info","message":"Created client session c450e8b8fc49c6cff7b5b646","timestamp":"2026-07-05 02:54:51"}
{"level":"info","message":"Created client session a80c18e901a1d65f390ac760","timestamp":"2026-07-05 02:54:51"}
{"level":"info","message":"Created client session 652f30dced899e4e0bc65d8d","timestamp":"2026-07-05 02:55:04"}
{"level":"info","message":"Created client session d0e1545761408d34460d13ce","timestamp":"2026-07-05 02:55:21"}
{"level":"info","message":"Created client session a3842b293a2f2e5dc48f6b6a","timestamp":"2026-07-05 02:55:23"}
{"level":"info","message":"Created client session 3ef8743c0b05f4f118f6b4c4","timestamp":"2026-07-05 02:55:27"}
{"level":"info","message":"Created client session 528f78b945cfd921e37f3ff8","timestamp":"2026-07-05 02:55:31"}
{"level":"info","message":"Created client session 43877b8e92815612b74689d4","timestamp":"2026-07-05 02:55:31"}
{"level":"info","message":"Created client session f2d7fe53e0b0ecc41a58605b","timestamp":"2026-07-05 02:55:31"}
{"level":"info","message":"Created ChatMessage with id [b0exHFeSAphjtneM]","timestamp":"2026-07-05 02:55:32"}
{"level":"info","message":"Created client session cf2d6c32fef5d3ac3ca78864","timestamp":"2026-07-05 02:55:32"}
{"level":"info","message":"Created client session 219621cc6fc0278e01cbea28","timestamp":"2026-07-05 02:55:32"}
{"level":"info","message":"Created client session ffbfd167a481326f332dd953","timestamp":"2026-07-05 02:55:44"}
{"level":"info","message":"Created Item with id [fc4nyZWFh8wPJuFS] in parent Actor [jB6sq5s5dt79eVT9]","timestamp":"2026-07-05 02:55:49"}
{"level":"info","message":"Created ChatMessage with id [MhxMuPDGSEuB4C3c]","timestamp":"2026-07-05 02:55:50"}
{"level":"info","message":"Created client session 3a7556d1c5cc7a32b44f44fc","timestamp":"2026-07-05 02:55:54"}
{"level":"info","message":"Created client session 362aa8a2474007d27346f733","timestamp":"2026-07-05 02:56:17"}
{"level":"info","message":"Created client session 65b7c50c0e8c0c8970b44476","timestamp":"2026-07-05 02:56:24"}
{"level":"info","message":"Created client session cf640c05e238b94da34eb478","timestamp":"2026-07-05 02:56:34"}
{"level":"info","message":"Created client session bbcf3fdbb6a4b28895b8f6b5","timestamp":"2026-07-05 02:56:35"}
{"level":"info","message":"Created client session 24bf9f2b68233bebd85fe54a","timestamp":"2026-07-05 02:56:42"}
{"level":"info","message":"Created client session 9cc39e5d89b7eab8b55a95cc","timestamp":"2026-07-05 02:56:43"}
{"level":"info","message":"Created client session 944cbea4b85e7726249db484","timestamp":"2026-07-05 02:56:53"}
{"level":"info","message":"Created client session 3e637a2f08417e2f51450a90","timestamp":"2026-07-05 02:57:03"}
{"level":"info","message":"Created client session ed6c5bbe501a62c202872d1d","timestamp":"2026-07-05 02:57:10"}
{"level":"info","message":"Created client session da3808761dbccf8cac6274ae","timestamp":"2026-07-05 02:57:16"}
{"level":"info","message":"Created client session 3bf0da21d59a200286ed4fd6","timestamp":"2026-07-05 02:57:18"}
{"level":"info","message":"Created client session 54c688203cedbee3eb6f613e","timestamp":"2026-07-05 02:57:23"}
{"level":"info","message":"Created client session dd5bc7d31db41431fe5a7515","timestamp":"2026-07-05 02:57:27"}
{"level":"info","message":"Created client session 8b70808f88a6aa25bdf6b953","timestamp":"2026-07-05 02:57:47"}
{"level":"info","message":"Created client session 518e5c120f80ad3abeed0ddb","timestamp":"2026-07-05 02:57:47"}
{"level":"info","message":"Created client session c00c7d4fd2386e0e74e2b38f","timestamp":"2026-07-05 02:57:51"}
{"level":"info","message":"Created client session 73d67684e228c0ff06e0333e","timestamp":"2026-07-05 02:57:52"}
{"level":"info","message":"Created client session 0d47d0b2ebfdeca9b81d5691","timestamp":"2026-07-05 02:58:05"}
{"level":"info","message":"Created client session 87547c3fe3803a78eb5ad075","timestamp":"2026-07-05 02:58:08"}
{"level":"info","message":"Created client session eb3a83d84fd6c38fff6fe8ae","timestamp":"2026-07-05 02:58:11"}
{"level":"info","message":"Created client session f360fbc133fa44a2c125a617","timestamp":"2026-07-05 02:58:11"}
{"level":"info","message":"Created client session d82ce8e3c6c6ee3bd1abd958","timestamp":"2026-07-05 02:58:26"}
{"level":"info","message":"Created client session 259fd4af7018ff5efbe21fc6","timestamp":"2026-07-05 02:58:29"}
{"level":"info","message":"Created client session b54692b2e4446e0e027a23ee","timestamp":"2026-07-05 02:58:31"}
{"level":"info","message":"Created Item with id [82PdRwipeMvkQZTe] in parent Actor [ZGSLzCCEwYHIX01L]","timestamp":"2026-07-05 02:58:33"}
{"level":"info","message":"Created client session 3ca0cd8316f41971f12f6dcb","timestamp":"2026-07-05 02:58:40"}
{"level":"info","message":"Created client session fa7704c38a29fb7d95534092","timestamp":"2026-07-05 02:58:40"}
{"level":"info","message":"Created client session e28f590749a2e80f5851e7b7","timestamp":"2026-07-05 02:58:42"}
{"level":"info","message":"Created client session e348e0ef5934edc0802e2d97","timestamp":"2026-07-05 02:58:51"}
{"level":"info","message":"Created client session a7b28239a9df3019f7d6cde7","timestamp":"2026-07-05 02:58:52"}
{"level":"info","message":"Created Item with id [jCAlaiXXnmvNMeCK] in parent Actor [ZGSLzCCEwYHIX01L]","timestamp":"2026-07-05 02:58:58"}
{"level":"info","message":"Created client session 005ee7e4e07aea0f6a058999","timestamp":"2026-07-05 02:58:59"}
{"level":"info","message":"Created client session b4ecf53a0bb8fd5bbabbbdd2","timestamp":"2026-07-05 02:59:08"}
{"level":"info","message":"Created client session 3d21332eeb1d22a8c00ccb79","timestamp":"2026-07-05 02:59:09"}
{"level":"info","message":"Created client session 1fbd60dbc08ee46f2ce5837b","timestamp":"2026-07-05 02:59:09"}
{"level":"info","message":"Created Item with id [KsI99DGZkHNYb1Nr] in parent Actor [ZGSLzCCEwYHIX01L]","timestamp":"2026-07-05 02:59:34"}
{"level":"info","message":"Created client session d2f5c6a874606d83d29e7721","timestamp":"2026-07-05 02:59:35"}
{"level":"info","message":"Created client session e75b89fa0817e7723ad93a97","timestamp":"2026-07-05 03:00:00"}
{"level":"info","message":"Created client session 58c5fb93027ec4a4ba217e69","timestamp":"2026-07-05 03:00:00"}
{"level":"info","message":"Created Item with id [17GwM1kromK1fV3p] in parent Actor [ZGSLzCCEwYHIX01L]","timestamp":"2026-07-05 03:00:26"}
{"level":"info","message":"Created client session 4a70ce8f6291b094c27bdfce","timestamp":"2026-07-05 03:00:29"}
{"level":"info","message":"Created client session 7bb2999af43ae54418e2cc94","timestamp":"2026-07-05 03:00:35"}
{"level":"info","message":"Created client session a007c9dea238c166e5dfb450","timestamp":"2026-07-05 03:02:20"}
{"level":"info","message":"how hungry.png saved to assets/","timestamp":"2026-07-05 03:02:23"}
{"level":"info","message":"Created client session a57b2167f68d7467f4ba77ed","timestamp":"2026-07-05 03:02:34"}
{"level":"info","message":"Created client session a7f53d2258c3cac3a64b7e8a","timestamp":"2026-07-05 03:02:35"}
{"level":"info","message":"Created client session 14a15a8ffd33e174cd742cfb","timestamp":"2026-07-05 03:02:36"}
{"level":"info","message":"Created client session 1591b76c6ad245d3d6f01bb6","timestamp":"2026-07-05 03:02:36"}
{"level":"info","message":"Created client session 54200461ffbcafa9ac162bd2","timestamp":"2026-07-05 03:02:41"}
{"level":"info","message":"Created client session 68003de384b2a66fb1592c7c","timestamp":"2026-07-05 03:02:41"}
{"level":"info","message":"Created client session e4727e694a9774c46ca44e44","timestamp":"2026-07-05 03:02:42"}
{"level":"info","message":"Created client session 2b97862233c0b1e38014fd4a","timestamp":"2026-07-05 03:02:43"}
{"level":"info","message":"Created client session 706eb3f8d55a1b558da692fd","timestamp":"2026-07-05 03:02:43"}
{"level":"info","message":"Created client session 1b5c5f0a28613f995d215416","timestamp":"2026-07-05 03:02:47"}
{"level":"info","message":"Created ChatMessage with id [JozsQyyASVR23HMX]","timestamp":"2026-07-05 03:02:48"}
{"level":"info","message":"Created client session 52742a20e0811435be5ccc8e","timestamp":"2026-07-05 03:02:54"}
{"level":"info","message":"Created client session f0cf383fb096ecdf417980cb","timestamp":"2026-07-05 03:02:55"}
{"level":"info","message":"Created client session 8b98eb4a1712c235610fd907","timestamp":"2026-07-05 03:03:06"}
{"level":"info","message":"Created client session 4c2e9be473ac3e20d3aff76b","timestamp":"2026-07-05 03:03:08"}
{"level":"info","message":"Created client session f7b0302fa108ada8d998c454","timestamp":"2026-07-05 03:03:09"}
{"level":"info","message":"Created client session 00eb298e384af81ab9c499b5","timestamp":"2026-07-05 03:03:23"}
{"level":"info","message":"Created client session 9db514380b13c8b9a9b804fb","timestamp":"2026-07-05 03:03:24"}
{"level":"info","message":"Created client session d7e0b010c161235d65ad83a7","timestamp":"2026-07-05 03:03:25"}
{"level":"info","message":"Created client session 57c44e9292d22f0d85313edb","timestamp":"2026-07-05 03:03:30"}
{"level":"info","message":"Created client session 1b69cc2f0e5cfbb8a1f87d0f","timestamp":"2026-07-05 03:04:02"}
{"level":"info","message":"Created client session 22f87ea2308e8c17d854f638","timestamp":"2026-07-05 03:04:02"}
{"level":"info","message":"Created client session 70d15f0bec53de1699545be1","timestamp":"2026-07-05 03:04:04"}
{"level":"info","message":"Created client session 592988c61fff66bc203ad43d","timestamp":"2026-07-05 03:04:04"}
{"level":"info","message":"Created client session c1f1a3b4c54addfe03ee5132","timestamp":"2026-07-05 03:04:06"}
{"level":"info","message":"Created client session 94b87db154d46588e50d9a93","timestamp":"2026-07-05 03:04:07"}
{"level":"info","message":"Created client session 903106d230978bfc9d9b14a4","timestamp":"2026-07-05 03:04:08"}
{"level":"info","message":"Created client session c35c69baefbfcd413c1011c1","timestamp":"2026-07-05 03:04:15"}
{"level":"info","message":"Created client session 7653cb153cbd5cbde9487e76","timestamp":"2026-07-05 03:04:15"}
{"level":"info","message":"Created client session 413873c7ad616ff0c129b2ef","timestamp":"2026-07-05 03:04:20"}
{"level":"info","message":"Created client session 01f5fc6aed103a54d5ed11b4","timestamp":"2026-07-05 03:04:20"}
{"level":"info","message":"Created client session 414daba2f1be708589f7e729","timestamp":"2026-07-05 03:04:24"}
{"level":"info","message":"Created client session c387afc0e62c323cdaedc4ac","timestamp":"2026-07-05 03:04:27"}
{"level":"info","message":"Created client session d601a8ee28e5c4d56d23c67e","timestamp":"2026-07-05 03:04:30"}
{"level":"info","message":"Created client session a8a0efec8c5e969d1429e3df","timestamp":"2026-07-05 03:04:30"}
{"level":"info","message":"Created client session 89c1e39aa262d0d0e26d2c10","timestamp":"2026-07-05 03:04:31"}
{"level":"info","message":"Created client session 72c18d8eeaeda55869b85608","timestamp":"2026-07-05 03:04:31"}
{"level":"info","message":"Created client session da5828d85d91739603d38504","timestamp":"2026-07-05 03:04:32"}
{"level":"info","message":"Created client session 5573f56c9833f7c47876f7fe","timestamp":"2026-07-05 03:04:32"}
{"level":"info","message":"Created client session 3a43626b05aaec54be53a7f2","timestamp":"2026-07-05 03:04:32"}
{"level":"info","message":"Created client session 1bdf25579ae6e70071eca60b","timestamp":"2026-07-05 03:04:32"}
{"level":"info","message":"Created client session 5109128140f511fbd25e9ba8","timestamp":"2026-07-05 03:04:33"}
{"level":"info","message":"Created client session 0290476b56ae66a620afb911","timestamp":"2026-07-05 03:04:33"}
{"level":"info","message":"Created client session ce36742939f987eb0dc84c85","timestamp":"2026-07-05 03:04:33"}
{"level":"info","message":"Created client session 6afca1741460e460acd54b68","timestamp":"2026-07-05 03:04:33"}
{"level":"info","message":"Created client session e2d771a64a8c385f853a399c","timestamp":"2026-07-05 03:04:33"}
{"level":"info","message":"Created client session 2f280afd1786fd3790bb9096","timestamp":"2026-07-05 03:04:34"}
{"level":"info","message":"Created client session 2b94586247eee57d1375078b","timestamp":"2026-07-05 03:04:34"}
{"level":"info","message":"Created client session 84ba9acc51d2f1c37b79b25e","timestamp":"2026-07-05 03:04:34"}
{"level":"info","message":"Created client session 7c505ef9feba82c78d8fb136","timestamp":"2026-07-05 03:04:34"}
{"level":"info","message":"Created client session 035826264f8a66ff6663c25d","timestamp":"2026-07-05 03:04:34"}
{"level":"info","message":"Created client session b45a29965e49d1b33cfac9fa","timestamp":"2026-07-05 03:04:34"}
{"level":"info","message":"Created client session 2e6727f8aa69956de37ce3c4","timestamp":"2026-07-05 03:04:35"}
{"level":"info","message":"Created client session fbd209d2324af57247205164","timestamp":"2026-07-05 03:04:35"}
{"level":"info","message":"Created client session 93ce20fc8bb2bd6e89413d68","timestamp":"2026-07-05 03:04:35"}
{"level":"info","message":"Created client session 063c57e23412664ae9b81608","timestamp":"2026-07-05 03:04:35"}
{"level":"info","message":"Created client session 5a1c8af4782d2bd7c7527d76","timestamp":"2026-07-05 03:04:35"}
{"level":"info","message":"Created client session 1a466136f76c1fb80c6b89d6","timestamp":"2026-07-05 03:04:35"}
{"level":"info","message":"Created client session a1a80cdce175d2e13ca3fdd1","timestamp":"2026-07-05 03:04:36"}
{"level":"info","message":"Created client session 7bdda5e3c0b56713dd54bebf","timestamp":"2026-07-05 03:04:36"}
{"level":"info","message":"Created client session 40cdcaf0911a3c56789904f5","timestamp":"2026-07-05 03:04:36"}
{"level":"info","message":"Created client session 1839190a3e2301f61988b172","timestamp":"2026-07-05 03:04:36"}
{"level":"info","message":"Created client session 5abb2aa5c28726c907d4b3e9","timestamp":"2026-07-05 03:04:37"}
{"level":"info","message":"Created client session 6344dc712ca935759ebcd8cb","timestamp":"2026-07-05 03:04:37"}
{"level":"info","message":"Created client session b38bad4b5d6ab1799591f3a5","timestamp":"2026-07-05 03:04:37"}
{"level":"info","message":"Created client session d638e89c1a81c259ccf513dc","timestamp":"2026-07-05 03:04:37"}
{"level":"info","message":"Created client session 8dd8fc0af6a45bb6530344bd","timestamp":"2026-07-05 03:04:38"}
{"level":"info","message":"Created client session 949c1a07eb1df97bedc18548","timestamp":"2026-07-05 03:04:38"}
{"level":"info","message":"Created client session e39c500c40657a4186d49b67","timestamp":"2026-07-05 03:04:38"}
{"level":"info","message":"Created client session faf6e1c8abe33838033eb374","timestamp":"2026-07-05 03:04:38"}
{"level":"info","message":"Created client session 1a1c7faab10d08706d60fbed","timestamp":"2026-07-05 03:04:38"}
{"level":"info","message":"Created client session 166e9aca6583113dd3311058","timestamp":"2026-07-05 03:04:38"}
{"level":"info","message":"Created client session 531669e651b4da4c73f6530c","timestamp":"2026-07-05 03:04:39"}
{"level":"info","message":"Created client session 861696a75de9898ba2d38c46","timestamp":"2026-07-05 03:04:39"}
{"level":"info","message":"Created client session 9f3a0dc48ab5291eb91d5a77","timestamp":"2026-07-05 03:04:39"}
{"level":"info","message":"Created client session d378ff47440afe991ec2bd47","timestamp":"2026-07-05 03:04:39"}
{"level":"info","message":"Created client session 6321e1fec4683c748f2659e2","timestamp":"2026-07-05 03:04:39"}
{"level":"info","message":"Created client session 075c2c8ed60e25b6d175cb4e","timestamp":"2026-07-05 03:04:39"}
{"level":"info","message":"Created client session d55fee98d337e77f90de8ffe","timestamp":"2026-07-05 03:04:40"}
{"level":"info","message":"Created client session 10540e250cfa340506b4f64f","timestamp":"2026-07-05 03:04:40"}
{"level":"info","message":"Created client session 357eafb8faf8c33856fd7bab","timestamp":"2026-07-05 03:04:40"}
{"level":"info","message":"Created client session 29e4792ee4ea193b8097569c","timestamp":"2026-07-05 03:04:40"}
{"level":"info","message":"Created client session c38c6cbc9be2f5cf0cd4c49a","timestamp":"2026-07-05 03:04:40"}
{"level":"info","message":"Created client session 0f0fbc1ffeaae69a714702e9","timestamp":"2026-07-05 03:04:40"}
{"level":"info","message":"Created client session 9451a717498e2ee174f4a6c6","timestamp":"2026-07-05 03:04:40"}
{"level":"info","message":"Created client session 07ee1cf91539383d021319e2","timestamp":"2026-07-05 03:04:40"}
{"level":"info","message":"Created client session f2592885ca42852e2003d20f","timestamp":"2026-07-05 03:04:40"}
{"level":"info","message":"Created client session 7b1881dd5ca1d61323c12dfe","timestamp":"2026-07-05 03:04:45"}
{"level":"info","message":"Created client session dfd1798ec19e68e4551c5a9c","timestamp":"2026-07-05 03:04:46"}
{"level":"info","message":"Created client session 518fdc579ddb0bf977d3c563","timestamp":"2026-07-05 03:04:48"}
{"level":"info","message":"Created client session 1eeb271480ee66b5f3837d5e","timestamp":"2026-07-05 03:04:49"}
{"level":"info","message":"Created client session 500f90a963a903d3a564e861","timestamp":"2026-07-05 03:04:58"}
{"level":"info","message":"Created client session cb27feb14e898784d412fb43","timestamp":"2026-07-05 03:04:59"}
{"level":"info","message":"Created client session 45819a69e7a780ca60914035","timestamp":"2026-07-05 03:05:02"}
{"level":"info","message":"Created client session a941925e35768c8f3e2dde42","timestamp":"2026-07-05 03:05:03"}
{"level":"info","message":"Created client session 8392494ae83a73bbeaa7797f","timestamp":"2026-07-05 03:05:04"}
{"level":"info","message":"Created client session 0af17bcfe275f6a2da6e36e1","timestamp":"2026-07-05 03:05:05"}
{"level":"info","message":"Created client session 98edee94c0ba3752a2524504","timestamp":"2026-07-05 03:05:06"}
{"level":"info","message":"Created client session bd003bb5057cfaf81d4f06ed","timestamp":"2026-07-05 03:05:08"}
{"level":"info","message":"Created client session 5c46353a7d9cedf306e7b069","timestamp":"2026-07-05 03:05:09"}
{"level":"info","message":"Created client session d6f70b15d465649261bdfc7e","timestamp":"2026-07-05 03:05:13"}
{"level":"info","message":"Created client session e2336c3a18a619d379261ca6","timestamp":"2026-07-05 03:05:14"}
{"level":"info","message":"Created client session 74e2c152996411887430fed9","timestamp":"2026-07-05 03:05:14"}
{"level":"info","message":"Created client session a6ad8d1f20fbd579e897fdd8","timestamp":"2026-07-05 03:05:14"}
{"level":"info","message":"Created client session 7430e2de610bc4cbb598a398","timestamp":"2026-07-05 03:05:15"}
{"level":"info","message":"Created client session 4e759e0defb1577014e69406","timestamp":"2026-07-05 03:05:17"}
{"level":"info","message":"Created client session 104243a99760f1e314232a72","timestamp":"2026-07-05 03:05:19"}
{"level":"info","message":"Created client session 0eaf9e26b8c15ad423af5195","timestamp":"2026-07-05 03:05:19"}
{"level":"info","message":"Created client session 35aae321c99692086cc84b3e","timestamp":"2026-07-05 03:05:26"}
{"level":"info","message":"Created client session 0b87bbe28fe6d5c9016ce03e","timestamp":"2026-07-05 03:05:28"}
{"level":"info","message":"Created client session d500a42927a8658e62f7d52b","timestamp":"2026-07-05 03:05:30"}
{"level":"info","message":"Created client session eb53329dd4aab48550dedcc0","timestamp":"2026-07-05 03:05:30"}
{"level":"info","message":"Created client session 6f87ccaa4c44898fcb27fde8","timestamp":"2026-07-05 03:05:31"}
{"level":"info","message":"Created client session 30ce2622a1326e2171321369","timestamp":"2026-07-05 03:05:32"}
{"level":"info","message":"Created client session 3651f3e27ed615f976b7e2e5","timestamp":"2026-07-05 03:05:33"}
{"level":"info","message":"Created client session e77c60a1074d3c9a889fb7f7","timestamp":"2026-07-05 03:05:34"}
{"level":"info","message":"Created client session 20119d9b2b2a01ac49cbc3eb","timestamp":"2026-07-05 03:05:35"}
{"level":"info","message":"Created client session 6511649725b396c9b272e94f","timestamp":"2026-07-05 03:05:46"}
{"level":"info","message":"Created client session 6b5f4887bc8b44c3ec2936b6","timestamp":"2026-07-05 03:05:47"}
{"level":"info","message":"Created client session 7944999bafea7c63663dcd8e","timestamp":"2026-07-05 03:05:48"}
{"level":"info","message":"Created client session 69c42e3a1e84c678de00cf3e","timestamp":"2026-07-05 03:05:49"}
{"level":"info","message":"Created client session d77fad10e22b43b580e5bbe2","timestamp":"2026-07-05 03:05:49"}
{"level":"info","message":"Created client session 4d48c9cd80e5d72349b6ab7a","timestamp":"2026-07-05 03:05:50"}
{"level":"info","message":"Created client session f16a43004a94c99f7f8d83a0","timestamp":"2026-07-05 03:05:51"}
{"level":"info","message":"Created client session 5516996fd2799ddb220a501f","timestamp":"2026-07-05 03:05:54"}
{"level":"info","message":"Created client session d498e83c26ddd74129dc5de6","timestamp":"2026-07-05 03:05:57"}
{"level":"info","message":"Created client session 112f90e69191e49f499f155a","timestamp":"2026-07-05 03:05:57"}
{"level":"info","message":"Created client session 34278211526e8b9edd77026a","timestamp":"2026-07-05 03:06:10"}
{"level":"info","message":"Created client session 11774ca5d00f8ef2e51f33c6","timestamp":"2026-07-05 03:06:10"}
{"level":"info","message":"Created client session 50eb8d3ec360f9975017247c","timestamp":"2026-07-05 03:06:10"}
{"level":"info","message":"Created client session 9601aa7f9e4f0f54017449ba","timestamp":"2026-07-05 03:06:15"}
{"level":"info","message":"Created client session 8c49ef9294d63115c5d9775b","timestamp":"2026-07-05 03:06:17"}
{"level":"info","message":"Created client session 0a2281957dd31d420a03b3a2","timestamp":"2026-07-05 03:06:17"}
{"level":"info","message":"Created client session dfd156dd2a99cff1229ccb58","timestamp":"2026-07-05 03:06:25"}
{"level":"info","message":"Created client session 7f3a231b26821a909f4a9e9e","timestamp":"2026-07-05 03:06:26"}
{"level":"info","message":"Created client session 55a9b36fa82c0c9ce034dce2","timestamp":"2026-07-05 03:06:27"}
{"level":"info","message":"Created client session c0713ad6afe6c4fd7dea332a","timestamp":"2026-07-05 03:06:28"}
{"level":"info","message":"Created client session 0ccfeabe6ee386cb2fc081fb","timestamp":"2026-07-05 03:06:29"}
{"level":"info","message":"Created client session 8e6c001bb8487170e66bd939","timestamp":"2026-07-05 03:06:29"}
{"level":"info","message":"Created client session dbcda8eda4e92ccb56a6e720","timestamp":"2026-07-05 03:06:30"}
{"level":"info","message":"Created client session 78f74f7f5f0692b1e9194774","timestamp":"2026-07-05 03:06:54"}
{"level":"info","message":"Created client session fd3315141ee243d2b0429f06","timestamp":"2026-07-05 03:06:59"}
{"level":"info","message":"Created client session 4c0d78986e93a856536cfa4b","timestamp":"2026-07-05 03:07:02"}
{"level":"info","message":"Created client session 85707af05af7d1d267b56880","timestamp":"2026-07-05 03:07:04"}
{"level":"info","message":"Created client session 0e800b904f7e6dd255880158","timestamp":"2026-07-05 03:07:06"}
{"level":"info","message":"Created client session 574b6cd99899491dc40e12b1","timestamp":"2026-07-05 03:07:20"}
{"level":"info","message":"Created client session 9f0349b71897d2df41875287","timestamp":"2026-07-05 03:07:21"}
{"level":"info","message":"Created client session 9fc1e076f01de289463f9bad","timestamp":"2026-07-05 03:07:26"}
{"level":"info","message":"Created client session 4164e85a1bd75c219da23d40","timestamp":"2026-07-05 03:07:28"}
{"level":"info","message":"Created client session 13df106c72150717eff9b3f7","timestamp":"2026-07-05 03:07:29"}
{"level":"info","message":"Created client session 79f88f1fabd50e991e8f5f39","timestamp":"2026-07-05 03:07:31"}
{"level":"info","message":"Created client session c06426c51505b13ac7998074","timestamp":"2026-07-05 03:07:31"}
{"level":"info","message":"Created client session 006e036f717fedc4a2a2cb38","timestamp":"2026-07-05 03:07:31"}
{"level":"info","message":"Created client session 1dd151e4e6fa37e4bdb0d73c","timestamp":"2026-07-05 03:07:31"}
{"level":"info","message":"Created client session a081234afde385d7cf1d701c","timestamp":"2026-07-05 03:07:33"}
{"level":"info","message":"Created client session cde1781378679d3588894039","timestamp":"2026-07-05 03:07:33"}
{"level":"info","message":"Created client session 970ce4f54058efc10911a9f0","timestamp":"2026-07-05 03:07:34"}
{"level":"info","message":"Created client session a7005a9507a64c98dc198a5d","timestamp":"2026-07-05 03:07:36"}
{"level":"info","message":"Created client session 44466f14862ec22ff7ba06ba","timestamp":"2026-07-05 03:07:36"}
{"level":"info","message":"Created client session 8e22b4fb5ca440c76af60680","timestamp":"2026-07-05 03:07:45"}
{"level":"info","message":"Created client session 382f46742758508cc91a48be","timestamp":"2026-07-05 03:07:46"}
{"level":"info","message":"Created client session 06f9aa185b29f6bb4ad75432","timestamp":"2026-07-05 03:07:47"}
{"level":"info","message":"Created client session 32d2b2fc2cc08c916f86711d","timestamp":"2026-07-05 03:07:50"}
{"level":"info","message":"Created client session d6d42bc54db3d2e7d7f308e8","timestamp":"2026-07-05 03:07:50"}
{"level":"info","message":"Created client session e180c0a204cfb4be515c374a","timestamp":"2026-07-05 03:07:51"}
{"level":"info","message":"Created client session eff295ae24b94ec61cf49a6d","timestamp":"2026-07-05 03:07:53"}
{"level":"info","message":"Created client session f52fbc6520a1b7559d5e8832","timestamp":"2026-07-05 03:08:00"}
{"level":"info","message":"Created client session 05efcbda2d9356fa74afc1ac","timestamp":"2026-07-05 03:08:01"}
{"level":"info","message":"Created client session edc49d489dec5bf50ae92b3e","timestamp":"2026-07-05 03:08:05"}
{"level":"info","message":"Created client session f2d1f97c5bc44cf41d2fc9c5","timestamp":"2026-07-05 03:08:12"}
{"level":"info","message":"Created client session 1a856e9edc33fc10d7d1e55a","timestamp":"2026-07-05 03:08:12"}
{"level":"info","message":"Created client session 14ff0c28c781713bd2700e9b","timestamp":"2026-07-05 03:08:20"}
{"level":"info","message":"Created client session 69b730e851a734a6c2324868","timestamp":"2026-07-05 03:08:24"}
{"level":"info","message":"Created client session a84b8d651312c2ae5de81219","timestamp":"2026-07-05 03:08:44"}
{"level":"info","message":"Created client session dc37d9f414a1dbe4d27c3c9a","timestamp":"2026-07-05 03:08:47"}
{"level":"info","message":"Created client session 8d7e9657f95d092bcf6ab94d","timestamp":"2026-07-05 03:08:47"}
{"level":"info","message":"Created client session 122dfedc7a99346dbdb76228","timestamp":"2026-07-05 03:08:50"}
{"level":"info","message":"Created client session 9ca1e1cdf10ddfc21d199738","timestamp":"2026-07-05 03:08:56"}
{"level":"info","message":"Created client session af1e14d466413c9d47e449f0","timestamp":"2026-07-05 03:08:58"}
{"level":"info","message":"Created client session 8360cd8f567269b3b92eec51","timestamp":"2026-07-05 03:09:23"}
{"level":"info","message":"Created client session 8e3a033abb66e44d8f794ff3","timestamp":"2026-07-05 03:09:34"}
{"level":"info","message":"Created client session a27cee7fe9ac4471248e83e0","timestamp":"2026-07-05 03:09:35"}
{"level":"info","message":"Created client session 2be034a22dfb7042cf579ab8","timestamp":"2026-07-05 03:09:41"}
{"level":"info","message":"Created client session 33ddc248b1ffa886170424b0","timestamp":"2026-07-05 03:09:44"}
{"level":"info","message":"Created client session 0aee56349510611374660ad8","timestamp":"2026-07-05 03:09:52"}
{"level":"info","message":"Created client session dec3c55ba0edb1d38910a979","timestamp":"2026-07-05 03:09:58"}
{"level":"info","message":"Created client session 75e66b52ac7c07df44bad5f3","timestamp":"2026-07-05 03:10:00"}
{"level":"info","message":"Created client session ba98e66bb5ae9bffcec7aa3b","timestamp":"2026-07-05 03:10:02"}
{"level":"info","message":"Created client session 482bcf945b221f7c1a6d33c7","timestamp":"2026-07-05 03:10:04"}
{"level":"info","message":"Created client session 8c3ed4fac464b67da630091e","timestamp":"2026-07-05 03:10:06"}
{"level":"info","message":"Created client session 37c167bcba2952a36c8a8e6e","timestamp":"2026-07-05 03:10:08"}
{"level":"info","message":"Created client session 00a455dfc3cda7bd42e843a3","timestamp":"2026-07-05 03:10:19"}
{"level":"info","message":"Created ChatMessage with id [YnFXrlsttSnwVY94]","timestamp":"2026-07-05 03:10:24"}
{"level":"info","message":"Created client session cba98e1ac5be9d1a1f855c09","timestamp":"2026-07-05 03:10:26"}
{"level":"info","message":"Created client session 647a0b3360fde86e8ded0f09","timestamp":"2026-07-05 03:10:32"}
{"level":"info","message":"Created client session 827fc0454d9a07d35c5af4a1","timestamp":"2026-07-05 03:10:49"}
{"level":"info","message":"Created client session 9c95bf807a5e4ce1e10878b2","timestamp":"2026-07-05 03:11:08"}
{"level":"info","message":"Created client session c5715a497e8984fec35ec0c6","timestamp":"2026-07-05 03:11:08"}
{"level":"info","message":"Created client session 0f37d6b48790e8d6802cfcdf","timestamp":"2026-07-05 03:11:08"}
{"level":"info","message":"Created client session ad9f1183b58797eeb7deed66","timestamp":"2026-07-05 03:11:10"}
{"level":"info","message":"Created client session 0945b0a0d2b92d9dc3396932","timestamp":"2026-07-05 03:11:12"}
{"level":"info","message":"Created client session 0dacb6c2b52a856d9e853957","timestamp":"2026-07-05 03:11:14"}
{"level":"info","message":"Created client session 5053d6c6e6bb92d141eb93ec","timestamp":"2026-07-05 03:11:50"}
{"level":"info","message":"Created client session 405a18d742004777af0c7ea4","timestamp":"2026-07-05 03:11:50"}
{"level":"info","message":"Created client session 01036de0727bbf075bdba717","timestamp":"2026-07-05 03:12:00"}
{"level":"info","message":"Created Item with id [vjyOclermJhuRnGZ] in parent Actor [1soVq3t1urgTFSkK]","timestamp":"2026-07-05 03:12:06"}
{"level":"info","message":"Created client session d7aba675459a004cced58576","timestamp":"2026-07-05 03:12:16"}
{"level":"info","message":"Created client session c63fea30b784ff7a4782ec48","timestamp":"2026-07-05 03:12:24"}
{"level":"info","message":"Created client session df3cb30b0afceeca183e4d0d","timestamp":"2026-07-05 03:12:25"}
{"level":"info","message":"Created client session 15ddc86da7d71ef79fece68a","timestamp":"2026-07-05 03:12:26"}
{"level":"info","message":"Created client session 0d0c15e51fe19714560eaf01","timestamp":"2026-07-05 03:12:28"}
{"level":"info","message":"Created Item with id [peuav5YsgSH7ePOl] in parent Actor [1soVq3t1urgTFSkK]","timestamp":"2026-07-05 03:12:32"}
{"level":"info","message":"Created client session 49a6907d9062405a1b483aca","timestamp":"2026-07-05 03:12:44"}
{"level":"info","message":"Created client session 0212af082c9f6c80893564a1","timestamp":"2026-07-05 03:12:55"}
{"level":"info","message":"Created client session 0cf369ad627ee6a72ea22f37","timestamp":"2026-07-05 03:12:56"}
{"level":"info","message":"Created client session 2f3319b81ec338d79f976655","timestamp":"2026-07-05 03:13:00"}
{"level":"info","message":"Created client session f707afc406fe67fb3c2f9102","timestamp":"2026-07-05 03:13:00"}
{"level":"info","message":"Created client session 5b59b2af33b9491085782b06","timestamp":"2026-07-05 03:13:09"}
{"level":"info","message":"Created client session 0040fc020f6991fce081e7e6","timestamp":"2026-07-05 03:13:18"}
{"level":"info","message":"Created client session 95caad4adb3708c50ff9f35a","timestamp":"2026-07-05 03:13:20"}
{"level":"info","message":"Created Item with id [uBdDIBVnpNK2HQaA] in parent Actor [1soVq3t1urgTFSkK]","timestamp":"2026-07-05 03:13:20"}
{"level":"info","message":"Created client session 139d0c2102a3a40669838b05","timestamp":"2026-07-05 03:13:20"}
{"level":"info","message":"Created client session 9217bb119b3f09ebb0c2c542","timestamp":"2026-07-05 03:13:30"}
{"level":"info","message":"Created client session 23c6e4478de4a470c7143b8f","timestamp":"2026-07-05 03:13:35"}
{"level":"info","message":"Created client session 164ec79519229df0aed75146","timestamp":"2026-07-05 03:13:37"}
{"level":"info","message":"Created client session 11eee931972343629fad962c","timestamp":"2026-07-05 03:13:39"}
{"level":"info","message":"Created client session 982e8d8bada4f0b8fc56140c","timestamp":"2026-07-05 03:13:50"}
{"level":"info","message":"Created client session 22c4a9e15729ba2dc4fafda7","timestamp":"2026-07-05 03:13:53"}
{"level":"info","message":"Created client session 0a5e73d94c2de9505e6c99f1","timestamp":"2026-07-05 03:13:56"}
{"level":"info","message":"Created client session 7c876bb4b5049227d317522b","timestamp":"2026-07-05 03:14:09"}
{"level":"info","message":"Created client session 56482f05a7b9f6e924ea9a36","timestamp":"2026-07-05 03:14:40"}
{"level":"info","message":"Created client session d6913be3d83e600c7e660a9e","timestamp":"2026-07-05 03:14:40"}
{"level":"info","message":"Created client session 9f245df7a8a8910e18288cd4","timestamp":"2026-07-05 03:14:44"}
{"level":"info","message":"Created client session 9f8c702f370857e4cb87e533","timestamp":"2026-07-05 03:14:58"}
{"level":"info","message":"Created client session a1875f3fbd5840291d16504c","timestamp":"2026-07-05 03:15:20"}
{"level":"info","message":"Created client session 2f335efe92a6970e356af220","timestamp":"2026-07-05 03:15:26"}
{"level":"info","message":"Created client session f9a9b3f40e55753a954f188d","timestamp":"2026-07-05 03:15:34"}
{"level":"info","message":"Created client session 87ef22be15ca604457772b77","timestamp":"2026-07-05 03:15:34"}
{"level":"info","message":"Created client session 5e3f92a30c036d022a79c9e2","timestamp":"2026-07-05 03:15:36"}
{"level":"info","message":"Created client session 5cc0419700121c32838e590d","timestamp":"2026-07-05 03:15:38"}
{"level":"info","message":"Created client session 040e1ff88b549bcd37740ddb","timestamp":"2026-07-05 03:15:42"}
{"level":"info","message":"Created client session 53db095e2f5aa4fc116821ae","timestamp":"2026-07-05 03:15:43"}
{"level":"info","message":"Created client session 2fb5aabea20a5219f1392d0b","timestamp":"2026-07-05 03:15:46"}
{"level":"info","message":"Created client session 801c00b6a28ddaab4bb8619b","timestamp":"2026-07-05 03:15:51"}
{"level":"info","message":"Created client session 30662ffa5fd397d75c1c1ba8","timestamp":"2026-07-05 03:16:00"}
{"level":"info","message":"Created client session 9a8b3f8df705941593098752","timestamp":"2026-07-05 03:16:00"}
{"level":"info","message":"Created client session 9e78d11e5127e91abad20a2b","timestamp":"2026-07-05 03:16:05"}
{"level":"info","message":"Created client session ddf9acbaf88f1854f07ae754","timestamp":"2026-07-05 03:16:12"}
{"level":"info","message":"Created client session a500f7e30366142c549e6abe","timestamp":"2026-07-05 03:16:16"}
{"level":"info","message":"Created Item with id [lfrFb5GTXUziw22u] in parent Actor [1soVq3t1urgTFSkK]","timestamp":"2026-07-05 03:16:22"}
{"level":"info","message":"Created client session f52fe51ea086a57862e4d049","timestamp":"2026-07-05 03:16:29"}
{"level":"info","message":"Created client session 0cbb25bcf98506a99364bd5c","timestamp":"2026-07-05 03:16:36"}
{"level":"info","message":"Created client session fbb98338bfda529a151c2406","timestamp":"2026-07-05 03:16:39"}
{"level":"info","message":"Created client session 474065a8580eb92570d5f401","timestamp":"2026-07-05 03:16:40"}
{"level":"info","message":"Created client session f74f260f0ef326d2da9f2ceb","timestamp":"2026-07-05 03:16:41"}
{"level":"info","message":"Created client session dd30d4d956002e811630c159","timestamp":"2026-07-05 03:16:44"}
{"level":"info","message":"Created client session 5ba3f4483064d19df105d43a","timestamp":"2026-07-05 03:16:49"}
{"level":"info","message":"Created client session 963665c882ea7d7de462f399","timestamp":"2026-07-05 03:16:58"}
{"level":"info","message":"Created client session 2ebb48a99f356ec83bf2d0aa","timestamp":"2026-07-05 03:16:59"}
{"level":"info","message":"Created client session f9575b03fcb5b7c9e96ba92e","timestamp":"2026-07-05 03:17:08"}
{"level":"info","message":"Created client session 8e8d41e8369de15f6ec483ee","timestamp":"2026-07-05 03:17:08"}
{"level":"info","message":"Created client session 74b753c653642b95a40bdadd","timestamp":"2026-07-05 03:17:19"}
{"level":"info","message":"Created Item with id [V1Zfj6wtNwdZsCTm] in parent Actor [1soVq3t1urgTFSkK]","timestamp":"2026-07-05 03:17:19"}
{"level":"info","message":"Created client session 9e329994827fe692af44cdf9","timestamp":"2026-07-05 03:17:21"}
{"level":"info","message":"Created client session 12f11ecc2352f02e2c605126","timestamp":"2026-07-05 03:17:26"}
{"level":"info","message":"Created client session 7d03508f12576237eb441ed9","timestamp":"2026-07-05 03:17:27"}
{"level":"info","message":"Created client session 38db1dc65703fb0eaed9b540","timestamp":"2026-07-05 03:17:30"}
{"level":"info","message":"Created client session 4748826eddc7a9e19cf3697a","timestamp":"2026-07-05 03:17:36"}
{"level":"info","message":"Created client session afdd84525c4c0ab5f667bfc5","timestamp":"2026-07-05 03:17:36"}
{"level":"info","message":"Created client session 30285eca755510e2062e485e","timestamp":"2026-07-05 03:17:38"}
{"level":"info","message":"Created client session fd0e412078cc2277d9d9f0ad","timestamp":"2026-07-05 03:17:42"}
{"level":"info","message":"Created client session 708ea9c97b02ef17313c371d","timestamp":"2026-07-05 03:17:42"}
{"level":"info","message":"Created client session f02957d0ab59b8ba572ff733","timestamp":"2026-07-05 03:17:55"}
{"level":"info","message":"Created client session f8f5c826d8b2005b7c85dcf1","timestamp":"2026-07-05 03:17:55"}
{"level":"info","message":"Created client session c8ee4ffdfd8a44b3bb924a20","timestamp":"2026-07-05 03:18:15"}
{"level":"info","message":"Created client session d8bfe23a492039b11130223a","timestamp":"2026-07-05 03:18:16"}
{"level":"info","message":"Created client session 2c2155d257d8712a65c6d198","timestamp":"2026-07-05 03:18:18"}
{"level":"info","message":"Created client session 2b0fb26df3e7350ab0c9729b","timestamp":"2026-07-05 03:18:26"}
{"level":"info","message":"Created client session 4c25ba3d3da121fe8303c9e1","timestamp":"2026-07-05 03:18:30"}
{"level":"info","message":"Created client session 04dfaae84c8c5b888c5c7a53","timestamp":"2026-07-05 03:18:42"}
{"level":"info","message":"Created client session 36968485c67ccebdc03883d1","timestamp":"2026-07-05 03:19:00"}
{"level":"info","message":"Created client session bbc1ddd5ce5589e1daa860ec","timestamp":"2026-07-05 03:19:05"}
{"level":"info","message":"Created client session 3c61f77ea3c22531fc9be0d8","timestamp":"2026-07-05 03:19:24"}
{"level":"info","message":"Created client session 45f7d9696aed2548dd1dec03","timestamp":"2026-07-05 03:19:35"}
{"level":"info","message":"Created client session bc3986122b797d0853dba9e7","timestamp":"2026-07-05 03:19:43"}
{"level":"info","message":"Created client session 28630a209a1879188c03aec2","timestamp":"2026-07-05 03:19:50"}
{"level":"info","message":"Created client session da91216053cb39bd05239817","timestamp":"2026-07-05 03:19:57"}
{"level":"info","message":"Created client session 55d0e0b1ed93740563e72b04","timestamp":"2026-07-05 03:20:10"}
{"level":"info","message":"Created client session da7339761d2800de39f494c7","timestamp":"2026-07-05 03:20:15"}
{"level":"info","message":"Created client session 5b08f2dad1b40458f04ba7e5","timestamp":"2026-07-05 03:20:15"}
{"level":"info","message":"Created client session b6b8dac2cae548f73bb1d0bd","timestamp":"2026-07-05 03:20:15"}
{"level":"info","message":"Created client session f875d9ec4cc10d69212e25d3","timestamp":"2026-07-05 03:20:15"}
{"level":"info","message":"Created client session c6efcd952d010836770ec8bf","timestamp":"2026-07-05 03:20:24"}
{"level":"info","message":"Created client session 49966b4a1574f8278a356c93","timestamp":"2026-07-05 03:20:25"}
{"level":"info","message":"Created client session 065372d69b6c1a5a8f5a050c","timestamp":"2026-07-05 03:20:32"}
{"level":"info","message":"Created client session 34192e2c358a42179917bc62","timestamp":"2026-07-05 03:20:33"}
{"level":"info","message":"Created client session b2f642303c26f4ec70b43e7b","timestamp":"2026-07-05 03:20:33"}
{"level":"info","message":"Created client session 25ea1a0745fd500e880d8ef5","timestamp":"2026-07-05 03:20:37"}
{"level":"info","message":"Created client session 78dfc3f5c15c09556711ee9e","timestamp":"2026-07-05 03:20:42"}
{"level":"info","message":"Created client session 4d04807b6792d843d01ac70e","timestamp":"2026-07-05 03:20:56"}
{"level":"info","message":"Created client session 6d115fb6a8df187bf651b81c","timestamp":"2026-07-05 03:21:03"}
{"level":"info","message":"Created client session d37be6cabb12e3b21862fce5","timestamp":"2026-07-05 03:21:04"}
{"level":"info","message":"Created client session 542b9e055a30e34f306fd28b","timestamp":"2026-07-05 03:21:07"}
{"level":"info","message":"Created client session 38a66b5edf0674a83ce71b80","timestamp":"2026-07-05 03:21:09"}
{"level":"info","message":"Created client session 243ec467f20edbc52737e5c0","timestamp":"2026-07-05 03:21:17"}
{"level":"info","message":"Created client session 40d6d9e1a9e47e69942822b5","timestamp":"2026-07-05 03:21:19"}
{"level":"info","message":"Created client session 43b797a074e2541173eb9aa4","timestamp":"2026-07-05 03:21:23"}
{"level":"info","message":"Created client session e66de3c539f9b5c9c43ad497","timestamp":"2026-07-05 03:21:30"}
{"level":"info","message":"Created client session d1b04874116f9c509f1729b2","timestamp":"2026-07-05 03:21:32"}
{"level":"info","message":"Created client session 1d36237b46205ec8fadf06fb","timestamp":"2026-07-05 03:21:38"}
{"level":"info","message":"Created client session eaf5acc61ff9e3a759ae93d4","timestamp":"2026-07-05 03:21:38"}
{"level":"info","message":"Created client session 829cebf912daad12060c7ca3","timestamp":"2026-07-05 03:21:40"}
{"level":"info","message":"Created client session df8d7e7909ddb8e075c76050","timestamp":"2026-07-05 03:21:49"}
{"level":"info","message":"Created client session 4f69365aca120ce6b8ce433d","timestamp":"2026-07-05 03:21:51"}
{"level":"info","message":"Created client session 4225abe0dc428c6a38b6d4a4","timestamp":"2026-07-05 03:21:59"}
{"level":"info","message":"Created client session ea1b7d36f2231622a8f60b0d","timestamp":"2026-07-05 03:22:19"}
{"level":"info","message":"Created client session c9d3be9dde33e30ca28f2d18","timestamp":"2026-07-05 03:22:19"}
{"level":"info","message":"Created client session a99df835833121209799a270","timestamp":"2026-07-05 03:22:25"}
{"level":"info","message":"Created client session 1a4d40126fdae649a6484129","timestamp":"2026-07-05 03:22:31"}
{"level":"info","message":"Created client session 2de7c625b959b097c824bde6","timestamp":"2026-07-05 03:22:32"}
{"level":"info","message":"Created client session 1ba2f89e583114c7a6b26c94","timestamp":"2026-07-05 03:22:34"}
{"level":"info","message":"Created client session 949d712dd1178f097e65e29b","timestamp":"2026-07-05 03:22:35"}
{"level":"info","message":"Created client session 214a083e1b39bd8a0dd9256f","timestamp":"2026-07-05 03:22:36"}
{"level":"info","message":"Created client session a12ffc18b8ea900354ffadaf","timestamp":"2026-07-05 03:22:41"}
{"level":"info","message":"Created client session 377140edaa0761c12c528738","timestamp":"2026-07-05 03:22:48"}
{"level":"info","message":"Created client session 61c652bad42bfd922c7a7443","timestamp":"2026-07-05 03:22:51"}
{"level":"info","message":"Created client session 54073ae31c484b858473fac1","timestamp":"2026-07-05 03:22:57"}
{"level":"info","message":"Created client session add4a3e16e1a4139236ce264","timestamp":"2026-07-05 03:23:14"}
{"level":"info","message":"Created client session 47e882103bef8bb4c9df3f5a","timestamp":"2026-07-05 03:23:15"}
{"level":"info","message":"Created client session 291fd3d9d44d1fbaaa13a2bf","timestamp":"2026-07-05 03:23:26"}
{"level":"info","message":"Created client session 5bf60ba1b173ed986994e528","timestamp":"2026-07-05 03:23:27"}
{"level":"info","message":"Created client session 46d5e8ee17886d28cb54c139","timestamp":"2026-07-05 03:23:32"}
{"level":"info","message":"Created client session a24b53feb2e1c8b987c23252","timestamp":"2026-07-05 03:23:32"}
{"level":"info","message":"Created client session 1c52a2955dc54d0f1cc7b40d","timestamp":"2026-07-05 03:23:41"}
{"level":"info","message":"Created client session 733593ffb286fb7afc43ec6b","timestamp":"2026-07-05 03:23:48"}
{"level":"info","message":"Created client session e6b0c38044dbe2cbb64112a0","timestamp":"2026-07-05 03:23:52"}
{"level":"info","message":"Created client session f341d48604a0e0f8ca4656cb","timestamp":"2026-07-05 03:23:56"}
{"level":"info","message":"Created client session 14c7e1619bd995d36f899edd","timestamp":"2026-07-05 03:23:58"}
{"level":"info","message":"Created client session 860d5364ac5cf069eaee7cfd","timestamp":"2026-07-05 03:24:00"}
{"level":"info","message":"Created client session 9d7bf3ca8c10639d4fae3502","timestamp":"2026-07-05 03:24:16"}
{"level":"info","message":"Created client session e60dcf5ef32f157948faa89c","timestamp":"2026-07-05 03:24:17"}
{"level":"info","message":"Created client session ab81e53e2e3b0160616c0e30","timestamp":"2026-07-05 03:24:26"}
{"level":"info","message":"Created client session 0d7cee5f768c665b025702a1","timestamp":"2026-07-05 03:24:26"}
{"level":"info","message":"Created client session 9300255b85b9d5536a4c7181","timestamp":"2026-07-05 03:24:38"}
{"level":"info","message":"Created client session 61fab9cbc790abe1a4fe805a","timestamp":"2026-07-05 03:24:44"}
{"level":"info","message":"Created client session eb349beb4e310a926957930e","timestamp":"2026-07-05 03:24:47"}
{"level":"info","message":"Created client session 7d5d819b2fdd65f32417086e","timestamp":"2026-07-05 03:24:49"}
{"level":"info","message":"Created client session e97dfd4ec8dafd5971982d05","timestamp":"2026-07-05 03:24:54"}
{"level":"info","message":"Created client session 25f82c13d0168e5e90c7d896","timestamp":"2026-07-05 03:24:55"}
{"level":"info","message":"Created client session 2e078b5f8ae1428732bbe878","timestamp":"2026-07-05 03:24:55"}
{"level":"info","message":"Created client session 55b8d1af83653c363de94f1e","timestamp":"2026-07-05 03:24:55"}
{"level":"info","message":"Created client session d13b35743caa6952d6ef6f70","timestamp":"2026-07-05 03:24:55"}
{"level":"info","message":"Created client session e22aa362afcf8fbb61882f0f","timestamp":"2026-07-05 03:24:55"}
{"level":"info","message":"Created client session 369419616bb99803f61c58e0","timestamp":"2026-07-05 03:25:11"}
{"level":"info","message":"Created client session 4cc7aa88e6aa1ca50553a7bc","timestamp":"2026-07-05 03:25:18"}
{"level":"info","message":"Created client session f67dad4f264ac4c2ceead2ad","timestamp":"2026-07-05 03:25:30"}
{"level":"info","message":"Created client session a65e84b22f2bc778f7b1e7fe","timestamp":"2026-07-05 03:25:32"}
{"level":"info","message":"Created client session 2df6f6893992f8c0a983417c","timestamp":"2026-07-05 03:25:35"}
{"level":"info","message":"Created client session 0e87a9cb1fe75bb8ac3104ba","timestamp":"2026-07-05 03:25:47"}
{"level":"info","message":"Created client session da0253cd8ce4498b245a1a3e","timestamp":"2026-07-05 03:25:52"}
{"level":"info","message":"Created client session d17cef0aef1bd54f7e93c571","timestamp":"2026-07-05 03:25:58"}
{"level":"info","message":"Created client session dd78d8e605af579b402caf25","timestamp":"2026-07-05 03:26:08"}
{"level":"info","message":"Created client session ffa883fa65d6e29a4a94920e","timestamp":"2026-07-05 03:26:13"}
{"level":"info","message":"Created client session fc26164bef3fa1dc8b7e75d0","timestamp":"2026-07-05 03:26:32"}
{"level":"info","message":"Created client session a9bf80a92b1ec058ece80b29","timestamp":"2026-07-05 03:26:54"}
{"level":"info","message":"Created client session 93f21aac77133b3e4de6f74a","timestamp":"2026-07-05 03:27:06"}
{"level":"info","message":"Created client session 6784f5ceeed2fc86c87118e0","timestamp":"2026-07-05 03:27:08"}
{"level":"info","message":"Created client session cbc7b0c13ac1cfa9912fec94","timestamp":"2026-07-05 03:27:20"}
{"level":"info","message":"Created client session 574c6d013027797393a4452d","timestamp":"2026-07-05 03:27:23"}
{"level":"info","message":"Created client session ad4850328fd79cccef6c0bb7","timestamp":"2026-07-05 03:27:33"}
{"level":"info","message":"Created client session 4fa32616794c54a581681e1c","timestamp":"2026-07-05 03:27:36"}
{"level":"info","message":"Created client session 3463f3b68f68becc353e401c","timestamp":"2026-07-05 03:27:41"}
{"level":"info","message":"Created client session fe504036e9d28214dbe2f950","timestamp":"2026-07-05 03:27:44"}
{"level":"info","message":"Created client session 59d96faa8e762a3226c0de09","timestamp":"2026-07-05 03:27:44"}
{"level":"info","message":"Created client session f9a9ede87be699f5e2477998","timestamp":"2026-07-05 03:27:46"}
{"level":"info","message":"Created client session 262cf39d0af3bfbb609dc17e","timestamp":"2026-07-05 03:27:47"}
{"level":"info","message":"Created client session e20d8114905f40cdb48391ad","timestamp":"2026-07-05 03:27:47"}
{"level":"info","message":"Created client session 3ea06f94385c71b5eb848b83","timestamp":"2026-07-05 03:27:57"}
{"level":"info","message":"Created client session b865c3b8c55feace19e7c267","timestamp":"2026-07-05 03:28:03"}
{"level":"info","message":"Created client session 02eb70f0e2b310b856e7a22a","timestamp":"2026-07-05 03:28:07"}
{"level":"info","message":"Created client session 9e749f706ddc8071c102674f","timestamp":"2026-07-05 03:28:09"}
{"level":"info","message":"Created client session 35b47c4ab9bdc08734350135","timestamp":"2026-07-05 03:28:19"}
{"level":"info","message":"Created client session 4d806ef74abb7142318ff082","timestamp":"2026-07-05 03:28:19"}
{"level":"info","message":"Created client session 505ef97df2e320cde6826769","timestamp":"2026-07-05 03:28:21"}
{"level":"info","message":"Created client session 269c3812a42742404c993526","timestamp":"2026-07-05 03:28:43"}
{"level":"info","message":"Created client session e5a93b28feac2f4cfabb1425","timestamp":"2026-07-05 03:28:47"}
{"level":"info","message":"Created client session 61dda2e74bd626de00c3c10a","timestamp":"2026-07-05 03:28:50"}
{"level":"info","message":"Created client session 5de012b3353eae086f26af4e","timestamp":"2026-07-05 03:28:51"}
{"level":"info","message":"Created client session bea5850e5ad87199a946d1dd","timestamp":"2026-07-05 03:29:04"}
{"level":"info","message":"Created client session 35e32428e86b4fe91b7852f1","timestamp":"2026-07-05 03:29:08"}
{"level":"info","message":"Created client session 0a104aa0062ef4566c2b5027","timestamp":"2026-07-05 03:29:11"}
{"level":"info","message":"Created client session 3e22174d73ae94d117c26d14","timestamp":"2026-07-05 03:29:11"}
{"level":"info","message":"Created client session 6d5e4bedfeefa6ca92566be1","timestamp":"2026-07-05 03:29:25"}
{"level":"info","message":"Created client session 892765b3918d36b952dfb6e1","timestamp":"2026-07-05 03:29:26"}
{"level":"info","message":"Created client session 2d296c0cef3531f19137ce85","timestamp":"2026-07-05 03:29:26"}
{"level":"info","message":"Created client session 46d26d0df9aa4bdad100c384","timestamp":"2026-07-05 03:29:31"}
{"level":"info","message":"Created client session 82287f41ddd5a70582dd634f","timestamp":"2026-07-05 03:29:32"}
{"level":"info","message":"Created client session b461bd7cbc3d487ec923b8b5","timestamp":"2026-07-05 03:29:36"}
{"level":"info","message":"Created client session 93b38d7f7891258ea2183cd2","timestamp":"2026-07-05 03:29:48"}
{"level":"info","message":"Created client session e3932d647e24f780f30d23a6","timestamp":"2026-07-05 03:29:57"}
{"level":"info","message":"Created client session dcd6caa1dea7847398810dd4","timestamp":"2026-07-05 03:29:59"}
{"level":"info","message":"Created client session 1e64a3ccda3a22066cd65101","timestamp":"2026-07-05 03:30:11"}
{"level":"info","message":"Created client session 811d289910ca94fd738556c5","timestamp":"2026-07-05 03:30:12"}
{"level":"info","message":"Created client session c7c2bc98d6c0056f3189ae0f","timestamp":"2026-07-05 03:30:15"}
{"level":"info","message":"Created client session 5d9d5b4d25540e7e2889a609","timestamp":"2026-07-05 03:30:15"}
{"level":"info","message":"Created client session 98e3e9c828c881b44bb93975","timestamp":"2026-07-05 03:30:15"}
{"level":"info","message":"Created client session f82ce4202f15b6fbb26ef7a8","timestamp":"2026-07-05 03:30:26"}
{"level":"info","message":"Created client session 2e3729344ce4c22044a157d2","timestamp":"2026-07-05 03:30:27"}
{"level":"info","message":"Created client session d83e4c530ea217fbfc20173a","timestamp":"2026-07-05 03:30:32"}
{"level":"info","message":"Created client session 4b08d272a80ff6fde5432525","timestamp":"2026-07-05 03:30:38"}
{"level":"info","message":"Created client session 9ebc578f2f4507c73b94ffcf","timestamp":"2026-07-05 03:30:44"}
{"level":"info","message":"Created client session 3b4bb2548cb960cbc496c7b9","timestamp":"2026-07-05 03:30:48"}
{"level":"info","message":"Created client session 084b668ff68faee49954d5d8","timestamp":"2026-07-05 03:30:54"}
{"level":"info","message":"Created client session 3fa0a6a3321bc8657606cceb","timestamp":"2026-07-05 03:31:09"}
{"level":"info","message":"Created client session db0e04959af97062bdb99057","timestamp":"2026-07-05 03:31:14"}
{"level":"info","message":"Created client session 0510dee04e692cd6c7c4bb90","timestamp":"2026-07-05 03:31:17"}
{"level":"info","message":"Created client session e62a8e668d47926530a57996","timestamp":"2026-07-05 03:31:29"}
{"level":"info","message":"Created client session 6a158ea43f42ded82d429685","timestamp":"2026-07-05 03:31:29"}
{"level":"info","message":"Created client session 24c0e904e32176aa536166cd","timestamp":"2026-07-05 03:31:32"}
{"level":"info","message":"Created client session 0482617ab76d23dd49676f35","timestamp":"2026-07-05 03:31:33"}
{"level":"info","message":"Created client session 61cc52a02b4070f1d3aceb08","timestamp":"2026-07-05 03:31:37"}
{"level":"info","message":"Created client session 61d5bd9a024897ccd7304402","timestamp":"2026-07-05 03:31:38"}
{"level":"info","message":"Created client session afa60e2895bdebddd3271e2c","timestamp":"2026-07-05 03:31:48"}
{"level":"info","message":"Created client session d5934d95bdc25718cedeacec","timestamp":"2026-07-05 03:31:52"}
{"level":"info","message":"Created client session d9c65d7d0fc2c5b7fe5834f2","timestamp":"2026-07-05 03:32:00"}
{"level":"info","message":"Created client session a3a8ff5d22f5f2c88f2f66ee","timestamp":"2026-07-05 03:32:04"}
{"level":"info","message":"Created client session 9bd964e7eeb7d950917ff281","timestamp":"2026-07-05 03:32:05"}
{"level":"info","message":"Created client session b357f2083b1caab0dde65ab3","timestamp":"2026-07-05 03:32:05"}
{"level":"info","message":"Created client session b6cb9f1bd2cb132cdc256aa7","timestamp":"2026-07-05 03:32:05"}
{"level":"info","message":"Created client session b6b8a4d66bd8b3adb674d099","timestamp":"2026-07-05 03:32:16"}
{"level":"info","message":"Created client session a2c628dbf00d0973651ea1a4","timestamp":"2026-07-05 03:32:16"}
{"level":"info","message":"Created client session e715074cc891df0a961f6898","timestamp":"2026-07-05 03:32:18"}
{"level":"info","message":"Created client session c6246b9fabb7c01976995d9e","timestamp":"2026-07-05 03:32:18"}
{"level":"info","message":"Created client session b603980d5f6a661c6923cb9d","timestamp":"2026-07-05 03:32:23"}
{"level":"info","message":"Created client session 569aae38b12ed6579a2f1724","timestamp":"2026-07-05 03:32:30"}
{"level":"info","message":"Created client session 3c8bf125b57670a1b3932f95","timestamp":"2026-07-05 03:32:30"}
{"level":"info","message":"Created client session 391530c3d7be92eeb4d89d4a","timestamp":"2026-07-05 03:32:35"}
{"level":"info","message":"Created client session 4b6937685ea106edc3f999de","timestamp":"2026-07-05 03:32:35"}
{"level":"info","message":"Created client session 9fea9c24c0f0a7da3a274aa9","timestamp":"2026-07-05 03:32:49"}
{"level":"info","message":"Created client session 8f56e656321d2aba34674e29","timestamp":"2026-07-05 03:32:49"}
{"level":"info","message":"Created client session 3d72d3f43f3f2465b53467ff","timestamp":"2026-07-05 03:33:01"}
{"level":"info","message":"Created client session 01d505947db9effa5439f434","timestamp":"2026-07-05 03:33:02"}
{"level":"info","message":"Created client session 5d7825add46b4726f54fcd82","timestamp":"2026-07-05 03:33:02"}
{"level":"info","message":"Created client session c4a8ea3f3a44d72a34b67820","timestamp":"2026-07-05 03:33:11"}
{"level":"info","message":"Created client session 6c139ad24902dc0320a3f458","timestamp":"2026-07-05 03:33:13"}
{"level":"info","message":"Created client session 403a7c053ae2e7934fc8cc34","timestamp":"2026-07-05 03:33:14"}
{"level":"info","message":"Created client session 3e3eb25f987b66605b35ae4b","timestamp":"2026-07-05 03:33:14"}
{"level":"info","message":"Created client session ca596d689cdf2769e77db4e6","timestamp":"2026-07-05 03:33:15"}
{"level":"info","message":"Created client session 1f6296e3c5af02fab11ead3a","timestamp":"2026-07-05 03:33:15"}
{"level":"info","message":"Created client session f7cc677c5e37fd050bb0a818","timestamp":"2026-07-05 03:33:27"}
{"level":"info","message":"Created client session 50e0be21c57b1ac305d7b5f1","timestamp":"2026-07-05 03:33:30"}
{"level":"info","message":"Created client session 39e0ed24a8d4ee2dd8fefb81","timestamp":"2026-07-05 03:33:32"}
{"level":"info","message":"Created client session 9fe4c7d1eec7627bcb069055","timestamp":"2026-07-05 03:33:33"}
{"level":"info","message":"Created client session 5e08599e8e57a30a9c498e18","timestamp":"2026-07-05 03:33:37"}
{"level":"info","message":"Created client session f6b731feb3b940ae28267547","timestamp":"2026-07-05 03:33:43"}
{"level":"info","message":"Created client session d0b88d67293478187c7e104d","timestamp":"2026-07-05 03:33:55"}
{"level":"info","message":"Created client session b3e0e37911385c17ee63ca12","timestamp":"2026-07-05 03:34:08"}
{"level":"info","message":"Created client session 7a67f355a6eab2af0e2c67ac","timestamp":"2026-07-05 03:34:09"}
{"level":"info","message":"Created client session bbe5cee1281531d0aaa40f1f","timestamp":"2026-07-05 03:34:13"}
{"level":"info","message":"Created client session 922330fbbefb22733f63c121","timestamp":"2026-07-05 03:34:16"}
{"level":"info","message":"Created client session f56497f19c04d6e83ad2ef66","timestamp":"2026-07-05 03:34:16"}
{"level":"info","message":"Created client session a0c9ece969f72d35f7281177","timestamp":"2026-07-05 03:34:24"}
{"level":"info","message":"Created client session 7c9c6442af7b79232ea17c2e","timestamp":"2026-07-05 03:34:25"}
{"level":"info","message":"Created client session 89fbbdefdbe282bea1e54b69","timestamp":"2026-07-05 03:34:25"}
{"level":"info","message":"Created client session 31863b04395dc1f8d4428027","timestamp":"2026-07-05 03:34:26"}
{"level":"info","message":"Created client session 748e28d0156befb7af065621","timestamp":"2026-07-05 03:34:27"}
{"level":"info","message":"Created client session c9e301d1745d9cc4f72c110d","timestamp":"2026-07-05 03:34:42"}
{"level":"info","message":"Created client session c6cc966480ad49f143af0c11","timestamp":"2026-07-05 03:34:45"}
{"level":"info","message":"Created client session 8bdfaab55c971234ba0ad3da","timestamp":"2026-07-05 03:34:45"}
{"level":"info","message":"Created client session 68c216a34ad722bda58c3606","timestamp":"2026-07-05 03:34:55"}
{"level":"info","message":"Created client session 83832182da74c6a52a80f144","timestamp":"2026-07-05 03:34:55"}
{"level":"info","message":"Created client session 1d2234857ca98885eac431c3","timestamp":"2026-07-05 03:35:03"}
{"level":"info","message":"Created client session 9483516aed008936086b9fc2","timestamp":"2026-07-05 03:35:07"}
{"level":"info","message":"Created client session 4914910346d69cd64f63d2d7","timestamp":"2026-07-05 03:35:08"}
{"level":"info","message":"Created client session aa683415ce4ce7fd1578da3e","timestamp":"2026-07-05 03:35:08"}
{"level":"info","message":"Created client session cb2570ebe52a8d9fcffd99f9","timestamp":"2026-07-05 03:35:08"}
{"level":"info","message":"Created client session a23a0c31ad9d36fab16ec78e","timestamp":"2026-07-05 03:35:09"}
{"level":"info","message":"Created client session a062cddc612a962402cde96b","timestamp":"2026-07-05 03:35:09"}
{"level":"info","message":"Created client session 31af7c19d531e4fd8ef727f1","timestamp":"2026-07-05 03:35:26"}
{"level":"info","message":"Created client session 2b4ec60d3d18d6910d05823f","timestamp":"2026-07-05 03:35:29"}
{"level":"info","message":"Created client session 9ffc9f4a5c1789118cf0eab5","timestamp":"2026-07-05 03:35:29"}
{"level":"info","message":"Created client session 171835fff37b4b933ef11a2b","timestamp":"2026-07-05 03:35:34"}
{"level":"info","message":"Created client session e4520b327376bf12118b0758","timestamp":"2026-07-05 03:35:37"}
{"level":"info","message":"Created client session dd7713b9663b23333b2e5f33","timestamp":"2026-07-05 03:35:37"}
{"level":"info","message":"Created client session b0f269e23e33085e4f9658a8","timestamp":"2026-07-05 03:35:55"}
{"level":"info","message":"Created client session 7c538779825987468033dca2","timestamp":"2026-07-05 03:36:01"}
{"level":"info","message":"Created client session 6ef8c0a3e6fa3da01ec703d3","timestamp":"2026-07-05 03:36:03"}
{"level":"info","message":"Created client session e3274cb1bc088cf703beb0e6","timestamp":"2026-07-05 03:36:08"}
{"level":"info","message":"Created client session 43d75ecdc31143a09ed2c500","timestamp":"2026-07-05 03:36:18"}
{"level":"info","message":"Created client session 0f2c70839fb8c5c9ae64c494","timestamp":"2026-07-05 03:36:24"}
{"level":"info","message":"Created client session c460cf17aa4db54218aaf2a0","timestamp":"2026-07-05 03:36:37"}
{"level":"info","message":"Created client session 1cacb8115c1f114852e67b47","timestamp":"2026-07-05 03:36:44"}
{"level":"info","message":"Created client session b38fccf1cadef80eb5ca592c","timestamp":"2026-07-05 03:36:55"}
{"level":"info","message":"Created client session d012e1fd2d8c25dfa9942ddd","timestamp":"2026-07-05 03:36:56"}
{"level":"info","message":"Created client session 1b1f65b8a6d8f3c528316a5e","timestamp":"2026-07-05 03:37:09"}
{"level":"info","message":"Created client session 86cea17bbda272af3ec8173b","timestamp":"2026-07-05 03:37:09"}
{"level":"info","message":"Created client session 354d65aa4f90b54cffdea2a8","timestamp":"2026-07-05 03:37:22"}
{"level":"info","message":"Created client session 0556b4ac829fb7b12bf4e7c0","timestamp":"2026-07-05 03:37:23"}
{"level":"info","message":"Created client session 5b9c2e76b7eb13a76566ed65","timestamp":"2026-07-05 03:37:25"}
{"level":"info","message":"Created client session 95ad858902260308ed192ea5","timestamp":"2026-07-05 03:37:31"}
{"level":"info","message":"Created client session 1612120ed8a50f8c6c1313ea","timestamp":"2026-07-05 03:37:39"}
{"level":"info","message":"Created client session 0e02b8126152e7f1f635a6a4","timestamp":"2026-07-05 03:37:41"}
{"level":"info","message":"Created client session fe0ec83e3e5f60661f8f290f","timestamp":"2026-07-05 03:37:43"}
{"level":"info","message":"Created client session dc141689c141a9b521aed5c9","timestamp":"2026-07-05 03:37:45"}
{"level":"info","message":"Created client session 9e6dbeef7d8b66a5712e91a9","timestamp":"2026-07-05 03:37:48"}
{"level":"info","message":"Created client session f0fceca8ce913e5e0c051f1c","timestamp":"2026-07-05 03:37:48"}
{"level":"info","message":"Created client session b2cd1247487ae856550d6385","timestamp":"2026-07-05 03:37:57"}
{"level":"info","message":"Created client session 76c3b94ef0ebe3a5fc652861","timestamp":"2026-07-05 03:37:57"}
{"level":"info","message":"Created client session d84ffb3faf7600e05043f8a0","timestamp":"2026-07-05 03:38:01"}
{"level":"info","message":"Created client session fabf7696ca9bda1eab6da694","timestamp":"2026-07-05 03:38:04"}
{"level":"info","message":"Created client session 2eb63ffb77b45361bf682e24","timestamp":"2026-07-05 03:38:10"}
{"level":"info","message":"Created client session 9cc1937f6ad0da4fb12b5ea7","timestamp":"2026-07-05 03:38:12"}
{"level":"info","message":"Created client session 39ba018a655e716149070de4","timestamp":"2026-07-05 03:38:25"}
{"level":"info","message":"Created client session 6d7f65813f46200114c2c759","timestamp":"2026-07-05 03:38:25"}
{"level":"info","message":"Created client session 431eda3423ee6317f2e9cca4","timestamp":"2026-07-05 03:38:30"}
{"level":"info","message":"Created client session 7b9a2c10b8bcde65e966e96e","timestamp":"2026-07-05 03:38:43"}
{"level":"info","message":"Created client session 0b991a10d704fab96a18614a","timestamp":"2026-07-05 03:38:47"}
{"level":"info","message":"Created client session c4e7308198168fe7f8c1292b","timestamp":"2026-07-05 03:38:52"}
{"level":"info","message":"Created client session 8c953cf1b5a9dae26e267ba4","timestamp":"2026-07-05 03:39:01"}
{"level":"info","message":"Created client session 7878a4bf58a67b93b7048c5b","timestamp":"2026-07-05 03:39:01"}
{"level":"info","message":"Created client session 6d2a7ae65133d4af8daaa14c","timestamp":"2026-07-05 03:39:07"}
{"level":"info","message":"Created client session f6bc3de3e97db57080be5c14","timestamp":"2026-07-05 03:39:16"}
{"level":"info","message":"Created client session 28ca823027c7c63970a72579","timestamp":"2026-07-05 03:39:17"}
{"level":"info","message":"Created client session adf92f47cf2e8ad8d7f8a7eb","timestamp":"2026-07-05 03:39:32"}
{"level":"info","message":"Created client session 616c08e634f0fe35587e0534","timestamp":"2026-07-05 03:39:32"}
{"level":"info","message":"Created client session 7c58f2305c9f2c91407a13e6","timestamp":"2026-07-05 03:39:34"}
{"level":"info","message":"Created client session efe94e223fc7d1444038e97b","timestamp":"2026-07-05 03:39:35"}
{"level":"info","message":"Created client session 31b7cde7b51a8c499a59c762","timestamp":"2026-07-05 03:39:47"}
{"level":"info","message":"Created client session d1f2f655849ee45d00791c1b","timestamp":"2026-07-05 03:39:47"}
{"level":"info","message":"Created client session cca72d7af17d902c73ed5753","timestamp":"2026-07-05 03:39:55"}
{"level":"info","message":"Created client session 9e490d7f771936f51468515b","timestamp":"2026-07-05 03:39:59"}
{"level":"info","message":"Created client session 61996dfa3c6be89feb2c35e9","timestamp":"2026-07-05 03:40:01"}
{"level":"info","message":"Created client session 08db4d181bb00ee2c2d8ab9a","timestamp":"2026-07-05 03:40:02"}
{"level":"info","message":"Created client session 5e89d441cbd6adf0fae62c30","timestamp":"2026-07-05 03:40:15"}
{"level":"info","message":"Created client session 60d74ac26d4cde3ec4e7ff98","timestamp":"2026-07-05 03:40:15"}
{"level":"info","message":"Created client session d91778facd2245d6b70b0533","timestamp":"2026-07-05 03:40:16"}
{"level":"info","message":"Created client session 804cc838825bdc31706797ed","timestamp":"2026-07-05 03:40:17"}
{"level":"info","message":"Created client session 5fdb8eb2777f9f7f7350a183","timestamp":"2026-07-05 03:40:34"}
{"level":"info","message":"Created client session 09a0d073c401f975086ea284","timestamp":"2026-07-05 03:40:50"}
{"level":"info","message":"Created client session 450f7dd774610e53cc702857","timestamp":"2026-07-05 03:40:51"}
{"level":"info","message":"Created client session 9bcb60a18da2f580f61a59c6","timestamp":"2026-07-05 03:40:53"}
{"level":"info","message":"Created client session 6e9cdbc22107a5cb9c303ad4","timestamp":"2026-07-05 03:40:58"}
{"level":"info","message":"Created client session bdd7e651415230a3d2f2c7fa","timestamp":"2026-07-05 03:41:05"}
{"level":"info","message":"Created client session 39b8c3e0447ced1ad08ea6b9","timestamp":"2026-07-05 03:41:11"}
{"level":"info","message":"Created client session 88046e080b2dc36c0413b124","timestamp":"2026-07-05 03:41:12"}
{"level":"info","message":"Created client session 1d6acac11edfae0b903566c4","timestamp":"2026-07-05 03:41:12"}
{"level":"info","message":"Created client session 398bca6c275f9fcce3ac93ec","timestamp":"2026-07-05 03:41:13"}
{"level":"info","message":"Created client session 9dadc73d5327fdb55aaf4bc8","timestamp":"2026-07-05 03:41:13"}
{"level":"info","message":"Created client session 8f918a93544124c76914ba21","timestamp":"2026-07-05 03:41:13"}
{"level":"info","message":"Created client session c640ac9876be142835364764","timestamp":"2026-07-05 03:41:29"}
{"level":"info","message":"Created client session f50baa408c5a2b1fb1f97048","timestamp":"2026-07-05 03:41:40"}
{"level":"info","message":"Created client session 47606a804ccb39bf991285e6","timestamp":"2026-07-05 03:41:43"}
{"level":"info","message":"Created client session 48653dca07668f450ed081e4","timestamp":"2026-07-05 03:41:43"}
{"level":"info","message":"Created client session c29b507490dbe1ae161e0660","timestamp":"2026-07-05 03:41:46"}
{"level":"info","message":"Created client session 9b2a892c68e4de5be68e3182","timestamp":"2026-07-05 03:41:51"}
{"level":"info","message":"Created client session abab909106a825f87b0767dc","timestamp":"2026-07-05 03:42:01"}
{"level":"info","message":"Created client session 94d4f226799302dff5fea7a0","timestamp":"2026-07-05 03:42:01"}
{"level":"info","message":"Created client session b81cf374ba49a2e6b01e2dac","timestamp":"2026-07-05 03:42:02"}
{"level":"info","message":"Created client session c8a1a9adc349cd63ff0dfb51","timestamp":"2026-07-05 03:42:02"}
{"level":"info","message":"Created client session d2331ef67b49834ecc33f0c3","timestamp":"2026-07-05 03:42:02"}
{"level":"info","message":"Created client session e800df707938ea7e7db1b38e","timestamp":"2026-07-05 03:42:02"}
{"level":"info","message":"Created client session 7aff4894462ca640d2767f16","timestamp":"2026-07-05 03:42:02"}
{"level":"info","message":"Created client session b77cd30c6f7b383e55d549da","timestamp":"2026-07-05 03:42:05"}
{"level":"info","message":"Created client session 0ea108fd0e4a424ae3f3d5ae","timestamp":"2026-07-05 03:42:05"}
{"level":"info","message":"Created client session 61505795175546f3fdaba31b","timestamp":"2026-07-05 03:42:15"}
{"level":"info","message":"Created client session f1d5850324f29526f489c90a","timestamp":"2026-07-05 03:42:29"}
{"level":"info","message":"Created client session 5a17bf2ec5169fc31ca0b445","timestamp":"2026-07-05 03:42:31"}
{"level":"info","message":"Created client session 63ff0c17c23e5a3e799b7be9","timestamp":"2026-07-05 03:42:39"}
{"level":"info","message":"Created client session d8ddb72b86e572dcf0bde9cf","timestamp":"2026-07-05 03:42:43"}
{"level":"info","message":"Created client session 1ccca987539b0a82b3246b90","timestamp":"2026-07-05 03:42:47"}
{"level":"info","message":"Created client session dedb16c22da79e29dea139ee","timestamp":"2026-07-05 03:42:47"}
{"level":"info","message":"Created client session cc04a4cb4f936ce98eefbed8","timestamp":"2026-07-05 03:42:57"}
{"level":"info","message":"Created client session dc8342817fc8a24bd94a74d4","timestamp":"2026-07-05 03:42:59"}
{"level":"info","message":"Created client session e7433b616278d3da315ecc31","timestamp":"2026-07-05 03:43:11"}
{"level":"info","message":"Created client session 249591c335bb54053db13484","timestamp":"2026-07-05 03:43:17"}
{"level":"info","message":"Created client session df1aaea59461d43c9d011c70","timestamp":"2026-07-05 03:43:22"}
{"level":"info","message":"Created client session a855cfb21eb71068e3b2a273","timestamp":"2026-07-05 03:43:42"}
{"level":"info","message":"Created client session fb5194d08b4251a1822b2bd6","timestamp":"2026-07-05 03:43:43"}
{"level":"info","message":"Created client session f7ec801c7a034ada66ffd8bb","timestamp":"2026-07-05 03:43:45"}
{"level":"info","message":"Created client session 5cde2ee6cdf08a20910c7f50","timestamp":"2026-07-05 03:43:45"}
{"level":"info","message":"Created client session e67adcf36f5178d044845ef4","timestamp":"2026-07-05 03:43:49"}
{"level":"info","message":"Created client session 341c56bda4d16c4effac0ead","timestamp":"2026-07-05 03:43:50"}
{"level":"info","message":"Created client session ad980a9b081852d030fe50e4","timestamp":"2026-07-05 03:43:52"}
{"level":"info","message":"Created client session 6cacacdef7a510ac91b07e55","timestamp":"2026-07-05 03:43:54"}
{"level":"info","message":"Created client session a4b4e09090bc5a5be9c5e28e","timestamp":"2026-07-05 03:43:58"}
{"level":"info","message":"Created client session 4997467c4933090adddf77cb","timestamp":"2026-07-05 03:44:03"}
{"level":"info","message":"Created client session ea916781d3bdd70e9de6dae3","timestamp":"2026-07-05 03:44:15"}
{"level":"info","message":"Created client session b054aefdca64ed82d1049452","timestamp":"2026-07-05 03:44:32"}
{"level":"info","message":"Created client session 951c0d48ea974188d14ac389","timestamp":"2026-07-05 03:44:33"}
{"level":"info","message":"Created client session 67d9d206ceeac31e6370e456","timestamp":"2026-07-05 03:44:34"}
{"level":"info","message":"Created client session bfb90bdef430b7c8aadb9538","timestamp":"2026-07-05 03:44:45"}
{"level":"info","message":"Created client session 0c7bfd7e164769c9ed245258","timestamp":"2026-07-05 03:44:45"}
{"level":"info","message":"Created client session 65085e9f3eb409372fbba2cd","timestamp":"2026-07-05 03:44:47"}
{"level":"info","message":"Created client session 6e6c62736f3691c2e9cb5d8e","timestamp":"2026-07-05 03:44:48"}
{"level":"info","message":"Created client session e06fd69a813ac2a29c069f21","timestamp":"2026-07-05 03:44:50"}
{"level":"info","message":"Created client session 110b3fcd12560766549e0ee8","timestamp":"2026-07-05 03:44:50"}
{"level":"info","message":"Created client session 52fb2a0042f11125fa8bef61","timestamp":"2026-07-05 03:44:50"}
{"level":"info","message":"Created client session 98c4bfcef31c518e9fbdd19b","timestamp":"2026-07-05 03:45:03"}
{"level":"info","message":"Created client session b0b82eb71b9fe98b0ec27e93","timestamp":"2026-07-05 03:45:10"}
{"level":"info","message":"Created client session 83c2e8169dbe9901757af610","timestamp":"2026-07-05 03:45:10"}
{"level":"info","message":"Created client session 58702c4a6736ee94e8a3b00a","timestamp":"2026-07-05 03:45:19"}
{"level":"info","message":"Created client session 438c03bd826f4f03ec922eeb","timestamp":"2026-07-05 03:45:20"}
{"level":"info","message":"Created client session 10cddb26fbc6528013a76a5e","timestamp":"2026-07-05 03:45:20"}
{"level":"info","message":"Created client session cce95e45729008f4704e0e6e","timestamp":"2026-07-05 03:45:25"}
{"level":"info","message":"Created client session 231e1003f7f5686ebf5050de","timestamp":"2026-07-05 03:45:38"}
{"level":"info","message":"Created client session e9648c606068db03bfb16f63","timestamp":"2026-07-05 03:45:38"}
{"level":"info","message":"Created client session d46230d8052fd95b9151422e","timestamp":"2026-07-05 03:45:38"}
{"level":"info","message":"Created client session 1a3e15bd825450661cbb3761","timestamp":"2026-07-05 03:45:52"}
{"level":"info","message":"Created client session 9a37a7dda540ee8e14ae5ae5","timestamp":"2026-07-05 03:45:55"}
{"level":"info","message":"Created client session 33eef228f703a182ed312114","timestamp":"2026-07-05 03:45:57"}
{"level":"info","message":"Created client session bb6f4004b3a11b4b412e9128","timestamp":"2026-07-05 03:46:02"}
{"level":"info","message":"Created client session c902024c25c2a598e6b76e73","timestamp":"2026-07-05 03:46:03"}
{"level":"info","message":"Created client session e03d56815def0b95e451a257","timestamp":"2026-07-05 03:46:07"}
{"level":"info","message":"Created client session 17d27189f479db6c11df437f","timestamp":"2026-07-05 03:46:11"}
{"level":"info","message":"Created client session 6cd18fdaac596f70b654c9eb","timestamp":"2026-07-05 03:46:11"}
{"level":"info","message":"Created client session 98326db83e1362f35b3a38f1","timestamp":"2026-07-05 03:46:28"}
{"level":"info","message":"Created client session 5bdb624885d56c062f184e4e","timestamp":"2026-07-05 03:46:37"}
{"level":"info","message":"Created client session 6220336ac46da3554de7fc47","timestamp":"2026-07-05 03:46:37"}
{"level":"info","message":"Created client session 0b75e5222fb3a7060684c0c2","timestamp":"2026-07-05 03:46:39"}
{"level":"info","message":"Created client session cc5c4644da257678387defec","timestamp":"2026-07-05 03:46:39"}
{"level":"info","message":"Created client session b6e234c6ec81b4e1badf1d5c","timestamp":"2026-07-05 03:46:45"}
{"level":"info","message":"Created client session 37bb5ba78ee88a9bb97a5278","timestamp":"2026-07-05 03:46:46"}
{"level":"info","message":"Created client session 962f2a7ce118678c3a982830","timestamp":"2026-07-05 03:46:47"}
{"level":"info","message":"Created client session e460fda0d14186fbc8353022","timestamp":"2026-07-05 03:46:59"}
{"level":"info","message":"Created client session cabdef45861c59f214e4c1a4","timestamp":"2026-07-05 03:47:07"}
{"level":"info","message":"Created client session ec52b7ff572f872e8f1d5348","timestamp":"2026-07-05 03:47:28"}
{"level":"info","message":"Created client session 9f58aa318d5635ddf0dc32d5","timestamp":"2026-07-05 03:47:29"}
{"level":"info","message":"Created client session f8dbf54cc1fcecac78a8dea9","timestamp":"2026-07-05 03:47:30"}
{"level":"info","message":"Created client session 77aba6c7f6a04ab1804520e7","timestamp":"2026-07-05 03:47:31"}
{"level":"info","message":"Created client session 388e145d61c8569b57f370da","timestamp":"2026-07-05 03:47:33"}
{"level":"info","message":"Created client session e3909dd07e16556500348b77","timestamp":"2026-07-05 03:47:34"}
{"level":"info","message":"Created client session 41720c426e19b01ac86f68ef","timestamp":"2026-07-05 03:47:41"}
{"level":"info","message":"Created client session 47cd1226512f4575b4a443f3","timestamp":"2026-07-05 03:47:41"}
{"level":"info","message":"Created client session fff25c6f6fffa7502425bc77","timestamp":"2026-07-05 03:47:48"}
{"level":"info","message":"Created client session fa8fb36509de7a81f1ab6383","timestamp":"2026-07-05 03:47:56"}
{"level":"info","message":"Created client session c47167f3ff05af98c5669a37","timestamp":"2026-07-05 03:47:57"}
{"level":"info","message":"Created client session d94db0b5139ad5dd162420a1","timestamp":"2026-07-05 03:47:57"}
{"level":"info","message":"Created client session e0abd7cd051f2754fd0462be","timestamp":"2026-07-05 03:47:57"}
{"level":"info","message":"Created client session b0cba78c978e8ede26222a96","timestamp":"2026-07-05 03:47:57"}
{"level":"info","message":"Created client session 7d5f93acb640806f4b8802b5","timestamp":"2026-07-05 03:48:04"}
{"level":"info","message":"Created client session 91a6134cc27db44ca39fb1cd","timestamp":"2026-07-05 03:48:07"}
{"level":"info","message":"Created client session 45587ec9b17513946180cba4","timestamp":"2026-07-05 03:48:07"}
{"level":"info","message":"Created client session 5fcbde6546858e2fd4c1e836","timestamp":"2026-07-05 03:48:17"}
{"level":"info","message":"Created client session 0565a9859abeacf2bf5aae77","timestamp":"2026-07-05 03:48:17"}
{"level":"info","message":"Created client session f0c1ea90c836ed462940bca5","timestamp":"2026-07-05 03:48:22"}
{"level":"info","message":"Created client session d7ba8c8310b7634e40a56516","timestamp":"2026-07-05 03:48:22"}
{"level":"info","message":"Created client session 010478cca0ac711f3a5edecf","timestamp":"2026-07-05 03:48:25"}
{"level":"info","message":"Created client session a3380a0075ad81ceda9af4eb","timestamp":"2026-07-05 03:48:26"}
{"level":"info","message":"Created client session 53e31c402eafb7cbe02a2d4a","timestamp":"2026-07-05 03:48:26"}
{"level":"info","message":"Created client session cacea98b46d684c02fbc9c48","timestamp":"2026-07-05 03:48:27"}
{"level":"info","message":"Created client session f99f206a63de0eb3571dc07b","timestamp":"2026-07-05 03:48:27"}
{"level":"info","message":"Created client session e8ae351a67bbd920376ca46c","timestamp":"2026-07-05 03:48:37"}
{"level":"info","message":"Created client session b32402298247c2906f495b54","timestamp":"2026-07-05 03:48:41"}
{"level":"info","message":"Created client session e96d674755110e8bba179d65","timestamp":"2026-07-05 03:48:43"}
{"level":"info","message":"Created client session 3438fe5dc1fc26c3ff696f84","timestamp":"2026-07-05 03:48:52"}
{"level":"info","message":"Created client session f500851b8e6d5eacbb9c9de6","timestamp":"2026-07-05 03:48:54"}
{"level":"info","message":"Created client session 54138e8d19effecf5939e928","timestamp":"2026-07-05 03:49:12"}
{"level":"info","message":"Created client session 55488f091841f8c0792384e1","timestamp":"2026-07-05 03:49:17"}
{"level":"info","message":"Created client session 30d012e7877a91d54dbe3618","timestamp":"2026-07-05 03:49:22"}
{"level":"info","message":"Created client session a6741f7c06f038cb9e77d97e","timestamp":"2026-07-05 03:49:27"}
{"level":"info","message":"Created client session 7e7677d7a5ccfa417e377eb5","timestamp":"2026-07-05 03:49:34"}
{"level":"info","message":"Created client session ceded3d115c8329f436442fd","timestamp":"2026-07-05 03:49:50"}
{"level":"info","message":"Created client session 5b68f84b8f652a0865aec78b","timestamp":"2026-07-05 03:50:11"}
{"level":"info","message":"Created client session 4ce3eb86ef9d887567184352","timestamp":"2026-07-05 03:50:12"}
{"level":"info","message":"Created client session 5c25f989891d6b350ea5c179","timestamp":"2026-07-05 03:50:15"}
{"level":"info","message":"Created client session 2db24cd47d9a9168d6629edb","timestamp":"2026-07-05 03:50:21"}
{"level":"info","message":"Created client session 4c0a49336cd2a2b9bdfbc873","timestamp":"2026-07-05 03:50:24"}
{"level":"info","message":"Created client session b1adbdb3c5fe76c3516169c7","timestamp":"2026-07-05 03:50:31"}
{"level":"info","message":"Created client session 0f9d2accc98789eb6c9e8308","timestamp":"2026-07-05 03:50:31"}
{"level":"info","message":"Created client session e6712a601e7959a7280f79d0","timestamp":"2026-07-05 03:50:41"}
{"level":"info","message":"Created client session a2b4cd9df3077067bdaa6896","timestamp":"2026-07-05 03:50:53"}
{"level":"info","message":"Created client session 3d7268cf3ec70a2fe40c1fb2","timestamp":"2026-07-05 03:50:54"}
{"level":"info","message":"Created client session 43b4c3bd2d8377fdd0a47f3c","timestamp":"2026-07-05 03:50:55"}
{"level":"info","message":"Created client session 8622e7abff580923958aab8a","timestamp":"2026-07-05 03:50:56"}
{"level":"info","message":"Created client session 2636560ccd408445745f1f81","timestamp":"2026-07-05 03:51:01"}
{"level":"info","message":"Created client session deaf63638c05b889073f1139","timestamp":"2026-07-05 03:51:11"}
{"level":"info","message":"Created client session 7f389f7874987425ae950238","timestamp":"2026-07-05 03:51:11"}
{"level":"info","message":"Created client session c839271004db1980246e0588","timestamp":"2026-07-05 03:51:18"}
{"level":"info","message":"Created client session 4a9fe62b753f8e5de4ba6bae","timestamp":"2026-07-05 03:51:18"}
{"level":"info","message":"Created client session 3ad62b2411dfb03e6f8c503a","timestamp":"2026-07-05 03:51:28"}
{"level":"info","message":"Created client session 88c480503ca20a6b26277fee","timestamp":"2026-07-05 03:51:34"}
{"level":"info","message":"Created client session 65f028b269cad099565467a2","timestamp":"2026-07-05 03:51:34"}
{"level":"info","message":"Created client session e41eafdc260e65a4eef3329a","timestamp":"2026-07-05 03:51:35"}
{"level":"info","message":"Created client session d9a897fed63ea0cc75a8c0d0","timestamp":"2026-07-05 03:51:45"}
{"level":"info","message":"Created client session ee78bf5c04e3d0d6ed708240","timestamp":"2026-07-05 03:51:55"}
{"level":"info","message":"Created client session 27e3bfa0d41ab4f2803be579","timestamp":"2026-07-05 03:52:21"}
{"level":"info","message":"Created client session 4ddd815c1c2e2a78a9081275","timestamp":"2026-07-05 03:52:33"}
{"level":"info","message":"Created client session 766b34f422018c1092f51b45","timestamp":"2026-07-05 03:52:37"}
{"level":"info","message":"Created client session 50223742c42b075bb9bd1aa7","timestamp":"2026-07-05 03:52:38"}
{"level":"info","message":"Created client session 6dc10083d75a0e96b6f29f70","timestamp":"2026-07-05 03:52:38"}
{"level":"info","message":"Created client session 0caa015e7edce0c843cc6be3","timestamp":"2026-07-05 03:52:47"}
{"level":"info","message":"Created client session 5d444fc2f4d013fdd0e089fe","timestamp":"2026-07-05 03:52:50"}
{"level":"info","message":"Created client session 0b01abd7124c3efa77a8b2fd","timestamp":"2026-07-05 03:53:09"}
{"level":"info","message":"Created client session 775dd7b8ac17c7fc02d02088","timestamp":"2026-07-05 03:53:38"}
{"level":"info","message":"Created client session c1c2278708f21d9ee4c2e067","timestamp":"2026-07-05 03:53:40"}
{"level":"info","message":"Created client session d253d0ac0f2b8bd1fafc9a67","timestamp":"2026-07-05 03:53:49"}
{"level":"info","message":"Created client session cf5429f96998d8826271d38d","timestamp":"2026-07-05 03:54:07"}
{"level":"info","message":"Created client session 897d9ab43469bd87cb8d4846","timestamp":"2026-07-05 03:54:10"}
{"level":"info","message":"Created client session 97ebe5507dd3ed2baa2b8e10","timestamp":"2026-07-05 03:54:14"}
{"level":"info","message":"Created client session a80b05007a030f98c310b801","timestamp":"2026-07-05 03:54:20"}
{"level":"info","message":"Created client session e666afff81085a0b78235198","timestamp":"2026-07-05 03:54:20"}
{"level":"info","message":"Created client session 2f2695b0c7ed4063ad7438af","timestamp":"2026-07-05 03:54:24"}
{"level":"info","message":"Created client session 3841ab1b0a6eba1438d4a40f","timestamp":"2026-07-05 03:54:24"}
{"level":"info","message":"Created client session 6d31aededc90a163adc5aa28","timestamp":"2026-07-05 03:54:26"}
{"level":"info","message":"Created client session 2f5d00bc91691d6ea3242268","timestamp":"2026-07-05 03:54:26"}
{"level":"info","message":"Created client session b5b717b672e68dd11b826c2a","timestamp":"2026-07-05 03:54:42"}
{"level":"info","message":"Created client session 160775904194d2f69eabac87","timestamp":"2026-07-05 03:54:44"}
{"level":"info","message":"Created client session 68ff0e777f30096ae0651973","timestamp":"2026-07-05 03:54:44"}
{"level":"info","message":"Created client session 2c1c01e3920fff0977f89b60","timestamp":"2026-07-05 03:54:45"}
{"level":"info","message":"Created client session e0860b15e27cbb3399015c31","timestamp":"2026-07-05 03:54:46"}
{"level":"info","message":"Created client session c7e09bbe0e3ac8d15ce663ab","timestamp":"2026-07-05 03:54:48"}
{"level":"info","message":"Created client session 61af95ac2293c2d30945ccfc","timestamp":"2026-07-05 03:54:52"}
{"level":"info","message":"Created client session 6a2974604cd3bd1f76f1cddf","timestamp":"2026-07-05 03:54:57"}
{"level":"info","message":"Created client session b4fe30e1545a2f69f077117d","timestamp":"2026-07-05 03:55:00"}
{"level":"info","message":"Created client session 04b0ade56f35925a47de85f2","timestamp":"2026-07-05 03:55:01"}
{"level":"info","message":"Created client session 8947ab46812a8a0db99965e9","timestamp":"2026-07-05 03:55:02"}
{"level":"info","message":"Created client session b19aed69a196561c72bacb08","timestamp":"2026-07-05 03:55:16"}
{"level":"info","message":"Created client session 8bbb9b71fa6c8798abd247de","timestamp":"2026-07-05 03:55:22"}
{"level":"info","message":"Created client session 1b2c7e4bf5937dc1faec83f6","timestamp":"2026-07-05 03:55:31"}
{"level":"info","message":"Created client session 316b5054e71ef1ca1c9a15a6","timestamp":"2026-07-05 03:55:42"}
{"level":"info","message":"Created client session 13a7b030dcb68341a1d9b551","timestamp":"2026-07-05 03:55:45"}
{"level":"info","message":"Created client session 6a48c576c132c2e377ac059e","timestamp":"2026-07-05 03:56:02"}
{"level":"info","message":"Created client session e2dc84bd05c3cd3fa233dc7d","timestamp":"2026-07-05 03:56:13"}
{"level":"info","message":"Created client session 51ef272a3d2185edb26f6204","timestamp":"2026-07-05 03:56:16"}
{"level":"info","message":"Created client session 81e16779f068886e96846d76","timestamp":"2026-07-05 03:56:19"}
{"level":"info","message":"Created client session 9449ef1140783a4ad526ba12","timestamp":"2026-07-05 03:56:27"}
{"level":"info","message":"Created client session 88751d0a7dcbd77a3b3e7352","timestamp":"2026-07-05 03:56:28"}
{"level":"info","message":"Created client session e6caf13c35d2f75ccfd92295","timestamp":"2026-07-05 03:56:35"}
{"level":"info","message":"Created client session f867867997279e22668f1924","timestamp":"2026-07-05 03:56:47"}
{"level":"info","message":"Created client session 56dee481646d737de4bf6f91","timestamp":"2026-07-05 03:56:47"}
{"level":"info","message":"Created client session 9ce35d057caaa9bbebe07f7a","timestamp":"2026-07-05 03:56:51"}
{"level":"info","message":"Created client session c46963c0b48f989cde2cc519","timestamp":"2026-07-05 03:57:00"}
{"level":"info","message":"Created client session b41551dbe46bc41bc4c6807d","timestamp":"2026-07-05 03:57:02"}
{"level":"info","message":"Created client session 2ba2a27dc46f9dae666191b7","timestamp":"2026-07-05 03:57:06"}
{"level":"info","message":"Created client session d6f698f922e4d8cca55d8782","timestamp":"2026-07-05 03:57:17"}
{"level":"info","message":"Created client session fde222cfac73df53660eab5d","timestamp":"2026-07-05 03:57:22"}
{"level":"info","message":"Created client session 7b79a343ab53ed941ac9d59c","timestamp":"2026-07-05 03:57:29"}
{"level":"info","message":"Created client session 4a5160197312d6797fa9846a","timestamp":"2026-07-05 03:57:33"}
{"level":"info","message":"Created client session a9674ff3da17301bc93ce234","timestamp":"2026-07-05 03:57:47"}
{"level":"info","message":"Created client session 25da20a3a16d79002cf68e81","timestamp":"2026-07-05 03:57:47"}
{"level":"info","message":"Created client session 0c53599944bff4f0276e0a38","timestamp":"2026-07-05 03:57:49"}
{"level":"info","message":"Created client session 14c2216d2404f469ddda3746","timestamp":"2026-07-05 03:57:49"}
{"level":"info","message":"Created client session 250e2f062b3e927c5dacb0ef","timestamp":"2026-07-05 03:57:55"}
{"level":"info","message":"Created client session 5c4ee145393323edbbbee1da","timestamp":"2026-07-05 03:58:01"}
{"level":"info","message":"Created client session 00460b7832bce75fbc63a2ab","timestamp":"2026-07-05 03:58:01"}
{"level":"info","message":"Created client session 52bea4711e43f7519d3f6961","timestamp":"2026-07-05 03:58:03"}
{"level":"info","message":"Created client session 0862480df491dff5580a5747","timestamp":"2026-07-05 03:58:14"}
{"level":"info","message":"Created client session 125b65e1712ad650324aa3d6","timestamp":"2026-07-05 03:58:18"}
{"level":"info","message":"Created client session 5aecafbea6f2f2a20594a776","timestamp":"2026-07-05 03:58:19"}
{"level":"info","message":"Created client session 96550bff54bdc7e44f32104a","timestamp":"2026-07-05 03:58:20"}
{"level":"info","message":"Created client session 1cb5096df87f21138081f1d1","timestamp":"2026-07-05 03:58:27"}
{"level":"info","message":"Created client session 62eeaa5f28037e02e4a134fa","timestamp":"2026-07-05 03:58:36"}
{"level":"info","message":"Created client session bc2d6b53ba32f444c94cb26b","timestamp":"2026-07-05 03:58:37"}
{"level":"info","message":"Created client session 9af17bceaf997ad902cdc443","timestamp":"2026-07-05 03:58:37"}
{"level":"info","message":"Created client session 0abae525c24af4011d00e956","timestamp":"2026-07-05 03:58:39"}
{"level":"info","message":"Created client session bbd7ebe90187a71375a4a423","timestamp":"2026-07-05 03:58:43"}
{"level":"info","message":"Created client session 54e74a353658d228b731a568","timestamp":"2026-07-05 03:58:43"}
{"level":"info","message":"Created client session a0627731e00fef474966eccd","timestamp":"2026-07-05 03:58:48"}
{"level":"info","message":"Created client session 9b616baa6d3f660a1c4f346d","timestamp":"2026-07-05 03:58:50"}
{"level":"info","message":"Created client session b7df707c7d2dd95e356b82bd","timestamp":"2026-07-05 03:58:54"}
{"level":"info","message":"Created client session bbb1751caa7b8f0cf50b3a98","timestamp":"2026-07-05 03:58:54"}
{"level":"info","message":"Created client session 1a4a2ff7c86b18b77916cbf8","timestamp":"2026-07-05 03:58:55"}
{"level":"info","message":"Created client session fdffb7c637d0de2f3589cced","timestamp":"2026-07-05 03:59:10"}
{"level":"info","message":"Created client session f5cf1663dddd716f6767669b","timestamp":"2026-07-05 03:59:25"}
{"level":"info","message":"Created client session 4e4204e0e0f10ed5873efc2d","timestamp":"2026-07-05 03:59:34"}
{"level":"info","message":"Created client session 98016d29865a4da55e64cfc4","timestamp":"2026-07-05 03:59:40"}
{"level":"info","message":"Created client session f64e35ec77230c8e83b946fb","timestamp":"2026-07-05 03:59:45"}
{"level":"info","message":"Created client session ec1d5bb165672a49f60eff22","timestamp":"2026-07-05 04:00:00"}
{"level":"info","message":"Created client session aa993ce0ffbdd3f25b7b4404","timestamp":"2026-07-05 04:00:01"}
{"level":"info","message":"Created client session 9d375335b694f0f86732174d","timestamp":"2026-07-05 04:00:11"}
{"level":"info","message":"Created client session b9f2ef4cc645bc8663524e95","timestamp":"2026-07-05 04:00:15"}
{"level":"info","message":"Created client session 2b4b997026b82ba472dd8305","timestamp":"2026-07-05 04:00:18"}
{"level":"info","message":"Created client session 24266c6eebb108a9f93f6117","timestamp":"2026-07-05 04:00:19"}
{"level":"info","message":"Created client session df9ac83539afad57e8c7cfc6","timestamp":"2026-07-05 04:00:21"}
{"level":"info","message":"Created client session 7ec6e10525808e2cc3555a6e","timestamp":"2026-07-05 04:00:30"}
{"level":"info","message":"Created client session 5ea32fa1d8771d864a79e16f","timestamp":"2026-07-05 04:00:33"}
{"level":"info","message":"Created client session b3cf13d0ac551e60758d06ac","timestamp":"2026-07-05 04:00:33"}
{"level":"info","message":"Created client session 77a94fb26d848b84e45e4bd4","timestamp":"2026-07-05 04:00:41"}
{"level":"info","message":"Created client session 529881cd0c309e4e8d6e13b3","timestamp":"2026-07-05 04:00:45"}
{"level":"info","message":"Created client session c7531a7d7ef78d852cd1d60b","timestamp":"2026-07-05 04:00:48"}
{"level":"info","message":"Created client session ab1546c39a0fac3efade0c6c","timestamp":"2026-07-05 04:00:51"}
{"level":"info","message":"Created client session 53c09b2784f62891287215dc","timestamp":"2026-07-05 04:01:11"}
{"level":"info","message":"Created client session 19c04e6e4aa6da24aef298d8","timestamp":"2026-07-05 04:01:21"}
{"level":"info","message":"Created client session 1ac340cef0cc85189e6285fe","timestamp":"2026-07-05 04:01:33"}
{"level":"info","message":"Created client session 6fb9956ac28b75d949d633e2","timestamp":"2026-07-05 04:01:51"}
{"level":"info","message":"Created client session 4bcccd5291676b26bdfb0f11","timestamp":"2026-07-05 04:01:51"}
{"level":"info","message":"Created client session 073de800f42fa7b4d3458d78","timestamp":"2026-07-05 04:01:52"}
{"level":"info","message":"Created client session f6c4ae4a9dcdd38fa94dbee0","timestamp":"2026-07-05 04:02:08"}
{"level":"info","message":"Created client session 64af900c455ea76511820c13","timestamp":"2026-07-05 04:02:11"}
{"level":"info","message":"Created client session 4911fa487a11526495e7c404","timestamp":"2026-07-05 04:02:12"}
{"level":"info","message":"Created client session f9fa2ba161747e206c60c7c1","timestamp":"2026-07-05 04:02:14"}
{"level":"info","message":"Created client session 05c686d8e60487f5c98bd5cb","timestamp":"2026-07-05 04:02:14"}
{"level":"info","message":"Created client session 4b40b314593514d87bffb842","timestamp":"2026-07-05 04:02:16"}
{"level":"info","message":"Created client session b7ef8e70eb4b44faff469f22","timestamp":"2026-07-05 04:02:16"}
{"level":"info","message":"Created client session 8021d835117fb2bb998eb23e","timestamp":"2026-07-05 04:02:17"}
{"level":"info","message":"Created client session aedc22b0e68dbbf2156f0004","timestamp":"2026-07-05 04:02:17"}
{"level":"info","message":"Created client session e415e7c8c34825720a3ca196","timestamp":"2026-07-05 04:02:23"}
{"level":"info","message":"Created client session 32997272365045cbe96e98df","timestamp":"2026-07-05 04:02:26"}
{"level":"info","message":"Created client session ba7739e3541c8d6eb17366d0","timestamp":"2026-07-05 04:02:34"}
{"level":"info","message":"Created client session a1cdc00dc6c871c38b207215","timestamp":"2026-07-05 04:02:39"}
{"level":"info","message":"Created client session 8f2c101b3a703d345ca42c8a","timestamp":"2026-07-05 04:02:41"}
{"level":"info","message":"Created client session 523ef43f48a83dd4b495770b","timestamp":"2026-07-05 04:02:41"}
{"level":"info","message":"Created client session 91f8fa23e51c4bcb0978206d","timestamp":"2026-07-05 04:02:41"}
{"level":"info","message":"Created client session 57efad3698834872ad4afa70","timestamp":"2026-07-05 04:02:50"}
{"level":"info","message":"Created client session 818fe4b581d37671ab86f471","timestamp":"2026-07-05 04:02:51"}
{"level":"info","message":"Created client session f144becbcf2f56a3e78d3cc6","timestamp":"2026-07-05 04:02:53"}
{"level":"info","message":"Created client session 6e6d74a252d1a82e3a895dd8","timestamp":"2026-07-05 04:02:54"}
{"level":"info","message":"Created client session c8313348d55e1982f930032c","timestamp":"2026-07-05 04:02:59"}
{"level":"info","message":"Created client session a003ceee98294e6f6ed362dd","timestamp":"2026-07-05 04:03:00"}
{"level":"info","message":"Created client session fd56d02c9dad0ba54b8d3f9c","timestamp":"2026-07-05 04:03:10"}
{"level":"info","message":"Created client session 49f9f752d53f390385a0a486","timestamp":"2026-07-05 04:03:11"}
{"level":"info","message":"Created client session f18e74b34a5b0badf154be15","timestamp":"2026-07-05 04:03:24"}
{"level":"info","message":"Created client session 2dd33243ce4a8011bf10ad25","timestamp":"2026-07-05 04:03:27"}
{"level":"info","message":"Created client session f576b47d65009ad0667323e5","timestamp":"2026-07-05 04:03:28"}
{"level":"info","message":"Created client session 01046b3dfcac6f9c014df2a8","timestamp":"2026-07-05 04:03:30"}
{"level":"info","message":"Created client session baf46956d37d925dc4c0dc3e","timestamp":"2026-07-05 04:03:31"}
{"level":"info","message":"Created client session 06aeb60821a588e53248cf1b","timestamp":"2026-07-05 04:03:35"}
{"level":"info","message":"Created client session 645c1208ab0e400bc864ea39","timestamp":"2026-07-05 04:03:42"}
{"level":"info","message":"Created client session 4a3c46531c3272fa16a138ad","timestamp":"2026-07-05 04:03:43"}
{"level":"info","message":"Created client session a478fea07bb06e554cf7baaf","timestamp":"2026-07-05 04:03:50"}
{"level":"info","message":"Created client session 76ee6fefea2cb43a2dc03a9b","timestamp":"2026-07-05 04:04:07"}
{"level":"info","message":"Created client session a0b66f323423592fde476016","timestamp":"2026-07-05 04:04:14"}
{"level":"info","message":"Created client session f0d490c10d2b793db8d76155","timestamp":"2026-07-05 04:04:29"}
{"level":"info","message":"Created client session 1aaea226a7f799462f7e6740","timestamp":"2026-07-05 04:04:33"}
{"level":"info","message":"Created client session b1e8f67369f12bafba66dc5a","timestamp":"2026-07-05 04:04:35"}
{"level":"info","message":"Created client session b8e6bb0a085f59e1b279b7ab","timestamp":"2026-07-05 04:04:46"}
{"level":"info","message":"Created client session c827b224f7082fb040819a42","timestamp":"2026-07-05 04:04:46"}
{"level":"info","message":"Created client session 098b20ad25b99594ed477e8f","timestamp":"2026-07-05 04:04:49"}
{"level":"info","message":"Created client session e826bcdf4044fd28c5b9218b","timestamp":"2026-07-05 04:04:50"}
{"level":"info","message":"Created client session 1c07cfc758c18d9a462678db","timestamp":"2026-07-05 04:04:50"}
{"level":"info","message":"Created client session 0a1067bc1043bd6a0054d843","timestamp":"2026-07-05 04:04:55"}
{"level":"info","message":"Created client session d9e78255d2d795be40519e51","timestamp":"2026-07-05 04:04:57"}
{"level":"info","message":"Created client session c9bb4738af836bed61edec46","timestamp":"2026-07-05 04:04:57"}
{"level":"info","message":"Created client session 57af9209498f3ec73f9fd7bd","timestamp":"2026-07-05 04:05:13"}
{"level":"info","message":"Created client session d8b239e2a95f78734ddf6846","timestamp":"2026-07-05 04:05:21"}
{"level":"info","message":"Created client session ce5689162c5baad30aaf2201","timestamp":"2026-07-05 04:05:25"}
{"level":"info","message":"Created client session 370e37e1be8111695afb8265","timestamp":"2026-07-05 04:05:39"}
{"level":"info","message":"Created client session 7a56609a501847a2fa31302b","timestamp":"2026-07-05 04:05:45"}
{"level":"info","message":"Created client session 8c725e7a16ce114979efcca0","timestamp":"2026-07-05 04:05:46"}
{"level":"info","message":"Created client session fbc3b12e6e96d186522271bd","timestamp":"2026-07-05 04:05:47"}
{"level":"info","message":"Created client session 71be013ff58078e51f23372d","timestamp":"2026-07-05 04:05:51"}
{"level":"info","message":"Created client session beb9a85081f6fba62b732246","timestamp":"2026-07-05 04:06:06"}
{"level":"info","message":"Created client session eb7e4af29483eb2b5e206ebb","timestamp":"2026-07-05 04:06:13"}
{"level":"info","message":"Created client session 9ca702c214c252fa62a50ee1","timestamp":"2026-07-05 04:06:21"}
{"level":"info","message":"Created client session 6f299e4efd4ac362fbcaec19","timestamp":"2026-07-05 04:06:21"}
{"level":"info","message":"Created client session a7d0fda9805ec69cd6e6bdfa","timestamp":"2026-07-05 04:06:23"}
{"level":"info","message":"Created client session 75644c33424749b17740b10a","timestamp":"2026-07-05 04:06:25"}
{"level":"info","message":"Created client session 5da4193297a7d55fd15046e3","timestamp":"2026-07-05 04:06:28"}
{"level":"info","message":"Created client session 2012ebb3a934c3b31f5f3b73","timestamp":"2026-07-05 04:06:33"}
{"level":"info","message":"Created client session 78751556adbb0b9c74f21969","timestamp":"2026-07-05 04:06:33"}
{"level":"info","message":"Created client session 1fe103ad57334abfb521cb83","timestamp":"2026-07-05 04:06:33"}
{"level":"info","message":"Created client session fedd3a2ccadd5e593e4ad6a4","timestamp":"2026-07-05 04:06:38"}
{"level":"info","message":"Created client session d319325194c2d80bb18eff23","timestamp":"2026-07-05 04:06:39"}
{"level":"info","message":"Created client session 4963a8453dc1c9483d90ced8","timestamp":"2026-07-05 04:06:49"}
{"level":"info","message":"Created client session e565140258d7702c929e236e","timestamp":"2026-07-05 04:06:59"}
{"level":"info","message":"Created client session 83e7d3171af42fc44ccc6e96","timestamp":"2026-07-05 04:07:12"}
{"level":"info","message":"Created client session 28ca3c11c868b753f6365e66","timestamp":"2026-07-05 04:07:12"}
{"level":"info","message":"Created client session 263b926d694e5eff0c5670b1","timestamp":"2026-07-05 04:07:12"}
{"level":"info","message":"Created client session ef1c73668816ac31ac3f9c13","timestamp":"2026-07-05 04:07:44"}
{"level":"info","message":"Created client session 85d49a535fff30b2a2a7db44","timestamp":"2026-07-05 04:07:49"}
{"level":"info","message":"Created client session 5a22fca4088a4472f6b4cd3d","timestamp":"2026-07-05 04:07:53"}
{"level":"info","message":"Created client session 3b4d9b414f83bebc0d5d3e67","timestamp":"2026-07-05 04:07:53"}
{"level":"info","message":"Created client session c01f4ea85411d6d96182e6b0","timestamp":"2026-07-05 04:07:58"}
{"level":"info","message":"Created client session b3a719f76cff53fb4b331e08","timestamp":"2026-07-05 04:07:59"}
{"level":"info","message":"Created client session 693c83f008eb7e437ccebb62","timestamp":"2026-07-05 04:08:07"}
{"level":"info","message":"Created client session a4c0ca4b8b3e54a3bef77a16","timestamp":"2026-07-05 04:08:11"}
{"level":"info","message":"Created client session 8c1681f6b108c9a98bdd8233","timestamp":"2026-07-05 04:08:13"}
{"level":"info","message":"Created client session 96efeb08cb3e1e80036340de","timestamp":"2026-07-05 04:08:17"}
{"level":"info","message":"Created client session 8a95045de16ad29261b7caf3","timestamp":"2026-07-05 04:08:18"}
{"level":"info","message":"Created client session 0c41dcf1e5cc10a062055e1e","timestamp":"2026-07-05 04:08:21"}
{"level":"info","message":"Created client session 265bbca5b589cd09f84ec0ad","timestamp":"2026-07-05 04:08:33"}
{"level":"info","message":"Created client session c2e03205f6aedc49a9970174","timestamp":"2026-07-05 04:08:43"}
{"level":"info","message":"Created client session 7c6f007c129340785202a537","timestamp":"2026-07-05 04:08:47"}
{"level":"info","message":"Created client session 5f93e1a16d13080caa409a10","timestamp":"2026-07-05 04:08:47"}
{"level":"info","message":"Created client session 43acc691db5d0b95d0ad5de9","timestamp":"2026-07-05 04:08:47"}
{"level":"info","message":"Created client session 71f10c51122860b9552a4de2","timestamp":"2026-07-05 04:08:51"}
{"level":"info","message":"Created client session 63ae1204ad143f5e9bd9428d","timestamp":"2026-07-05 04:08:54"}
{"level":"info","message":"Created client session a2a97e2f34163fc86cb36b70","timestamp":"2026-07-05 04:08:55"}
{"level":"info","message":"Created client session 03f2379e0a85ca48eacdc79a","timestamp":"2026-07-05 04:09:00"}
{"level":"info","message":"Created client session 43b43f793b3bddfcd0d75a2d","timestamp":"2026-07-05 04:09:06"}
{"level":"info","message":"Created client session c7454a67c0a3486fc3afb289","timestamp":"2026-07-05 04:09:14"}
{"level":"info","message":"Created client session 809ec573522788bc5642c255","timestamp":"2026-07-05 04:09:33"}
{"level":"info","message":"Created client session b9b377d407dfff26401a3fe3","timestamp":"2026-07-05 04:09:33"}
{"level":"info","message":"Created client session 17f87188077b692814811f65","timestamp":"2026-07-05 04:09:36"}
{"level":"info","message":"Created client session fde7444aa4110f5c29de1f69","timestamp":"2026-07-05 04:09:45"}
{"level":"info","message":"Created client session 40311cd4a23d8cf9c28cdbac","timestamp":"2026-07-05 04:09:47"}
{"level":"info","message":"Created client session 6a7a9b74cc19cf8f81dd0e57","timestamp":"2026-07-05 04:09:54"}
{"level":"info","message":"Created client session 8008395e8009a560f6776527","timestamp":"2026-07-05 04:09:54"}
{"level":"info","message":"Created client session 5088729cf340a1a6ee0cf490","timestamp":"2026-07-05 04:10:06"}
{"level":"info","message":"Created client session 0c231e3990a8419996800870","timestamp":"2026-07-05 04:10:08"}
{"level":"info","message":"Created client session 7644b02f9031fa9b6ec05ef7","timestamp":"2026-07-05 04:10:14"}
{"level":"info","message":"Created client session 91484d5b34333f3538c8abaf","timestamp":"2026-07-05 04:10:21"}
{"level":"info","message":"Created client session 62f4b5eb8ff8860f7aa81504","timestamp":"2026-07-05 04:10:22"}
{"level":"info","message":"Created client session b3c11ec66b36c8a9e487cc0c","timestamp":"2026-07-05 04:10:23"}
{"level":"info","message":"Created client session b0eca84ef43877e9d29acea6","timestamp":"2026-07-05 04:10:36"}
{"level":"info","message":"Created client session a17369fc50b25cd049bb690a","timestamp":"2026-07-05 04:10:36"}
{"level":"info","message":"Created client session fd5f7ecd3c8d7ff689447120","timestamp":"2026-07-05 04:10:37"}
{"level":"info","message":"Created client session 0dbd3bd39700ae5784a28e13","timestamp":"2026-07-05 04:10:37"}
{"level":"info","message":"Created client session 9bc945a9a9bca15685f0655b","timestamp":"2026-07-05 04:10:38"}
{"level":"info","message":"Created client session 38c08974b16c52ac5c75928c","timestamp":"2026-07-05 04:10:50"}
{"level":"info","message":"Created client session 0e9871eedbdaadd95cf7b446","timestamp":"2026-07-05 04:11:05"}
{"level":"info","message":"Created client session 9bfa88921dcd3e67e99e0912","timestamp":"2026-07-05 04:11:07"}
{"level":"info","message":"Created client session dd90f1be35700398b7dd8a05","timestamp":"2026-07-05 04:11:11"}
{"level":"info","message":"Created client session d7ce49e724adbbe8e4ca224d","timestamp":"2026-07-05 04:11:13"}
{"level":"info","message":"Created client session d896c7baffda34863e7e13f5","timestamp":"2026-07-05 04:11:16"}
{"level":"info","message":"Created client session 4f18afa4544de215fe210cfd","timestamp":"2026-07-05 04:11:23"}
{"level":"info","message":"Created client session dd297090badd318af72ef50d","timestamp":"2026-07-05 04:11:24"}
{"level":"info","message":"Created client session 000fe375772c4b67eed17a22","timestamp":"2026-07-05 04:11:31"}
{"level":"info","message":"Created client session ade2c6877c47be4b61866f48","timestamp":"2026-07-05 04:11:40"}
{"level":"info","message":"Created client session f1a4c0b3330556e34fde6140","timestamp":"2026-07-05 04:11:41"}
{"level":"info","message":"Created client session 5f9e44c5a905ccd6faee2fa0","timestamp":"2026-07-05 04:11:53"}
{"level":"info","message":"Created client session ec781cd16b9c3ac88db2fa8e","timestamp":"2026-07-05 04:11:54"}
{"level":"info","message":"Created client session 63086761f3bd3dc48e6b63c0","timestamp":"2026-07-05 04:11:58"}
{"level":"info","message":"Created client session ed5dbbd75a1726deb05b3a5a","timestamp":"2026-07-05 04:12:03"}
{"level":"info","message":"Created client session ba92d5b889bef7fe57385fec","timestamp":"2026-07-05 04:12:10"}
{"level":"info","message":"Created client session 462b4e8ffc7dd9c3e3b06f9d","timestamp":"2026-07-05 04:12:14"}
{"level":"info","message":"Created client session 314a39341a87e82b562ff5d5","timestamp":"2026-07-05 04:12:19"}
{"level":"info","message":"Created client session 2141df86f8cfb5bf92cd4ab1","timestamp":"2026-07-05 04:12:20"}
{"level":"info","message":"Created client session 0f0eb50b83414bdd2d05cc68","timestamp":"2026-07-05 04:12:24"}
{"level":"info","message":"Created client session 2368f491dd01a296ed02dfd1","timestamp":"2026-07-05 04:12:25"}
{"level":"info","message":"Created client session cdedcfd36e2293eeeb7f4ee9","timestamp":"2026-07-05 04:12:27"}
{"level":"info","message":"Created client session 6633caf2cf188dd6d771af7a","timestamp":"2026-07-05 04:12:30"}
{"level":"info","message":"Created client session 0ee36e2abc24c908b3ab56e8","timestamp":"2026-07-05 04:12:31"}
{"level":"info","message":"Created client session 02a2f171304477dd4bc0f762","timestamp":"2026-07-05 04:12:31"}
{"level":"info","message":"Created client session 17b913d1f5eb402c90bcdc9d","timestamp":"2026-07-05 04:12:40"}
{"level":"info","message":"Created client session c7e36d1421e460ef8c5aeffa","timestamp":"2026-07-05 04:12:40"}
{"level":"info","message":"Created client session 27d488b35f27e3de17d9d5ce","timestamp":"2026-07-05 04:12:41"}
{"level":"info","message":"Created client session 00d45d61af1a2f4793ed9930","timestamp":"2026-07-05 04:12:41"}
{"level":"info","message":"Created client session d497aed2776dc13cc9c6457b","timestamp":"2026-07-05 04:12:47"}
{"level":"info","message":"Created client session fce8f54b8b8eff10f0a1570a","timestamp":"2026-07-05 04:12:55"}
{"level":"info","message":"Created client session 82bf4edd6ee532762326de20","timestamp":"2026-07-05 04:12:55"}
{"level":"info","message":"Created client session 803296d2667c8590a8a02ab2","timestamp":"2026-07-05 04:13:00"}
{"level":"info","message":"Created client session 3766979cd29fc766867f66f8","timestamp":"2026-07-05 04:13:03"}
{"level":"info","message":"Created client session cf0d34c6c34734042722d2f0","timestamp":"2026-07-05 04:13:03"}
{"level":"info","message":"Created client session 003aec475de20760caf9aada","timestamp":"2026-07-05 04:13:07"}
{"level":"info","message":"Created client session ce23b2d08d80bcbbb8400ce7","timestamp":"2026-07-05 04:13:07"}
{"level":"info","message":"Created client session eb5cf0fd6129100729d555ef","timestamp":"2026-07-05 04:13:14"}
{"level":"info","message":"Created client session 9c200804fbc597bcad4e9820","timestamp":"2026-07-05 04:13:21"}
{"level":"info","message":"Created client session f9496773302aa3cca0c2394d","timestamp":"2026-07-05 04:13:27"}
{"level":"info","message":"Created client session 042518b7e69a1cb8a04e955e","timestamp":"2026-07-05 04:13:27"}
{"level":"info","message":"Created client session 1e729ca1d24feaee1c878b0b","timestamp":"2026-07-05 04:13:32"}
{"level":"info","message":"Created client session 77dad63f7acf9398b3eadbac","timestamp":"2026-07-05 04:13:38"}
{"level":"info","message":"Created client session cd6ae8ac3e9b1f39bfd7d257","timestamp":"2026-07-05 04:13:38"}
{"level":"info","message":"Created client session 2aad935ab27fd4aebd2e9495","timestamp":"2026-07-05 04:13:46"}
{"level":"info","message":"Created client session 43acd6450957ac9ba70247d8","timestamp":"2026-07-05 04:13:48"}
{"level":"info","message":"Created client session 4004d8ae14ea8a67de338b20","timestamp":"2026-07-05 04:14:01"}
{"level":"info","message":"Created client session fd4a63490faa022cb8124f9e","timestamp":"2026-07-05 04:14:02"}
{"level":"info","message":"Created client session 254bb1d1d159114d0e056a1d","timestamp":"2026-07-05 04:14:04"}
{"level":"info","message":"Created client session 733ef14717f99a4eb41fa8eb","timestamp":"2026-07-05 04:14:07"}
{"level":"info","message":"Created client session 2e383304ccbe9bcb9905ac74","timestamp":"2026-07-05 04:14:22"}
{"level":"info","message":"Created client session ac3258001abff56585a47e56","timestamp":"2026-07-05 04:14:33"}
{"level":"info","message":"Created client session d1a200538ae1fbe51be10f1f","timestamp":"2026-07-05 04:14:39"}
{"level":"info","message":"Created client session bc787f9b5ed7fc22cca066c8","timestamp":"2026-07-05 04:14:59"}
{"level":"info","message":"Created client session 47ad67d0632862adfde64e9e","timestamp":"2026-07-05 04:15:00"}
{"level":"info","message":"Created client session 5474bd3e10785a26bfb715ae","timestamp":"2026-07-05 04:15:03"}
{"level":"info","message":"Created client session cba8e9b13041642dde576056","timestamp":"2026-07-05 04:15:06"}
{"level":"info","message":"Created client session 93d27f8b1bef981aade5880e","timestamp":"2026-07-05 04:15:10"}
{"level":"info","message":"Created client session 41e1f39943386c69760086d3","timestamp":"2026-07-05 04:15:11"}
{"level":"info","message":"Created client session 929a5a3eb770453aad0ea076","timestamp":"2026-07-05 04:15:13"}
{"level":"info","message":"Created client session 4ba41f972baedae00a60ae3f","timestamp":"2026-07-05 04:15:13"}
{"level":"info","message":"Created client session 839a6aa22946b298d28d0d42","timestamp":"2026-07-05 04:15:14"}
{"level":"info","message":"Created client session 90a072786b39977f5bed3019","timestamp":"2026-07-05 04:15:15"}
{"level":"info","message":"Created client session d2c760fb42b54fa56285c048","timestamp":"2026-07-05 04:15:17"}
{"level":"info","message":"Created client session cdfafc8954a21b4a3a4d9654","timestamp":"2026-07-05 04:15:19"}
{"level":"info","message":"Created client session 4a4e1caf89ab38eb61a5cb5b","timestamp":"2026-07-05 04:15:25"}
{"level":"info","message":"Created client session 6067240d7853d498c0dffce9","timestamp":"2026-07-05 04:15:35"}
{"level":"info","message":"Created client session e74680b771f77c20fc26938e","timestamp":"2026-07-05 04:15:38"}
{"level":"info","message":"Created client session ded7006f225d839a94fe3d6a","timestamp":"2026-07-05 04:15:40"}
{"level":"info","message":"Created client session 3c9300f887f99fc56d83c968","timestamp":"2026-07-05 04:15:43"}
{"level":"info","message":"Created client session 797d275eab92d730fd9803d8","timestamp":"2026-07-05 04:15:45"}
{"level":"info","message":"Created client session c490618bd7b915f95b3e0e02","timestamp":"2026-07-05 04:15:47"}
{"level":"info","message":"Created client session 2871020735d7961ec6575f5b","timestamp":"2026-07-05 04:15:47"}
{"level":"info","message":"Created client session 664a1b8af42efeec10bb4181","timestamp":"2026-07-05 04:15:48"}
{"level":"info","message":"Created client session cfdaf29f16cb8f7d2dd50bc4","timestamp":"2026-07-05 04:15:51"}
{"level":"info","message":"Created client session 04cf6fd7953b3612a3ad5415","timestamp":"2026-07-05 04:15:51"}
{"level":"info","message":"Created client session a6e7e9714a5da83ba698b359","timestamp":"2026-07-05 04:16:08"}
{"level":"info","message":"Created client session 02625fb21dcb5177aa6a8ca8","timestamp":"2026-07-05 04:16:13"}
{"level":"info","message":"Created client session 2e8aacbf5f9197464cbd77eb","timestamp":"2026-07-05 04:16:13"}
{"level":"info","message":"Created client session 047d1f98679a6edb0f10e5aa","timestamp":"2026-07-05 04:16:18"}
{"level":"info","message":"Created client session 79352df924b5e3cae285d839","timestamp":"2026-07-05 04:16:27"}
{"level":"info","message":"Created client session cd02619fa40d7bab1e4ec6ca","timestamp":"2026-07-05 04:16:38"}
{"level":"info","message":"Created client session 217724b47ad6f696563b80d8","timestamp":"2026-07-05 04:16:39"}
{"level":"info","message":"Created client session 7810443633a70d413c923adf","timestamp":"2026-07-05 04:16:45"}
{"level":"info","message":"Created client session a21ad4a3db8b265249e5c6f6","timestamp":"2026-07-05 04:16:50"}
{"level":"info","message":"Created client session 518e93efdb53683a399193d3","timestamp":"2026-07-05 04:16:57"}
{"level":"info","message":"Created client session a58e454803e0c34dd1edccc7","timestamp":"2026-07-05 04:16:58"}
{"level":"info","message":"Created client session 5755f4efbc6fbe45904795f9","timestamp":"2026-07-05 04:17:00"}
{"level":"info","message":"Created client session 17118f23bcdb9ef7195bbf4f","timestamp":"2026-07-05 04:17:01"}
{"level":"info","message":"Created client session f0bab0883ec3d01c0eb482ae","timestamp":"2026-07-05 04:17:10"}
{"level":"info","message":"Created client session ce38b97519b3af3746ab5b40","timestamp":"2026-07-05 04:17:10"}
{"level":"info","message":"Created client session 1fce4a77db06e344acc85af5","timestamp":"2026-07-05 04:17:10"}
{"level":"info","message":"Created client session d3d5389a36f1e1d9b1dc7264","timestamp":"2026-07-05 04:17:11"}
{"level":"info","message":"Created client session 1941f09f4ce4c70b5c674366","timestamp":"2026-07-05 04:17:17"}
{"level":"info","message":"Created client session c06ff1992b55dc628f063dd0","timestamp":"2026-07-05 04:17:28"}
{"level":"info","message":"Created client session bbde5837f846d84cc0b14482","timestamp":"2026-07-05 04:17:28"}
{"level":"info","message":"Created client session bf4d0458f29455bf46f3a8ad","timestamp":"2026-07-05 04:17:38"}
{"level":"info","message":"Created client session 06465f11bf8b5a38b3235d71","timestamp":"2026-07-05 04:17:38"}
{"level":"info","message":"Created client session e09279ac78be3070db09c9ee","timestamp":"2026-07-05 04:17:40"}
{"level":"info","message":"Created client session 37de1daec3e3005dff72c6ac","timestamp":"2026-07-05 04:17:45"}
{"level":"info","message":"Created client session ae5707c9a9082954cc40ebcc","timestamp":"2026-07-05 04:18:02"}
{"level":"info","message":"Created client session c138915566af302ad4f72b71","timestamp":"2026-07-05 04:18:03"}
{"level":"info","message":"Created client session 3c985b8872f8f4543ab14009","timestamp":"2026-07-05 04:18:04"}
{"level":"info","message":"Created client session f60c5344c185543346c3f00d","timestamp":"2026-07-05 04:18:05"}
{"level":"info","message":"Created client session 294dd27d87983b31be31143f","timestamp":"2026-07-05 04:18:06"}
{"level":"info","message":"Created client session ec0b740d2d3847d75636129f","timestamp":"2026-07-05 04:18:15"}
{"level":"info","message":"Created client session 4d1379bf788fa34ed2ab7864","timestamp":"2026-07-05 04:18:17"}
{"level":"info","message":"Created client session 48f00e456d9215736965da95","timestamp":"2026-07-05 04:18:20"}
{"level":"info","message":"Created client session 50dfeff760a063f1f1c80ed3","timestamp":"2026-07-05 04:18:27"}
{"level":"info","message":"Created client session 652ee0e2306c83b1e09df8b2","timestamp":"2026-07-05 04:18:36"}
{"level":"info","message":"Created client session 5f8a0d5b523bc21bb7aabee3","timestamp":"2026-07-05 04:18:45"}
{"level":"info","message":"Created client session fab403f35691e79738db6bf5","timestamp":"2026-07-05 04:18:50"}
{"level":"info","message":"Created client session 016cd4434bc6e709a2a1b3f2","timestamp":"2026-07-05 04:18:51"}
{"level":"info","message":"Created client session 466b0a1d86034a49b5dcbeec","timestamp":"2026-07-05 04:19:00"}
{"level":"info","message":"Created client session 19bb1e4445063477fec8419f","timestamp":"2026-07-05 04:19:18"}
{"level":"info","message":"Created client session 263f98337297e89d9f88be3a","timestamp":"2026-07-05 04:19:26"}
{"level":"info","message":"Created client session 91795326ed1eb71eb504d154","timestamp":"2026-07-05 04:19:26"}
{"level":"info","message":"Created client session 71901072683e140bbddc6f54","timestamp":"2026-07-05 04:19:34"}
{"level":"info","message":"Created client session 93aee0afe131d21aebd480b4","timestamp":"2026-07-05 04:19:37"}
{"level":"info","message":"Created client session 18684352ff86980d0b490f66","timestamp":"2026-07-05 04:19:37"}
{"level":"info","message":"Created client session 5773c257cd6ea55c791f30ed","timestamp":"2026-07-05 04:19:42"}
{"level":"info","message":"Created client session aa9c54c3da28b254131f3f2e","timestamp":"2026-07-05 04:19:42"}
{"level":"info","message":"Created client session a284bbf89f3d5efb0e234557","timestamp":"2026-07-05 04:19:42"}
{"level":"info","message":"Created client session b091d8f9ab34fe92a15c6edf","timestamp":"2026-07-05 04:19:43"}
{"level":"info","message":"Created client session e68f14c656b1d6061c49de3d","timestamp":"2026-07-05 04:19:43"}
{"level":"info","message":"Created client session e630e35b9a43cb1a62ab6ba6","timestamp":"2026-07-05 04:19:43"}
{"level":"info","message":"Created client session e77f39d2abc1b8f4c17175e8","timestamp":"2026-07-05 04:19:43"}
{"level":"info","message":"Created client session 45dbaf246fc910b1ee5a3aab","timestamp":"2026-07-05 04:19:43"}
{"level":"info","message":"Created client session e6127e8b78203132b434bebd","timestamp":"2026-07-05 04:20:03"}
{"level":"info","message":"Created client session edc2ed3cdc4b57e1b8387eb9","timestamp":"2026-07-05 04:20:11"}
{"level":"info","message":"Created client session e7ae531dbb68be3de9924776","timestamp":"2026-07-05 04:20:13"}
{"level":"info","message":"Created client session f641f26d99d00424a4e298eb","timestamp":"2026-07-05 04:20:13"}
{"level":"info","message":"Created client session d4be79fe12cdeb6c72cacdbf","timestamp":"2026-07-05 04:20:13"}
{"level":"info","message":"Created client session 83be748d839964f1fb8526e5","timestamp":"2026-07-05 04:20:25"}
{"level":"info","message":"Created client session 4da74aa741ae9b447a861464","timestamp":"2026-07-05 04:20:34"}
{"level":"info","message":"Created client session 54bd892afbf0a55412095550","timestamp":"2026-07-05 04:20:39"}
{"level":"info","message":"Created client session 04cb04c6d7fd2c41977ae753","timestamp":"2026-07-05 04:20:56"}
{"level":"info","message":"Created client session bb7f4ad722b386dace93973d","timestamp":"2026-07-05 04:21:09"}
{"level":"info","message":"Created client session 74223d34b130d73a53762851","timestamp":"2026-07-05 04:21:12"}
{"level":"info","message":"Created client session 881970df95256ba08679b285","timestamp":"2026-07-05 04:21:15"}
{"level":"info","message":"Created client session 7556b32cacf8482b6796aca6","timestamp":"2026-07-05 04:21:22"}
{"level":"info","message":"Created client session 56fa6e151ec6fcb4ef7771d5","timestamp":"2026-07-05 04:21:22"}
{"level":"info","message":"Created client session 2be929293d61a84be6fb1b56","timestamp":"2026-07-05 04:21:26"}
{"level":"info","message":"Created client session 4763865441f781b67e875838","timestamp":"2026-07-05 04:21:26"}
{"level":"info","message":"Created client session 65bab8da3a120b6d309cd632","timestamp":"2026-07-05 04:21:42"}
{"level":"info","message":"Created client session 82a26bc873d8acbfd9e0ca15","timestamp":"2026-07-05 04:21:42"}
{"level":"info","message":"Created client session 5beaf7977e9e58f98e7b9487","timestamp":"2026-07-05 04:21:57"}
{"level":"info","message":"Created client session 57eeb74f7d798edda605c840","timestamp":"2026-07-05 04:21:59"}
{"level":"info","message":"Created client session b2b3d9b9839b901ee4fca853","timestamp":"2026-07-05 04:22:15"}
{"level":"info","message":"Created client session 71828d9509a2316c2b2154a6","timestamp":"2026-07-05 04:22:19"}
{"level":"info","message":"Created client session 38dea4776960b930749c1f29","timestamp":"2026-07-05 04:22:32"}
{"level":"info","message":"Created client session 2defec2a7454f0aef0e53503","timestamp":"2026-07-05 04:22:32"}
{"level":"info","message":"Created client session c5b668754fd8fae730d3ffc2","timestamp":"2026-07-05 04:22:35"}
{"level":"info","message":"Created client session 227394f32c5618779654a157","timestamp":"2026-07-05 04:22:48"}
{"level":"info","message":"Created client session b082a321567df8e1eeadf582","timestamp":"2026-07-05 04:22:50"}
{"level":"info","message":"Created client session e09061330cb4465cc66b070a","timestamp":"2026-07-05 04:23:02"}
{"level":"info","message":"Created client session 475b24dfef1fd5ede1307444","timestamp":"2026-07-05 04:23:12"}
{"level":"info","message":"Created client session 9316ee683754fdb3f4b94a39","timestamp":"2026-07-05 04:23:16"}
{"level":"info","message":"Created client session 04a9fce84a4f4c88505c2407","timestamp":"2026-07-05 04:23:32"}
{"level":"info","message":"Created client session 0c34c233c19f4511f9b1c953","timestamp":"2026-07-05 04:23:39"}
{"level":"info","message":"Created client session 366ca742ffaaad6e88ce5254","timestamp":"2026-07-05 04:23:41"}
{"level":"info","message":"Created client session 4328bf81f77e8472c132c3c3","timestamp":"2026-07-05 04:23:50"}
{"level":"info","message":"Created client session b10779c7faa415e794cf32e8","timestamp":"2026-07-05 04:23:51"}
{"level":"info","message":"Created client session 3e485aefc8d654aac5043b22","timestamp":"2026-07-05 04:23:51"}
{"level":"info","message":"Created client session 554f309d95c250e51d26a513","timestamp":"2026-07-05 04:23:55"}
{"level":"info","message":"Created client session c8810f400787311d44537c02","timestamp":"2026-07-05 04:23:56"}
{"level":"info","message":"Created client session 895dd2ca4cd4b23c88ae0758","timestamp":"2026-07-05 04:23:56"}
{"level":"info","message":"Created client session 638763166e91531dfeebdc11","timestamp":"2026-07-05 04:24:03"}
{"level":"info","message":"Created client session a6b990588c462bb5754bd143","timestamp":"2026-07-05 04:24:09"}
{"level":"info","message":"Created client session 875766a8196e008f3a3d58d9","timestamp":"2026-07-05 04:24:12"}
{"level":"info","message":"Created client session fa466c73cd37b2a5559b4641","timestamp":"2026-07-05 04:24:19"}
{"level":"info","message":"Created client session a1b62fe2fd7be8a4b48faf2e","timestamp":"2026-07-05 04:24:21"}
{"level":"info","message":"Created client session c83d82a2c17fb31c66323efc","timestamp":"2026-07-05 04:24:38"}
{"level":"info","message":"Created client session 3dd5e2d2e6b03c37854779d8","timestamp":"2026-07-05 04:24:43"}
{"level":"info","message":"Created client session 543e9ab2af55043039b28986","timestamp":"2026-07-05 04:24:53"}
{"level":"info","message":"Created client session 43ec0a161f61e9e7446939f1","timestamp":"2026-07-05 04:24:55"}
{"level":"info","message":"Created client session 52dd1add3b530d8cde40d9b3","timestamp":"2026-07-05 04:24:57"}
{"level":"info","message":"Created client session d454ba3850b4a9c4d5b88ca2","timestamp":"2026-07-05 04:24:58"}
{"level":"info","message":"Created client session be81f990b3a03c9f86c3ea2e","timestamp":"2026-07-05 04:25:09"}
{"level":"info","message":"Created client session 6cc40574ab2af85955a73462","timestamp":"2026-07-05 04:25:11"}
{"level":"info","message":"Created client session 5f85e6c31c8b8c9e43068984","timestamp":"2026-07-05 04:25:13"}
{"level":"info","message":"Created client session 0024e157d55c8044ec55c974","timestamp":"2026-07-05 04:25:18"}
{"level":"info","message":"Created client session 5c2b3da797d11a2364d2aad3","timestamp":"2026-07-05 04:25:18"}
{"level":"info","message":"Created client session 5c9f5cba31517db56f6de9b4","timestamp":"2026-07-05 04:25:18"}
{"level":"info","message":"Created client session b945ed55be99dd234a4e4902","timestamp":"2026-07-05 04:25:18"}
{"level":"info","message":"Created client session fec58a79cc83036deed16876","timestamp":"2026-07-05 04:25:18"}
{"level":"info","message":"Created client session b2e3694ff0368a35f9767696","timestamp":"2026-07-05 04:25:18"}
{"level":"info","message":"Created client session 50653dfcf8cbd40be62fb1f9","timestamp":"2026-07-05 04:25:18"}
{"level":"info","message":"Created client session 5872aa01b12941ae9481fc9d","timestamp":"2026-07-05 04:25:19"}
{"level":"info","message":"Created client session 6c45bedbd681dec7bead81a4","timestamp":"2026-07-05 04:25:19"}
{"level":"info","message":"Created client session 21311d618a169b19f374b82e","timestamp":"2026-07-05 04:25:19"}
{"level":"info","message":"Created client session 1829a5ad330c3496aefe03f8","timestamp":"2026-07-05 04:25:19"}
{"level":"info","message":"Created client session d81945bc24f14563045a711a","timestamp":"2026-07-05 04:25:19"}
{"level":"info","message":"Created client session 5ee310ce52fa89df8da81c06","timestamp":"2026-07-05 04:25:21"}
{"level":"info","message":"Created client session bf09e9689311560b4b927fa0","timestamp":"2026-07-05 04:25:21"}
{"level":"info","message":"Created client session 3f32805e06daf4dbfa0cb2ea","timestamp":"2026-07-05 04:25:21"}
{"level":"info","message":"Created client session 36c57c4f4da0f1d8b3276280","timestamp":"2026-07-05 04:25:26"}
{"level":"info","message":"Created client session 007123f9f8aa90805ce97b27","timestamp":"2026-07-05 04:25:29"}
{"level":"info","message":"Created client session 7e23f43b6e2f07010acfadff","timestamp":"2026-07-05 04:25:32"}
{"level":"info","message":"Created client session f136e62cdec2779764f4098c","timestamp":"2026-07-05 04:25:36"}
{"level":"info","message":"Created client session 97adcd93c87581e09005a0e3","timestamp":"2026-07-05 04:25:39"}
{"level":"info","message":"Created client session ddcc15c89c3258844a7f6cf0","timestamp":"2026-07-05 04:25:47"}
{"level":"info","message":"Created client session 06e0f397e9968719a0bdfa83","timestamp":"2026-07-05 04:25:59"}
{"level":"info","message":"Created client session bc892d0909a3d0202036fa46","timestamp":"2026-07-05 04:26:02"}
{"level":"info","message":"Created client session 9e388e34b2e39c0618bea1f4","timestamp":"2026-07-05 04:26:07"}
{"level":"info","message":"Created client session 47ab3f6122242fc67858084f","timestamp":"2026-07-05 04:26:07"}
{"level":"info","message":"Created client session 2a886fcbbc02f2944e823d00","timestamp":"2026-07-05 04:26:14"}
{"level":"info","message":"Created client session 29a858a899414b822c920751","timestamp":"2026-07-05 04:26:17"}
{"level":"info","message":"Created client session 34f7eea7e379e1b2907d0ac3","timestamp":"2026-07-05 04:26:21"}
{"level":"info","message":"Created client session 9731dffcca3017f70703eb6e","timestamp":"2026-07-05 04:26:27"}
{"level":"info","message":"Created client session a40a8904fed0869f9110e4e1","timestamp":"2026-07-05 04:26:29"}
{"level":"info","message":"Created client session f4cc24887fcb204ccdec5a9d","timestamp":"2026-07-05 04:26:30"}
{"level":"info","message":"Created client session 83ff2d2ab18296b6eb809de5","timestamp":"2026-07-05 04:26:30"}
{"level":"info","message":"Created client session 7b2f7f16e9bc73af109e72e2","timestamp":"2026-07-05 04:26:31"}
{"level":"info","message":"Created client session 58d326ff61851d737ffcea16","timestamp":"2026-07-05 04:26:46"}
{"level":"info","message":"Created client session 2ecba1502fcfb03e03859c1e","timestamp":"2026-07-05 04:26:48"}
{"level":"info","message":"Created client session b4d4ada96f042ad18e899639","timestamp":"2026-07-05 04:26:52"}
{"level":"info","message":"Created client session 610ee47892be76fc96549a21","timestamp":"2026-07-05 04:27:01"}
{"level":"info","message":"Created client session 87bb5bcc49634af16deb7870","timestamp":"2026-07-05 04:27:02"}
{"level":"info","message":"Created client session d7d5ff4516fe1a4ee1c830a3","timestamp":"2026-07-05 04:27:04"}
{"level":"info","message":"Created client session 03cd72371e052170cbceef3a","timestamp":"2026-07-05 04:27:17"}
{"level":"info","message":"Created client session 61167dab3dad3b8e68bd1589","timestamp":"2026-07-05 04:27:34"}
{"level":"info","message":"Created client session 9cde2f028446af7297530c7d","timestamp":"2026-07-05 04:27:48"}
{"level":"info","message":"Created client session f213c674c0d178de427a7354","timestamp":"2026-07-05 04:27:51"}
{"level":"info","message":"Created client session 19ccc312ca0d832e6231ea70","timestamp":"2026-07-05 04:27:53"}
{"level":"info","message":"Created client session f1cc52189baa4902d2a4b866","timestamp":"2026-07-05 04:27:55"}
{"level":"info","message":"Created client session 2d2cdcd89ce9be063c982607","timestamp":"2026-07-05 04:27:55"}
{"level":"info","message":"Created client session b73959997fe35777f5b952b7","timestamp":"2026-07-05 04:27:57"}
{"level":"info","message":"Created client session e53c4813bdcaf3dd46422693","timestamp":"2026-07-05 04:28:02"}
{"level":"info","message":"Created client session ead42b5506f56c20411c336d","timestamp":"2026-07-05 04:28:02"}
{"level":"info","message":"Created client session 743e4d469c1e6cc547532f2a","timestamp":"2026-07-05 04:28:03"}
{"level":"info","message":"Created client session 172505b59c1ef5e2ab3615cc","timestamp":"2026-07-05 04:28:06"}
{"level":"info","message":"Created client session 7da28b393b89f6172215d3ad","timestamp":"2026-07-05 04:28:08"}
{"level":"info","message":"Created client session 25f630d74443ca4ccea583b5","timestamp":"2026-07-05 04:28:09"}
{"level":"info","message":"Created client session 8b73aa58f2e62dcdae987c73","timestamp":"2026-07-05 04:28:11"}
{"level":"info","message":"Created client session 8daa081d95d7af40165f8ed2","timestamp":"2026-07-05 04:28:15"}
{"level":"info","message":"Created client session 7dd59b0c09c5469d80ed31b9","timestamp":"2026-07-05 04:28:15"}
{"level":"info","message":"Created client session cbcfaef22835b8bd1e85cbe3","timestamp":"2026-07-05 04:28:23"}
{"level":"info","message":"Created client session 4dbc46430b159b8c0402b252","timestamp":"2026-07-05 04:28:27"}
{"level":"info","message":"Created client session dcc4eacfcc615e09c587677a","timestamp":"2026-07-05 04:28:36"}
{"level":"info","message":"Created client session 5454e17277fc732f78d69a56","timestamp":"2026-07-05 04:28:41"}
{"level":"info","message":"Created client session c5718539f5fb154caf7354d6","timestamp":"2026-07-05 04:28:55"}
{"level":"info","message":"Created client session daee818b9b723db19566d789","timestamp":"2026-07-05 04:29:07"}
{"level":"info","message":"Created client session 55e4397d42842ef0d9d5ad11","timestamp":"2026-07-05 04:29:14"}
{"level":"info","message":"Created client session de0cf95b6c539e417453c98a","timestamp":"2026-07-05 04:29:20"}
{"level":"info","message":"Created client session 6b69147ce66d02224899f1d6","timestamp":"2026-07-05 04:29:20"}
{"level":"info","message":"Created client session 6b8c73509ea15efa5c304425","timestamp":"2026-07-05 04:29:36"}
{"level":"info","message":"Created client session 030da7d6b67d8eab89df2888","timestamp":"2026-07-05 04:29:48"}
{"level":"info","message":"Created client session d15225239a5479f219abc887","timestamp":"2026-07-05 04:29:52"}
{"level":"info","message":"Created client session 9bb3f4655585860d3d225ca9","timestamp":"2026-07-05 04:29:57"}
{"level":"info","message":"Created client session 04b449f3e2c85fde3ad59295","timestamp":"2026-07-05 04:30:00"}
{"level":"info","message":"Created client session 74499e67b62c7de70221a04e","timestamp":"2026-07-05 04:30:03"}
{"level":"info","message":"Created client session a5d41d63167e395d6540bb6a","timestamp":"2026-07-05 04:30:06"}
{"level":"info","message":"Created client session 39565208120b49ea93a5cd92","timestamp":"2026-07-05 04:30:10"}
{"level":"info","message":"Created client session aaa7e518164b3e4130e978d5","timestamp":"2026-07-05 04:30:11"}
{"level":"info","message":"Created client session f73a419a2dd25ce68e9a5487","timestamp":"2026-07-05 04:30:12"}
{"level":"info","message":"Created client session d364e3a48ee2d0756f34b73e","timestamp":"2026-07-05 04:30:28"}
{"level":"info","message":"Created client session adae566c1675641df1448a06","timestamp":"2026-07-05 04:30:28"}
{"level":"info","message":"Created client session 281dab9451217efe80edba7f","timestamp":"2026-07-05 04:30:36"}
{"level":"info","message":"Created client session 6afaea3df0b81d4c45f1bb2d","timestamp":"2026-07-05 04:30:36"}
{"level":"info","message":"Created client session 476bb039978019a798359705","timestamp":"2026-07-05 04:30:37"}
{"level":"info","message":"Created client session a4bb04f4d4b0177b4aed2095","timestamp":"2026-07-05 04:30:40"}
{"level":"info","message":"Created client session ae1dff33b3efb60d0c14269a","timestamp":"2026-07-05 04:30:44"}
{"level":"info","message":"Created client session c06a85bd346983d96ca5e4b5","timestamp":"2026-07-05 04:30:45"}
{"level":"info","message":"Created client session 3a7e12f2bd64aa15a6696931","timestamp":"2026-07-05 04:30:47"}
{"level":"info","message":"Created client session 7c7ef6eb3ece68dd637c43ca","timestamp":"2026-07-05 04:30:48"}
{"level":"info","message":"Created client session 995b39fbe519dc18370cd3e4","timestamp":"2026-07-05 04:30:49"}
{"level":"info","message":"Created client session 591de22a18374a921a52ccb2","timestamp":"2026-07-05 04:30:51"}
{"level":"info","message":"Created client session e4c4c84d83cfeec052cfd00a","timestamp":"2026-07-05 04:30:52"}
{"level":"info","message":"Created client session 3947eaa5765fd9c824f3cac5","timestamp":"2026-07-05 04:31:05"}
{"level":"info","message":"Created client session ab41e87411231e63542f778e","timestamp":"2026-07-05 04:31:06"}
{"level":"info","message":"Created client session 654301ccbdda5feb6fbd16bd","timestamp":"2026-07-05 04:31:07"}
{"level":"info","message":"Created client session 86aae571049398b416d8d0a0","timestamp":"2026-07-05 04:31:10"}
{"level":"info","message":"Created client session 653835635fd1422457a170a9","timestamp":"2026-07-05 04:31:13"}
{"level":"info","message":"Created client session 95dba31397ce29e129d95577","timestamp":"2026-07-05 04:31:19"}
{"level":"info","message":"Created client session 83dd1189f5bd20a928147cfa","timestamp":"2026-07-05 04:31:19"}
{"level":"info","message":"Created client session f9387faa73e47737cb2123b7","timestamp":"2026-07-05 04:31:33"}
{"level":"info","message":"Created client session 645eb0b2a5838462e9fb833e","timestamp":"2026-07-05 04:31:37"}
{"level":"info","message":"Created client session 80218a4a1326d39192296196","timestamp":"2026-07-05 04:31:39"}
{"level":"info","message":"Created client session 35fb095b9bba0a68321fade6","timestamp":"2026-07-05 04:31:39"}
{"level":"info","message":"Created client session a76b8320915ba51047663b03","timestamp":"2026-07-05 04:31:40"}
{"level":"info","message":"Created client session dc330dafe91d17e884f16e88","timestamp":"2026-07-05 04:31:40"}
{"level":"info","message":"Created client session 81835f959422a64eea434331","timestamp":"2026-07-05 04:31:45"}
{"level":"info","message":"Created client session 7ca66d0023e822a8952c2a11","timestamp":"2026-07-05 04:31:45"}
{"level":"info","message":"Created client session 11fecc7cddcc93890de38fcb","timestamp":"2026-07-05 04:31:48"}
{"level":"info","message":"Created client session d0e77caeb0435bcbeeed712f","timestamp":"2026-07-05 04:31:49"}
{"level":"info","message":"Created client session a7b12dbe77a20b7d19a3f7bf","timestamp":"2026-07-05 04:31:50"}
{"level":"info","message":"Created client session e250eb37e70d78ef03befc1d","timestamp":"2026-07-05 04:31:52"}
{"level":"info","message":"Created client session e1af93cb31019caa329e481b","timestamp":"2026-07-05 04:31:53"}
{"level":"info","message":"Created client session 2fac214a0e03182260be1042","timestamp":"2026-07-05 04:32:03"}
{"level":"info","message":"Created client session 116b45a88b5aeba553903de4","timestamp":"2026-07-05 04:32:08"}
{"level":"info","message":"Created client session 74da22c333b7f5262f0b3110","timestamp":"2026-07-05 04:32:09"}
{"level":"info","message":"Created client session e612afdc0eebc637b1e9ce6b","timestamp":"2026-07-05 04:32:10"}
{"level":"info","message":"Created client session 2232d65d56ccc78e7a4eee2b","timestamp":"2026-07-05 04:32:15"}
{"level":"info","message":"Created client session 59b1d81f1acb45c709dced11","timestamp":"2026-07-05 04:32:15"}
{"level":"info","message":"Created client session f94f2b4f9fe10e385ae313e7","timestamp":"2026-07-05 04:32:18"}
{"level":"info","message":"Created client session c5f95210f0dcade4bbf2d611","timestamp":"2026-07-05 04:32:33"}
{"level":"info","message":"Created client session 108113b27f0ac321adba3682","timestamp":"2026-07-05 04:32:34"}
{"level":"info","message":"Created client session 25df7ce456660fcc01610e6c","timestamp":"2026-07-05 04:32:34"}
{"level":"info","message":"Created client session 24f57b67c7fbe782363b6c65","timestamp":"2026-07-05 04:32:34"}
{"level":"info","message":"Created client session a916276e9e521513c340a9d8","timestamp":"2026-07-05 04:32:38"}
{"level":"info","message":"Created client session 4d0ed9775f91419994dcf2c0","timestamp":"2026-07-05 04:32:45"}
{"level":"info","message":"Created client session da58a4032d3d37d78041621b","timestamp":"2026-07-05 04:32:48"}
{"level":"info","message":"Created client session 18cc5493f097714751d64809","timestamp":"2026-07-05 04:32:53"}
{"level":"info","message":"Created client session 5a0cbd8276b1fa0745a74272","timestamp":"2026-07-05 04:32:54"}
{"level":"info","message":"Created client session 7117a41d14580dceaa331487","timestamp":"2026-07-05 04:32:54"}
{"level":"info","message":"Created client session 79e8ccd49dcc71b791c452ee","timestamp":"2026-07-05 04:32:54"}
{"level":"info","message":"Created client session 6614933382285fa598f1adbc","timestamp":"2026-07-05 04:32:58"}
{"level":"info","message":"Created client session e56c7d0a029f67c2db0de1c1","timestamp":"2026-07-05 04:33:11"}
{"level":"info","message":"Created client session 3ca8a8687db7e9d9ce2538bd","timestamp":"2026-07-05 04:33:19"}
{"level":"info","message":"Created client session 07329b3f174089c7b9aa8186","timestamp":"2026-07-05 04:33:22"}
{"level":"info","message":"Created client session 6b13bf91fe4f67fdfa6693a5","timestamp":"2026-07-05 04:33:30"}
{"level":"info","message":"Created client session 1d78debabb030ddadc6e27ea","timestamp":"2026-07-05 04:33:34"}
{"level":"info","message":"Created client session e84c36fe6fe1f8aeab6e5aba","timestamp":"2026-07-05 04:33:37"}
{"level":"info","message":"Created client session 3e3a0439277162583b745816","timestamp":"2026-07-05 04:33:39"}
{"level":"info","message":"Created client session b00c608bb7948f6e1d1e7cf4","timestamp":"2026-07-05 04:33:50"}
{"level":"info","message":"Created client session 6a6f4dc5fae5c43c83e4bb54","timestamp":"2026-07-05 04:33:50"}
{"level":"info","message":"Created client session 4a8e422b8a011eca1c4df603","timestamp":"2026-07-05 04:33:50"}
{"level":"info","message":"Created client session 492762c1d3f72527d5885194","timestamp":"2026-07-05 04:33:58"}
{"level":"info","message":"Created client session bfc3c5e63afccf95976ae842","timestamp":"2026-07-05 04:33:58"}
{"level":"info","message":"Created client session bea7269a2a83317288bad5f6","timestamp":"2026-07-05 04:33:58"}
{"level":"info","message":"Created client session e17190c4413069aeb69f2f71","timestamp":"2026-07-05 04:33:58"}
{"level":"info","message":"Created client session 76e9dc4243bdb8030be50cd4","timestamp":"2026-07-05 04:34:01"}
{"level":"info","message":"Created client session 38007318ccd5a682bdd91b84","timestamp":"2026-07-05 04:34:16"}
{"level":"info","message":"Created client session 7ceb02d287e39ce8be0e0ec0","timestamp":"2026-07-05 04:34:20"}
{"level":"info","message":"Created client session 15e27a1368894670a0791cc2","timestamp":"2026-07-05 04:34:20"}
{"level":"info","message":"Created client session c9602bd57dc7e1ad91a41349","timestamp":"2026-07-05 04:34:22"}
{"level":"info","message":"Created client session e8153c899bbaf4473cf76cdf","timestamp":"2026-07-05 04:34:23"}
{"level":"info","message":"Created client session 74dff07fcabfdc5b04b2687a","timestamp":"2026-07-05 04:34:23"}
{"level":"info","message":"Created client session 6683a7e2db18f0bd7c757fab","timestamp":"2026-07-05 04:34:26"}
{"level":"info","message":"Created client session a12bf0b25a48602e6f444b83","timestamp":"2026-07-05 04:34:28"}
{"level":"info","message":"Created client session 70fbeff12430f6bdaed7543c","timestamp":"2026-07-05 04:34:29"}
{"level":"info","message":"Created client session c29c8619ef88228b41b14d7c","timestamp":"2026-07-05 04:34:33"}
{"level":"info","message":"Created client session 1fcdf17058538cb8b9ba87a6","timestamp":"2026-07-05 04:34:48"}
{"level":"info","message":"Created client session b17d700679e9a890c74b46c3","timestamp":"2026-07-05 04:34:58"}
{"level":"info","message":"Created client session aa744132060cd99a0b659aae","timestamp":"2026-07-05 04:34:58"}
{"level":"info","message":"Created client session dab49899a72bd54843d9d397","timestamp":"2026-07-05 04:35:01"}
{"level":"info","message":"Created client session 3ca66fdad254030ea8222447","timestamp":"2026-07-05 04:35:04"}
{"level":"info","message":"Created client session 66ee1d8d1a9e138e7a45714a","timestamp":"2026-07-05 04:35:04"}
{"level":"info","message":"Created client session 31dbdd6aaa355b7ac3f7aeb5","timestamp":"2026-07-05 04:35:05"}
{"level":"info","message":"Created client session ce028aaeac72ef5721c3eb33","timestamp":"2026-07-05 04:35:05"}
{"level":"info","message":"Created client session 84f62e45d6da74f755cdf06c","timestamp":"2026-07-05 04:35:13"}
{"level":"info","message":"Created client session ef7da0848d05c7892e220a5e","timestamp":"2026-07-05 04:35:16"}
{"level":"info","message":"Created client session d6a55bcda5c971c07d623abe","timestamp":"2026-07-05 04:35:33"}
{"level":"info","message":"Created client session ce76fcd11c44f6ff555c1556","timestamp":"2026-07-05 04:35:35"}
{"level":"info","message":"Created client session 740c4ca6c003c5ce21f1b73c","timestamp":"2026-07-05 04:36:00"}
{"level":"info","message":"Created client session 2ad8fbff9d41bccd9804546e","timestamp":"2026-07-05 04:36:02"}
{"level":"info","message":"Created client session 44993532e1da2c34b6227ca7","timestamp":"2026-07-05 04:36:15"}
{"level":"info","message":"Created client session 5e2aaf05399bfa26c40e28fc","timestamp":"2026-07-05 04:36:15"}
{"level":"info","message":"Created client session b3d6dfac1ec187421a0f408c","timestamp":"2026-07-05 04:36:35"}
{"level":"info","message":"Created client session 9b5c4c6fffab9b9511cd31a6","timestamp":"2026-07-05 04:36:37"}
{"level":"info","message":"Created client session cc2ea5723afa7db2937ed87f","timestamp":"2026-07-05 04:36:54"}
{"level":"info","message":"Created client session 82d91716e166cf762f5f38c6","timestamp":"2026-07-05 04:36:55"}
{"level":"info","message":"Created client session 4b92eb4ecdbc45666aefad2e","timestamp":"2026-07-05 04:36:55"}
{"level":"info","message":"Created client session eeaf9c451c3139c83e3f452d","timestamp":"2026-07-05 04:36:55"}
{"level":"info","message":"Created client session 40710f8003a93f9a6ccfa59b","timestamp":"2026-07-05 04:37:02"}
{"level":"info","message":"Created client session f6a8fb0a14cf35f4df0a56de","timestamp":"2026-07-05 04:37:06"}
{"level":"info","message":"Created client session abf553bdbba760390107fcbb","timestamp":"2026-07-05 04:37:07"}
{"level":"info","message":"Created client session 6468d8741a005799912de13a","timestamp":"2026-07-05 04:37:10"}
{"level":"info","message":"Created client session 726c6e58a949d8887517e400","timestamp":"2026-07-05 04:37:13"}
{"level":"info","message":"Created client session 4dedb2d9875222f03d1dea8a","timestamp":"2026-07-05 04:37:21"}
{"level":"info","message":"Created client session 45350d7919f5fb301895b006","timestamp":"2026-07-05 04:37:21"}
{"level":"info","message":"Created client session b0b8f76966e1c0c0e6f7765e","timestamp":"2026-07-05 04:37:22"}
{"level":"info","message":"Created client session d81475b3afe5d43acfff5464","timestamp":"2026-07-05 04:37:34"}
{"level":"info","message":"Created client session 7adff51643771c35e4a84b6a","timestamp":"2026-07-05 04:37:39"}
{"level":"info","message":"Created client session abf7660b3f2f5e32b581e3cb","timestamp":"2026-07-05 04:37:53"}
{"level":"info","message":"Created client session 7c4b0a63d0fd8c3e97b07a9d","timestamp":"2026-07-05 04:37:59"}
{"level":"info","message":"Created client session 65d684eb70ee21af64892e07","timestamp":"2026-07-05 04:38:02"}
{"level":"info","message":"Created client session 3e32f887eee69c53e4cb1818","timestamp":"2026-07-05 04:38:03"}
{"level":"info","message":"Created client session 727e0bbd6eda5c592fe150e8","timestamp":"2026-07-05 04:38:03"}
{"level":"info","message":"Created client session 91fb6242731703f3a3e75849","timestamp":"2026-07-05 04:38:14"}
{"level":"info","message":"Created client session 99b765566aa470150829e3d1","timestamp":"2026-07-05 04:38:14"}
{"level":"info","message":"Created client session baf10279c6655c34cb11ed5e","timestamp":"2026-07-05 04:38:19"}
{"level":"info","message":"Created client session c257cf9cac25edd8be3f80a7","timestamp":"2026-07-05 04:38:19"}
{"level":"info","message":"Created client session 0b8de86a712aba3a350f8dc2","timestamp":"2026-07-05 04:38:20"}
{"level":"info","message":"Created client session 6faf11854c7a417cc0882836","timestamp":"2026-07-05 04:38:25"}
{"level":"info","message":"Created client session 1edf6025c8bb7a1679889f83","timestamp":"2026-07-05 04:38:28"}
{"level":"info","message":"Created client session cda82bb439eb4b08fdc01867","timestamp":"2026-07-05 04:38:42"}
{"level":"info","message":"Created client session b380e1c0788190bd2352de15","timestamp":"2026-07-05 04:38:57"}
{"level":"info","message":"Created client session e60d4230a0a837098d59c10d","timestamp":"2026-07-05 04:39:17"}
{"level":"info","message":"Created client session cccd40432e8b078dd7f33860","timestamp":"2026-07-05 04:39:28"}
{"level":"info","message":"Created client session cd722893d51a02ef70e1bf7a","timestamp":"2026-07-05 04:39:30"}
{"level":"info","message":"Created client session 779be873cb98646621424a89","timestamp":"2026-07-05 04:39:31"}
{"level":"info","message":"Created client session 5240145f9da7d488dee53e25","timestamp":"2026-07-05 04:39:35"}
{"level":"info","message":"Created client session 1f98936dcdf8d111cef9007b","timestamp":"2026-07-05 04:39:44"}
{"level":"info","message":"Created client session 397c13f05c86e1cf4f241576","timestamp":"2026-07-05 04:39:46"}
{"level":"info","message":"Created client session b8de4ad0e61a4a8ecd5d34b8","timestamp":"2026-07-05 04:39:51"}
{"level":"info","message":"Created client session 533c09f43725ae99cea73332","timestamp":"2026-07-05 04:40:03"}
{"level":"info","message":"Created client session e34410fa4704f6ee81112932","timestamp":"2026-07-05 04:40:06"}
{"level":"info","message":"Created client session 4cfab2d91518316be6ee3673","timestamp":"2026-07-05 04:40:07"}
{"level":"info","message":"Created client session a63882e2e2cd8845a65b842a","timestamp":"2026-07-05 04:40:14"}
{"level":"info","message":"Created client session 6d23a5bbe4e2d2a0b2165c55","timestamp":"2026-07-05 04:40:22"}
{"level":"info","message":"Created client session b80433a92ad4c1d5b2670724","timestamp":"2026-07-05 04:40:24"}
{"level":"info","message":"Created client session 7440261562ca897fd86cb085","timestamp":"2026-07-05 04:40:32"}
{"level":"info","message":"Created client session 8911502d14822de1567366fb","timestamp":"2026-07-05 04:40:32"}
{"level":"info","message":"Created client session 7283d37dd18dfe7e14cc5f21","timestamp":"2026-07-05 04:40:37"}
{"level":"info","message":"Created client session 0691a8bad4dab02e4d765da4","timestamp":"2026-07-05 04:40:40"}
{"level":"info","message":"Created client session 363c9efc1580a569f4fec2f2","timestamp":"2026-07-05 04:40:52"}
{"level":"info","message":"Created client session d9e2f6e31d8c87ed5b2a156c","timestamp":"2026-07-05 04:40:55"}
{"level":"info","message":"Created client session 605aa219ce588b140aaac768","timestamp":"2026-07-05 04:40:59"}
{"level":"info","message":"Created client session 03066d1c468c67aeb5ac773c","timestamp":"2026-07-05 04:41:04"}
{"level":"info","message":"Created client session a2dc6a5a8c13880eb5d36baa","timestamp":"2026-07-05 04:41:06"}
{"level":"info","message":"Created client session db55c7067e1c8e4c956e1d75","timestamp":"2026-07-05 04:41:27"}
{"level":"info","message":"Created client session d6c4bc08e88002b92c0bbd3c","timestamp":"2026-07-05 04:41:33"}
{"level":"info","message":"Created client session 0aed41dfd4932280d09a40a8","timestamp":"2026-07-05 04:41:34"}
{"level":"info","message":"Created client session 67b7cb2a8e2a4794a7443730","timestamp":"2026-07-05 04:41:35"}
{"level":"info","message":"Created client session beca297602383e76edc1c597","timestamp":"2026-07-05 04:41:35"}
{"level":"info","message":"Created client session 18ee2b3e2c7c5c7c568c4698","timestamp":"2026-07-05 04:41:43"}
{"level":"info","message":"Created client session ef14ea308ebaeeb0051181ea","timestamp":"2026-07-05 04:41:44"}
{"level":"info","message":"Created client session d07734141b1133c516e0c4d7","timestamp":"2026-07-05 04:41:58"}
{"level":"info","message":"Created client session af7a24efcea0977b8d3b6179","timestamp":"2026-07-05 04:42:00"}
{"level":"info","message":"Created client session 7d829e7bfbdc71535d477d8a","timestamp":"2026-07-05 04:42:03"}
{"level":"info","message":"Created client session b0c9c25762a774e5b11a0f54","timestamp":"2026-07-05 04:42:08"}
{"level":"info","message":"Created client session 284cbe2f354e144e92cd710b","timestamp":"2026-07-05 04:42:09"}
{"level":"info","message":"Created client session 01db32b0cffc99cfb504d819","timestamp":"2026-07-05 04:42:11"}
{"level":"info","message":"Created client session ae9301a28cfa05ece80387a0","timestamp":"2026-07-05 04:42:14"}
{"level":"info","message":"Created client session 4023a7893898d6d0857fc5c2","timestamp":"2026-07-05 04:42:24"}
{"level":"info","message":"Created client session 5cb58306c235ece2272711cb","timestamp":"2026-07-05 04:42:27"}
{"level":"info","message":"Created client session e237846c967d98c68e06b992","timestamp":"2026-07-05 04:42:30"}
{"level":"info","message":"Created client session 442fc15035f43be167077e99","timestamp":"2026-07-05 04:42:31"}
{"level":"info","message":"Created client session f1b62203cb6fe4a72d809aa6","timestamp":"2026-07-05 04:42:40"}
{"level":"info","message":"Created client session d21a76bcff5bc5f6de3a5003","timestamp":"2026-07-05 04:42:40"}
{"level":"info","message":"Created client session 3a29834247299f0a7bf65b77","timestamp":"2026-07-05 04:42:40"}
{"level":"info","message":"Created client session 71668283c654de4270a9031e","timestamp":"2026-07-05 04:42:42"}
{"level":"info","message":"Created client session 28bf3e6787a0380e73aa4497","timestamp":"2026-07-05 04:42:57"}
{"level":"info","message":"Created client session 0b33cd721717243165245255","timestamp":"2026-07-05 04:43:01"}
{"level":"info","message":"Created client session e8de7b78266f191af9c304c4","timestamp":"2026-07-05 04:43:02"}
{"level":"info","message":"Created client session 50ac9166356d8b704eb05c77","timestamp":"2026-07-05 04:43:02"}
{"level":"info","message":"Created client session bcbe7f412ab26a387b5e6faa","timestamp":"2026-07-05 04:43:02"}
{"level":"info","message":"Created client session 31ecce3d6f1bdf800fff5946","timestamp":"2026-07-05 04:43:12"}
{"level":"info","message":"Created client session 9140d2b89845479b5a3ae111","timestamp":"2026-07-05 04:43:15"}
{"level":"info","message":"Created client session e2582337d82c70f7678654eb","timestamp":"2026-07-05 04:43:16"}
{"level":"info","message":"Created client session 282757cf8e334f1485550f1b","timestamp":"2026-07-05 04:43:25"}
{"level":"info","message":"Created client session 969af8b502cbaab4850253c0","timestamp":"2026-07-05 04:43:31"}
{"level":"info","message":"Created client session 1c5a3e5f08de8af333b95d50","timestamp":"2026-07-05 04:43:35"}
{"level":"info","message":"Created client session 7522198b7b1beb4d45c7db52","timestamp":"2026-07-05 04:43:50"}
{"level":"info","message":"Created client session d934d7c0b7c85b7a8e9552a5","timestamp":"2026-07-05 04:43:56"}
{"level":"info","message":"Created client session 3c18c0a934db1aebf7606467","timestamp":"2026-07-05 04:44:01"}
{"level":"info","message":"Created client session 83cd846ffc331f8afbcf878d","timestamp":"2026-07-05 04:44:01"}
{"level":"info","message":"Created client session 2478c2eaf97b059ca723d768","timestamp":"2026-07-05 04:44:04"}
{"level":"info","message":"Created client session 409a7a46708a8f2adba40f6c","timestamp":"2026-07-05 04:44:04"}
{"level":"info","message":"Created client session d12aafba31f01a2bfb8541e7","timestamp":"2026-07-05 04:44:15"}
{"level":"info","message":"Created client session 9992b975d23dc9591f0d147d","timestamp":"2026-07-05 04:44:16"}
{"level":"info","message":"Created client session 3cce60c3791c140450fb995a","timestamp":"2026-07-05 04:44:19"}
{"level":"info","message":"Created client session 2f378ce9a6414309ac80b5ce","timestamp":"2026-07-05 04:44:29"}
{"level":"info","message":"Created client session 73a1ae84a3c236a152189353","timestamp":"2026-07-05 04:44:45"}
{"level":"info","message":"Created client session 8395ba01804f5fa12f10cf6b","timestamp":"2026-07-05 04:44:52"}
{"level":"info","message":"Created client session 74f83fd88c18bbdf92e68f4a","timestamp":"2026-07-05 04:45:09"}
{"level":"info","message":"Created client session 2ac8ad3f2a545c6ae768e16b","timestamp":"2026-07-05 04:45:17"}
{"level":"info","message":"Created client session 8c851d01e400e07415da72a1","timestamp":"2026-07-05 04:45:22"}
{"level":"info","message":"Created client session 3230392f1d73a5fd84b8dd2c","timestamp":"2026-07-05 04:45:32"}
{"level":"info","message":"Created client session a18dec97d85ae55f35e27e9d","timestamp":"2026-07-05 04:45:32"}
{"level":"info","message":"Created client session cc5c6412abf561805513f509","timestamp":"2026-07-05 04:45:32"}
{"level":"info","message":"Created client session 542b793455f103e0fe066ae6","timestamp":"2026-07-05 04:45:39"}
{"level":"info","message":"Created client session 02c29c2f85653cf72be05012","timestamp":"2026-07-05 04:45:51"}
{"level":"info","message":"Created client session c661f719660bafa866fd8232","timestamp":"2026-07-05 04:45:57"}
{"level":"info","message":"Created client session 8575c2faf6083128034d1bc2","timestamp":"2026-07-05 04:46:06"}
{"level":"info","message":"Created client session a24a338aac0c7c904b169ff8","timestamp":"2026-07-05 04:46:07"}
{"level":"info","message":"Created client session b9333f1f1c6177811a777bf8","timestamp":"2026-07-05 04:46:11"}
{"level":"info","message":"Created client session 1793a02a132f4ba430007462","timestamp":"2026-07-05 04:46:13"}
{"level":"info","message":"Created client session dc58a5cd8e28fd78f6bbfde1","timestamp":"2026-07-05 04:46:13"}
{"level":"info","message":"Created client session ec5e15192257cea535dca334","timestamp":"2026-07-05 04:46:20"}
{"level":"info","message":"Created client session ff8d5f73524ba12385ec327c","timestamp":"2026-07-05 04:46:22"}
{"level":"info","message":"Created client session 2727ba290b4a1731dc48c7fa","timestamp":"2026-07-05 04:46:22"}
{"level":"info","message":"Created client session 0a09b63123a3b823d5abf009","timestamp":"2026-07-05 04:46:24"}
{"level":"info","message":"Created client session bf232e995f2094e14cfa2889","timestamp":"2026-07-05 04:46:28"}
{"level":"info","message":"Created client session 82db769a1508f3fac793c997","timestamp":"2026-07-05 04:46:33"}
{"level":"info","message":"Created client session 7f909e20297cf735b54cf0e4","timestamp":"2026-07-05 04:46:33"}
{"level":"info","message":"Created client session 7489603d3727d709ebe56abd","timestamp":"2026-07-05 04:46:34"}
{"level":"info","message":"Created client session 0c2451c8c8f720771dd502e4","timestamp":"2026-07-05 04:46:34"}
{"level":"info","message":"Created client session 4d50ab120d4b6e0757b5cee5","timestamp":"2026-07-05 04:46:40"}
{"level":"info","message":"Created client session b35f08fc57195adf9ced7d4d","timestamp":"2026-07-05 04:46:51"}
{"level":"info","message":"Created client session 492d9bfcf3a2a74d2d3125de","timestamp":"2026-07-05 04:46:52"}
{"level":"info","message":"Created client session 393b0758a57e5d0d479ab077","timestamp":"2026-07-05 04:46:57"}
{"level":"info","message":"Created client session 496a959f42d83235a0e2c93a","timestamp":"2026-07-05 04:47:05"}
{"level":"info","message":"Created client session 2063e8d50c6c2a282a6a9b3a","timestamp":"2026-07-05 04:47:05"}
{"level":"info","message":"Created client session 791e3d7ac7e3f341b60d96ee","timestamp":"2026-07-05 04:47:18"}
{"level":"info","message":"Created client session 33c95c96a19cacd673b5a733","timestamp":"2026-07-05 04:47:18"}
{"level":"info","message":"Created client session 575aec53f87cd2792ca6be17","timestamp":"2026-07-05 04:47:18"}
{"level":"info","message":"Created client session 19b67303877e02ec947f6ce2","timestamp":"2026-07-05 04:47:20"}
{"level":"info","message":"Created client session 859b1b58efa7684dded55e48","timestamp":"2026-07-05 04:47:30"}
{"level":"info","message":"Created client session f90248bc3cdd1d0187b663e9","timestamp":"2026-07-05 04:47:33"}
{"level":"info","message":"Created client session a8554aa99b2f0063cc711d3d","timestamp":"2026-07-05 04:47:44"}
{"level":"info","message":"Created client session d8a67a939734cfc1b07c4d2d","timestamp":"2026-07-05 04:47:46"}
{"level":"info","message":"Created client session 8af8e89c9b51be9454a4ec2e","timestamp":"2026-07-05 04:47:59"}
{"level":"info","message":"Created client session d5ef5c7adef2ccabd2526f20","timestamp":"2026-07-05 04:48:00"}
{"level":"info","message":"Created client session ebb2230b1eafff9999bcbcc7","timestamp":"2026-07-05 04:48:01"}
{"level":"info","message":"Created client session daf1ae9e82ba92a9bc0a8684","timestamp":"2026-07-05 04:48:02"}
{"level":"info","message":"Created client session 2989928e48cdf58ebc3a4c97","timestamp":"2026-07-05 04:48:11"}
{"level":"info","message":"Created client session 2142d20c30d1891840f38988","timestamp":"2026-07-05 04:48:11"}
{"level":"info","message":"Created client session e7e50235c0b0488dae189092","timestamp":"2026-07-05 04:48:11"}
{"level":"info","message":"Created client session a8570f539e6777f801b25423","timestamp":"2026-07-05 04:48:14"}
{"level":"info","message":"Created client session 60531468e2292f3f0078d9d3","timestamp":"2026-07-05 04:48:24"}
{"level":"info","message":"Created client session 1e4682e85c2c593355b022de","timestamp":"2026-07-05 04:48:27"}
{"level":"info","message":"Created client session d5b28411b66c14fdde7a9eff","timestamp":"2026-07-05 04:48:35"}
{"level":"info","message":"Created client session 08fcacf5e72ab7b72a339bb1","timestamp":"2026-07-05 04:48:37"}
{"level":"info","message":"Created client session 8727f00591eb3fec8cad5406","timestamp":"2026-07-05 04:48:38"}
{"level":"info","message":"Created client session ea052831671949b6b516ca7a","timestamp":"2026-07-05 04:48:47"}
{"level":"info","message":"Created client session b15b00091e892288aa1ae428","timestamp":"2026-07-05 04:48:51"}
{"level":"info","message":"Created client session 405e841d0742e06a0981b1f4","timestamp":"2026-07-05 04:48:51"}
{"level":"info","message":"Created client session ccda1884349379ac44258be4","timestamp":"2026-07-05 04:48:59"}
{"level":"info","message":"Created client session 62569d44482a7f2c412d25c5","timestamp":"2026-07-05 04:49:02"}
{"level":"info","message":"Created client session bccd805a467a2848953a66b3","timestamp":"2026-07-05 04:49:02"}
{"level":"info","message":"Created client session 6c0f10aea5288e20acfbfe3e","timestamp":"2026-07-05 04:49:06"}
{"level":"info","message":"Created client session 8d9f6a0d355fa55c03d640e4","timestamp":"2026-07-05 04:49:09"}
{"level":"info","message":"Created client session 3295061b44f88532949ddc93","timestamp":"2026-07-05 04:49:12"}
{"level":"info","message":"Created client session 4d637aa0c2e3c880f579ed36","timestamp":"2026-07-05 04:49:21"}
{"level":"info","message":"Created client session ed69c72088cf9f5d66a733c1","timestamp":"2026-07-05 04:49:25"}
{"level":"info","message":"Created client session 3498a75c23373ea212023951","timestamp":"2026-07-05 04:49:25"}
{"level":"info","message":"Created client session ad4d9386e348d2567e8da1a4","timestamp":"2026-07-05 04:49:34"}
{"level":"info","message":"Created client session 2cff62d71468060654042392","timestamp":"2026-07-05 04:49:34"}
{"level":"info","message":"Created client session 3124e89f0a89385c970c5e8a","timestamp":"2026-07-05 04:49:47"}
{"level":"info","message":"Created client session b6aaae270b7435a8449a983e","timestamp":"2026-07-05 04:49:47"}
{"level":"info","message":"Created client session 1b1b7259eb7d7c858230518b","timestamp":"2026-07-05 04:49:57"}
{"level":"info","message":"Created client session be926ab97ade384fa25281c6","timestamp":"2026-07-05 04:50:01"}
{"level":"info","message":"Created client session d8df30b7fb133e379840a0f3","timestamp":"2026-07-05 04:50:09"}
{"level":"info","message":"Created client session 8e7158b50bd0c6ce2799f601","timestamp":"2026-07-05 04:50:18"}
{"level":"info","message":"Created client session a4eec64c5a329b822ff0898f","timestamp":"2026-07-05 04:50:18"}
{"level":"info","message":"Created client session f746da4382750542a943f1c1","timestamp":"2026-07-05 04:50:25"}
{"level":"info","message":"Created client session fca7179f97ff49efdf8ecf7c","timestamp":"2026-07-05 04:50:33"}
{"level":"info","message":"Created client session 43a123d672d0b2a41fc5d21b","timestamp":"2026-07-05 04:50:34"}
{"level":"info","message":"Created client session 94616a8eb802c398c6a9b850","timestamp":"2026-07-05 04:50:44"}
{"level":"info","message":"Created client session 8bd0127515e706e28953d9a1","timestamp":"2026-07-05 04:50:44"}
{"level":"info","message":"Created client session 7789764f1dd94b2222d7ea88","timestamp":"2026-07-05 04:50:44"}
{"level":"info","message":"Created client session dd2bbad7acd83548d1b54f73","timestamp":"2026-07-05 04:50:54"}
{"level":"info","message":"Created client session 47fe56c6ac2127974501bf14","timestamp":"2026-07-05 04:51:00"}
{"level":"info","message":"Created client session cd801b301983dbbbeef9e899","timestamp":"2026-07-05 04:51:08"}
{"level":"info","message":"Created client session 11d337ce6088bc0e022c0d35","timestamp":"2026-07-05 04:51:11"}
{"level":"info","message":"Created client session 115c09bf193c4577dcd28f84","timestamp":"2026-07-05 04:51:16"}
{"level":"info","message":"Created client session b5a94acc563319fd8f6e653d","timestamp":"2026-07-05 04:51:19"}
{"level":"info","message":"Created client session 2f93339c11566b496cfa1609","timestamp":"2026-07-05 04:51:32"}
{"level":"info","message":"Created client session 9d502d865b64e298000508c9","timestamp":"2026-07-05 04:51:34"}
{"level":"info","message":"Created client session 6b23f5122ce54b3a4d02144b","timestamp":"2026-07-05 04:51:34"}
{"level":"info","message":"Created client session e9791c48e67076e546acebcb","timestamp":"2026-07-05 04:51:45"}
{"level":"info","message":"Created client session 538af32c70387e98eb244e31","timestamp":"2026-07-05 04:51:50"}
{"level":"info","message":"Created client session 55d954039de35fcf6601d7de","timestamp":"2026-07-05 04:51:54"}
{"level":"info","message":"Created client session 1a5b5ed674630d47c71ff1aa","timestamp":"2026-07-05 04:51:54"}
{"level":"info","message":"Created client session 0b4f6febcac4b49c03aeeb36","timestamp":"2026-07-05 04:51:59"}
{"level":"info","message":"Created client session 0cc0912a4103fcfca7a046a2","timestamp":"2026-07-05 04:52:01"}
{"level":"info","message":"Created client session b3000f33ee8ba24df708f687","timestamp":"2026-07-05 04:52:16"}
{"level":"info","message":"Created client session af8d9485d15143381524a907","timestamp":"2026-07-05 04:52:18"}
{"level":"info","message":"Created client session 3db9cc140671b73837f9423a","timestamp":"2026-07-05 04:52:31"}
{"level":"info","message":"Created client session 5ac693aa1a21973fb4db3bea","timestamp":"2026-07-05 04:52:34"}
{"level":"info","message":"Created client session 1ab8d7eaeb41df9292997d3f","timestamp":"2026-07-05 04:52:36"}
{"level":"info","message":"Created client session b5e0123d2f9a207c458881f5","timestamp":"2026-07-05 04:52:39"}
{"level":"info","message":"Created client session a7d80b680e01ecd9df31b72f","timestamp":"2026-07-05 04:52:48"}
{"level":"info","message":"Created client session 84b97774001739fadc37fc34","timestamp":"2026-07-05 04:52:52"}
{"level":"info","message":"Created client session 3f1112357965fb87f2ee6cb8","timestamp":"2026-07-05 04:53:01"}
{"level":"info","message":"Created client session a3b350956ac57f7fe9bbf44c","timestamp":"2026-07-05 04:53:02"}
{"level":"info","message":"Created client session 3dd56d30bc2fa04b46e71ec7","timestamp":"2026-07-05 04:53:04"}
{"level":"info","message":"Created client session e7fc3a95ba3a771257d313a7","timestamp":"2026-07-05 04:53:06"}
{"level":"info","message":"Created client session 7337b6e48271d1cef1d90b54","timestamp":"2026-07-05 04:53:18"}
{"level":"info","message":"Created client session 847f3683c19d13e5f1643123","timestamp":"2026-07-05 04:53:21"}
{"level":"info","message":"Created client session 3f24f3e0a871148212b28605","timestamp":"2026-07-05 04:53:22"}
{"level":"info","message":"Created client session c759f93b74e0cd63e3d94c88","timestamp":"2026-07-05 04:53:22"}
{"level":"info","message":"Created client session 646730d395c3532a833c4688","timestamp":"2026-07-05 04:53:33"}
{"level":"info","message":"Created client session 60da56fa21c5f9f15aec15a3","timestamp":"2026-07-05 04:53:43"}
{"level":"info","message":"Created client session 5b9f6037451221b5b160dd9d","timestamp":"2026-07-05 04:53:43"}
{"level":"info","message":"Created client session 5b693e5c8fac02eccaf48f46","timestamp":"2026-07-05 04:53:43"}
{"level":"info","message":"Created client session 181ed5990056e9583aaf36ec","timestamp":"2026-07-05 04:53:43"}
{"level":"info","message":"Created client session b738179e1485e7eaba430c2f","timestamp":"2026-07-05 04:53:45"}
{"level":"info","message":"Created client session dde5de401cbe57cbb187afb0","timestamp":"2026-07-05 04:53:48"}
{"level":"info","message":"Created client session 91720cb4fbfe78caffc2552c","timestamp":"2026-07-05 04:53:53"}
{"level":"info","message":"Created client session c6b0061bbd79d4f3318d7193","timestamp":"2026-07-05 04:54:01"}
{"level":"info","message":"Created client session 90168e1f95c7991d870c088a","timestamp":"2026-07-05 04:54:02"}
{"level":"info","message":"Created client session 8b768c8c7d8ceaafab03530f","timestamp":"2026-07-05 04:54:02"}
{"level":"info","message":"Created client session c5a0a34cb2c444629d767050","timestamp":"2026-07-05 04:54:05"}
{"level":"info","message":"Created client session 6cfaa89bf09017368b3f8667","timestamp":"2026-07-05 04:54:12"}
{"level":"info","message":"Created client session 0b82555e6077556e0ac99dfa","timestamp":"2026-07-05 04:54:16"}
{"level":"info","message":"Created client session 8254ef7d815524cc0ebb4c2b","timestamp":"2026-07-05 04:54:22"}
{"level":"info","message":"Created client session d1a9a34eb18cec12d97e7b1e","timestamp":"2026-07-05 04:54:25"}
{"level":"info","message":"Created client session 00cc087bb0c1002b44a459cd","timestamp":"2026-07-05 04:54:28"}
{"level":"info","message":"Created client session c990ca01a69baa70bf90496c","timestamp":"2026-07-05 04:54:28"}
{"level":"info","message":"Created client session 0fec648afd5cf9fb99676c68","timestamp":"2026-07-05 04:54:28"}
{"level":"info","message":"Created client session a50c15230ad8bec5fbb3247c","timestamp":"2026-07-05 04:54:35"}
{"level":"info","message":"Created client session 790521aa22ac94da6a50bfad","timestamp":"2026-07-05 04:54:37"}
{"level":"info","message":"Created client session 09617acb516f0c35c9ea263b","timestamp":"2026-07-05 04:54:56"}
{"level":"info","message":"Created client session 65885430c233a5beba1e4c10","timestamp":"2026-07-05 04:54:57"}
{"level":"info","message":"Created client session 5ff82fefbd4d1beab441e149","timestamp":"2026-07-05 04:55:03"}
{"level":"info","message":"Created client session 01199cf8f8d521d8a321a98f","timestamp":"2026-07-05 04:55:06"}
{"level":"info","message":"Created client session 283efbc5ac511001282b2e73","timestamp":"2026-07-05 04:55:06"}
{"level":"info","message":"Created client session dd908ce76b3b92e5a13cbd41","timestamp":"2026-07-05 04:55:10"}
{"level":"info","message":"Created client session 69a0da52e34715fffad6b7e3","timestamp":"2026-07-05 04:55:16"}
{"level":"info","message":"Created client session 09e68b2196a99d4295460aaa","timestamp":"2026-07-05 04:55:16"}
{"level":"info","message":"Created client session f5792975c65b98a4100340ac","timestamp":"2026-07-05 04:55:17"}
{"level":"info","message":"Created client session 072bed0f97030b0aab47119b","timestamp":"2026-07-05 04:55:17"}
{"level":"info","message":"Created client session 42a2b2149e07d222ff041a58","timestamp":"2026-07-05 04:55:21"}
{"level":"info","message":"Created client session f7fa2c87f46ea5814c01d574","timestamp":"2026-07-05 04:55:26"}
{"level":"info","message":"Created client session a9cc625d4dcb28cd93e7376a","timestamp":"2026-07-05 04:55:27"}
{"level":"info","message":"Created client session 5d4cd6482e5795c0de379fc5","timestamp":"2026-07-05 04:55:30"}
{"level":"info","message":"Created client session 93e45cfaa4027a1f3f01c5ec","timestamp":"2026-07-05 04:55:31"}
{"level":"info","message":"Created client session 5a609d8b4ea9b6860682052f","timestamp":"2026-07-05 04:55:33"}
{"level":"info","message":"Created client session e151c42128637805784a5a2f","timestamp":"2026-07-05 04:55:51"}
{"level":"info","message":"Created client session 7a19bccb6bd6fe59de6536ed","timestamp":"2026-07-05 04:55:56"}
{"level":"info","message":"Created client session 416af9af470407bef185e68e","timestamp":"2026-07-05 04:55:58"}
{"level":"info","message":"Created client session ce3e8320a0b08158196aa5e1","timestamp":"2026-07-05 04:56:12"}
{"level":"info","message":"Created client session 344fb37dabf5ce3b801792d9","timestamp":"2026-07-05 04:56:12"}
{"level":"info","message":"Created client session d05755f5340ff64a9de63d3b","timestamp":"2026-07-05 04:56:12"}
{"level":"info","message":"Created client session f5db214aa9efeb8a634ca728","timestamp":"2026-07-05 04:56:12"}
{"level":"info","message":"Created client session 82d103c50b2b0cea546d4304","timestamp":"2026-07-05 04:56:12"}
{"level":"info","message":"Created client session bb6c2c040783cefac95a3a6a","timestamp":"2026-07-05 04:56:15"}
{"level":"info","message":"Created client session 81bf52953da6af75e5e1349c","timestamp":"2026-07-05 04:56:16"}
{"level":"info","message":"Created client session 57c9192df29318e1719c9deb","timestamp":"2026-07-05 04:56:23"}
{"level":"info","message":"Created client session 96e47c5706785dafe90981dd","timestamp":"2026-07-05 04:56:24"}
{"level":"info","message":"Created client session 355356bb09f4e8d84ec0b0da","timestamp":"2026-07-05 04:56:27"}
{"level":"info","message":"Created client session ca274e3c54e92c157ec91cd2","timestamp":"2026-07-05 04:56:33"}
{"level":"info","message":"Created client session 649be54e520a34077e73be7f","timestamp":"2026-07-05 04:56:33"}
{"level":"info","message":"Created client session c82c0d8e21d2d87f8990a419","timestamp":"2026-07-05 04:56:44"}
{"level":"info","message":"Created client session 1af03cc942a5324060a80e5a","timestamp":"2026-07-05 04:56:44"}
{"level":"info","message":"Created client session 2bbf047b35b7ccdc49e523ef","timestamp":"2026-07-05 04:56:44"}
{"level":"info","message":"Created client session 08f0e34158c71efbb2f29308","timestamp":"2026-07-05 04:56:45"}
{"level":"info","message":"Created client session 0dfbab88d1d25f1cc04f83d6","timestamp":"2026-07-05 04:56:46"}
{"level":"info","message":"Created client session 13c52d03fef891ca668a000a","timestamp":"2026-07-05 04:56:46"}
{"level":"info","message":"Created client session 9830f8688798533d366fcf51","timestamp":"2026-07-05 04:56:46"}
{"level":"info","message":"Created client session e49bc16e13dce1ec36c9a18a","timestamp":"2026-07-05 04:56:49"}
{"level":"info","message":"Created client session ecc71fe880f933fd3f656e22","timestamp":"2026-07-05 04:56:50"}
{"level":"info","message":"Created client session 38c8bd994ba019173d1473ec","timestamp":"2026-07-05 04:56:50"}
{"level":"info","message":"Created client session d1198e0a2c104c671e0cb3f4","timestamp":"2026-07-05 04:56:50"}
{"level":"info","message":"Created client session 3c2c79f9af71931fea167721","timestamp":"2026-07-05 04:57:03"}
{"level":"info","message":"Created client session d9db04d275c165ea951584c4","timestamp":"2026-07-05 04:57:08"}
{"level":"info","message":"Created client session 75f13152d59bc4358b844e48","timestamp":"2026-07-05 04:57:14"}
{"level":"info","message":"Created client session 84aa967959c6fabdf1f1e88b","timestamp":"2026-07-05 04:57:16"}
{"level":"info","message":"Created client session c7533c24889aee220fbb9088","timestamp":"2026-07-05 04:57:16"}
{"level":"info","message":"Created client session 5e4bb58f6213bfe2c7d3fe70","timestamp":"2026-07-05 04:57:23"}
{"level":"info","message":"Created client session f0b4630e19d032015191490f","timestamp":"2026-07-05 04:57:38"}
{"level":"info","message":"Created client session 52f405fba5c759a901053f05","timestamp":"2026-07-05 04:57:50"}
{"level":"info","message":"Created client session 80e9f12013c86d8026d7a0bb","timestamp":"2026-07-05 04:57:53"}
{"level":"info","message":"Created client session 722f81ec44df4529ce1abdbe","timestamp":"2026-07-05 04:57:58"}
{"level":"info","message":"Created client session bdcd36d914382a1e88918b49","timestamp":"2026-07-05 04:57:58"}
{"level":"info","message":"Created client session 8ed28137188d42074221453c","timestamp":"2026-07-05 04:58:06"}
{"level":"info","message":"Created client session 81becd6fecea473846038756","timestamp":"2026-07-05 04:58:12"}
{"level":"info","message":"Created client session b8b54782e1ccec9984cbb2f2","timestamp":"2026-07-05 04:58:21"}
{"level":"info","message":"Created client session 95cb798d975dbc02896e4c86","timestamp":"2026-07-05 04:58:23"}
{"level":"info","message":"Created client session 770af562f8f65c716873c740","timestamp":"2026-07-05 04:58:24"}
{"level":"info","message":"Created client session 9b9dccf6c6bd0eea555cf9e5","timestamp":"2026-07-05 04:58:25"}
{"level":"info","message":"Created client session 03da892a8b64bbd93ffe5a3e","timestamp":"2026-07-05 04:58:25"}
{"level":"info","message":"Created client session e1747a8a5206e7ba1de2b657","timestamp":"2026-07-05 04:58:26"}
{"level":"info","message":"Created client session 5b532308a68aa9248abe718d","timestamp":"2026-07-05 04:58:34"}
{"level":"info","message":"Created client session bab23a4a489da317a12d17d4","timestamp":"2026-07-05 04:58:52"}
{"level":"info","message":"Created client session e77d95d9b30e0c883167ff19","timestamp":"2026-07-05 04:58:59"}
{"level":"info","message":"Created client session d90a8ec8c76bc1b062209904","timestamp":"2026-07-05 04:59:10"}
{"level":"info","message":"Created client session ae9f7e559303b62174f77590","timestamp":"2026-07-05 04:59:11"}
{"level":"info","message":"Created client session a366307bdceadc5dba51325f","timestamp":"2026-07-05 04:59:12"}
{"level":"info","message":"Created client session 09c698ade5d55c0876bc6aaf","timestamp":"2026-07-05 04:59:15"}
{"level":"info","message":"Created client session 9c86b72fdecfd49a7126466b","timestamp":"2026-07-05 04:59:23"}
{"level":"info","message":"Created client session 79625a8153be21257d1a8710","timestamp":"2026-07-05 04:59:27"}
{"level":"info","message":"Created client session 550ec4ff5b778623f87b0c18","timestamp":"2026-07-05 04:59:39"}
{"level":"info","message":"Created client session 077e04a0879051a8513fc505","timestamp":"2026-07-05 04:59:39"}
{"level":"info","message":"Created client session fca08f307d37a6c476df0016","timestamp":"2026-07-05 04:59:39"}
{"level":"info","message":"Created client session 1c51a2da8d13d127218a782a","timestamp":"2026-07-05 04:59:42"}
{"level":"info","message":"Created client session 1d1a322fe77720777210f42f","timestamp":"2026-07-05 04:59:47"}
{"level":"info","message":"Created client session 2e9041462a9d0cb76b8444c4","timestamp":"2026-07-05 04:59:56"}
{"level":"info","message":"Created client session bb6b71734d640a9f47122a07","timestamp":"2026-07-05 04:59:56"}
{"level":"info","message":"Created client session c3685631777148daf03365a0","timestamp":"2026-07-05 04:59:59"}
{"level":"info","message":"Created client session 55b4e13884501a362e49dcc3","timestamp":"2026-07-05 05:00:03"}
{"level":"info","message":"Created client session 6d37baf1f9255e63a32b5476","timestamp":"2026-07-05 05:00:03"}
{"level":"info","message":"Created client session e530c3f7622e6dac3bfad022","timestamp":"2026-07-05 05:00:04"}
{"level":"info","message":"Created client session 599cd1a2c4ff910429eac2be","timestamp":"2026-07-05 05:00:10"}
{"level":"info","message":"Created client session 688b1f5f36a3752dd3b54f8f","timestamp":"2026-07-05 05:00:11"}
{"level":"info","message":"Created client session 55b6c614363cd1250ead790b","timestamp":"2026-07-05 05:00:15"}
{"level":"info","message":"Created client session cfe5e3e925cc53e3e94aae7e","timestamp":"2026-07-05 05:00:23"}
{"level":"info","message":"Created client session 52a44317ed9f1ec468f99ff4","timestamp":"2026-07-05 05:00:31"}
{"level":"info","message":"Created client session 2a181c175fff38fff43a0c4d","timestamp":"2026-07-05 05:00:31"}
{"level":"info","message":"Created client session d2a29c3838f037849d403aef","timestamp":"2026-07-05 05:00:42"}
{"level":"info","message":"Created client session edc78bb56d74d5acc6f38df0","timestamp":"2026-07-05 05:00:42"}
{"level":"info","message":"Created client session 10c58e7ce9d5712b9e2e116e","timestamp":"2026-07-05 05:00:42"}
{"level":"info","message":"Created client session a62b0978c2f657ba3888a1be","timestamp":"2026-07-05 05:00:42"}
{"level":"info","message":"Created client session e3931d0e1b8aed925a4a7e4a","timestamp":"2026-07-05 05:00:43"}
{"level":"info","message":"Created client session 3e6a1a4f241b4979e8e32729","timestamp":"2026-07-05 05:00:44"}
{"level":"info","message":"Created client session 53dbddcb29f891f9fdce0512","timestamp":"2026-07-05 05:00:49"}
{"level":"info","message":"Created client session cedb318b8df9240b7d932972","timestamp":"2026-07-05 05:00:50"}
{"level":"info","message":"Created client session 1afee57d32912cb5ede73ec0","timestamp":"2026-07-05 05:00:56"}
{"level":"info","message":"Created client session 44259f27979aab68395bdb26","timestamp":"2026-07-05 05:01:00"}
{"level":"info","message":"Created client session 3e5813484e32c830c0f61036","timestamp":"2026-07-05 05:01:02"}
{"level":"info","message":"Created client session 1bce689c8adcad877e58cbfe","timestamp":"2026-07-05 05:01:18"}
{"level":"info","message":"Created client session 1e27a299f0ca4708346f9810","timestamp":"2026-07-05 05:01:18"}
{"level":"info","message":"Created client session f4aff9a6c9f87ce80da90e24","timestamp":"2026-07-05 05:01:28"}
{"level":"info","message":"Created client session 02e211394114e571a9a0a2ae","timestamp":"2026-07-05 05:01:28"}
{"level":"info","message":"Created client session 6c56803bba4c104ebae3173f","timestamp":"2026-07-05 05:01:38"}
{"level":"info","message":"Created client session 8abd921d728b01f11a741f86","timestamp":"2026-07-05 05:01:48"}
{"level":"info","message":"Created client session f7d3fd32e6a8c2f511c7faca","timestamp":"2026-07-05 05:01:56"}
{"level":"info","message":"Created client session ea2c72ec6fa4c4ae20680443","timestamp":"2026-07-05 05:02:07"}
{"level":"info","message":"Created client session 26a0c53c9ebfd006b2219d12","timestamp":"2026-07-05 05:02:08"}
{"level":"info","message":"Created client session ddac69c7dfb7e6679a422845","timestamp":"2026-07-05 05:02:09"}
{"level":"info","message":"Created client session 1af865fc8a79837be90640db","timestamp":"2026-07-05 05:02:10"}
{"level":"info","message":"Created client session 83a9517e4099765bd8f6038d","timestamp":"2026-07-05 05:02:15"}
{"level":"info","message":"Created client session a76e769467bfbc4ed406d6eb","timestamp":"2026-07-05 05:02:19"}
{"level":"info","message":"Created client session e35e75215f079561fa9033a8","timestamp":"2026-07-05 05:02:19"}
{"level":"info","message":"Created client session 94973114faba949da0e0b78b","timestamp":"2026-07-05 05:02:24"}
{"level":"info","message":"Created client session 6b0cd41c1835a03055a2c826","timestamp":"2026-07-05 05:02:30"}
{"level":"info","message":"Created client session e16f054826b5a2c6838c6e61","timestamp":"2026-07-05 05:02:37"}
{"level":"info","message":"Created client session 83429513f553ecd7188f8de0","timestamp":"2026-07-05 05:02:40"}
{"level":"info","message":"Created client session 4f1c1d4115e4b262da935d92","timestamp":"2026-07-05 05:02:43"}
{"level":"info","message":"Created client session 5adeed37d8ebf943edebb4df","timestamp":"2026-07-05 05:02:47"}
{"level":"info","message":"Created client session 7f1dc2a12696d251c174ae69","timestamp":"2026-07-05 05:02:51"}
{"level":"info","message":"Created client session 44866b7540fa33dd07c22db5","timestamp":"2026-07-05 05:02:55"}
{"level":"info","message":"Created client session 64f624610567f1aff8207143","timestamp":"2026-07-05 05:02:55"}
{"level":"info","message":"Created client session a1470aa5cd63cdc3ad619f51","timestamp":"2026-07-05 05:02:56"}
{"level":"info","message":"Created client session bbc8fcd79f4bef2bfa873408","timestamp":"2026-07-05 05:02:58"}
{"level":"info","message":"Created client session a8b2adbd77c9a7b5b91a664a","timestamp":"2026-07-05 05:02:59"}
{"level":"info","message":"Created client session 27b1f473207ac8e53a40ff5e","timestamp":"2026-07-05 05:02:59"}
{"level":"info","message":"Created client session f34ee2404a2f04a86413adc5","timestamp":"2026-07-05 05:03:07"}
{"level":"info","message":"Created client session efd74367c43c175ebb0510f0","timestamp":"2026-07-05 05:03:13"}
{"level":"info","message":"Created client session 470a1a9df7db5772a4f7e3a1","timestamp":"2026-07-05 05:03:19"}
{"level":"info","message":"Created client session 23eaef0254948c0b2774a622","timestamp":"2026-07-05 05:03:20"}
{"level":"info","message":"Created client session c8a8288ba68453a39f4e7bda","timestamp":"2026-07-05 05:03:26"}
{"level":"info","message":"Created client session d6e2fe25d420d75e292e85b7","timestamp":"2026-07-05 05:03:29"}
{"level":"info","message":"Created client session eb9a77e779c77e1dc93f5008","timestamp":"2026-07-05 05:03:34"}
{"level":"info","message":"Created client session 270aab55974828eef081a261","timestamp":"2026-07-05 05:03:35"}
{"level":"info","message":"Created client session 337970f35c196bf4017401c2","timestamp":"2026-07-05 05:03:35"}
{"level":"info","message":"Created client session c72665c5b280913f0266608c","timestamp":"2026-07-05 05:03:36"}
{"level":"info","message":"Created client session ad34ca76bc06b8d7b9f65afb","timestamp":"2026-07-05 05:03:42"}
{"level":"info","message":"Created client session f6cb729a7b2cda6477c9e808","timestamp":"2026-07-05 05:03:43"}
{"level":"info","message":"Created client session c19dcfcf8e32ab074ff03867","timestamp":"2026-07-05 05:03:47"}
{"level":"info","message":"Created client session 1a0fb8509ada91fc79a26a9e","timestamp":"2026-07-05 05:03:50"}
{"level":"info","message":"Created client session 1e9c03fbb3b97cc2903b238f","timestamp":"2026-07-05 05:03:51"}
{"level":"info","message":"Created client session 4371f92b556999edfc64c0b0","timestamp":"2026-07-05 05:03:51"}
{"level":"info","message":"Created client session 6f6fb9a1a4fef6bd3b16ebec","timestamp":"2026-07-05 05:03:58"}
{"level":"info","message":"Created client session 23d52a4956b70e1f18896ab4","timestamp":"2026-07-05 05:03:58"}
{"level":"info","message":"Created client session 4c5b78f242f71ebe0034cc93","timestamp":"2026-07-05 05:03:58"}
{"level":"info","message":"Created client session 8fcc571db37048a7d6a0307a","timestamp":"2026-07-05 05:03:59"}
{"level":"info","message":"Created client session 8944eeba06ddf7e2e8e420f4","timestamp":"2026-07-05 05:03:59"}
{"level":"info","message":"Created client session 7792cb05db78f920648aed59","timestamp":"2026-07-05 05:04:07"}
{"level":"info","message":"Created client session a1f8d872a4179252bf8b01d5","timestamp":"2026-07-05 05:04:07"}
{"level":"info","message":"Created client session 5c15b6a1738f5b753654862b","timestamp":"2026-07-05 05:04:11"}
{"level":"info","message":"Created client session acd552309ccba5ff2f5f5027","timestamp":"2026-07-05 05:04:12"}
{"level":"info","message":"Created client session 8a22ee0f9eac4de802b4aa3c","timestamp":"2026-07-05 05:04:14"}
{"level":"info","message":"Created client session 5b52615d677fae6b8386e92c","timestamp":"2026-07-05 05:04:25"}
{"level":"info","message":"Created client session 1a23044e180eca67c64e492a","timestamp":"2026-07-05 05:04:28"}
{"level":"info","message":"Created client session f82c8748d63d9999492842a5","timestamp":"2026-07-05 05:04:29"}
{"level":"info","message":"Created client session 111e1351663a788b33b2cf7d","timestamp":"2026-07-05 05:04:33"}
{"level":"info","message":"Created client session 8405190df55d04175582867f","timestamp":"2026-07-05 05:04:45"}
{"level":"info","message":"Created client session b0c303afe0a326f701d0b56d","timestamp":"2026-07-05 05:04:47"}
{"level":"info","message":"Created client session a147baf20595ad3852b11a50","timestamp":"2026-07-05 05:04:49"}
{"level":"info","message":"Created client session 9f9090a576ef7b42c4c0315c","timestamp":"2026-07-05 05:04:51"}
{"level":"info","message":"Created client session f5e406e0c5cddbff76218d66","timestamp":"2026-07-05 05:05:02"}
{"level":"info","message":"Created client session 8634a2ab333bb325c01c12bd","timestamp":"2026-07-05 05:05:02"}
{"level":"info","message":"Created client session 518f1ceebad16a9293f611bf","timestamp":"2026-07-05 05:05:02"}
{"level":"info","message":"Created client session 960f27b33d489655f982c0dc","timestamp":"2026-07-05 05:05:08"}
{"level":"info","message":"Created client session f379d34bc9074cf20b6dee80","timestamp":"2026-07-05 05:05:10"}
{"level":"info","message":"Created client session d4fd128a9909e2aad422aca8","timestamp":"2026-07-05 05:05:11"}
{"level":"info","message":"Created client session 4905184cc3f9e78e5c262870","timestamp":"2026-07-05 05:05:11"}
{"level":"info","message":"Created client session 20a6ae2aa81e0472fe5a21b0","timestamp":"2026-07-05 05:05:13"}
{"level":"info","message":"Created client session fc4fa6eba7e034c533ef27bb","timestamp":"2026-07-05 05:05:13"}
{"level":"info","message":"Created client session 610e74486b82f5cc7c1bd25f","timestamp":"2026-07-05 05:05:19"}
{"level":"info","message":"Created client session 8781525a707f1b6a2d103b78","timestamp":"2026-07-05 05:05:19"}
{"level":"info","message":"Created client session 8d29552d1af3c8c6f5819efe","timestamp":"2026-07-05 05:05:21"}
{"level":"info","message":"Created client session 8063afbb75b8b19e2376e090","timestamp":"2026-07-05 05:05:25"}
{"level":"info","message":"Created client session ac7d79b5b86ce23a9324e9f7","timestamp":"2026-07-05 05:05:37"}
{"level":"info","message":"Created client session f7334dab87b75abce73ff945","timestamp":"2026-07-05 05:05:38"}
{"level":"info","message":"Created client session 458c545e14b0d139fab6f3d2","timestamp":"2026-07-05 05:05:39"}
{"level":"info","message":"Created client session 5e4f1de6c9cf637d3318a774","timestamp":"2026-07-05 05:05:51"}
{"level":"info","message":"Created client session 3a2e33d57555b9fe8d337f89","timestamp":"2026-07-05 05:06:03"}
{"level":"info","message":"Created client session bb469ef436c9fe47bb415ee9","timestamp":"2026-07-05 05:06:05"}
{"level":"info","message":"Created client session 3894a85abf922e1a1a121dc9","timestamp":"2026-07-05 05:06:14"}
{"level":"info","message":"Created client session 9d3a885af267c4b63023ac82","timestamp":"2026-07-05 05:06:18"}
{"level":"info","message":"Created client session 91ee939de09d7b2061a09edc","timestamp":"2026-07-05 05:06:20"}
{"level":"info","message":"Created client session 9051b7da862473710a2e0d45","timestamp":"2026-07-05 05:06:22"}
{"level":"info","message":"Created client session 58c65dfb00dc730bbc042f09","timestamp":"2026-07-05 05:06:37"}
{"level":"info","message":"Created client session 84c0963967fd256e91fa1385","timestamp":"2026-07-05 05:06:37"}
{"level":"info","message":"Created client session 59bb23b3c936c31af9bee61d","timestamp":"2026-07-05 05:06:38"}
{"level":"info","message":"Created client session d7ab9a9a38d61315317df371","timestamp":"2026-07-05 05:06:39"}
{"level":"info","message":"Created client session c9b40020a4bd0df44584684b","timestamp":"2026-07-05 05:06:42"}
{"level":"info","message":"Created client session 90d611cea3a32333d569842c","timestamp":"2026-07-05 05:06:49"}
{"level":"info","message":"Created client session 4ed65eacaad5e32a2b7af40f","timestamp":"2026-07-05 05:06:54"}
{"level":"info","message":"Created client session 452ba8c3808bccd0eeb36a7c","timestamp":"2026-07-05 05:07:01"}
{"level":"info","message":"Created client session c3f8d9df32d08a5e7f2aa3cf","timestamp":"2026-07-05 05:07:07"}
{"level":"info","message":"Created client session 3bf386b2699e3da946c767fb","timestamp":"2026-07-05 05:07:09"}
{"level":"info","message":"Created client session 24d6b0acd7e74341838363a7","timestamp":"2026-07-05 05:07:18"}
{"level":"info","message":"Created client session d5f12d7b8d89d46219078c80","timestamp":"2026-07-05 05:07:18"}
{"level":"info","message":"Created client session 177dd9d23b374a005d83cb6e","timestamp":"2026-07-05 05:07:19"}
{"level":"info","message":"Created client session 8af3cfe70a2164a221284f6c","timestamp":"2026-07-05 05:07:24"}
{"level":"info","message":"Created client session 15fd4f20a39dbc98fda2afa7","timestamp":"2026-07-05 05:07:38"}
{"level":"info","message":"Created client session 01222967990c169d8a99faa9","timestamp":"2026-07-05 05:07:45"}
{"level":"info","message":"Created client session dc53b785f8f56bb767fed144","timestamp":"2026-07-05 05:07:53"}
{"level":"info","message":"Created client session 6bf47482ce88dfbb081c72c8","timestamp":"2026-07-05 05:07:54"}
{"level":"info","message":"Created client session 8a00295b21acc0d97f6416aa","timestamp":"2026-07-05 05:07:56"}
{"level":"info","message":"Created client session 4488470f1e9627aef99f2702","timestamp":"2026-07-05 05:07:59"}
{"level":"info","message":"Created client session 864f76fa827150fd7cd37a71","timestamp":"2026-07-05 05:07:59"}
{"level":"info","message":"Created client session a776f87c06e72a70aed4d04f","timestamp":"2026-07-05 05:08:01"}
{"level":"info","message":"Created client session fcf717124b37d5e38ff6ffdb","timestamp":"2026-07-05 05:08:05"}
{"level":"info","message":"Created client session 25697c20ef0ef8125cce0aba","timestamp":"2026-07-05 05:08:19"}
{"level":"info","message":"Created client session c63cc3bd77b25f103e57bd09","timestamp":"2026-07-05 05:08:23"}
{"level":"info","message":"Created client session b4558bda3f13030c5974000d","timestamp":"2026-07-05 05:08:44"}
{"level":"info","message":"Created client session 9e1e3d9705da5f86bc5ef304","timestamp":"2026-07-05 05:08:57"}
{"level":"info","message":"Created client session d17b76c1679da648cc3a820c","timestamp":"2026-07-05 05:08:58"}
{"level":"info","message":"Created client session 2c7524b6cdb471c41269ff61","timestamp":"2026-07-05 05:09:07"}
{"level":"info","message":"Created client session 8f127a46beb99d6c80599e7a","timestamp":"2026-07-05 05:09:08"}
{"level":"info","message":"Created client session 4b084f18baf0cb8d4de62fb5","timestamp":"2026-07-05 05:09:08"}
{"level":"info","message":"Created client session 8d9e593c81e9e92f7e8c6ce7","timestamp":"2026-07-05 05:09:08"}
{"level":"info","message":"Created client session daeb7b4d0e1a09a043806fa9","timestamp":"2026-07-05 05:09:08"}
{"level":"info","message":"Created client session 16fca16ffaf6fa1d2a68c85a","timestamp":"2026-07-05 05:09:08"}
{"level":"info","message":"Created client session a3af762ddec6ecd5a83bcd60","timestamp":"2026-07-05 05:09:10"}
{"level":"info","message":"Created client session 70f34c5232b2017d438c76ae","timestamp":"2026-07-05 05:09:20"}
{"level":"info","message":"Created client session 2f42eaa28a68219ef0e4f558","timestamp":"2026-07-05 05:09:21"}
{"level":"info","message":"Created client session d68c9af931e5759d3b72d3f5","timestamp":"2026-07-05 05:09:26"}
{"level":"info","message":"Created client session 8972a4d98fc798e840dc203d","timestamp":"2026-07-05 05:09:27"}
{"level":"info","message":"Created client session 942d34da5ff1c2a99cde0085","timestamp":"2026-07-05 05:09:27"}
{"level":"info","message":"Created client session 7f95560b6d029b98ff29838e","timestamp":"2026-07-05 05:09:32"}
{"level":"info","message":"Created client session 657baff4543075c3c5b861f6","timestamp":"2026-07-05 05:09:36"}
{"level":"info","message":"Created client session 4eaf4228396fcb97df6d148c","timestamp":"2026-07-05 05:09:45"}
{"level":"info","message":"Created client session b20c67de35339fe3f4aa318a","timestamp":"2026-07-05 05:10:00"}
{"level":"info","message":"Created client session 19509785cbe62b9d39541c95","timestamp":"2026-07-05 05:10:07"}
{"level":"info","message":"Created client session d2834ccdd1cd6042779fdc09","timestamp":"2026-07-05 05:10:16"}
{"level":"info","message":"Created client session d8a6db1d1219bb1e0f0ef305","timestamp":"2026-07-05 05:10:18"}
{"level":"info","message":"Created client session f49e949917bd1db29e5d5341","timestamp":"2026-07-05 05:10:34"}
{"level":"info","message":"Created client session 3d8fcd139b9e87a5f3c8779e","timestamp":"2026-07-05 05:10:34"}
{"level":"info","message":"Created client session fc3f74f710b5e1edd59f1dee","timestamp":"2026-07-05 05:10:40"}
{"level":"info","message":"Created client session 481c1845de8b73a11157d142","timestamp":"2026-07-05 05:10:45"}
{"level":"info","message":"Created client session d8b64370d705ce8e0ddd5a12","timestamp":"2026-07-05 05:10:46"}
{"level":"info","message":"Created client session c208ff6e8a77e8efeef87b02","timestamp":"2026-07-05 05:10:46"}
{"level":"info","message":"Created client session 2e133e2983e30c6bed2d9931","timestamp":"2026-07-05 05:10:51"}
{"level":"info","message":"Created client session 9cb772c80868482502e5a067","timestamp":"2026-07-05 05:10:55"}
{"level":"info","message":"Created client session 81a80c5a5e29ef4e696379fc","timestamp":"2026-07-05 05:10:56"}
{"level":"info","message":"Created client session 9d9ad5657f88d8a05a344ea2","timestamp":"2026-07-05 05:11:05"}
{"level":"info","message":"Created client session b3a924321dd3bc1e3ba196d9","timestamp":"2026-07-05 05:11:10"}
{"level":"info","message":"Created client session 5f26098ee9742991d8a41378","timestamp":"2026-07-05 05:11:13"}
{"level":"info","message":"Created client session e574a9089be302fd03bc5747","timestamp":"2026-07-05 05:11:13"}
{"level":"info","message":"Created client session 28672931ccc719dd24cd47a0","timestamp":"2026-07-05 05:11:17"}
{"level":"info","message":"Created client session 9932e4c17750e63a800bcc73","timestamp":"2026-07-05 05:11:20"}
{"level":"info","message":"Created client session 9de63a6992c3463d794368fc","timestamp":"2026-07-05 05:11:21"}
{"level":"info","message":"Created client session 0ab1f9e28f2b7e5e67bc1654","timestamp":"2026-07-05 05:11:27"}
{"level":"info","message":"Created client session 8a663818c54764759f8787e1","timestamp":"2026-07-05 05:11:40"}
{"level":"info","message":"Created client session 1a9085797698886ff98f3624","timestamp":"2026-07-05 05:11:42"}
{"level":"info","message":"Created client session 9e5e21aade0e3f7794a1405d","timestamp":"2026-07-05 05:11:53"}
{"level":"info","message":"Created client session 810bb46fd436461ebe0cd33f","timestamp":"2026-07-05 05:12:00"}
{"level":"info","message":"Created client session 6d10c5985b5ce9cdd216d36a","timestamp":"2026-07-05 05:12:08"}
{"level":"info","message":"Created client session 4ed746c16d93aa1c80581d64","timestamp":"2026-07-05 05:12:10"}
{"level":"info","message":"Created client session 2f6b592e7670a7f506e6cd07","timestamp":"2026-07-05 05:12:15"}
{"level":"info","message":"Created client session b8e0daa004b95d7cc017576c","timestamp":"2026-07-05 05:12:16"}
{"level":"info","message":"Created client session f807db60677b552359c1d2fe","timestamp":"2026-07-05 05:12:17"}
{"level":"info","message":"Created client session 46c257b06ae206fe54929966","timestamp":"2026-07-05 05:12:25"}
{"level":"info","message":"Created client session e9f00a6db2cb28c275c85072","timestamp":"2026-07-05 05:12:25"}
{"level":"info","message":"Created client session dfe979edd48a82e3787d8613","timestamp":"2026-07-05 05:12:30"}
{"level":"info","message":"Created client session 746d0554b6ca4f9e9a5957b8","timestamp":"2026-07-05 05:12:40"}
{"level":"info","message":"Created client session 3fb5084b8c8555e297687027","timestamp":"2026-07-05 05:12:42"}
{"level":"info","message":"Created client session fffec1365878b81b62e6fda5","timestamp":"2026-07-05 05:12:42"}
{"level":"info","message":"Created client session 54c6f1aa1270cd2c52444417","timestamp":"2026-07-05 05:12:45"}
{"level":"info","message":"Created client session 2abd908f22ce943e163beb16","timestamp":"2026-07-05 05:12:45"}
{"level":"info","message":"Created client session 01eb296cf11dff0345a78986","timestamp":"2026-07-05 05:12:47"}
{"level":"info","message":"Created client session 14c3d179b147291d058d8a86","timestamp":"2026-07-05 05:12:52"}
{"level":"info","message":"Created client session 0c0c9d6f235879c26c8ee032","timestamp":"2026-07-05 05:12:58"}
{"level":"info","message":"Created client session 5de131c2231b7f718e9e119c","timestamp":"2026-07-05 05:12:58"}
{"level":"info","message":"Created client session ae76ac9a3dce5abf5011d550","timestamp":"2026-07-05 05:13:06"}
{"level":"info","message":"Created client session de29419d96556bab3d7f5a52","timestamp":"2026-07-05 05:13:10"}
{"level":"info","message":"Created client session 716e7a0980400d590af8d603","timestamp":"2026-07-05 05:13:10"}
{"level":"info","message":"Created client session ffd9aed3210b725270ee26cd","timestamp":"2026-07-05 05:13:13"}
{"level":"info","message":"Created client session 8f85c8c781106ec8d0c4109e","timestamp":"2026-07-05 05:13:16"}
{"level":"info","message":"Created client session 07795a0ed7b7eb8d4f6b3486","timestamp":"2026-07-05 05:13:19"}
{"level":"info","message":"Created client session 118829f3e832d0b170ceda60","timestamp":"2026-07-05 05:13:19"}
{"level":"info","message":"Created client session ab16bf6de414d290ab9437fb","timestamp":"2026-07-05 05:13:32"}
{"level":"info","message":"Created client session 19c9d468d5b773c79f64a61f","timestamp":"2026-07-05 05:13:36"}
{"level":"info","message":"Created client session 2a9ea38e43f8105dc8f5e9a2","timestamp":"2026-07-05 05:13:44"}
{"level":"info","message":"Created client session 95262f6668f9afc0144fa037","timestamp":"2026-07-05 05:13:50"}
{"level":"info","message":"Created client session 73eebc76910edeed3a40cafa","timestamp":"2026-07-05 05:13:57"}
{"level":"info","message":"Created client session fb8be57977c673d642489cbe","timestamp":"2026-07-05 05:14:05"}
{"level":"info","message":"Created client session 24fb5f170e92e043b720f3f1","timestamp":"2026-07-05 05:14:06"}
{"level":"info","message":"Created client session 69d7f35e57bffb8584e1c274","timestamp":"2026-07-05 05:14:07"}
{"level":"info","message":"Created client session 61a57a13711838967c50ba1a","timestamp":"2026-07-05 05:14:20"}
{"level":"info","message":"Created client session 5c85dd3b61a3e6c6d9dd3ab5","timestamp":"2026-07-05 05:14:20"}
{"level":"info","message":"Created client session c1d68b2b3a50c7ba57ed5d88","timestamp":"2026-07-05 05:14:28"}
{"level":"info","message":"Created client session f417c96114a9623681648c6b","timestamp":"2026-07-05 05:14:32"}
{"level":"info","message":"Created client session 6b392df88ba427ece12fcae7","timestamp":"2026-07-05 05:14:36"}
{"level":"info","message":"Created client session 3085aaba76bc9d90d7be629f","timestamp":"2026-07-05 05:14:49"}
{"level":"info","message":"Created client session a54ff39ca5cbeee5df5e6e6a","timestamp":"2026-07-05 05:14:50"}
{"level":"info","message":"Created client session 35fa602b6eba36359bf34926","timestamp":"2026-07-05 05:14:54"}
{"level":"info","message":"Created client session 790f0a1deab3bb610c250c25","timestamp":"2026-07-05 05:14:57"}
{"level":"info","message":"Created client session 4ced08b1dadb35b92d550b42","timestamp":"2026-07-05 05:15:04"}
{"level":"info","message":"Created client session 5ca02c45fe18d6168192939b","timestamp":"2026-07-05 05:15:07"}
{"level":"info","message":"Created client session 6a759ccef50bd95083f35180","timestamp":"2026-07-05 05:15:12"}
{"level":"info","message":"Created client session d7495a50441edc041c16d1e9","timestamp":"2026-07-05 05:15:18"}
{"level":"info","message":"Created client session 6a4bc72c7deb6b8f7f9fa444","timestamp":"2026-07-05 05:15:18"}
{"level":"info","message":"Created client session 8128840d8a8ec4f56e4e69ed","timestamp":"2026-07-05 05:15:25"}
{"level":"info","message":"Created client session e8d920b4404322d2a3b848fd","timestamp":"2026-07-05 05:15:31"}
{"level":"info","message":"Created client session 7e8525d7b89fdc3e0348d959","timestamp":"2026-07-05 05:15:31"}
{"level":"info","message":"Created client session 596edfbde725a178c5c4da47","timestamp":"2026-07-05 05:15:36"}
{"level":"info","message":"Created client session dddaef904f6a1518f009f7cd","timestamp":"2026-07-05 05:15:36"}
{"level":"info","message":"Created client session dc2bef0443efa7d92968da49","timestamp":"2026-07-05 05:15:44"}
{"level":"info","message":"Created client session 9de5a0464da90a979d4a9212","timestamp":"2026-07-05 05:15:47"}
{"level":"info","message":"Created client session a27a9b32c0135ffac65226ee","timestamp":"2026-07-05 05:15:53"}
{"level":"info","message":"Created client session 03a8ce2b73d1a0808394b48a","timestamp":"2026-07-05 05:15:56"}
{"level":"info","message":"Created client session 787ad656fd7f39e4daedd6f4","timestamp":"2026-07-05 05:16:17"}
{"level":"info","message":"Created client session 8124aae450a0e5b93a964cd3","timestamp":"2026-07-05 05:16:19"}
{"level":"info","message":"Created client session 417452a91113b626c0170168","timestamp":"2026-07-05 05:16:27"}
{"level":"info","message":"Created client session d32d361d6bebea71f29c333c","timestamp":"2026-07-05 05:16:27"}
{"level":"info","message":"Created client session 23671892b0b629d4498dd3cf","timestamp":"2026-07-05 05:16:28"}
{"level":"info","message":"Created client session 1ba9271cea780ec8596b6b2a","timestamp":"2026-07-05 05:16:32"}
{"level":"info","message":"Created client session 394ea85b6994d6877625d26c","timestamp":"2026-07-05 05:16:44"}
{"level":"info","message":"Created client session 066200945410c8a96da7f150","timestamp":"2026-07-05 05:16:51"}
{"level":"info","message":"Created client session 37d00309da5314f889f9701c","timestamp":"2026-07-05 05:16:52"}
{"level":"info","message":"Created client session de3a25be9f7b704fbdab0d62","timestamp":"2026-07-05 05:16:52"}
{"level":"info","message":"Created client session d9ec57a1c51afbd823c3e754","timestamp":"2026-07-05 05:16:53"}
{"level":"info","message":"Created client session e6b7068c8622dac0532863d7","timestamp":"2026-07-05 05:16:55"}
{"level":"info","message":"Created client session be2af287b97807f8d82ef275","timestamp":"2026-07-05 05:16:56"}
{"level":"info","message":"Created client session 2af43ae9b517eaef7c0549f0","timestamp":"2026-07-05 05:16:59"}
{"level":"info","message":"Created client session f91af04bdb50be45be0bd44b","timestamp":"2026-07-05 05:17:01"}
{"level":"info","message":"Created client session 380e22030afa5a160dfdebc0","timestamp":"2026-07-05 05:17:01"}
{"level":"info","message":"Created client session 3087148a37409e5c9dd54c13","timestamp":"2026-07-05 05:17:02"}
{"level":"info","message":"Created client session ef4a2072d2eabf019c06316a","timestamp":"2026-07-05 05:17:08"}
{"level":"info","message":"Created client session 6ae89ae623a400798d2bdb15","timestamp":"2026-07-05 05:17:09"}
{"level":"info","message":"Created client session 23d428d4ce26e6e40f8989ef","timestamp":"2026-07-05 05:17:16"}
{"level":"info","message":"Created client session 0df6d25d26597e287e84f3de","timestamp":"2026-07-05 05:17:28"}
{"level":"info","message":"Created client session c7647828372a458b73213e68","timestamp":"2026-07-05 05:17:38"}
{"level":"info","message":"Created client session e85d7057c8e9a8df37ecc2e0","timestamp":"2026-07-05 05:17:38"}
{"level":"info","message":"Created client session 51962ee27759991c23d0fd24","timestamp":"2026-07-05 05:17:42"}
{"level":"info","message":"Created client session 121f9e15fdc4ff1905761a7a","timestamp":"2026-07-05 05:17:42"}
{"level":"info","message":"Created client session 622e56c1edf934da22c0c4fe","timestamp":"2026-07-05 05:17:47"}
{"level":"info","message":"Created client session 45c94a1d0ccd75fca67fdb99","timestamp":"2026-07-05 05:17:50"}
{"level":"info","message":"Created client session 017c3bd468ab6bfb2e842a2e","timestamp":"2026-07-05 05:17:54"}
{"level":"info","message":"Created client session 751c63c384c35ec4e08238a6","timestamp":"2026-07-05 05:17:54"}
{"level":"info","message":"Created client session cbbc1e2f2934e60a30975344","timestamp":"2026-07-05 05:17:55"}
{"level":"info","message":"Created client session 1fc8862755af0c50ed378358","timestamp":"2026-07-05 05:17:57"}
{"level":"info","message":"Created client session ca67b32bab38444f9d7bc297","timestamp":"2026-07-05 05:17:57"}
{"level":"info","message":"Created client session bd3eba10b47ff095a63e005e","timestamp":"2026-07-05 05:18:05"}
{"level":"info","message":"Created client session 67ae2ae1de0d49776402add4","timestamp":"2026-07-05 05:18:11"}
{"level":"info","message":"Created client session a65989e8bb03ff8a44dc3b61","timestamp":"2026-07-05 05:18:11"}
{"level":"info","message":"Created client session 79a41091431f4ca1b7ba4ccd","timestamp":"2026-07-05 05:18:26"}
{"level":"info","message":"Created client session 44734e033dc2cb569e0304b2","timestamp":"2026-07-05 05:18:26"}
{"level":"info","message":"Created client session cfcac45d1008f411ab4c9338","timestamp":"2026-07-05 05:18:26"}
{"level":"info","message":"Created client session 2e612ed33581b5a855aaec21","timestamp":"2026-07-05 05:18:34"}
{"level":"info","message":"Created client session 741ece51dd934cded5b87376","timestamp":"2026-07-05 05:18:47"}
{"level":"info","message":"Created client session 6fa97320b75c9e4b5de9a402","timestamp":"2026-07-05 05:18:47"}
{"level":"info","message":"Created client session 2da9d82d82d5bd86b4f56d63","timestamp":"2026-07-05 05:18:55"}
{"level":"info","message":"Created client session 02f97ed5c0b5bd8dc61d510c","timestamp":"2026-07-05 05:19:05"}
{"level":"info","message":"Created client session 96c0740c1fc2d83d625a3d95","timestamp":"2026-07-05 05:19:09"}
{"level":"info","message":"Created client session 4ded3a7d04082f01f46955f8","timestamp":"2026-07-05 05:19:09"}
{"level":"info","message":"Created client session 044817a6adc870044becddb2","timestamp":"2026-07-05 05:19:11"}
{"level":"info","message":"Created client session 54341ab0cc47a9494104b3c0","timestamp":"2026-07-05 05:19:19"}
{"level":"info","message":"Created client session dd7fd33b454c6377a24eaa7c","timestamp":"2026-07-05 05:19:51"}
{"level":"info","message":"Created client session 9004d73c68a4d3f9cb908e36","timestamp":"2026-07-05 05:19:52"}
{"level":"info","message":"Created client session 2e403fa004b9b7f653830ff6","timestamp":"2026-07-05 05:19:54"}
{"level":"info","message":"Created client session 129576ec8d4c94e403418a25","timestamp":"2026-07-05 05:19:58"}
{"level":"info","message":"Created client session 6b195c967516e4e9ef462876","timestamp":"2026-07-05 05:19:58"}
{"level":"info","message":"Created client session 86617525fc4b132114418b94","timestamp":"2026-07-05 05:20:07"}
{"level":"info","message":"Created client session e14c58dc15d50c4b3d6f7766","timestamp":"2026-07-05 05:20:07"}
{"level":"info","message":"Created client session dd9b92a86f992d5eb5829e94","timestamp":"2026-07-05 05:20:13"}
{"level":"info","message":"Created client session 760d0c61bf3a925ad5edd7a0","timestamp":"2026-07-05 05:20:13"}
{"level":"info","message":"Created client session 60f3a17474f46ce862b5ed99","timestamp":"2026-07-05 05:20:24"}
{"level":"info","message":"Created client session 51a4de08741105d3258496c8","timestamp":"2026-07-05 05:20:27"}
{"level":"info","message":"Created client session 00b53b83ffacd9dfa9a9c224","timestamp":"2026-07-05 05:20:38"}
{"level":"info","message":"Created client session 0101e2e43302f5c707a4f7c9","timestamp":"2026-07-05 05:20:39"}
{"level":"info","message":"Created client session fb78d6adfce5e23b0bba8a4b","timestamp":"2026-07-05 05:20:40"}
{"level":"info","message":"Created client session 158f4ed294dbabc4ebdf3f73","timestamp":"2026-07-05 05:20:48"}
{"level":"info","message":"Created client session 961efd0ae35a4d698cb70841","timestamp":"2026-07-05 05:20:48"}
{"level":"info","message":"Created client session 7227dd144e0eae7f30adb2e1","timestamp":"2026-07-05 05:20:51"}
{"level":"info","message":"Created client session 2ed8719527f267f956ca380a","timestamp":"2026-07-05 05:20:51"}
{"level":"info","message":"Created client session 88a54d710bff1b7e7802ccab","timestamp":"2026-07-05 05:20:57"}
{"level":"info","message":"Created client session 808948090b5aa246895f2515","timestamp":"2026-07-05 05:21:04"}
{"level":"info","message":"Created client session 889132a5e29005a11dd1a112","timestamp":"2026-07-05 05:21:06"}
{"level":"info","message":"Created client session 9c150e4736c8f64f4a2d61d0","timestamp":"2026-07-05 05:21:06"}
{"level":"info","message":"Created client session 6bce7bce1b4fac32a5dab677","timestamp":"2026-07-05 05:21:09"}
{"level":"info","message":"Created client session 1421c72295feba40d898eed0","timestamp":"2026-07-05 05:21:16"}
{"level":"info","message":"Created client session e2745854e3d76143d66d3f28","timestamp":"2026-07-05 05:21:17"}
{"level":"info","message":"Created client session 649e80f62309bb5f49c1e207","timestamp":"2026-07-05 05:21:17"}
{"level":"info","message":"Created client session eb2dc026fbc87d00e2812008","timestamp":"2026-07-05 05:21:27"}
{"level":"info","message":"Created client session 09042bb1cdeae4519bfc6122","timestamp":"2026-07-05 05:21:29"}
{"level":"info","message":"Created client session c5a747c94bc00687f765f791","timestamp":"2026-07-05 05:21:29"}
{"level":"info","message":"Created client session 5b8a6158f5c969af76c3fa63","timestamp":"2026-07-05 05:21:58"}
{"level":"info","message":"Created client session cad0a05b6a9f7c64d9328f15","timestamp":"2026-07-05 05:21:58"}
{"level":"info","message":"Created client session 27b1df8cc321b3c6ea6fac32","timestamp":"2026-07-05 05:21:58"}
{"level":"info","message":"Created client session c3530e294505e364be1b27f1","timestamp":"2026-07-05 05:21:58"}
{"level":"info","message":"Created client session 6d8b211b032ce6a1aceb24a9","timestamp":"2026-07-05 05:21:58"}
{"level":"info","message":"Created client session 92e1a11e7ba9ab5540c03525","timestamp":"2026-07-05 05:21:59"}
{"level":"info","message":"Created client session 5beb1bc3f0d0fd6b79911f16","timestamp":"2026-07-05 05:22:02"}
{"level":"info","message":"Created client session bc822e1af34679325f314236","timestamp":"2026-07-05 05:22:20"}
{"level":"info","message":"Created client session 3131eff9116af60467539eba","timestamp":"2026-07-05 05:22:22"}
{"level":"info","message":"Created client session 45f49ae9089fd35b0978c89e","timestamp":"2026-07-05 05:22:22"}
{"level":"info","message":"Created client session 58255f596c8ca5e78f77d825","timestamp":"2026-07-05 05:22:22"}
{"level":"info","message":"Created client session 29bf88842b2895c454b658ec","timestamp":"2026-07-05 05:22:23"}
{"level":"info","message":"Created client session befc9c1404a79731496eefa4","timestamp":"2026-07-05 05:22:28"}
{"level":"info","message":"Created client session 1f98460cd1882762aeafff4c","timestamp":"2026-07-05 05:22:30"}
{"level":"info","message":"Created client session f845656123b84b5e89f62c00","timestamp":"2026-07-05 05:22:30"}
{"level":"info","message":"Created client session 4a7d79f038f2875b599b6706","timestamp":"2026-07-05 05:22:32"}
{"level":"info","message":"Created client session 3e9ebbe35da8f864a03ce6ac","timestamp":"2026-07-05 05:22:35"}
{"level":"info","message":"Created client session 6a078ae22aa40c8cf93198bc","timestamp":"2026-07-05 05:22:45"}
{"level":"info","message":"Created client session a85c51ab94aaaf6cd1a00142","timestamp":"2026-07-05 05:22:47"}
{"level":"info","message":"Created client session de233c1b01b80b9008bcee9f","timestamp":"2026-07-05 05:22:50"}
{"level":"info","message":"Created client session 30ba4bc1fdc99345acbcd35b","timestamp":"2026-07-05 05:23:06"}
{"level":"info","message":"Created client session ac35d162937dd96203266549","timestamp":"2026-07-05 05:23:17"}
{"level":"info","message":"Created client session 245c9c285c89546826276706","timestamp":"2026-07-05 05:23:17"}
{"level":"info","message":"Created client session d68c7d19c1d4af4c82baab6f","timestamp":"2026-07-05 05:23:21"}
{"level":"info","message":"Created client session 6da974285bd939315ac4248c","timestamp":"2026-07-05 05:23:25"}
{"level":"info","message":"Created client session 1cc61a07135d67134398b521","timestamp":"2026-07-05 05:23:26"}
{"level":"info","message":"Created client session 058f72cab4ad04b8852a8c3f","timestamp":"2026-07-05 05:23:26"}
{"level":"info","message":"Created client session d0f2818c0f6e836a77fa4f32","timestamp":"2026-07-05 05:23:26"}
{"level":"info","message":"Created client session c227c059a78a4a858284f4fb","timestamp":"2026-07-05 05:23:28"}
{"level":"info","message":"Created client session 542da3911cb506c33e862b9b","timestamp":"2026-07-05 05:23:31"}
{"level":"info","message":"Created client session a87ac5c5dc1309966db74487","timestamp":"2026-07-05 05:23:39"}
{"level":"info","message":"Created client session bc9903887dce01a8905943dc","timestamp":"2026-07-05 05:24:05"}
{"level":"info","message":"Created client session f836e1ab6a32d1ab11b32530","timestamp":"2026-07-05 05:24:07"}
{"level":"info","message":"Created client session 80cbff64ae4ef500bfda9091","timestamp":"2026-07-05 05:24:09"}
{"level":"info","message":"Created client session d5048c33ebf476b0d9b34fee","timestamp":"2026-07-05 05:24:12"}
{"level":"info","message":"Created client session effdabd91fea343b6473ec01","timestamp":"2026-07-05 05:24:24"}
{"level":"info","message":"Created client session 66715edc8d509d410b222f8a","timestamp":"2026-07-05 05:24:27"}
{"level":"info","message":"Created client session 9347ef274f955f4edd74bd04","timestamp":"2026-07-05 05:24:27"}
{"level":"info","message":"Created client session f0aa2cbda125b0bd7591f651","timestamp":"2026-07-05 05:24:38"}
{"level":"info","message":"Created client session 6af3a8b50fc8398b7482953e","timestamp":"2026-07-05 05:24:43"}
{"level":"info","message":"Created client session 2d223ae872357030a43a9770","timestamp":"2026-07-05 05:24:52"}
{"level":"info","message":"Created client session f604c01556d93154ad5437a5","timestamp":"2026-07-05 05:24:52"}
{"level":"info","message":"Created client session 92fb70d4da2d424e54f3b111","timestamp":"2026-07-05 05:24:57"}
{"level":"info","message":"Created client session c004eb33f0b49087ae39adcc","timestamp":"2026-07-05 05:24:57"}
{"level":"info","message":"Created client session d77e59ff70eb889a57c03a99","timestamp":"2026-07-05 05:25:14"}
{"level":"info","message":"Created client session 6b986743b8f83dccdac024e5","timestamp":"2026-07-05 05:25:20"}
{"level":"info","message":"Created client session 597714786a5503bfd25e66f9","timestamp":"2026-07-05 05:25:21"}
{"level":"info","message":"Created client session 8f2c6c7f0c130d17755892ed","timestamp":"2026-07-05 05:25:24"}
{"level":"info","message":"Created client session ed1edc27c358e72f544328d9","timestamp":"2026-07-05 05:25:35"}
{"level":"info","message":"Created client session ac4c7d13f782b9473ffc4c46","timestamp":"2026-07-05 05:25:35"}
{"level":"info","message":"Created client session 3a0d15e8164fd3549b2d3ea7","timestamp":"2026-07-05 05:25:40"}
{"level":"info","message":"Created client session 72c56c7bc2b9c64aadeede8e","timestamp":"2026-07-05 05:25:54"}
{"level":"info","message":"Created client session 107bc772a6fc2c7b331ceee5","timestamp":"2026-07-05 05:26:00"}
{"level":"info","message":"Created client session aa1313588cf608fe7537eb60","timestamp":"2026-07-05 05:26:14"}
{"level":"info","message":"Created client session 92b7bb710d907a471c79febd","timestamp":"2026-07-05 05:26:14"}
{"level":"info","message":"Created client session 48cb003dd814368da73b9040","timestamp":"2026-07-05 05:26:16"}
{"level":"info","message":"Created client session f2868900e9d4b9d14a0a004a","timestamp":"2026-07-05 05:26:16"}
{"level":"info","message":"Created client session 0f95fb12a6a0d05986849cc6","timestamp":"2026-07-05 05:26:23"}
{"level":"info","message":"Created client session 1e2cb34e5a9df9f8a30dfc2b","timestamp":"2026-07-05 05:26:28"}
{"level":"info","message":"Created client session 8c3ca790ad4a97203fcc19d6","timestamp":"2026-07-05 05:26:30"}
{"level":"info","message":"Created client session 39d7c83afb957d0efc9b8f48","timestamp":"2026-07-05 05:26:31"}
{"level":"info","message":"Created client session 994854a227223f56e8177f3c","timestamp":"2026-07-05 05:26:43"}
{"level":"info","message":"Created client session a85585ef5bf9eb8a9ca224ef","timestamp":"2026-07-05 05:26:43"}
{"level":"info","message":"Created client session 3acd0c3a4be6e54aa1f4412a","timestamp":"2026-07-05 05:26:44"}
{"level":"info","message":"Created client session 3c7c9dc83382757d87a62fff","timestamp":"2026-07-05 05:26:46"}
{"level":"info","message":"Created client session cbd5c3b3573c0daa7058b1f5","timestamp":"2026-07-05 05:26:49"}
{"level":"info","message":"Created client session ef153091f8dfdc49a9617540","timestamp":"2026-07-05 05:26:50"}
{"level":"info","message":"Created client session d8ddcd1612e0ed2bd9a617fb","timestamp":"2026-07-05 05:26:59"}
{"level":"info","message":"Created client session 3b17657d3cfa6d349699db67","timestamp":"2026-07-05 05:27:00"}
{"level":"info","message":"Created client session 3196f3b276bf4ab0ccddb0a2","timestamp":"2026-07-05 05:27:00"}
{"level":"info","message":"Created client session 5864f52477715d6012f0fd1f","timestamp":"2026-07-05 05:27:08"}
{"level":"info","message":"Created client session bc9f83771e92fdca9b12ddc4","timestamp":"2026-07-05 05:27:09"}
{"level":"info","message":"Created client session 5e01232e192620e18be99bbf","timestamp":"2026-07-05 05:27:20"}
{"level":"info","message":"Created client session dfd96e8464a6e125c2c0b892","timestamp":"2026-07-05 05:27:21"}
{"level":"info","message":"Created client session 35b3d49e16108864be99edb7","timestamp":"2026-07-05 05:27:27"}
{"level":"info","message":"Created client session 0e100bf7c200508d74c455f4","timestamp":"2026-07-05 05:27:28"}
{"level":"info","message":"Created client session 476f88e7ec94df2ccfefa04a","timestamp":"2026-07-05 05:27:47"}
{"level":"info","message":"Created client session 0448953e98c3901368c7aa7b","timestamp":"2026-07-05 05:27:50"}
{"level":"info","message":"Created client session 4e4d93951a64783b5ad12451","timestamp":"2026-07-05 05:28:00"}
{"level":"info","message":"Created client session 9e7939607b7e21e5a22c8512","timestamp":"2026-07-05 05:28:02"}
{"level":"info","message":"Created client session d70ffefb58eb7471965d6772","timestamp":"2026-07-05 05:28:02"}
{"level":"info","message":"Created client session 00345c1770c64fe553ade0e1","timestamp":"2026-07-05 05:28:04"}
{"level":"info","message":"Created client session 651ccfca6444758901b07bbb","timestamp":"2026-07-05 05:28:08"}
{"level":"info","message":"Created client session efdbdb4e1ddec67266c37082","timestamp":"2026-07-05 05:28:08"}
{"level":"info","message":"Created client session b429a44178d503ef7cd0d066","timestamp":"2026-07-05 05:28:17"}
{"level":"info","message":"Created client session 44a68642ae216a99c1ba4809","timestamp":"2026-07-05 05:28:22"}
{"level":"info","message":"Created client session efa4349b82d8627d20156fce","timestamp":"2026-07-05 05:28:26"}
{"level":"info","message":"Created client session f813afd7adcdcf3242134251","timestamp":"2026-07-05 05:28:27"}
{"level":"info","message":"Created client session c2f94edadafd100c4d06c1b4","timestamp":"2026-07-05 05:28:27"}
{"level":"info","message":"Created client session 36dd5785783638a65a78e0c6","timestamp":"2026-07-05 05:28:34"}
{"level":"info","message":"Created client session 1e23ec99e21d919ea41046f0","timestamp":"2026-07-05 05:28:38"}
{"level":"info","message":"Created client session 68a1f6ff0a1e6a83899bf871","timestamp":"2026-07-05 05:28:49"}
{"level":"info","message":"Created client session 09117df5421609c3ee914cb8","timestamp":"2026-07-05 05:28:49"}
{"level":"info","message":"Created client session 54b97d7b94e3a273e6a89e3f","timestamp":"2026-07-05 05:28:52"}
{"level":"info","message":"Created client session 49d273b38fe6590950f45fe2","timestamp":"2026-07-05 05:28:54"}
{"level":"info","message":"Created client session bf1336c76114e5642fef372b","timestamp":"2026-07-05 05:28:57"}
{"level":"info","message":"Created client session 51c5d4336f7e7443df6f3ab5","timestamp":"2026-07-05 05:28:57"}
{"level":"info","message":"Created client session 3b668774b39d612a51cef868","timestamp":"2026-07-05 05:29:08"}
{"level":"info","message":"Created client session 55ab4c0edf5fbc3f285766b5","timestamp":"2026-07-05 05:29:16"}
{"level":"info","message":"Created client session 86b3488d08b667f1b6a97a86","timestamp":"2026-07-05 05:29:20"}
{"level":"info","message":"Created client session 0a8918014a82c25470733cc1","timestamp":"2026-07-05 05:29:27"}
{"level":"info","message":"Created client session 44e4066774b0b791f15abaf8","timestamp":"2026-07-05 05:29:27"}
{"level":"info","message":"Created client session fe592f57c42b3baef53e2ea9","timestamp":"2026-07-05 05:29:37"}
{"level":"info","message":"Created client session 4a8d755cb54cbfa8ffd831f3","timestamp":"2026-07-05 05:29:38"}
{"level":"info","message":"Created client session 2a7aa9c8d684389b3239fac0","timestamp":"2026-07-05 05:29:50"}
{"level":"info","message":"Created client session 312563ed6817ca4935a06ae8","timestamp":"2026-07-05 05:29:56"}
{"level":"info","message":"Created client session 8796e98053243dc29e822c20","timestamp":"2026-07-05 05:29:57"}
{"level":"info","message":"Created client session f61e4d7166a39b390bb62514","timestamp":"2026-07-05 05:29:57"}
{"level":"info","message":"Created client session 92f9d1789728f424e1093d7d","timestamp":"2026-07-05 05:30:09"}
{"level":"info","message":"Created client session 1bb61bdf5aad04dc172e3f1c","timestamp":"2026-07-05 05:30:11"}
{"level":"info","message":"Created client session 29b696fe1d35552f3934a441","timestamp":"2026-07-05 05:30:24"}
{"level":"info","message":"Created client session 51532c529689d2386a439f4e","timestamp":"2026-07-05 05:30:30"}
{"level":"info","message":"Created client session 49850e2d276fb11c7d529e0c","timestamp":"2026-07-05 05:30:43"}
{"level":"info","message":"Created client session 5834d667601f098b613d0612","timestamp":"2026-07-05 05:30:45"}
{"level":"info","message":"Created client session 2c2b865966aab5d56700894f","timestamp":"2026-07-05 05:30:46"}
{"level":"info","message":"Created client session aa030a2bb31b3810ac0f532e","timestamp":"2026-07-05 05:30:50"}
{"level":"info","message":"Created client session 2e839e8159abcc9ca7636dec","timestamp":"2026-07-05 05:30:59"}
{"level":"info","message":"Created client session d71e29e01ecb36f5776b6d42","timestamp":"2026-07-05 05:31:14"}
{"level":"info","message":"Created client session 4f48c45540afee70b9ea642b","timestamp":"2026-07-05 05:31:15"}
{"level":"info","message":"Created client session 87bcb337f43b1039869e56b6","timestamp":"2026-07-05 05:31:16"}
{"level":"info","message":"Created client session b73295f3d6adbd2d3d12024f","timestamp":"2026-07-05 05:31:18"}
{"level":"info","message":"Created client session 2863038d98a0750f182b1a58","timestamp":"2026-07-05 05:31:27"}
{"level":"info","message":"Created client session f6b1cdbd6b3ab48ff56ea901","timestamp":"2026-07-05 05:31:35"}
{"level":"info","message":"Created client session d7f76acbb6affb2e7b740936","timestamp":"2026-07-05 05:31:35"}
{"level":"info","message":"Created client session 05cd432dfd6d72a420e109b5","timestamp":"2026-07-05 05:31:43"}
{"level":"info","message":"Created client session 96bcd0a60e70c5b581e0c821","timestamp":"2026-07-05 05:31:47"}
{"level":"info","message":"Created client session a8286ca6b7e527359ff502d3","timestamp":"2026-07-05 05:31:47"}
{"level":"info","message":"Created client session 13f2e9360bde73cd3d68dd36","timestamp":"2026-07-05 05:31:50"}
{"level":"info","message":"Created client session 156737142dfbb9bda3090d2d","timestamp":"2026-07-05 05:31:59"}
{"level":"info","message":"Created client session 73e1c7dc89ced9606aac238e","timestamp":"2026-07-05 05:32:01"}
{"level":"info","message":"Created client session 9a3ff8cb7ed8fdc2aa88156e","timestamp":"2026-07-05 05:32:02"}
{"level":"info","message":"Created client session dfccd95064d9d5d67293e865","timestamp":"2026-07-05 05:32:02"}
{"level":"info","message":"Created client session d8c5df3c38524da05d8cea7a","timestamp":"2026-07-05 05:32:04"}
{"level":"info","message":"Created client session e1c1dd8d45e177bb94cfb7d8","timestamp":"2026-07-05 05:32:10"}
{"level":"info","message":"Created client session d2fad72af26595dd1f0a2d76","timestamp":"2026-07-05 05:32:10"}
{"level":"info","message":"Created client session ffeb8ded018cfbcc2a26416e","timestamp":"2026-07-05 05:32:10"}
{"level":"info","message":"Created client session 5a94d5266553f1ef798fd863","timestamp":"2026-07-05 05:32:12"}
{"level":"info","message":"Created client session b7410525492915f46d3d7222","timestamp":"2026-07-05 05:32:12"}
{"level":"info","message":"Created client session 0140d55afafa062221e02274","timestamp":"2026-07-05 05:32:13"}
{"level":"info","message":"Created client session 467d3403b1d8ec66f75eb124","timestamp":"2026-07-05 05:32:22"}
{"level":"info","message":"Created client session d275bac99a0a098816b480c1","timestamp":"2026-07-05 05:32:31"}
{"level":"info","message":"Created client session 1675528b720b65dffa568356","timestamp":"2026-07-05 05:32:31"}
{"level":"info","message":"Created client session cc30b7335f33157abe5c634c","timestamp":"2026-07-05 05:32:31"}
{"level":"info","message":"Created client session 4916af46fb0d4f8b390779b4","timestamp":"2026-07-05 05:32:36"}
{"level":"info","message":"Created client session f6f28a7ef6171f4d31d76c56","timestamp":"2026-07-05 05:32:37"}
{"level":"info","message":"Created client session f1ba665ce5a990eda21880f0","timestamp":"2026-07-05 05:32:49"}
{"level":"info","message":"Created client session f3513078e83ab6e0eddf54b6","timestamp":"2026-07-05 05:32:50"}
{"level":"info","message":"Created client session be3fba8e97413cdac17ec2c9","timestamp":"2026-07-05 05:32:50"}
{"level":"info","message":"Created client session 344d5aa018e6a12d345e776b","timestamp":"2026-07-05 05:32:53"}
{"level":"info","message":"Created client session aa808ad8eda269d72e902af4","timestamp":"2026-07-05 05:33:03"}
{"level":"info","message":"Created client session 35b98db78dc6ce0a2fdf1a8b","timestamp":"2026-07-05 05:33:07"}
{"level":"info","message":"Created client session d74b4a7a607235fd645b342f","timestamp":"2026-07-05 05:33:12"}
{"level":"info","message":"Created client session 16cc102818cb715ee5b898a0","timestamp":"2026-07-05 05:33:13"}
{"level":"info","message":"Created client session 0103c1de035244674660490a","timestamp":"2026-07-05 05:33:20"}
{"level":"info","message":"Created client session 686a12ee53b28766bf18ef1b","timestamp":"2026-07-05 05:33:24"}
{"level":"info","message":"Created client session 8fc9eed1d81cec07194d7f41","timestamp":"2026-07-05 05:33:37"}
{"level":"info","message":"Created client session 84e0788cec20428fb44d83f5","timestamp":"2026-07-05 05:33:41"}
{"level":"info","message":"Created client session 26acb8159a5727f380b82fea","timestamp":"2026-07-05 05:33:52"}
{"level":"info","message":"Created client session 9b6128063250f50b382f1b25","timestamp":"2026-07-05 05:33:59"}
{"level":"info","message":"Created client session a43f06a99d6c5b8b231bed80","timestamp":"2026-07-05 05:34:09"}
{"level":"info","message":"Created client session 9393438a6529f0cc13c74390","timestamp":"2026-07-05 05:34:10"}
{"level":"info","message":"Created client session 5f39bf753986c64bc3653948","timestamp":"2026-07-05 05:34:14"}
{"level":"info","message":"Created client session 234482afddcbfb5c0a19ae45","timestamp":"2026-07-05 05:34:16"}
{"level":"info","message":"Created client session 9b17edfc6455d3f8d2d33b98","timestamp":"2026-07-05 05:34:16"}
{"level":"info","message":"Created client session 64c701e751099a57f756b20a","timestamp":"2026-07-05 05:34:16"}
{"level":"info","message":"Created client session d2bfe82c73a055aa625a609f","timestamp":"2026-07-05 05:34:20"}
{"level":"info","message":"Created client session 69ad2913cdaa0b1c7c7fb935","timestamp":"2026-07-05 05:34:20"}
{"level":"info","message":"Created client session 80d8c6dbefbce607d4b9be7c","timestamp":"2026-07-05 05:34:22"}
{"level":"info","message":"Created client session 86d6b861c149178347c24707","timestamp":"2026-07-05 05:34:23"}
{"level":"info","message":"Created client session 2f85fbabcf5ce0e89411d55d","timestamp":"2026-07-05 05:34:27"}
{"level":"info","message":"Created client session 32f04662e3b8aaf8b2e430ca","timestamp":"2026-07-05 05:34:27"}
{"level":"info","message":"Created client session 720f5a04481841964e2b7ebc","timestamp":"2026-07-05 05:34:27"}
{"level":"info","message":"Created client session fa361e439815fcb73d6debb0","timestamp":"2026-07-05 05:34:30"}
{"level":"info","message":"Created client session d5bb9d16a242a13164f7b770","timestamp":"2026-07-05 05:34:34"}
{"level":"info","message":"Created client session 77281c7e4af5c779521e62d2","timestamp":"2026-07-05 05:34:54"}
{"level":"info","message":"Created client session 3b06763fe9f8c76123485e64","timestamp":"2026-07-05 05:34:56"}
{"level":"info","message":"Created client session d7add3b15bbc2d9eb8d124bb","timestamp":"2026-07-05 05:34:58"}
{"level":"info","message":"Created client session c093642891f74d17f0fafee2","timestamp":"2026-07-05 05:35:06"}
{"level":"info","message":"Created client session 91ac0c9e5f977b93a1a828d8","timestamp":"2026-07-05 05:35:16"}
{"level":"info","message":"Created client session 0b77a4913bcdc7481a1389ab","timestamp":"2026-07-05 05:35:39"}
{"level":"info","message":"Created client session d27a903f337496bc3a697fb3","timestamp":"2026-07-05 05:35:39"}
{"level":"info","message":"Created client session 63d8fd2eecdd7095d9c5a948","timestamp":"2026-07-05 05:35:49"}
{"level":"info","message":"Created client session 4b8a86cead0e4f41f432b779","timestamp":"2026-07-05 05:35:49"}
{"level":"info","message":"Created client session 8c8e4a6c9f2dfc201242165d","timestamp":"2026-07-05 05:35:50"}
{"level":"info","message":"Created client session ada3bad675df068969bc09d9","timestamp":"2026-07-05 05:36:01"}
{"level":"info","message":"Created client session 9dbd31504b8f63d99874dcd7","timestamp":"2026-07-05 05:36:01"}
{"level":"info","message":"Created client session 42c88576c4c61cea66cc335c","timestamp":"2026-07-05 05:36:09"}
{"level":"info","message":"Created client session 43077b276bf69cc9ad4455b7","timestamp":"2026-07-05 05:36:11"}
{"level":"info","message":"Created client session 9e38ad478048ac2a771f0c7f","timestamp":"2026-07-05 05:36:11"}
{"level":"info","message":"Created client session ddcb600c3b3aead6a5663db8","timestamp":"2026-07-05 05:36:27"}
{"level":"info","message":"Created client session 772cc1d1cbd096d42d91b76b","timestamp":"2026-07-05 05:36:27"}
{"level":"info","message":"Created client session 59e44400d2ca53f145e61987","timestamp":"2026-07-05 05:36:33"}
{"level":"info","message":"Created client session 7f1bb559d85e25eb3267b533","timestamp":"2026-07-05 05:36:36"}
{"level":"info","message":"Created client session 3993c5cc324032a6b12b296d","timestamp":"2026-07-05 05:36:45"}
{"level":"info","message":"Created client session f92dfc2c0069d99918086ff6","timestamp":"2026-07-05 05:36:48"}
{"level":"info","message":"Created client session eb6810f8c9897825142d889e","timestamp":"2026-07-05 05:36:49"}
{"level":"info","message":"Created client session cf8188d4c65f10ae0c64826a","timestamp":"2026-07-05 05:36:51"}
{"level":"info","message":"Created client session e9fc5a28dc3f268f4d029c99","timestamp":"2026-07-05 05:37:00"}
{"level":"info","message":"Created client session 338cb0ae638194af497f4a71","timestamp":"2026-07-05 05:37:00"}
{"level":"info","message":"Created client session a0d5fecb3cc8a990d98d7c59","timestamp":"2026-07-05 05:37:01"}
{"level":"info","message":"Created client session 95eae963fe2058bc2f62caa8","timestamp":"2026-07-05 05:37:01"}
{"level":"info","message":"Created client session 52f2f6487f69808d005563d0","timestamp":"2026-07-05 05:37:05"}
{"level":"info","message":"Created client session e42a67a93ed3567637dda4e0","timestamp":"2026-07-05 05:37:07"}
{"level":"info","message":"Created client session b9367c76ab8a265e1794cd7b","timestamp":"2026-07-05 05:37:07"}
{"level":"info","message":"Created client session d2dea5d6e3879541c0233e7a","timestamp":"2026-07-05 05:37:15"}
{"level":"info","message":"Created client session 871ca79acd28ee1690c82581","timestamp":"2026-07-05 05:37:21"}
{"level":"info","message":"Created client session f48dbf6e2cd7fd3ac5545ad3","timestamp":"2026-07-05 05:37:22"}
{"level":"info","message":"Created client session ed24ed37ffd7302382d1a522","timestamp":"2026-07-05 05:37:22"}
{"level":"info","message":"Created client session 836c534aecf2dd3f3478f07e","timestamp":"2026-07-05 05:37:22"}
{"level":"info","message":"Created client session 27835bf92375a6859ac14077","timestamp":"2026-07-05 05:37:32"}
{"level":"info","message":"Created client session 71637325388dc941a95b9080","timestamp":"2026-07-05 05:37:35"}
{"level":"info","message":"Created client session ab6debc3713c4a9abb247ae5","timestamp":"2026-07-05 05:37:49"}
{"level":"info","message":"Created client session 9fb79479274b12f2d852ad9a","timestamp":"2026-07-05 05:37:51"}
{"level":"info","message":"Created client session 64ffe96878ca94f0b7ded140","timestamp":"2026-07-05 05:37:51"}
{"level":"info","message":"Created client session d2e087310c69df9f6320991f","timestamp":"2026-07-05 05:37:54"}
{"level":"info","message":"Created client session e129369dc55603ffd78179f1","timestamp":"2026-07-05 05:38:04"}
{"level":"info","message":"Created client session 21ac5373465b7ef6e33fe10e","timestamp":"2026-07-05 05:38:04"}
{"level":"info","message":"Created client session a6022da233bc506b93c6a0b6","timestamp":"2026-07-05 05:38:07"}
{"level":"info","message":"Created client session 739e565e874d486354490c47","timestamp":"2026-07-05 05:38:24"}
{"level":"info","message":"Created client session 231220c2d594103e930bf689","timestamp":"2026-07-05 05:38:36"}
{"level":"info","message":"Created client session f5be19c570331b4efd44f82d","timestamp":"2026-07-05 05:38:36"}
{"level":"info","message":"Created client session 2b1c675eba9aef32127dec2c","timestamp":"2026-07-05 05:38:38"}
{"level":"info","message":"Created client session b750be27a3c4a241cedd678d","timestamp":"2026-07-05 05:38:41"}
{"level":"info","message":"Created client session d30d1c7d4eb50ccaa31a5f12","timestamp":"2026-07-05 05:38:53"}
{"level":"info","message":"Created client session d015e79d038b5edc9cb2db94","timestamp":"2026-07-05 05:38:53"}
{"level":"info","message":"Created client session b856ad42016515472bbdea8c","timestamp":"2026-07-05 05:38:58"}
{"level":"info","message":"Created client session 9eeee2b5e0a4a251748ed907","timestamp":"2026-07-05 05:39:01"}
{"level":"info","message":"Created client session ead0a22c68c09fd752ab2fc2","timestamp":"2026-07-05 05:39:02"}
{"level":"info","message":"Created client session 2088aab819fee563128b655f","timestamp":"2026-07-05 05:39:11"}
{"level":"info","message":"Created client session 045a784d7c2c8929412b4f25","timestamp":"2026-07-05 05:39:11"}
{"level":"info","message":"Created client session db86aa6b9664a5a07beabd88","timestamp":"2026-07-05 05:39:22"}
{"level":"info","message":"Created client session de4829a9b530bd0f6e78026d","timestamp":"2026-07-05 05:39:23"}
{"level":"info","message":"Created client session 775655d1c07e7c14f99444ea","timestamp":"2026-07-05 05:39:29"}
{"level":"info","message":"Created client session b60c52e2f12115170f49a690","timestamp":"2026-07-05 05:39:39"}
{"level":"info","message":"Created client session 50592ecbe8cd81fa5be9a8b2","timestamp":"2026-07-05 05:39:41"}
{"level":"info","message":"Created client session 2c22a7c08b129c8453ace10a","timestamp":"2026-07-05 05:39:45"}
{"level":"info","message":"Created client session bac346cc3a6bcf07af5b5cbe","timestamp":"2026-07-05 05:39:56"}
{"level":"info","message":"Created client session d15d34f8c10eeef410b5638a","timestamp":"2026-07-05 05:40:11"}
{"level":"info","message":"Created client session 5685a33416d5e2fedbb1ae03","timestamp":"2026-07-05 05:40:13"}
{"level":"info","message":"Created client session f6e78af780bb31150112388a","timestamp":"2026-07-05 05:40:15"}
{"level":"info","message":"Created client session f16ccbb4a9c68a459358b0c5","timestamp":"2026-07-05 05:40:22"}
{"level":"info","message":"Created client session a524c6fc6e8ac9bb6b8b87b1","timestamp":"2026-07-05 05:40:23"}
{"level":"info","message":"Created client session 01cda622a0c14dd38f6c7f23","timestamp":"2026-07-05 05:40:32"}
{"level":"info","message":"Created client session e934f0363f76ce2feffb8392","timestamp":"2026-07-05 05:40:46"}
{"level":"info","message":"Created client session b357edc10a19a584ff891eef","timestamp":"2026-07-05 05:40:54"}
{"level":"info","message":"Created client session 1eba95d13acb903a45b0d413","timestamp":"2026-07-05 05:40:59"}
{"level":"info","message":"Created client session 6d72f260203b295c55ba0db7","timestamp":"2026-07-05 05:41:16"}
{"level":"info","message":"Created client session 81d39a0e04884bc8f4ba72e0","timestamp":"2026-07-05 05:41:21"}
{"level":"info","message":"Created client session 1bb0b73944a4fe6c26082dc9","timestamp":"2026-07-05 05:41:23"}
{"level":"info","message":"Created client session 251d81d366f393eabb61d241","timestamp":"2026-07-05 05:41:24"}
{"level":"info","message":"Created client session 56b475927f8990a57a9051dc","timestamp":"2026-07-05 05:41:26"}
{"level":"info","message":"Created client session 429e2e0021b61aff5e27cb49","timestamp":"2026-07-05 05:41:26"}
{"level":"info","message":"Created client session 6373e5d321cc50ee932eabbd","timestamp":"2026-07-05 05:41:26"}
{"level":"info","message":"Created client session 6e39b573396970006d83c828","timestamp":"2026-07-05 05:41:35"}
{"level":"info","message":"Created client session 7a92639e37b6f3cfae6a6dfe","timestamp":"2026-07-05 05:41:46"}
{"level":"info","message":"Created client session 647c577915a54a52ecbe7f19","timestamp":"2026-07-05 05:41:47"}
{"level":"info","message":"Created client session 30ce7237a7557234084d7d6c","timestamp":"2026-07-05 05:41:59"}
{"level":"info","message":"Created client session 4a819c42e4c03a35c824ed22","timestamp":"2026-07-05 05:42:00"}
{"level":"info","message":"Created client session 4ced9206f019fef133df189f","timestamp":"2026-07-05 05:42:00"}
{"level":"info","message":"Created client session d016ebf0b6b8f071792c137c","timestamp":"2026-07-05 05:42:05"}
{"level":"info","message":"Created client session 54fb6919195cf1459373d9db","timestamp":"2026-07-05 05:42:16"}
{"level":"info","message":"Created client session 3bd1772c8d860b53ef41858e","timestamp":"2026-07-05 05:42:27"}
{"level":"info","message":"Created client session 38b8c27e5e3d937c67474da1","timestamp":"2026-07-05 05:42:34"}
{"level":"info","message":"Created client session 2b282413ae5d403848a35be8","timestamp":"2026-07-05 05:42:37"}
{"level":"info","message":"Created client session 7f8ec8c340b76260b4df9f93","timestamp":"2026-07-05 05:42:42"}
{"level":"info","message":"Created client session f8af484ed61a73d7d90cc2a1","timestamp":"2026-07-05 05:42:49"}
{"level":"info","message":"Created client session 0b7b370de4c6a8477f8eec6c","timestamp":"2026-07-05 05:42:49"}
{"level":"info","message":"Created client session 5e1acc47da4e74a28973fe19","timestamp":"2026-07-05 05:42:51"}
{"level":"info","message":"Created client session f35e79a6f8762e87cf00d362","timestamp":"2026-07-05 05:43:00"}
{"level":"info","message":"Created client session 742d6b2b98e7a8cc4bad9e76","timestamp":"2026-07-05 05:43:01"}
{"level":"info","message":"Created client session 8427cdf6d8166935b3dc6386","timestamp":"2026-07-05 05:43:02"}
{"level":"info","message":"Created client session 315d4dd247599d77d136ff94","timestamp":"2026-07-05 05:43:06"}
{"level":"info","message":"Created client session 5d391caf63e47479bcedf1de","timestamp":"2026-07-05 05:43:07"}
{"level":"info","message":"Created client session c65061c55300db0593945b59","timestamp":"2026-07-05 05:43:10"}
{"level":"info","message":"Created client session d6cdf7a663eab972dbcd9208","timestamp":"2026-07-05 05:43:13"}
{"level":"info","message":"Created client session b4d1590fa83d0ca9b18d23de","timestamp":"2026-07-05 05:43:21"}
{"level":"info","message":"Created client session 1aa9ca6689e3c66fe260b5dd","timestamp":"2026-07-05 05:43:24"}
{"level":"info","message":"Created client session ec21f7339bb743db98624a1f","timestamp":"2026-07-05 05:43:37"}
{"level":"info","message":"Created client session 00965c40b812c8efbbe8eaad","timestamp":"2026-07-05 05:43:40"}
{"level":"info","message":"Created client session 3d57d96a02f66c85cdb2a195","timestamp":"2026-07-05 05:43:40"}
{"level":"info","message":"Created client session f5ab65b69b5932866c671aaf","timestamp":"2026-07-05 05:43:41"}
{"level":"info","message":"Created client session 9dce13405274c5853c10533a","timestamp":"2026-07-05 05:43:55"}
{"level":"info","message":"Created client session 1d39822ae2dde032dec5c239","timestamp":"2026-07-05 05:44:00"}
{"level":"info","message":"Created client session 8a0fb0cd59a2df1d37b6a79f","timestamp":"2026-07-05 05:44:00"}
{"level":"info","message":"Created client session c0d0c8e596dbd954496d0d86","timestamp":"2026-07-05 05:44:09"}
{"level":"info","message":"Created client session ca22a374681d7cbbd3a5be28","timestamp":"2026-07-05 05:44:12"}
{"level":"info","message":"Created client session 195375148391fed64e468b40","timestamp":"2026-07-05 05:44:24"}
{"level":"info","message":"Created client session 346acb6a5e12c8eca201eb48","timestamp":"2026-07-05 05:44:24"}
{"level":"info","message":"Created client session 65e974a6c7d996d465d07792","timestamp":"2026-07-05 05:44:35"}
{"level":"info","message":"Created client session 044925727250b898d044f5f5","timestamp":"2026-07-05 05:44:40"}
{"level":"info","message":"Created client session 0e464d239f9ccae25d0dd319","timestamp":"2026-07-05 05:44:48"}
{"level":"info","message":"Created client session 4b69da383b7d092c96e67547","timestamp":"2026-07-05 05:44:57"}
{"level":"info","message":"Created client session bc7fc22f94cd101b48d64492","timestamp":"2026-07-05 05:45:01"}
{"level":"info","message":"Created client session 6394141018baef73b148d6da","timestamp":"2026-07-05 05:45:12"}
{"level":"info","message":"Created client session eb87e0d5bfbda356e66fa4d7","timestamp":"2026-07-05 05:45:12"}
{"level":"info","message":"Created client session 3bbe0aa5b50026e1819a2804","timestamp":"2026-07-05 05:45:30"}
{"level":"info","message":"Created client session bd3eda01755e213e30d9284c","timestamp":"2026-07-05 05:45:32"}
{"level":"info","message":"Created client session c31174ca6c9d48f03f6bf080","timestamp":"2026-07-05 05:45:33"}
{"level":"info","message":"Created client session 9236aa78b1896810cb97f448","timestamp":"2026-07-05 05:45:49"}
{"level":"info","message":"Created client session 24eb072e9e305b75b6cf2b02","timestamp":"2026-07-05 05:45:49"}
{"level":"info","message":"Created client session 3923889604a6f111c65fc10b","timestamp":"2026-07-05 05:45:50"}
{"level":"info","message":"Created client session 496ce7150f1c8107f07d8d45","timestamp":"2026-07-05 05:46:07"}
{"level":"info","message":"Created client session 507103fe72cc143dd070a954","timestamp":"2026-07-05 05:46:08"}
{"level":"info","message":"Created client session 11d590ef0a80cea1cf8b1a82","timestamp":"2026-07-05 05:46:16"}
{"level":"info","message":"Created client session 3f86c669747bd7446143a2d2","timestamp":"2026-07-05 05:46:20"}
{"level":"info","message":"Created client session 28a81999ec23a5172b860217","timestamp":"2026-07-05 05:46:23"}
{"level":"info","message":"Created client session 2c2782b63f1319881423a655","timestamp":"2026-07-05 05:46:34"}
{"level":"info","message":"Created client session e8bd9067671350c69f91e8f0","timestamp":"2026-07-05 05:46:38"}
{"level":"info","message":"Created client session ffd49ac445c2b2edff262e1f","timestamp":"2026-07-05 05:46:48"}
{"level":"info","message":"Created client session 89564c8aba062ab24eba3439","timestamp":"2026-07-05 05:46:51"}
{"level":"info","message":"Created client session e794e7aed1e5ae30bd3c5d79","timestamp":"2026-07-05 05:46:55"}
{"level":"info","message":"Created client session 36e62c165777cfbe0fd0298d","timestamp":"2026-07-05 05:47:01"}
{"level":"info","message":"Created client session 189a90581fa5d3cc73c23662","timestamp":"2026-07-05 05:47:01"}
{"level":"info","message":"Created client session c11817b51da7f67104c5b9c8","timestamp":"2026-07-05 05:47:03"}
{"level":"info","message":"Created client session e7c5f27a1f09f43338427034","timestamp":"2026-07-05 05:47:06"}
{"level":"info","message":"Created client session f41c610f70656f4368cf806f","timestamp":"2026-07-05 05:47:06"}
{"level":"info","message":"Created client session e86e99801eec445eb1fe07a0","timestamp":"2026-07-05 05:47:23"}
{"level":"info","message":"Created client session c743ffdd5e043ea3365dde54","timestamp":"2026-07-05 05:47:23"}
{"level":"info","message":"Created client session 9d22bf19c03017bfa5cd3f58","timestamp":"2026-07-05 05:47:34"}
{"level":"info","message":"Created client session 5119c920e0900356cf719dde","timestamp":"2026-07-05 05:47:48"}
{"level":"info","message":"Created client session dd95ee5163cdadf429c08c54","timestamp":"2026-07-05 05:47:49"}
{"level":"info","message":"Created client session b229ffe4fc829e685d447bb4","timestamp":"2026-07-05 05:47:51"}
{"level":"info","message":"Created client session c089b2eb61e259eb11f62514","timestamp":"2026-07-05 05:47:53"}
{"level":"info","message":"Created client session cffe64d0c71d4ad8b7665a60","timestamp":"2026-07-05 05:47:54"}
{"level":"info","message":"Created client session d3b4746c3033a643bb936247","timestamp":"2026-07-05 05:47:55"}
{"level":"info","message":"Created client session c667e4ea304b4b73f4eab0ee","timestamp":"2026-07-05 05:47:58"}
{"level":"info","message":"Created client session 805371d92c926262f67ffbe7","timestamp":"2026-07-05 05:47:59"}
{"level":"info","message":"Created client session 9dcdfc85879784872b41e3d3","timestamp":"2026-07-05 05:48:08"}
{"level":"info","message":"Created client session d7af68ccf4be3ce3bbcfba61","timestamp":"2026-07-05 05:48:13"}
{"level":"info","message":"Created client session cd94b760702069624d72fd84","timestamp":"2026-07-05 05:48:18"}
{"level":"info","message":"Created client session 51bf895d3a9037f76c5f1e0f","timestamp":"2026-07-05 05:48:18"}
{"level":"info","message":"Created client session 348d5b5fc2fc04df50c57a7a","timestamp":"2026-07-05 05:48:21"}
{"level":"info","message":"Created client session 2395a94521949c4f5f987e77","timestamp":"2026-07-05 05:48:22"}
{"level":"info","message":"Created client session 15b443c4f60fb82ca0b1f45c","timestamp":"2026-07-05 05:48:22"}
{"level":"info","message":"Created client session 916ebc0d2365cf9da429f9dc","timestamp":"2026-07-05 05:48:29"}
{"level":"info","message":"Created client session cf151d4f70164975147c5bdf","timestamp":"2026-07-05 05:48:36"}
{"level":"info","message":"Created client session 95aed0ef2e30fd731fa82e28","timestamp":"2026-07-05 05:48:36"}
{"level":"info","message":"Created client session f78c4bd9cdea4231cb054456","timestamp":"2026-07-05 05:48:36"}
{"level":"info","message":"Created client session df0218b55d66887f8444ed6f","timestamp":"2026-07-05 05:48:38"}
{"level":"info","message":"Created client session b4adc5ffb9e77683e7f0c397","timestamp":"2026-07-05 05:48:39"}
{"level":"info","message":"Created client session 2efa3157ee43e9242c864d76","timestamp":"2026-07-05 05:48:40"}
{"level":"info","message":"Created client session 964eef1cfd6e4081274e01a2","timestamp":"2026-07-05 05:48:41"}
{"level":"info","message":"Created client session 19e48c0c5a4784bcdb2e1b23","timestamp":"2026-07-05 05:48:42"}
{"level":"info","message":"Created client session 00a03375beb63fb1f9e838b8","timestamp":"2026-07-05 05:48:48"}
{"level":"info","message":"Created client session 70c2c54bb5f125f7739b3b98","timestamp":"2026-07-05 05:48:53"}
{"level":"info","message":"Created client session f8fc35baa3295cb1d989a0bb","timestamp":"2026-07-05 05:48:53"}
{"level":"info","message":"Created client session 57ee5becc3aadea01e3b8e62","timestamp":"2026-07-05 05:48:53"}
{"level":"info","message":"Created client session efff2630db25662b57048a98","timestamp":"2026-07-05 05:48:53"}
{"level":"info","message":"Created client session 43daf8574c08530e305e2eff","timestamp":"2026-07-05 05:49:01"}
{"level":"info","message":"Created client session 2397b323b94cc8f7bce6adb3","timestamp":"2026-07-05 05:49:14"}
{"level":"info","message":"Created client session b12cae79a4ac015a002fcdfb","timestamp":"2026-07-05 05:49:26"}
{"level":"info","message":"Created client session 8fca3d76e762475385285913","timestamp":"2026-07-05 05:49:26"}
{"level":"info","message":"Created client session b5747719ac5b8c4c4df41895","timestamp":"2026-07-05 05:49:30"}
{"level":"info","message":"Created client session eb27d6489b7749c9be706ee8","timestamp":"2026-07-05 05:49:43"}
{"level":"info","message":"Created client session c6ce7eefbef56a7f12e33dd6","timestamp":"2026-07-05 05:49:46"}
{"level":"info","message":"Created client session 7cd6580a9c073cc8bcca517a","timestamp":"2026-07-05 05:49:46"}
{"level":"info","message":"Created client session 978f89ffa7b542a950b9fec3","timestamp":"2026-07-05 05:49:48"}
{"level":"info","message":"Created client session cc6f087b81a515078c877681","timestamp":"2026-07-05 05:49:57"}
{"level":"info","message":"Created client session e832d8cad822ab13ae06f3df","timestamp":"2026-07-05 05:50:00"}
{"level":"info","message":"Created client session 76a37df89508836bddc90a92","timestamp":"2026-07-05 05:50:01"}
{"level":"info","message":"Created client session 157fad18ca1573136d3ff7a4","timestamp":"2026-07-05 05:50:03"}
{"level":"info","message":"Created client session ff5660751d17b1357ad35cf8","timestamp":"2026-07-05 05:50:13"}
{"level":"info","message":"Created client session c8c5453607884a1c8f3a6f4d","timestamp":"2026-07-05 05:50:13"}
{"level":"info","message":"Created client session c2e0105eda8330f17b315bb5","timestamp":"2026-07-05 05:50:13"}
{"level":"info","message":"Created client session e224918f2cb676eb342f3da9","timestamp":"2026-07-05 05:50:18"}
{"level":"info","message":"Created client session cc49ef100a4141160e9f44ea","timestamp":"2026-07-05 05:50:18"}
{"level":"info","message":"Created client session 05e4ccacdfced0497f64d953","timestamp":"2026-07-05 05:50:32"}
{"level":"info","message":"Created client session 1f6b5212e638b0bc8d71f688","timestamp":"2026-07-05 05:50:49"}
{"level":"info","message":"Created client session b318441c05271a77c33d3bff","timestamp":"2026-07-05 05:51:00"}
{"level":"info","message":"Created client session 597aa6d6eac800f8a101709f","timestamp":"2026-07-05 05:51:05"}
{"level":"info","message":"Created client session dc3f286d63a373c674cedca8","timestamp":"2026-07-05 05:51:05"}
{"level":"info","message":"Created client session ab45b4c348e04edab53dbe64","timestamp":"2026-07-05 05:51:06"}
{"level":"info","message":"Created client session 8d45c0eba5df83a909b7ce88","timestamp":"2026-07-05 05:51:07"}
{"level":"info","message":"Created client session 09a593c24b5b329816f1c0ee","timestamp":"2026-07-05 05:51:08"}
{"level":"info","message":"Created client session cf13453398896e81a4ac1e7a","timestamp":"2026-07-05 05:51:10"}
{"level":"info","message":"Created client session ecbad458ff8ae0c419de3770","timestamp":"2026-07-05 05:51:16"}
{"level":"info","message":"Created client session 99db101700c53fca1fdc69d2","timestamp":"2026-07-05 05:51:23"}
{"level":"info","message":"Created client session 22fdfb545e9059e6a2577438","timestamp":"2026-07-05 05:51:24"}
{"level":"info","message":"Created client session 57e796f765e21942ef00ca01","timestamp":"2026-07-05 05:51:32"}
{"level":"info","message":"Created client session b5c662bdfce767b40fa6486b","timestamp":"2026-07-05 05:51:32"}
{"level":"info","message":"Created client session 984ad26b6784bbac57e22721","timestamp":"2026-07-05 05:51:34"}
{"level":"info","message":"Created client session dbde73329e492739bdd975a1","timestamp":"2026-07-05 05:51:48"}
{"level":"info","message":"Created client session 6cf8f07f2bcb0f85ea65193b","timestamp":"2026-07-05 05:51:48"}
{"level":"info","message":"Created client session e7ffb9356872bd8b52e40040","timestamp":"2026-07-05 05:51:55"}
{"level":"info","message":"Created client session 3bef0606c4e211abd3d8e4cd","timestamp":"2026-07-05 05:51:55"}
{"level":"info","message":"Created client session 33808462434a9dbb27a76ef8","timestamp":"2026-07-05 05:51:55"}
{"level":"info","message":"Created client session fb642bc4a357c521c1b210c3","timestamp":"2026-07-05 05:51:58"}
{"level":"info","message":"Created client session 4c62f7da0d61a0a160660636","timestamp":"2026-07-05 05:51:59"}
{"level":"info","message":"Created client session 8a2ca766a36138939a74d830","timestamp":"2026-07-05 05:51:59"}
{"level":"info","message":"Created client session 11b31a65ae54de3fa73cf209","timestamp":"2026-07-05 05:51:59"}
{"level":"info","message":"Created client session 2c17ef2597aa6dedf9d3d69a","timestamp":"2026-07-05 05:52:06"}
{"level":"info","message":"Created client session c0c770552e9cf9dc829d17b6","timestamp":"2026-07-05 05:52:10"}
{"level":"info","message":"Created client session 263af5f3fb62ef4089fe3054","timestamp":"2026-07-05 05:52:23"}
{"level":"info","message":"Created client session 83112800aaeb16ecc7e586f6","timestamp":"2026-07-05 05:52:24"}
{"level":"info","message":"Created client session 4d93b322d4a8ef61588f1487","timestamp":"2026-07-05 05:52:26"}
{"level":"info","message":"Created client session 76e8a799a77986ed13c1cff4","timestamp":"2026-07-05 05:52:29"}
{"level":"info","message":"Created client session bb97d0d2f13d19f1c9982609","timestamp":"2026-07-05 05:52:32"}
{"level":"info","message":"Created client session 44b88e192df02acbdcb45baf","timestamp":"2026-07-05 05:52:34"}
{"level":"info","message":"Created client session 19e4496b4999e22d80367f57","timestamp":"2026-07-05 05:52:34"}
{"level":"info","message":"Created client session d056bffa1e46e45e0827d2c7","timestamp":"2026-07-05 05:52:34"}
{"level":"info","message":"Created client session 3a13d93d6f920bff06eb0c56","timestamp":"2026-07-05 05:52:39"}
{"level":"info","message":"Created client session f12ad1f2b5e6653f21d0f346","timestamp":"2026-07-05 05:52:42"}
{"level":"info","message":"Created client session b45f5aaaeceba9a3291ae935","timestamp":"2026-07-05 05:52:50"}
{"level":"info","message":"Created client session ace85964819dbacd244a62bb","timestamp":"2026-07-05 05:52:52"}
{"level":"info","message":"Created client session ad2525f9c4c214df084ec499","timestamp":"2026-07-05 05:52:54"}
{"level":"info","message":"Created client session f3212f26a4a78993828734c6","timestamp":"2026-07-05 05:53:01"}
{"level":"info","message":"Created client session a47d064e394174544f21096c","timestamp":"2026-07-05 05:53:04"}
{"level":"info","message":"Created client session 254575d5efc15c46eb9df002","timestamp":"2026-07-05 05:53:05"}
{"level":"info","message":"Created client session b7c08a89f14cf86be69060f6","timestamp":"2026-07-05 05:53:05"}
{"level":"info","message":"Created client session 23a2be245194f6af3c20f7c4","timestamp":"2026-07-05 05:53:05"}
{"level":"info","message":"Created client session 6be5de15f20fa41b6a39abc9","timestamp":"2026-07-05 05:53:06"}
{"level":"info","message":"Created client session 1d97023938f417ac36f61589","timestamp":"2026-07-05 05:53:08"}
{"level":"info","message":"Created client session 615d37e68688639839e2fd19","timestamp":"2026-07-05 05:53:10"}
{"level":"info","message":"Created client session d10c995a5782b42281503a73","timestamp":"2026-07-05 05:53:17"}
{"level":"info","message":"Created client session d307334b5b30357ada5c6806","timestamp":"2026-07-05 05:53:18"}
{"level":"info","message":"Created client session 359d2486370a0ded67bf3ccd","timestamp":"2026-07-05 05:53:20"}
{"level":"info","message":"Created client session 3a9ade8817b92169d11fd6d5","timestamp":"2026-07-05 05:53:26"}
{"level":"info","message":"Created client session 2f733837f0dd4368cc9fffe5","timestamp":"2026-07-05 05:53:33"}
{"level":"info","message":"Created client session bebaad66849af5487b749750","timestamp":"2026-07-05 05:53:39"}
{"level":"info","message":"Created client session 26aaf2fa38741e064d57e2e7","timestamp":"2026-07-05 05:53:44"}
{"level":"info","message":"Created client session 47fa80677ead690359d66de9","timestamp":"2026-07-05 05:53:48"}
{"level":"info","message":"Created client session e76bce562f47d2ab7aeaf345","timestamp":"2026-07-05 05:53:58"}
{"level":"info","message":"Created client session 9b72d8c0c1ebaaee68997c5b","timestamp":"2026-07-05 05:54:01"}
{"level":"info","message":"Created client session d128cd46f2849729ba664e28","timestamp":"2026-07-05 05:54:10"}
{"level":"info","message":"Created client session 238679ae229cad56fa936733","timestamp":"2026-07-05 05:54:15"}
{"level":"info","message":"Created client session 543e7b159b918bb8f11251b1","timestamp":"2026-07-05 05:54:17"}
{"level":"info","message":"Created client session f9ce1e72a60a63758758d9d6","timestamp":"2026-07-05 05:54:17"}
{"level":"info","message":"Created client session 8743a802462abe1423e03029","timestamp":"2026-07-05 05:54:18"}
{"level":"info","message":"Created client session dc6660b5f5122dd4b3dc19d1","timestamp":"2026-07-05 05:54:28"}
{"level":"info","message":"Created client session c103324d79f42e40660755fe","timestamp":"2026-07-05 05:54:33"}
{"level":"info","message":"Created client session 4a2bfbbed4b8af02abce8a6e","timestamp":"2026-07-05 05:54:41"}
{"level":"info","message":"Created client session 6dc84080859ff3d77a0c125d","timestamp":"2026-07-05 05:54:42"}
{"level":"info","message":"Created client session 3f403493b419ce8f1f5ccc4f","timestamp":"2026-07-05 05:54:42"}
{"level":"info","message":"Created client session ee7ae0ac77b5e7c01cfe9e6a","timestamp":"2026-07-05 05:54:43"}
{"level":"info","message":"Created client session 589c664f7197e7571868685b","timestamp":"2026-07-05 05:54:46"}
{"level":"info","message":"Created client session 3f368b7bf511b1f262680519","timestamp":"2026-07-05 05:54:53"}
{"level":"info","message":"Created client session 2619823faf34b9fda9b8ee97","timestamp":"2026-07-05 05:54:55"}
{"level":"info","message":"Created client session 13b7677f65ac7615d462c061","timestamp":"2026-07-05 05:55:00"}
{"level":"info","message":"Created client session a7ff64ec60c82f6aed19cc12","timestamp":"2026-07-05 05:55:01"}
{"level":"info","message":"Created client session 382ea403d479692121b55a32","timestamp":"2026-07-05 05:55:05"}
{"level":"info","message":"Created client session d95ebb5ac5659579fb68a3ac","timestamp":"2026-07-05 05:55:08"}
{"level":"info","message":"Created client session 74590a497719006ce282d6b4","timestamp":"2026-07-05 05:55:08"}
{"level":"info","message":"Created client session 1445f0fd8e2ed9ab3a8e8a63","timestamp":"2026-07-05 05:55:08"}
{"level":"info","message":"Created client session 4b8e37e24f25b1726b4ec3d9","timestamp":"2026-07-05 05:55:08"}
{"level":"info","message":"Created client session 9752f114fd0722b830c1ade9","timestamp":"2026-07-05 05:55:09"}
{"level":"info","message":"Created client session d7759ad407a770f247758f58","timestamp":"2026-07-05 05:55:16"}
{"level":"info","message":"Created client session a8e107b198e748feedf59eb8","timestamp":"2026-07-05 05:55:18"}
{"level":"info","message":"Created client session 7b774b3d67756012bcf73895","timestamp":"2026-07-05 05:55:19"}
{"level":"info","message":"Created client session 94cccb8936766b96a073dbff","timestamp":"2026-07-05 05:55:19"}
{"level":"info","message":"Created client session 3a359961d118b2dd5811b3c8","timestamp":"2026-07-05 05:55:20"}
{"level":"info","message":"Created client session 8306fd38bb39fe41d0606387","timestamp":"2026-07-05 05:55:20"}
{"level":"info","message":"Created client session 1b5b262fb774a6aa6d98306e","timestamp":"2026-07-05 05:55:28"}
{"level":"info","message":"Created client session 3f0ef5b7839ddedeadeafd72","timestamp":"2026-07-05 05:55:28"}
{"level":"info","message":"Created client session a6d4a10b22af7f733b39492e","timestamp":"2026-07-05 05:55:30"}
{"level":"info","message":"Created client session a2caa375f0244325901787fb","timestamp":"2026-07-05 05:55:35"}
{"level":"info","message":"Created client session 603c8eeb098fbcda15c05a55","timestamp":"2026-07-05 05:55:41"}
{"level":"info","message":"Created client session 503435f26ca3291a873af1fb","timestamp":"2026-07-05 05:55:42"}
{"level":"info","message":"Created client session 1998c311231637eb63564898","timestamp":"2026-07-05 05:55:47"}
{"level":"info","message":"Created client session 3610e99ececaf0feea0fa298","timestamp":"2026-07-05 05:55:51"}
{"level":"info","message":"Created client session c13cd650769db64af6a95847","timestamp":"2026-07-05 05:55:51"}
{"level":"info","message":"Created client session 20b8ec39be4c06a8a1c2c36f","timestamp":"2026-07-05 05:55:52"}
{"level":"info","message":"Created client session 51dba3434c2bd1356aa17f05","timestamp":"2026-07-05 05:55:52"}
{"level":"info","message":"Created client session efd38dcc4ba758dda69e0515","timestamp":"2026-07-05 05:55:53"}
{"level":"info","message":"Created client session 45043fa395e9ff94f505599a","timestamp":"2026-07-05 05:55:54"}
{"level":"info","message":"Created client session 4dbe6f95c7d32bf0600d03b0","timestamp":"2026-07-05 05:56:03"}
{"level":"info","message":"Created client session 7b9c8c31194dc5187d2b902f","timestamp":"2026-07-05 05:56:09"}
{"level":"info","message":"Created client session d0ae4fd49becc790b5483fb3","timestamp":"2026-07-05 05:56:18"}
{"level":"info","message":"Created client session 678620ebf6db71111c7f78af","timestamp":"2026-07-05 05:56:22"}
{"level":"info","message":"Created client session 6170dc3b67eb6c70f50368fb","timestamp":"2026-07-05 05:56:24"}
{"level":"info","message":"Created client session 12d49f9852dcad50fe7415da","timestamp":"2026-07-05 05:56:34"}
{"level":"info","message":"Created client session d36c65a9319ff83e1dd0a83f","timestamp":"2026-07-05 05:56:42"}
{"level":"info","message":"Created client session 72d0a8d7795bc33434a1eda5","timestamp":"2026-07-05 05:56:47"}
{"level":"info","message":"Created client session a689f22ae77728fb2a72381e","timestamp":"2026-07-05 05:56:48"}
{"level":"info","message":"Created client session 6e08c86709f578b73eb52855","timestamp":"2026-07-05 05:56:51"}
{"level":"info","message":"Created client session 982aa49465731401eb35dfcf","timestamp":"2026-07-05 05:56:53"}
{"level":"info","message":"Created client session 826de7eb09b2f9cf582be881","timestamp":"2026-07-05 05:56:54"}
{"level":"info","message":"Created client session 63e411d09324f97a6af63784","timestamp":"2026-07-05 05:56:57"}
{"level":"info","message":"Created client session ab3035f57fb35bb772996c8b","timestamp":"2026-07-05 05:57:08"}
{"level":"info","message":"Created client session c4fb7f57733c7e4673c5c015","timestamp":"2026-07-05 05:57:08"}
{"level":"info","message":"Created client session afcc3286b2eaee5a5c7dc26d","timestamp":"2026-07-05 05:57:10"}
{"level":"info","message":"Created client session a32aea2e5efdb9d8be266733","timestamp":"2026-07-05 05:57:11"}
{"level":"info","message":"Created client session 5ed93ece3f359dcec713c10a","timestamp":"2026-07-05 05:57:13"}
{"level":"info","message":"Created client session 0deab4aa23b113c24898e591","timestamp":"2026-07-05 05:57:32"}
{"level":"info","message":"Created client session 215d69d46e63a31a7a7af593","timestamp":"2026-07-05 05:57:37"}
{"level":"info","message":"Created client session b3daa90c787d2f470b29982f","timestamp":"2026-07-05 05:57:44"}
{"level":"info","message":"Created client session f589f059afacf193059b6fff","timestamp":"2026-07-05 05:57:47"}
{"level":"info","message":"Created client session 5c2b25299e2c29207d82bffb","timestamp":"2026-07-05 05:57:53"}
{"level":"info","message":"Created client session 60d5c09d20b4a7891997c0d6","timestamp":"2026-07-05 05:58:00"}
{"level":"info","message":"Created client session a0359b5c869ba943f841eab7","timestamp":"2026-07-05 05:58:00"}
{"level":"info","message":"Created client session c1e7be15f9dfba2329928e8c","timestamp":"2026-07-05 05:58:05"}
{"level":"info","message":"Created client session 57ecc8a2943034237f84aa24","timestamp":"2026-07-05 05:58:07"}
{"level":"info","message":"Created client session 3f481e056d825e730be9d67e","timestamp":"2026-07-05 05:58:07"}
{"level":"info","message":"Created client session d7a9e250b57bbf79a5ef5e85","timestamp":"2026-07-05 05:58:21"}
{"level":"info","message":"Created client session b776262e43bde55692ddefc5","timestamp":"2026-07-05 05:58:24"}
{"level":"info","message":"Created client session 228993e78257441e18db1827","timestamp":"2026-07-05 05:58:26"}
{"level":"info","message":"Created client session 73546424cd695bc808325840","timestamp":"2026-07-05 05:58:28"}
{"level":"info","message":"Created client session 29765b225c102a4a886dc4d2","timestamp":"2026-07-05 05:58:30"}
{"level":"info","message":"Created client session 259c6fd71ee2fdae11565c7e","timestamp":"2026-07-05 05:58:30"}
{"level":"info","message":"Created client session cb972503fe4ca2b535e68154","timestamp":"2026-07-05 05:58:31"}
{"level":"info","message":"Created client session e2878eb59418c0555c990581","timestamp":"2026-07-05 05:58:39"}
{"level":"info","message":"Created client session e248fd50d6e051433d7f16ec","timestamp":"2026-07-05 05:58:44"}
{"level":"info","message":"Created client session 409ffa957b92aef3abe8a1b6","timestamp":"2026-07-05 05:58:44"}
{"level":"info","message":"Created client session 5e31bc2211eb08920fa3afef","timestamp":"2026-07-05 05:58:45"}
{"level":"info","message":"Created client session 17b5bd4b2264b3574cc2a792","timestamp":"2026-07-05 05:58:46"}
{"level":"info","message":"Created client session 40cbdde30342044b69a020a5","timestamp":"2026-07-05 05:58:48"}
{"level":"info","message":"Created client session 0f01a09c5a279929d7ff930a","timestamp":"2026-07-05 05:58:52"}
{"level":"info","message":"Created client session fbe8e669add61e92e32d2a19","timestamp":"2026-07-05 05:58:55"}
{"level":"info","message":"Created client session 2d851bf6b4ed14828d825382","timestamp":"2026-07-05 05:58:59"}
{"level":"info","message":"Created client session 7d492dd4aafa56f1a3164322","timestamp":"2026-07-05 05:58:59"}
{"level":"info","message":"Created client session 5a39528dbe23edc7c05fa8b8","timestamp":"2026-07-05 05:59:00"}
{"level":"info","message":"Created client session f063ea6efe530e95b2e34994","timestamp":"2026-07-05 05:59:05"}
{"level":"info","message":"Created client session cf3d6905b826049fefd4aa7e","timestamp":"2026-07-05 05:59:09"}
{"level":"info","message":"Created client session 0992e525208e5afa12fea28b","timestamp":"2026-07-05 05:59:11"}
{"level":"info","message":"Created client session d972f497b4fe0927181bcdd8","timestamp":"2026-07-05 05:59:13"}
{"level":"info","message":"Created client session 867771ade5c32c9979c97795","timestamp":"2026-07-05 05:59:16"}
{"level":"info","message":"Created client session ea95ad4efe646efe994402df","timestamp":"2026-07-05 05:59:20"}
{"level":"info","message":"Created client session 1f424a6056170441f33008b3","timestamp":"2026-07-05 05:59:24"}
{"level":"info","message":"Created client session 3a770adec718dc72b9012dab","timestamp":"2026-07-05 05:59:25"}
{"level":"info","message":"Created client session 04db06b4403404bc1dc497d5","timestamp":"2026-07-05 05:59:31"}
{"level":"info","message":"Created client session a44eb78b1f3f4c2f95c45ca3","timestamp":"2026-07-05 05:59:34"}
{"level":"info","message":"Created client session f2e5544a4b7d06bbe7ae9a5e","timestamp":"2026-07-05 05:59:44"}
{"level":"info","message":"Created client session 432851aa8320fb44a7451dad","timestamp":"2026-07-05 05:59:50"}
{"level":"info","message":"Created client session 05f47a2dc166a62330b964d4","timestamp":"2026-07-05 05:59:58"}
{"level":"info","message":"Created client session 22ec33fa6ced7951ffa88fac","timestamp":"2026-07-05 06:00:01"}
{"level":"info","message":"Created client session 55beda29d05b30a359629686","timestamp":"2026-07-05 06:00:16"}
{"level":"info","message":"Created client session d91403ae9c291ce74e83d376","timestamp":"2026-07-05 06:00:24"}
{"level":"info","message":"Created client session 6483ee3bb0257f066d054e3f","timestamp":"2026-07-05 06:00:30"}
{"level":"info","message":"Created client session 12654170ce60437366bd787e","timestamp":"2026-07-05 06:00:30"}
{"level":"info","message":"Created client session 282ecfb381bd5c4ed6a2c4e7","timestamp":"2026-07-05 06:00:33"}
{"level":"info","message":"Created client session 6310f6e75c69a552a32a8605","timestamp":"2026-07-05 06:00:42"}
{"level":"info","message":"Created client session 14360973c5c29f709f96f23b","timestamp":"2026-07-05 06:00:42"}
{"level":"info","message":"Created client session b3f310da18e0faaf917314c4","timestamp":"2026-07-05 06:00:42"}
{"level":"info","message":"Created client session d426ab185b00e1dc14cc692e","timestamp":"2026-07-05 06:00:47"}
{"level":"info","message":"Created client session a7f568afd354a6ab2fa2e629","timestamp":"2026-07-05 06:00:55"}
{"level":"info","message":"Created client session 2a8d2758c77ad2d717e81531","timestamp":"2026-07-05 06:01:05"}
{"level":"info","message":"Created client session 26d8af40edee323a64664743","timestamp":"2026-07-05 06:01:07"}
{"level":"info","message":"Created client session 4ce02fb4b403627feaba1655","timestamp":"2026-07-05 06:01:20"}
{"level":"info","message":"Created client session 9e87712f4ad6925bde5530db","timestamp":"2026-07-05 06:01:21"}
{"level":"info","message":"Created client session 5d359bf2623197e4d5a85402","timestamp":"2026-07-05 06:01:23"}
{"level":"info","message":"Created client session 2684c4d332779ea57cd62eb3","timestamp":"2026-07-05 06:01:25"}
{"level":"info","message":"Created client session 70aee31afc6c76b07c4732d3","timestamp":"2026-07-05 06:01:27"}
{"level":"info","message":"Created client session 944c7edf92ea9d9c852370a0","timestamp":"2026-07-05 06:01:35"}
{"level":"info","message":"Created client session 4c3b789e3377086e66ac1fc5","timestamp":"2026-07-05 06:01:40"}
{"level":"info","message":"Created client session 4f1104f2efe3408ab0cb532f","timestamp":"2026-07-05 06:01:43"}
{"level":"info","message":"Created client session a193e51f73c146c584a52761","timestamp":"2026-07-05 06:01:53"}
{"level":"info","message":"Created client session 4309c2c64769a4bfbba3b87d","timestamp":"2026-07-05 06:01:59"}
{"level":"info","message":"Created client session 53e22349a7405087762c119e","timestamp":"2026-07-05 06:02:11"}
{"level":"info","message":"Created client session 9218d1e2eddb96d904ddd46c","timestamp":"2026-07-05 06:02:14"}
{"level":"info","message":"Created client session 07b0679be721deea2cc70bd6","timestamp":"2026-07-05 06:02:14"}
{"level":"info","message":"Created client session d71fe0680cd2e385333c1ecc","timestamp":"2026-07-05 06:02:18"}
{"level":"info","message":"Created client session 6d4b44fa76a7da6cd314defa","timestamp":"2026-07-05 06:02:18"}
{"level":"info","message":"Created client session 2d3b164f6447b9cb0c186a31","timestamp":"2026-07-05 06:02:29"}
{"level":"info","message":"Created client session 556a5ec48065e456ef9202c3","timestamp":"2026-07-05 06:02:47"}
{"level":"info","message":"Created client session 71b0b0943debd1faf51cc4aa","timestamp":"2026-07-05 06:02:53"}
{"level":"info","message":"Created client session 94b62e106d4ab3a16afe9eea","timestamp":"2026-07-05 06:02:54"}
{"level":"info","message":"Created client session 04975aa4c0e89dce9da46b68","timestamp":"2026-07-05 06:02:54"}
{"level":"info","message":"Created client session 227c66b1d6a165b3d87ef125","timestamp":"2026-07-05 06:02:58"}
{"level":"info","message":"Created client session 9f317dd8211d146c3821a507","timestamp":"2026-07-05 06:02:59"}
{"level":"info","message":"Created client session 96810c878dd827d24ee553a3","timestamp":"2026-07-05 06:03:12"}
{"level":"info","message":"Created client session c4b517bd8e999f0a5d2de252","timestamp":"2026-07-05 06:03:16"}
{"level":"info","message":"Created client session 1964d257f1caf4e337a459aa","timestamp":"2026-07-05 06:03:22"}
{"level":"info","message":"Created client session 04adfbeb44db70b48ff96be5","timestamp":"2026-07-05 06:03:31"}
{"level":"info","message":"Created client session 72f96c9bf788dd34933af2a3","timestamp":"2026-07-05 06:03:36"}
{"level":"info","message":"Created client session a507d0333e91d55304559cfb","timestamp":"2026-07-05 06:03:44"}
{"level":"info","message":"Created client session 67c83b16cb61e840c455277b","timestamp":"2026-07-05 06:03:45"}
{"level":"info","message":"Created client session 7b647a1e8cc63e1df8620829","timestamp":"2026-07-05 06:03:49"}
{"level":"info","message":"Created client session d133e9c00b6bc2545568221c","timestamp":"2026-07-05 06:03:51"}
{"level":"info","message":"Created client session db64c4df185dcc13318203a6","timestamp":"2026-07-05 06:03:52"}
{"level":"info","message":"Created client session 2fb0d6852cf9ccc411bbffa8","timestamp":"2026-07-05 06:04:03"}
{"level":"info","message":"Created client session 9cbeb2d996aaca9adc8d276a","timestamp":"2026-07-05 06:04:06"}
{"level":"info","message":"Created client session 851644b7d1964fa6e5c5125f","timestamp":"2026-07-05 06:04:06"}
{"level":"info","message":"Created client session 852ae367a0bff890ee7ec3fe","timestamp":"2026-07-05 06:04:21"}
{"level":"info","message":"Created client session 86de63a06388acbba0b968f6","timestamp":"2026-07-05 06:04:31"}
{"level":"info","message":"Created client session 4e90438d72e703c7565f8753","timestamp":"2026-07-05 06:04:34"}
{"level":"info","message":"Created client session ff413da229f56e259daa5535","timestamp":"2026-07-05 06:04:36"}
{"level":"info","message":"Created client session da735fe5eec415d447264afa","timestamp":"2026-07-05 06:04:44"}
{"level":"info","message":"Created client session 0ef1210f5bbae420ae614ac4","timestamp":"2026-07-05 06:04:49"}
{"level":"info","message":"Created client session 8e31388623061f821781026b","timestamp":"2026-07-05 06:04:50"}
{"level":"info","message":"Created client session f4898990185c458a57058e68","timestamp":"2026-07-05 06:04:55"}
{"level":"info","message":"Created client session bd52b832fd2be8b506784f89","timestamp":"2026-07-05 06:04:55"}
{"level":"info","message":"Created client session 07b2d93780a00abc2cd9196e","timestamp":"2026-07-05 06:04:55"}
{"level":"info","message":"Created client session a47f82c64ffada3ac9cfbf1c","timestamp":"2026-07-05 06:04:58"}
{"level":"info","message":"Created client session 785979923ecf130b0ff9fd64","timestamp":"2026-07-05 06:05:00"}
{"level":"info","message":"Created client session 976c318a6e351c627b7d2b14","timestamp":"2026-07-05 06:05:01"}
{"level":"info","message":"Created client session b540a833e7ae4b4d0ab3803c","timestamp":"2026-07-05 06:05:03"}
{"level":"info","message":"Created client session 7a8179734b8f7bf02c17a278","timestamp":"2026-07-05 06:05:03"}
{"level":"info","message":"Created client session 235f93d0851788573900c42c","timestamp":"2026-07-05 06:05:09"}
{"level":"info","message":"Created client session 59e95336aad64370f04e2fd8","timestamp":"2026-07-05 06:05:09"}
{"level":"info","message":"Created client session 13533cc20f678e92d2abaad9","timestamp":"2026-07-05 06:05:12"}
{"level":"info","message":"Created client session a3f81090e61a85160f168615","timestamp":"2026-07-05 06:05:22"}
{"level":"info","message":"Created client session aa0e22d224b292f527c00298","timestamp":"2026-07-05 06:05:22"}
{"level":"info","message":"Created client session b7b813f3585d0884f10404cc","timestamp":"2026-07-05 06:05:24"}
{"level":"info","message":"Created client session eb8878941b5f56a4f3a673ed","timestamp":"2026-07-05 06:05:26"}
{"level":"info","message":"Created client session aa997a1fbfb1e4fadefbdf1e","timestamp":"2026-07-05 06:05:36"}
{"level":"info","message":"Created client session 94231362677adf117bcfb652","timestamp":"2026-07-05 06:05:39"}
{"level":"info","message":"Created client session 3243737fdf6eade1f3176ab6","timestamp":"2026-07-05 06:05:39"}
{"level":"info","message":"Created client session ed3a58c6dcda6f0e638ebd75","timestamp":"2026-07-05 06:05:39"}
{"level":"info","message":"Created client session 3413eb72e29d2156d830e019","timestamp":"2026-07-05 06:05:53"}
{"level":"info","message":"Created client session 1eff856555d87c2237887f08","timestamp":"2026-07-05 06:05:55"}
{"level":"info","message":"Created client session d0ae02e4d2e7cec4edc320ec","timestamp":"2026-07-05 06:05:55"}
{"level":"info","message":"Created client session eb9de493645a34fc0106c97f","timestamp":"2026-07-05 06:06:02"}
{"level":"info","message":"Created client session 8d9b06cffabf5638db6c5886","timestamp":"2026-07-05 06:06:03"}
{"level":"info","message":"Created client session 9af30c303b036fd9a75b2678","timestamp":"2026-07-05 06:06:04"}
{"level":"info","message":"Created client session 3a81efa31db19303a6dbb175","timestamp":"2026-07-05 06:06:05"}
{"level":"info","message":"Created client session 33bc17c0d1ea76de42a6b704","timestamp":"2026-07-05 06:06:05"}
{"level":"info","message":"Created client session 5052eb78869a55fb9a152236","timestamp":"2026-07-05 06:06:10"}
{"level":"info","message":"Created client session 023f9506137ea233498224d5","timestamp":"2026-07-05 06:06:12"}
{"level":"info","message":"Created client session 2ebc7c0daa70f8aa64bc1c85","timestamp":"2026-07-05 06:06:23"}
{"level":"info","message":"Created client session d30375104e417af30ddcee4f","timestamp":"2026-07-05 06:06:24"}
{"level":"info","message":"Created client session 122f686f5631bb69da94e177","timestamp":"2026-07-05 06:06:24"}
{"level":"info","message":"Created client session 923cf76912a0c2c18c5b0e37","timestamp":"2026-07-05 06:06:40"}
{"level":"info","message":"Created client session 6f65be4b60db67986edde007","timestamp":"2026-07-05 06:06:41"}
{"level":"info","message":"Created client session f45154198426126a6b31edad","timestamp":"2026-07-05 06:06:44"}
{"level":"info","message":"Created client session 965e9373ae50985b43b34e81","timestamp":"2026-07-05 06:06:44"}
{"level":"info","message":"Created client session 4d48ea951e10f1cdd13acf41","timestamp":"2026-07-05 06:06:46"}
{"level":"info","message":"Created client session 59f6b4eff4fec58a773fa200","timestamp":"2026-07-05 06:06:52"}
{"level":"info","message":"Created client session e075807ca510781fce547557","timestamp":"2026-07-05 06:06:59"}
{"level":"info","message":"Created client session ca21dada48ca9ee404f3146e","timestamp":"2026-07-05 06:06:59"}
{"level":"info","message":"Created client session cdde9562d29b365b689167e1","timestamp":"2026-07-05 06:07:02"}
{"level":"info","message":"Created client session ba393edd005713989b7c99f3","timestamp":"2026-07-05 06:07:11"}
{"level":"info","message":"Created client session d57681cc6cbabb33658e6f96","timestamp":"2026-07-05 06:07:19"}
{"level":"info","message":"Created client session 1837b8285256e0a90b99c177","timestamp":"2026-07-05 06:07:28"}
{"level":"info","message":"Created client session 309e915d2a7cc885fc3d4098","timestamp":"2026-07-05 06:07:34"}
{"level":"info","message":"Created client session e4766d7656befd9ef21e6029","timestamp":"2026-07-05 06:07:34"}
{"level":"info","message":"Created client session ed964c1468a809fd88ef2a41","timestamp":"2026-07-05 06:07:34"}
{"level":"info","message":"Created client session 905496c9eb0f89422a29b614","timestamp":"2026-07-05 06:07:45"}
{"level":"info","message":"Created client session 1e990b1d96ed9db9ba88f6fb","timestamp":"2026-07-05 06:07:45"}
{"level":"info","message":"Created client session 86c28ea2209b129b3a29f15d","timestamp":"2026-07-05 06:07:47"}
{"level":"info","message":"Created client session 41f520654c301b2fc28774ea","timestamp":"2026-07-05 06:07:50"}
{"level":"info","message":"Created client session 23c1818ca61f986125c39247","timestamp":"2026-07-05 06:07:52"}
{"level":"info","message":"Created client session ae7ca7b975ecb41076b565f5","timestamp":"2026-07-05 06:07:53"}
{"level":"info","message":"Created client session 4206f51992602dc2e64479f6","timestamp":"2026-07-05 06:08:25"}
{"level":"info","message":"Created client session 4e9bbfd935c8db8216f6855d","timestamp":"2026-07-05 06:08:25"}
{"level":"info","message":"Created client session 65cb9687d751f5be1f5e0bbd","timestamp":"2026-07-05 06:08:28"}
{"level":"info","message":"Created client session b12bd576ae15907fe491e0fd","timestamp":"2026-07-05 06:08:37"}
{"level":"info","message":"Created client session 9710f204c09bb374cb3c1fb0","timestamp":"2026-07-05 06:08:44"}
{"level":"info","message":"Created client session 030292dcefecfcfd7ee76745","timestamp":"2026-07-05 06:08:45"}
{"level":"info","message":"Created client session 5e7331e63569805b55b78a4e","timestamp":"2026-07-05 06:08:47"}
{"level":"info","message":"Created client session ac606b4d7d08f9e63ff4c848","timestamp":"2026-07-05 06:08:47"}
{"level":"info","message":"Created client session 1dd2d03408c17015c5ba0972","timestamp":"2026-07-05 06:08:47"}
{"level":"info","message":"Created client session da288a634466f3db2b68be20","timestamp":"2026-07-05 06:09:02"}
{"level":"info","message":"Created client session efbcd7679477a44519f89805","timestamp":"2026-07-05 06:09:03"}
{"level":"info","message":"Created client session 188536de6db618837fb54641","timestamp":"2026-07-05 06:09:04"}
{"level":"info","message":"Created client session b00c4cf3bc66c4c1d0650878","timestamp":"2026-07-05 06:09:04"}
{"level":"info","message":"Created client session aeb9040e06c6f0ced31b6687","timestamp":"2026-07-05 06:09:04"}
{"level":"info","message":"Created client session 005db27570c2d074aa465a00","timestamp":"2026-07-05 06:09:05"}
{"level":"info","message":"Created client session 6ca1732c3bb943bdebbc4daa","timestamp":"2026-07-05 06:09:20"}
{"level":"info","message":"Created client session e15197d76982470c12b56819","timestamp":"2026-07-05 06:09:20"}
{"level":"info","message":"Created client session 372917be12f9784c89b1366e","timestamp":"2026-07-05 06:09:20"}
{"level":"info","message":"Created client session 2b71b6e1abcdb3f2d939d8d6","timestamp":"2026-07-05 06:09:21"}
{"level":"info","message":"Created client session 0e63c3e81540f157eba3b1f5","timestamp":"2026-07-05 06:09:27"}
{"level":"info","message":"Created client session 15600f004eaf6162da0b46ee","timestamp":"2026-07-05 06:09:28"}
{"level":"info","message":"Created client session 7f2149aaa4f423869541c794","timestamp":"2026-07-05 06:09:29"}
{"level":"info","message":"Created client session 0dcfd473a41f1b80980dca80","timestamp":"2026-07-05 06:09:29"}
{"level":"info","message":"Created client session bd5747e9e82827312e04e3b5","timestamp":"2026-07-05 06:09:39"}
{"level":"info","message":"Created client session 39c8658a6a6e15c44cede935","timestamp":"2026-07-05 06:09:41"}
{"level":"info","message":"Created client session 9cec4c149c388ff13cf4eba9","timestamp":"2026-07-05 06:09:58"}
{"level":"info","message":"Created client session de623b4ccc7ebb3dc4b5bcc6","timestamp":"2026-07-05 06:10:10"}
{"level":"info","message":"Created client session 31224b910077dc20ece19072","timestamp":"2026-07-05 06:10:11"}
{"level":"info","message":"Created client session 9108ffc00868bff5c81c92cb","timestamp":"2026-07-05 06:10:11"}
{"level":"info","message":"Created client session fe404b33d44fcf2ef7d01ea5","timestamp":"2026-07-05 06:10:15"}
{"level":"info","message":"Created client session 028168b48a5ee239b2e8a078","timestamp":"2026-07-05 06:10:18"}
{"level":"info","message":"Created client session 71036f7dee8e4109c45dbbcb","timestamp":"2026-07-05 06:10:18"}
{"level":"info","message":"Created client session 0a9b2be81ac6aadd7039c085","timestamp":"2026-07-05 06:10:21"}
{"level":"info","message":"Created client session 197a4925b596cd1aab50b2cc","timestamp":"2026-07-05 06:10:29"}
{"level":"info","message":"Created client session 0deb977fe8c9b92b445b785d","timestamp":"2026-07-05 06:10:34"}
{"level":"info","message":"Created client session 551ee2a4e32467c7495e9e13","timestamp":"2026-07-05 06:10:40"}
{"level":"info","message":"Created client session 5d8e02df4e9b16b595334332","timestamp":"2026-07-05 06:10:59"}
{"level":"info","message":"Created client session be9c9fd5bab35cf878e8f70f","timestamp":"2026-07-05 06:11:07"}
{"level":"info","message":"Created client session 478a2a9ec9f1c908e08bbc27","timestamp":"2026-07-05 06:11:18"}
{"level":"info","message":"Created client session a0aac2ef20f60bc1ac91d540","timestamp":"2026-07-05 06:11:18"}
{"level":"info","message":"Created client session 276c70ffb619c92924e87e66","timestamp":"2026-07-05 06:11:18"}
{"level":"info","message":"Created client session b62d45db404bd8addc82c345","timestamp":"2026-07-05 06:11:22"}
{"level":"info","message":"Created client session 42dcbcfe4b3bd8c8d2556cd8","timestamp":"2026-07-05 06:11:24"}
{"level":"info","message":"Created client session 63720ca0bc23b103d9637208","timestamp":"2026-07-05 06:11:34"}
{"level":"info","message":"Created client session ef496f7cc115631465c50f2d","timestamp":"2026-07-05 06:11:34"}
{"level":"info","message":"Created client session e4f78d4b154346f2e57af8a8","timestamp":"2026-07-05 06:11:35"}
{"level":"info","message":"Created client session b2da4544a9b3eca2bcdc38da","timestamp":"2026-07-05 06:11:35"}
{"level":"info","message":"Created client session 1354582f17af05ee233da3b5","timestamp":"2026-07-05 06:11:39"}
{"level":"info","message":"Created client session 47a34267eb47972e340c7af1","timestamp":"2026-07-05 06:11:39"}
{"level":"info","message":"Created client session e2adfea43812a013d9649141","timestamp":"2026-07-05 06:11:44"}
{"level":"info","message":"Created client session 384bc7124afe677addf47eb3","timestamp":"2026-07-05 06:11:45"}
{"level":"info","message":"Created client session 98628b7c0c49a9799b46b362","timestamp":"2026-07-05 06:11:48"}
{"level":"info","message":"Created client session 46a91dc329439a9d2eac4e33","timestamp":"2026-07-05 06:11:50"}
{"level":"info","message":"Created client session 5f9e10bd7eb19e8b3cf4dc36","timestamp":"2026-07-05 06:11:52"}
{"level":"info","message":"Created client session 3f6137f4028c7bbee96c9038","timestamp":"2026-07-05 06:11:56"}
{"level":"info","message":"Created client session 473b6a73d2422fc42c6b48aa","timestamp":"2026-07-05 06:12:05"}
{"level":"info","message":"Created client session aaf0fa53d96f2db8596750e7","timestamp":"2026-07-05 06:12:08"}
{"level":"info","message":"Created client session b1e76bb733b84f8c765c76d8","timestamp":"2026-07-05 06:12:12"}
{"level":"info","message":"Created client session cd61ce47f49f7631fa93f099","timestamp":"2026-07-05 06:12:19"}
{"level":"info","message":"Created client session ca00ad95754e8e74f5e9576f","timestamp":"2026-07-05 06:12:27"}
{"level":"info","message":"Created client session 79645a39268106b6ad58452d","timestamp":"2026-07-05 06:12:28"}
{"level":"info","message":"Created client session d18c3d919b764d8f4ee878d2","timestamp":"2026-07-05 06:12:30"}
{"level":"info","message":"Created client session 18d38b4cde72f16c03977011","timestamp":"2026-07-05 06:12:30"}
{"level":"info","message":"Created client session 9feb59f0bb49522f87d9bffc","timestamp":"2026-07-05 06:12:41"}
{"level":"info","message":"Created client session 7ccba14284d10de653af13ba","timestamp":"2026-07-05 06:12:55"}
{"level":"info","message":"Created client session e1208fc3dfb4934360d07637","timestamp":"2026-07-05 06:12:55"}
{"level":"info","message":"Created client session 5af7989b79730fac2de7f385","timestamp":"2026-07-05 06:12:58"}
{"level":"info","message":"Created client session bac50e86a5e09a04e9a1316b","timestamp":"2026-07-05 06:13:05"}
{"level":"info","message":"Created client session 2b5a2209cb4613495ed05edf","timestamp":"2026-07-05 06:13:05"}
{"level":"info","message":"Created client session e53c615e7954c1121e7f1deb","timestamp":"2026-07-05 06:13:06"}
{"level":"info","message":"Created client session a30b9d7fce663b384b334466","timestamp":"2026-07-05 06:13:08"}
{"level":"info","message":"Created client session fa227f57a1d8570b176652a0","timestamp":"2026-07-05 06:13:08"}
{"level":"info","message":"Created client session 90e34faea8ab1939a9a03ef9","timestamp":"2026-07-05 06:13:11"}
{"level":"info","message":"Created client session b32845c7275ea0c187da5ba2","timestamp":"2026-07-05 06:13:13"}
{"level":"info","message":"Created client session b3d820b850d78e65a21afe4b","timestamp":"2026-07-05 06:13:13"}
{"level":"info","message":"Created client session c85252c63492955ea0380e1a","timestamp":"2026-07-05 06:13:13"}
{"level":"info","message":"Created client session f39c65a7719c784798363006","timestamp":"2026-07-05 06:13:16"}
{"level":"info","message":"Created client session 079b7bdc9b73ebae849b73b8","timestamp":"2026-07-05 06:13:27"}
{"level":"info","message":"Created client session d50d912f4b3c5029f345ce08","timestamp":"2026-07-05 06:13:27"}
{"level":"info","message":"Created client session e53a9522b383e759de21ae16","timestamp":"2026-07-05 06:13:29"}
{"level":"info","message":"Created client session b530ada99de03465abdb6927","timestamp":"2026-07-05 06:13:29"}
{"level":"info","message":"Created client session 3a0435a173f823253d459123","timestamp":"2026-07-05 06:13:44"}
{"level":"info","message":"Created client session e4f2d3ba20f1c7ca7a305dc4","timestamp":"2026-07-05 06:13:45"}
{"level":"info","message":"Created client session df48230d98802e45decc4fc4","timestamp":"2026-07-05 06:13:51"}
{"level":"info","message":"Created client session 2dfaf3d36fa7b17bd8e59ba2","timestamp":"2026-07-05 06:13:59"}
{"level":"info","message":"Created client session 251f6d5e9c4993143cdf29d6","timestamp":"2026-07-05 06:13:59"}
{"level":"info","message":"Created client session d4011f648baa97c4a8b15550","timestamp":"2026-07-05 06:14:05"}
{"level":"info","message":"Created client session 49484dd3d76ff1e35da1b0de","timestamp":"2026-07-05 06:14:05"}
{"level":"info","message":"Created client session c9f2b2b2e237a2ace0ca5803","timestamp":"2026-07-05 06:14:17"}
{"level":"info","message":"Created client session 2e58c18c6f7ec87c9595f9ef","timestamp":"2026-07-05 06:14:22"}
{"level":"info","message":"Created client session 3f6d1b624e2a66a035076dee","timestamp":"2026-07-05 06:14:23"}
{"level":"info","message":"Created client session 225d67546d092d8dea19232e","timestamp":"2026-07-05 06:14:27"}
{"level":"info","message":"Created client session 1537d2fdfcca4f7a4c659b4b","timestamp":"2026-07-05 06:14:27"}
{"level":"info","message":"Created client session e7b01d2917cb04457df29810","timestamp":"2026-07-05 06:14:36"}
{"level":"info","message":"Created client session 5bd8e941d0c98850e9545987","timestamp":"2026-07-05 06:14:36"}
{"level":"info","message":"Created client session 637aab62f720788738bb0cfd","timestamp":"2026-07-05 06:14:38"}
{"level":"info","message":"Created client session 3059347fc0ea9106a28e6862","timestamp":"2026-07-05 06:14:41"}
{"level":"info","message":"Created client session 8c8396c5e312ea94cc1985b1","timestamp":"2026-07-05 06:14:53"}
{"level":"info","message":"Created client session 86fe294ff585be9a2af9932d","timestamp":"2026-07-05 06:14:55"}
{"level":"info","message":"Created client session b78fdc1448fb11cda1cb9950","timestamp":"2026-07-05 06:15:07"}
{"level":"info","message":"Created client session 3b3c28ed21efe06a94bd12a0","timestamp":"2026-07-05 06:15:11"}
{"level":"info","message":"Created client session 3535f8af24733a3f87bbb8ea","timestamp":"2026-07-05 06:15:16"}
{"level":"info","message":"Created client session 5ebb44c60613cdf5bf523d30","timestamp":"2026-07-05 06:15:16"}
{"level":"info","message":"Created client session e7719849c2a91a53e5e96a8f","timestamp":"2026-07-05 06:15:16"}
{"level":"info","message":"Created client session c834747b7a7143dbd877232b","timestamp":"2026-07-05 06:15:27"}
{"level":"info","message":"Created client session c0cd8b60a4a08ce6c1396caa","timestamp":"2026-07-05 06:15:32"}
{"level":"info","message":"Created client session 6f6987f63c3c831f0491e460","timestamp":"2026-07-05 06:15:35"}
{"level":"info","message":"Created client session da1e713187aaabde3f6ee87e","timestamp":"2026-07-05 06:15:35"}
{"level":"info","message":"Created client session 6bc4872346f113c9e7fd8a41","timestamp":"2026-07-05 06:15:35"}
{"level":"info","message":"Created client session 7f804ac7613ffeae390cf373","timestamp":"2026-07-05 06:15:35"}
{"level":"info","message":"Created client session 2c3bb4fee1537402dfa9b453","timestamp":"2026-07-05 06:15:44"}
{"level":"info","message":"Created client session 3a44765b3f7f202164002dc6","timestamp":"2026-07-05 06:15:46"}
{"level":"info","message":"Created client session ee12779e55dfdfbe42d6e9ec","timestamp":"2026-07-05 06:15:50"}
{"level":"info","message":"Created client session f4002ec1c1047af3da97ea37","timestamp":"2026-07-05 06:15:50"}
{"level":"info","message":"Created client session 36dc6dfdd2575ccb7e0affdf","timestamp":"2026-07-05 06:15:54"}
{"level":"info","message":"Created client session 6fb4199c5a610f4ecfff6b3f","timestamp":"2026-07-05 06:15:54"}
{"level":"info","message":"Created client session bbd720a23ef644b8b4238388","timestamp":"2026-07-05 06:15:56"}
{"level":"info","message":"Created client session d0e09c95e14167f765d470ae","timestamp":"2026-07-05 06:15:59"}
{"level":"info","message":"Created client session 371dffe00c83169f90b7e3e0","timestamp":"2026-07-05 06:15:59"}
{"level":"info","message":"Created client session 842736c6f0c402f296bf17c8","timestamp":"2026-07-05 06:16:10"}
{"level":"info","message":"Created client session 612f7cf2752d6e423b2a6067","timestamp":"2026-07-05 06:16:14"}
{"level":"info","message":"Created client session 78b450838f1650bf557933ab","timestamp":"2026-07-05 06:16:25"}
{"level":"info","message":"Created client session 207b5c4932a3be2f10e74b93","timestamp":"2026-07-05 06:16:28"}
{"level":"info","message":"Created client session 3bc5795e0441bdb55d61d8cc","timestamp":"2026-07-05 06:16:30"}
{"level":"info","message":"Created client session eedcee0d21e5245da4733002","timestamp":"2026-07-05 06:16:36"}
{"level":"info","message":"Created client session f4bfcc15f52a82ebb3ffeb32","timestamp":"2026-07-05 06:16:44"}
{"level":"info","message":"Created client session b2eadafff9461c0eda0340b6","timestamp":"2026-07-05 06:16:47"}
{"level":"info","message":"Created client session 1a7ed3971128aac49b85cc58","timestamp":"2026-07-05 06:16:47"}
{"level":"info","message":"Created client session 3d23191a67c024f3ccc9e9b5","timestamp":"2026-07-05 06:16:48"}
{"level":"info","message":"Created client session 16bd09f2f0aa8bcfc4f01920","timestamp":"2026-07-05 06:16:52"}
{"level":"info","message":"Created client session 0ac5f71a08a4be430b7f1e2e","timestamp":"2026-07-05 06:17:05"}
{"level":"info","message":"Created client session c37315d5a645017cefc7df5c","timestamp":"2026-07-05 06:17:16"}
{"level":"info","message":"Created client session e1ba923b7a9d6104324f9a15","timestamp":"2026-07-05 06:17:16"}
{"level":"info","message":"Created client session 9e2bcab923afb62bdc522059","timestamp":"2026-07-05 06:17:17"}
{"level":"info","message":"Created client session a57bed471d7aa62a01fa868a","timestamp":"2026-07-05 06:17:20"}
{"level":"info","message":"Created client session 9fd48fecfeeca439a635c5c9","timestamp":"2026-07-05 06:17:20"}
{"level":"info","message":"Created client session 4b814bfb9869aa9f8a5f227f","timestamp":"2026-07-05 06:17:26"}
{"level":"info","message":"Created client session 356848cedea8936679802325","timestamp":"2026-07-05 06:17:32"}
{"level":"info","message":"Created client session a2f981343de08f4ed7a7b8c3","timestamp":"2026-07-05 06:17:32"}
{"level":"info","message":"Created client session a58b81c98883a8a1475651cf","timestamp":"2026-07-05 06:17:39"}
{"level":"info","message":"Created client session d7622953a6a1e4ed9a9252cd","timestamp":"2026-07-05 06:17:43"}
{"level":"info","message":"Created client session f179b208b098eccc9d7e489f","timestamp":"2026-07-05 06:18:06"}
{"level":"info","message":"Created client session 5f9ceb99f2275b849bbf2f40","timestamp":"2026-07-05 06:18:07"}
{"level":"info","message":"Created client session 1e673eaec4557e837ab1043d","timestamp":"2026-07-05 06:18:19"}
{"level":"info","message":"Created client session d31cc3f77353cf61b6e83691","timestamp":"2026-07-05 06:18:28"}
{"level":"info","message":"Created client session ba5255b7dff55d2571de9413","timestamp":"2026-07-05 06:18:30"}
{"level":"info","message":"Created client session a168a7aa57584953eba9a023","timestamp":"2026-07-05 06:18:39"}
{"level":"info","message":"Created client session 3afb3a17e4b12fd5a86838c5","timestamp":"2026-07-05 06:18:39"}
{"level":"info","message":"Created client session b5eb613fb3a6db39d6ae4efe","timestamp":"2026-07-05 06:18:40"}
{"level":"info","message":"Created client session 1b83da22d72d45afea95a436","timestamp":"2026-07-05 06:18:50"}
{"level":"info","message":"Created client session bf1c4dc391213c82c45111a6","timestamp":"2026-07-05 06:18:54"}
{"level":"info","message":"Created client session e1019ee290b72509ba115b2a","timestamp":"2026-07-05 06:18:56"}
{"level":"info","message":"Created client session 1ad39b01e8f9c8ae577cf547","timestamp":"2026-07-05 06:19:01"}
{"level":"info","message":"Created client session 79e7447f25cb6fde400cd3b2","timestamp":"2026-07-05 06:19:02"}
{"level":"info","message":"Created client session 79ab11dcd5144c159f358141","timestamp":"2026-07-05 06:19:10"}
{"level":"info","message":"Created client session 7a1e13aeb3d5260549b8a3d1","timestamp":"2026-07-05 06:19:13"}
{"level":"info","message":"Created client session a7723b67a9b85277da24b2c5","timestamp":"2026-07-05 06:19:16"}
{"level":"info","message":"Created client session dd3b49e39bf7bc8e674c616c","timestamp":"2026-07-05 06:19:22"}
{"level":"info","message":"Created client session 012f577d3ebabe8c0015fa11","timestamp":"2026-07-05 06:19:30"}
{"level":"info","message":"Created client session c8851ac286776b49a2775779","timestamp":"2026-07-05 06:19:33"}
{"level":"info","message":"Created client session 3c3411830a49e8a162e8b833","timestamp":"2026-07-05 06:19:41"}
{"level":"info","message":"Created client session c9191c12ebf3c5d546e793a8","timestamp":"2026-07-05 06:19:42"}
{"level":"info","message":"Created client session 37a56999fb2112b94440087f","timestamp":"2026-07-05 06:19:49"}
{"level":"info","message":"Created client session e15029bb4c221b67d5158b55","timestamp":"2026-07-05 06:19:52"}
{"level":"info","message":"Created client session 64c984cc27affdc84af0451c","timestamp":"2026-07-05 06:19:54"}
{"level":"info","message":"Created client session 440cad88d05dad210cba5414","timestamp":"2026-07-05 06:19:56"}
{"level":"info","message":"Created client session 9e7d6bea1d758c530112cd4e","timestamp":"2026-07-05 06:20:16"}
{"level":"info","message":"Created client session 1a82bdd2dc91ea57233d007d","timestamp":"2026-07-05 06:20:16"}
{"level":"info","message":"Created client session e84d43eb86ce6746639cb535","timestamp":"2026-07-05 06:20:18"}
{"level":"info","message":"Created client session 9f03ccf7b4914791eea1df19","timestamp":"2026-07-05 06:20:26"}
{"level":"info","message":"Created client session 1a188f9a60db2e33caf8ed82","timestamp":"2026-07-05 06:20:27"}
{"level":"info","message":"Created client session be15968e6c6fb987a018e9bd","timestamp":"2026-07-05 06:20:37"}
{"level":"info","message":"Created client session baabeb4d38b774232290e470","timestamp":"2026-07-05 06:20:45"}
{"level":"info","message":"Created client session 898411ba569fec4d5dec4936","timestamp":"2026-07-05 06:20:59"}
{"level":"info","message":"Created client session 1bb8b4c5b8628aa56acf9d0c","timestamp":"2026-07-05 06:21:01"}
{"level":"info","message":"Created client session 42aa72ecae25cc811e1efd58","timestamp":"2026-07-05 06:21:04"}
{"level":"info","message":"Created client session c163aa6f983a40ddf10d4c06","timestamp":"2026-07-05 06:21:05"}
{"level":"info","message":"Created client session 2c3ef478db2ae5951cdafbd8","timestamp":"2026-07-05 06:21:05"}
{"level":"info","message":"Created client session 0fbc4def973148f77d59d65b","timestamp":"2026-07-05 06:21:09"}
{"level":"info","message":"Created client session daf966e35113557b6e1b5d86","timestamp":"2026-07-05 06:21:10"}
{"level":"info","message":"Created client session 87a7882170268c1ad1f37469","timestamp":"2026-07-05 06:21:12"}
{"level":"info","message":"Created client session 95ad7d8a49469fdc1decb68d","timestamp":"2026-07-05 06:21:14"}
{"level":"info","message":"Created client session 9e1952731f4e36dbfe789ccf","timestamp":"2026-07-05 06:21:20"}
{"level":"info","message":"Created client session eb3a51e61115a820ca46ad96","timestamp":"2026-07-05 06:21:25"}
{"level":"info","message":"Created client session c0bad65eeedb387ceb9eeec9","timestamp":"2026-07-05 06:21:27"}
{"level":"info","message":"Created client session 9c411fb4a64f8173c89b637c","timestamp":"2026-07-05 06:21:27"}
{"level":"info","message":"Created client session 4931aa1dec3d9548c8ad4231","timestamp":"2026-07-05 06:21:30"}
{"level":"info","message":"Created client session 32b5a2683894105b3dd61caa","timestamp":"2026-07-05 06:21:42"}
{"level":"info","message":"Created client session f2b48bf87cd68c10e58e474b","timestamp":"2026-07-05 06:21:45"}
{"level":"info","message":"Created client session 5f99e4cc118ed585588b3658","timestamp":"2026-07-05 06:21:46"}
{"level":"info","message":"Created client session 3bf5177065ecfeaecee3bd67","timestamp":"2026-07-05 06:22:05"}
{"level":"info","message":"Created client session 93cfa91d7d1d55c1645a294a","timestamp":"2026-07-05 06:22:14"}
{"level":"info","message":"Created client session 99258dbb05da2391f2ba24d4","timestamp":"2026-07-05 06:22:15"}
{"level":"info","message":"Created client session 4bd9d06b4e8fdeaf55d8a399","timestamp":"2026-07-05 06:22:25"}
{"level":"info","message":"Created client session 0418a09806700fb1756976e0","timestamp":"2026-07-05 06:22:25"}
{"level":"info","message":"Created client session 99b968036e084d87b892e99d","timestamp":"2026-07-05 06:22:26"}
{"level":"info","message":"Created client session 782bf9f0442518ba61afe428","timestamp":"2026-07-05 06:22:34"}
{"level":"info","message":"Created client session d3d5de749b31d359d8333f0b","timestamp":"2026-07-05 06:22:36"}
{"level":"info","message":"Created client session 6bf844931b679937b3d9cd32","timestamp":"2026-07-05 06:22:38"}
{"level":"info","message":"Created client session 0f000b0712b23d98dc721c46","timestamp":"2026-07-05 06:22:39"}
{"level":"info","message":"Created client session d93769d7401a3f54a75b697b","timestamp":"2026-07-05 06:22:41"}
{"level":"info","message":"Created client session 97f2e35a07c259ab47336557","timestamp":"2026-07-05 06:22:50"}
{"level":"info","message":"Created client session 1b6ffffd500c7c39025e89a5","timestamp":"2026-07-05 06:22:51"}
{"level":"info","message":"Created client session 624ce5c3e2238a05de1a5784","timestamp":"2026-07-05 06:22:51"}
{"level":"info","message":"Created client session f05bf949206dda737ea7753a","timestamp":"2026-07-05 06:22:52"}
{"level":"info","message":"Created client session 7e0faee47cb3cb66baeb1298","timestamp":"2026-07-05 06:22:52"}
{"level":"info","message":"Created client session 85a12918d71c42c1e60f3ea9","timestamp":"2026-07-05 06:22:52"}
{"level":"info","message":"Created client session b7c18424f8ee4dc8e6f5e659","timestamp":"2026-07-05 06:22:52"}
{"level":"info","message":"Created client session b668fe0d5458a56ebd1d18f8","timestamp":"2026-07-05 06:22:54"}
{"level":"info","message":"Created client session 20c52326bfae92427f110557","timestamp":"2026-07-05 06:23:05"}
{"level":"info","message":"Created client session c70a3a7e7406cc5eaf1b24cc","timestamp":"2026-07-05 06:23:14"}
{"level":"info","message":"Created client session 3431e8974a3854394dff7de2","timestamp":"2026-07-05 06:23:23"}
{"level":"info","message":"Created client session 79083fcd180de06def3de6cd","timestamp":"2026-07-05 06:23:28"}
{"level":"info","message":"Created client session ed755353d7792b6c027fc453","timestamp":"2026-07-05 06:23:28"}
{"level":"info","message":"Created client session 2bdacdd194b516c4148adabc","timestamp":"2026-07-05 06:23:30"}
{"level":"info","message":"Created client session fdf20c39ccd059801c443713","timestamp":"2026-07-05 06:23:40"}
{"level":"info","message":"Created client session 18b6bdb5d08fa448841023d7","timestamp":"2026-07-05 06:23:42"}
{"level":"info","message":"Created client session 46b8dfa5ee934a95cf7e7542","timestamp":"2026-07-05 06:23:48"}
{"level":"info","message":"Created client session 989fb6df953d1a99297d1218","timestamp":"2026-07-05 06:23:55"}
{"level":"info","message":"Created client session fc908380c2c51fea76a089d5","timestamp":"2026-07-05 06:23:55"}
{"level":"info","message":"Created client session d5296e3a67881f1fa22e9247","timestamp":"2026-07-05 06:23:57"}
{"level":"info","message":"Created client session 6d83c7fe612665da7233fc59","timestamp":"2026-07-05 06:23:57"}
{"level":"info","message":"Created client session 1408a0052184cf31c93f9a85","timestamp":"2026-07-05 06:23:57"}
{"level":"info","message":"Created client session f96e60ac79b46b2bfe6e3992","timestamp":"2026-07-05 06:24:10"}
{"level":"info","message":"Created client session 2d7f5b95fc541d533d7e549e","timestamp":"2026-07-05 06:24:10"}
{"level":"info","message":"Created client session 03f9bc7e2acbe79aee16b0f7","timestamp":"2026-07-05 06:24:11"}
{"level":"info","message":"Created client session 070969e68781bc95eefbb052","timestamp":"2026-07-05 06:24:11"}
{"level":"info","message":"Created client session e9e87130767d2594cc842303","timestamp":"2026-07-05 06:24:11"}
{"level":"info","message":"Created client session 6cff29cc3b670ff1023ca8dd","timestamp":"2026-07-05 06:24:11"}
{"level":"info","message":"Created client session d93cf69999d54787ce247ece","timestamp":"2026-07-05 06:24:11"}
{"level":"info","message":"Created client session 89f010a5d554f1038242db7a","timestamp":"2026-07-05 06:24:11"}
{"level":"info","message":"Created client session cd7c2c5995afc8ce8dfdc0d7","timestamp":"2026-07-05 06:24:11"}
{"level":"info","message":"Created client session 6b88ad6584b242337d9f6eff","timestamp":"2026-07-05 06:24:11"}
{"level":"info","message":"Created client session f2548ec3bfcffe0c7ba19ef2","timestamp":"2026-07-05 06:24:11"}
{"level":"info","message":"Created client session cfd8454c0dba3b366b020316","timestamp":"2026-07-05 06:24:11"}
{"level":"info","message":"Created client session 74af700817c717cf3fb03388","timestamp":"2026-07-05 06:24:11"}
{"level":"info","message":"Created client session 43545bf01caa375854bdfad5","timestamp":"2026-07-05 06:24:11"}
{"level":"info","message":"Created client session a1673b3c81493bc4b4b42c77","timestamp":"2026-07-05 06:24:11"}
{"level":"info","message":"Created client session 749aa5d7cdc544c43e989746","timestamp":"2026-07-05 06:24:11"}
{"level":"info","message":"Created client session 4792cb94c9eeca37c955ea87","timestamp":"2026-07-05 06:24:11"}
{"level":"info","message":"Created client session 5a8ecf12279dbd7d003d30a5","timestamp":"2026-07-05 06:24:11"}
{"level":"info","message":"Created client session f1f119a60303ca5e4612012d","timestamp":"2026-07-05 06:24:11"}
{"level":"info","message":"Created client session cdce0e5d440b3c8a557caf8f","timestamp":"2026-07-05 06:24:11"}
{"level":"info","message":"Created client session 0acbb12a38e9f238cf72061f","timestamp":"2026-07-05 06:24:11"}
{"level":"info","message":"Created client session 98cee946dce6ea72827f392d","timestamp":"2026-07-05 06:24:11"}
{"level":"info","message":"Created client session 665bbc89b50ecbb624015931","timestamp":"2026-07-05 06:24:11"}
{"level":"info","message":"Created client session a1a1ba4770a784e1e60e3d24","timestamp":"2026-07-05 06:24:11"}
{"level":"info","message":"Created client session 93cf206a68b75caf253f0f83","timestamp":"2026-07-05 06:24:11"}
{"level":"info","message":"Created client session 619e27a05e2505b1876f79de","timestamp":"2026-07-05 06:24:11"}
{"level":"info","message":"Created client session ae371c4603f73d938295ea13","timestamp":"2026-07-05 06:24:11"}
{"level":"info","message":"Created client session 1b560c65c50e152bed8d8643","timestamp":"2026-07-05 06:24:11"}
{"level":"info","message":"Created client session 4e51b9ddaade513486205ed7","timestamp":"2026-07-05 06:24:11"}
{"level":"info","message":"Created client session ff520cdb5a6b2ee752f3098f","timestamp":"2026-07-05 06:24:11"}
{"level":"info","message":"Created client session 3495e52eeb754b86799f9158","timestamp":"2026-07-05 06:24:11"}
{"level":"info","message":"Created client session bb9774022d76631a99a3a076","timestamp":"2026-07-05 06:24:11"}
{"level":"info","message":"Created client session 490676ddca32adc19fbc08c9","timestamp":"2026-07-05 06:24:11"}
{"level":"info","message":"Created client session 8422e2ff86f8fec99da4bb21","timestamp":"2026-07-05 06:24:11"}
{"level":"info","message":"Created client session ee418d1e649b8772ddd6bc73","timestamp":"2026-07-05 06:24:11"}
{"level":"info","message":"Created client session 0eadf81a3e0d531122ba073a","timestamp":"2026-07-05 06:24:11"}
{"level":"info","message":"Created client session fe5c5e8b3ecc3c55da7efbde","timestamp":"2026-07-05 06:24:11"}
{"level":"info","message":"Created client session 8e7f921746d18c9ca0b69378","timestamp":"2026-07-05 06:24:11"}
{"level":"info","message":"Created client session 58a19d6e1b16b624e39dd655","timestamp":"2026-07-05 06:24:11"}
{"level":"info","message":"Created client session 022b50a70b51b82516f23e79","timestamp":"2026-07-05 06:24:11"}
{"level":"info","message":"Created client session 1811cb6a6d517931553b10a1","timestamp":"2026-07-05 06:24:11"}
{"level":"info","message":"Created client session 603487e4615ddc1ba69fd616","timestamp":"2026-07-05 06:24:11"}
{"level":"info","message":"Created client session 2263c7b5e93df9d78e6317bd","timestamp":"2026-07-05 06:24:11"}
{"level":"info","message":"Created client session a0681bf41630e3f48fb97522","timestamp":"2026-07-05 06:24:11"}
{"level":"info","message":"Created client session 05d4cdc1023de3727bcfeb77","timestamp":"2026-07-05 06:24:11"}
{"level":"info","message":"Created client session 31611c4864cf575f349df766","timestamp":"2026-07-05 06:24:11"}
{"level":"info","message":"Created client session 4eea5762eefd33ba9d0aeccb","timestamp":"2026-07-05 06:24:11"}
{"level":"info","message":"Created client session 15edc569d866fce953fd62ef","timestamp":"2026-07-05 06:24:11"}
{"level":"info","message":"Created client session c3af51007f2ed12be3a22172","timestamp":"2026-07-05 06:24:11"}
{"level":"info","message":"Created client session 2611a9ce75f55433af2eb806","timestamp":"2026-07-05 06:24:11"}
{"level":"info","message":"Created client session 53516e5e438df35018dd4d25","timestamp":"2026-07-05 06:24:11"}
{"level":"info","message":"Created client session 0debcdb2ce08b4a4a4711b3b","timestamp":"2026-07-05 06:24:11"}
{"level":"info","message":"Created client session 62ad9b7c54887b1faf711828","timestamp":"2026-07-05 06:24:11"}
{"level":"info","message":"Created client session 8d05f3ddd4bdcd14aacf9b91","timestamp":"2026-07-05 06:24:11"}
{"level":"info","message":"Created client session b2de7ac5e077cbb25d827a19","timestamp":"2026-07-05 06:24:11"}
{"level":"info","message":"Created client session dc5033fcca4188945f68c4bb","timestamp":"2026-07-05 06:24:11"}
{"level":"info","message":"Created client session a180d32f451bb0978badf87b","timestamp":"2026-07-05 06:24:11"}
{"level":"info","message":"Created client session fbde792c9859b8fcc1251b9d","timestamp":"2026-07-05 06:24:11"}
{"level":"info","message":"Created client session cac79ec01595bfe14cdf4128","timestamp":"2026-07-05 06:24:11"}
{"level":"info","message":"Created client session 8043b875f450dba5162b455f","timestamp":"2026-07-05 06:24:11"}
{"level":"info","message":"Created client session 6e764acb170ec6d30468da94","timestamp":"2026-07-05 06:24:11"}
{"level":"info","message":"Created client session 653838902a874cb6d4c9d141","timestamp":"2026-07-05 06:24:11"}
{"level":"info","message":"Created client session db18115a13d15fe69c18d474","timestamp":"2026-07-05 06:24:11"}
{"level":"info","message":"Created client session e9cdb6b2a488eff57d012dd6","timestamp":"2026-07-05 06:24:11"}
{"level":"info","message":"Created client session 13c5ec6e997251726decdde7","timestamp":"2026-07-05 06:24:11"}
{"level":"info","message":"Created client session edd5f306b59c1fac41262ec2","timestamp":"2026-07-05 06:24:11"}
{"level":"info","message":"Created client session dc968d173eaa4232de57686f","timestamp":"2026-07-05 06:24:11"}
{"level":"info","message":"Created client session 650e7f1d27d24bd670d58578","timestamp":"2026-07-05 06:24:11"}
{"level":"info","message":"Created client session 06468d7c3a0760aa56756217","timestamp":"2026-07-05 06:24:11"}
{"level":"info","message":"Created client session c609f57b9ef0da12963ec5eb","timestamp":"2026-07-05 06:24:11"}
{"level":"info","message":"Created client session 4e30fa9f63efbac0b8657dd4","timestamp":"2026-07-05 06:24:11"}
{"level":"info","message":"Created client session 714167a79de824f06ef45212","timestamp":"2026-07-05 06:24:11"}
{"level":"info","message":"Created client session b3129f9ee3195e4875c13f3a","timestamp":"2026-07-05 06:24:11"}
{"level":"info","message":"Created client session db1b8c47b7165ccc437e9eee","timestamp":"2026-07-05 06:24:11"}
{"level":"info","message":"Created client session cc187b31e72dd1565fa4daf2","timestamp":"2026-07-05 06:24:11"}
{"level":"info","message":"Created client session f3bbb9081eb0a4fab57b7ae6","timestamp":"2026-07-05 06:24:11"}
{"level":"info","message":"Created client session cfcf777c02d4465808990a2b","timestamp":"2026-07-05 06:24:11"}
{"level":"info","message":"Created client session 97b83c8bca735034228de5e6","timestamp":"2026-07-05 06:24:11"}
{"level":"info","message":"Created client session 9cc05f15511e9ffaab2f0884","timestamp":"2026-07-05 06:24:11"}
{"level":"info","message":"Created client session ba913b72eb84ce86700cb7a6","timestamp":"2026-07-05 06:24:11"}
{"level":"info","message":"Created client session b344c52f684224b1eb083b13","timestamp":"2026-07-05 06:24:11"}
{"level":"info","message":"Created client session e78495908fae88249e7df8eb","timestamp":"2026-07-05 06:24:11"}
{"level":"info","message":"Created client session a3fd7fe5accdecaca215ff53","timestamp":"2026-07-05 06:24:12"}
{"level":"info","message":"Created client session 1b2e3074402d6be6687f1fa9","timestamp":"2026-07-05 06:24:12"}
{"level":"info","message":"Created client session d681e3587fae5e69bedd8fd9","timestamp":"2026-07-05 06:24:12"}
{"level":"info","message":"Created client session 95a569361d91284975132aef","timestamp":"2026-07-05 06:24:12"}
{"level":"info","message":"Created client session b3008819e14b7dd4054ac3c0","timestamp":"2026-07-05 06:24:12"}
{"level":"info","message":"Created client session 89c84189190f97b608c0b19a","timestamp":"2026-07-05 06:24:12"}
{"level":"info","message":"Created client session 8bb86dfb68756ede7527c6e1","timestamp":"2026-07-05 06:24:12"}
{"level":"info","message":"Created client session ac1196ef2dc32d5d9b35f391","timestamp":"2026-07-05 06:24:12"}
{"level":"info","message":"Created client session 4b4f6637a2dbf4ba99419786","timestamp":"2026-07-05 06:24:12"}
{"level":"info","message":"Created client session e72b2fd276f9abb87b0747a6","timestamp":"2026-07-05 06:24:12"}
{"level":"info","message":"Created client session ac21720a588426239b013b61","timestamp":"2026-07-05 06:24:12"}
{"level":"info","message":"Created client session 57908042e05bdcfe2af0ecb4","timestamp":"2026-07-05 06:24:12"}
{"level":"info","message":"Created client session 79e8d6d49b1ec9c1fec31d48","timestamp":"2026-07-05 06:24:12"}
{"level":"info","message":"Created client session 86d50298d64ad540581c2e0d","timestamp":"2026-07-05 06:24:12"}
{"level":"info","message":"Created client session 351089d8ad9fc527350760a0","timestamp":"2026-07-05 06:24:12"}
{"level":"info","message":"Created client session 8454b13968f52ff8587133d7","timestamp":"2026-07-05 06:24:12"}
{"level":"info","message":"Created client session 7447c00777af65378fee48ac","timestamp":"2026-07-05 06:24:12"}
{"level":"info","message":"Created client session 919e2d94ff8fa3759181d910","timestamp":"2026-07-05 06:24:12"}
{"level":"info","message":"Created client session accb7794f0b0f3f0c337f31a","timestamp":"2026-07-05 06:24:12"}
{"level":"info","message":"Created client session c07bcf8ba99e0c9063430432","timestamp":"2026-07-05 06:24:12"}
{"level":"info","message":"Created client session 8dfbede01c6d9da8452591f3","timestamp":"2026-07-05 06:24:12"}
{"level":"info","message":"Created client session bf48311db9f38780797484e3","timestamp":"2026-07-05 06:24:12"}
{"level":"info","message":"Created client session e5a6a271e21ab00e0138597d","timestamp":"2026-07-05 06:24:12"}
{"level":"info","message":"Created client session c468ad160610a5584f11cfad","timestamp":"2026-07-05 06:24:13"}
{"level":"info","message":"Created client session 70e86fad7b96f6cfb59f8f98","timestamp":"2026-07-05 06:24:13"}
{"level":"info","message":"Created client session 89ad57b4cf4ee349babd8f31","timestamp":"2026-07-05 06:24:15"}
{"level":"info","message":"Created client session 28a0ef5fa40f67bd7fafc6cc","timestamp":"2026-07-05 06:24:17"}
{"level":"info","message":"Created client session a11d5202df2009225dfe18cd","timestamp":"2026-07-05 06:24:18"}
{"level":"info","message":"Created client session 0b7498261de6127b917259fa","timestamp":"2026-07-05 06:24:35"}
{"level":"info","message":"Created client session 1bf986f9557558b55cbb49ad","timestamp":"2026-07-05 06:24:46"}
{"level":"info","message":"Created client session 9f950b04471d0f5599d803da","timestamp":"2026-07-05 06:24:49"}
{"level":"info","message":"Created client session b14b79fcf26302bd01179b66","timestamp":"2026-07-05 06:24:49"}
{"level":"info","message":"Created client session e927243759013e2f2b6a1f36","timestamp":"2026-07-05 06:25:05"}
{"level":"info","message":"Created client session 2df7e894ac017ce59787920d","timestamp":"2026-07-05 06:25:08"}
{"level":"info","message":"Created client session 26e0d88dfdac75db0bddedcf","timestamp":"2026-07-05 06:25:08"}
{"level":"info","message":"Created client session 50653d8998056e418fb84dd5","timestamp":"2026-07-05 06:25:08"}
{"level":"info","message":"Created client session 81a969c37cce5064a828a58b","timestamp":"2026-07-05 06:25:08"}
{"level":"info","message":"Created client session 8a0e8eda70d15afaf3fe1d3b","timestamp":"2026-07-05 06:25:09"}
{"level":"info","message":"Created client session 30b476c9acb93de0b5f9eae5","timestamp":"2026-07-05 06:25:12"}
{"level":"info","message":"Created client session 59f52bc056f4d833b32d392e","timestamp":"2026-07-05 06:25:13"}
{"level":"info","message":"Created client session 10b571cd18e96ac2cbbd77ff","timestamp":"2026-07-05 06:25:13"}
{"level":"info","message":"Created client session ed5703cefd4b769e281fbea0","timestamp":"2026-07-05 06:25:14"}
{"level":"info","message":"Created client session 4d0b2d0b8e49c42e98b6e4ca","timestamp":"2026-07-05 06:25:15"}
{"level":"info","message":"Created client session 093ec8058ed5608837a9eb9d","timestamp":"2026-07-05 06:25:20"}
{"level":"info","message":"Created client session ef9f44c4c2181ae611392262","timestamp":"2026-07-05 06:25:21"}
{"level":"info","message":"Created client session b9097d4e660aa9e92f2f7edb","timestamp":"2026-07-05 06:25:23"}
{"level":"info","message":"Created client session 954c6360644bbcf9243f5d6c","timestamp":"2026-07-05 06:25:25"}
{"level":"info","message":"Created client session 395fb20dc5d491c23e5bd9f9","timestamp":"2026-07-05 06:25:33"}
{"level":"info","message":"Created client session 6a3c8d32489c537c4f856f73","timestamp":"2026-07-05 06:25:35"}
{"level":"info","message":"Created client session d661c27d7564479649842564","timestamp":"2026-07-05 06:25:39"}
{"level":"info","message":"Created client session d5ce3404baff8769b13ed161","timestamp":"2026-07-05 06:25:40"}
{"level":"info","message":"Created client session fea9455eed6ac7c66e65d713","timestamp":"2026-07-05 06:25:53"}
{"level":"info","message":"Created client session f941f666ff994c32788e1ffb","timestamp":"2026-07-05 06:26:05"}
{"level":"info","message":"Created client session ca5fbe2a16f51b1d25ba5c9c","timestamp":"2026-07-05 06:26:06"}
{"level":"info","message":"Created client session f2c059b1e99784f5d8debe22","timestamp":"2026-07-05 06:26:08"}
{"level":"info","message":"Created client session 7454cae4b540a482de95d139","timestamp":"2026-07-05 06:26:12"}
{"level":"info","message":"Created client session 042bb4be8ee16b8fd15acc1d","timestamp":"2026-07-05 06:26:25"}
{"level":"info","message":"Created client session 7e0d64a70329ad004e2dea7d","timestamp":"2026-07-05 06:26:27"}
{"level":"info","message":"Created client session 189bb2be1bb46d6aec10a64d","timestamp":"2026-07-05 06:26:29"}
{"level":"info","message":"Created client session d4b3800ae39ba0d2ccb66789","timestamp":"2026-07-05 06:26:37"}
{"level":"info","message":"Created client session ea1704951c27133a3d28a0e5","timestamp":"2026-07-05 06:26:39"}
{"level":"info","message":"Created client session 0c55f676e59c577d522f349f","timestamp":"2026-07-05 06:26:42"}
{"level":"info","message":"Created client session c61d4f286ea2f26610fac206","timestamp":"2026-07-05 06:26:46"}
{"level":"info","message":"Created client session 7ed65beadd937e6ec0869fce","timestamp":"2026-07-05 06:27:10"}
{"level":"info","message":"Created client session 052b98406598ade1fb90a15e","timestamp":"2026-07-05 06:27:18"}
{"level":"info","message":"Created client session e2efc8e28c4022d583fe25f4","timestamp":"2026-07-05 06:27:30"}
{"level":"info","message":"Created client session d8749b7fab38e6c770839e4c","timestamp":"2026-07-05 06:27:30"}
{"level":"info","message":"Created client session 04cedb253656a2af45525928","timestamp":"2026-07-05 06:27:33"}
{"level":"info","message":"Created client session 397c0df3a18dfcd3353c52a8","timestamp":"2026-07-05 06:27:33"}
{"level":"info","message":"Created client session d5eadc1b15e7915ae6ab9be1","timestamp":"2026-07-05 06:27:36"}
{"level":"info","message":"Created client session eec9d5ac6cc48117bffb5ad0","timestamp":"2026-07-05 06:27:37"}
{"level":"info","message":"Created client session 7156434509906630f9c9895d","timestamp":"2026-07-05 06:27:37"}
{"level":"info","message":"Created client session 5a19cb8bea772b4e5fbd2311","timestamp":"2026-07-05 06:27:38"}
{"level":"info","message":"Created client session 33e5dc9a0199eadd372cabe6","timestamp":"2026-07-05 06:27:39"}
{"level":"info","message":"Created client session bcbfae4c0216bc8aedee7d76","timestamp":"2026-07-05 06:27:44"}
{"level":"info","message":"Created client session 9199a3dbf182f297fac4ce15","timestamp":"2026-07-05 06:27:48"}
{"level":"info","message":"Created client session a73a7500797088ca4af8ca7b","timestamp":"2026-07-05 06:27:54"}
{"level":"info","message":"Created client session e2ed6003baf5d88501e2db3b","timestamp":"2026-07-05 06:27:54"}
{"level":"info","message":"Created client session 7a8b5ec547733efaa3cabb2e","timestamp":"2026-07-05 06:27:56"}
{"level":"info","message":"Created client session 9d9ae45b48d9d61e78f028a0","timestamp":"2026-07-05 06:28:05"}
{"level":"info","message":"Created client session 8156ef21c022f4a0325a681e","timestamp":"2026-07-05 06:28:11"}
{"level":"info","message":"Created client session e21b7047cfce7bec8ae4ab48","timestamp":"2026-07-05 06:28:14"}
{"level":"info","message":"Created client session e65440a6dde6fe6350a40e24","timestamp":"2026-07-05 06:28:22"}
{"level":"info","message":"Created client session 1d1108442225b6ba4880972b","timestamp":"2026-07-05 06:28:22"}
{"level":"info","message":"Created client session f02aa1a9e884f76ea0fd1ed7","timestamp":"2026-07-05 06:28:34"}
{"level":"info","message":"Created client session f11eb227ae53b65a67cb2684","timestamp":"2026-07-05 06:28:34"}
{"level":"info","message":"Created client session 3087f5fb06543e5cab17a8a5","timestamp":"2026-07-05 06:28:35"}
{"level":"info","message":"Created client session 8ec8c76bab80972f035a214a","timestamp":"2026-07-05 06:28:35"}
{"level":"info","message":"Created client session 8d21eefa09f714e3bf0c758a","timestamp":"2026-07-05 06:28:37"}
{"level":"info","message":"Created client session 017284713e1d35068e866956","timestamp":"2026-07-05 06:28:38"}
{"level":"info","message":"Created client session ac8a8573819c130f4a0e39a4","timestamp":"2026-07-05 06:28:47"}
{"level":"info","message":"Created client session 3f45ecd33b09143f70c087ca","timestamp":"2026-07-05 06:28:54"}
{"level":"info","message":"Created client session e028579992fdd1d50c2d51b5","timestamp":"2026-07-05 06:29:06"}
{"level":"info","message":"Created client session dd258b4c611cf1538880aa4d","timestamp":"2026-07-05 06:29:08"}
{"level":"info","message":"Created client session 168c63f9daa55dffc8cf1ce3","timestamp":"2026-07-05 06:29:09"}
{"level":"info","message":"Created client session d7b8011e0958fc85afd4fd75","timestamp":"2026-07-05 06:29:30"}
{"level":"info","message":"Created client session 8f2889507244a8e6adeab6b7","timestamp":"2026-07-05 06:29:36"}
{"level":"info","message":"Created client session c12c0aed3ed87282f31edd5a","timestamp":"2026-07-05 06:29:40"}
{"level":"info","message":"Created client session 96adb6b53bcc5bfc93024744","timestamp":"2026-07-05 06:29:40"}
{"level":"info","message":"Created client session 37adbcd2efcc3d2340578d09","timestamp":"2026-07-05 06:29:54"}
{"level":"info","message":"Created client session 58cec5d410ebb696480daed1","timestamp":"2026-07-05 06:29:59"}
{"level":"info","message":"Created client session e4445a4e2562c2d505b2c3be","timestamp":"2026-07-05 06:30:06"}
{"level":"info","message":"Created client session ece0b5fdde6999122a6304b0","timestamp":"2026-07-05 06:30:08"}
{"level":"info","message":"Created client session 9288e02acf1c969928c617ec","timestamp":"2026-07-05 06:30:12"}
{"level":"info","message":"Created client session 55c5102d262ac2bade614d68","timestamp":"2026-07-05 06:30:14"}
{"level":"info","message":"Created client session 28cdd7293e44d972d299d630","timestamp":"2026-07-05 06:30:24"}
{"level":"info","message":"Created client session a704497e83070e321a0f593a","timestamp":"2026-07-05 06:30:25"}
{"level":"info","message":"Created client session 24cea912782ba4e191b82d67","timestamp":"2026-07-05 06:30:25"}
{"level":"info","message":"Created client session 51e0c4d77b89a40af32d1340","timestamp":"2026-07-05 06:30:30"}
{"level":"info","message":"Created client session 93338350f70f7a390f97aacf","timestamp":"2026-07-05 06:30:31"}
{"level":"info","message":"Created client session 6690b7960d67f4fc733562ab","timestamp":"2026-07-05 06:30:31"}
{"level":"info","message":"Created client session 1cf4bc032950c21b5f77f913","timestamp":"2026-07-05 06:30:36"}
{"level":"info","message":"Created client session 4eb0b9a1771dcb7fe62d43d4","timestamp":"2026-07-05 06:30:41"}
{"level":"info","message":"Created client session 2ab14addb3b6d5fac6f5459b","timestamp":"2026-07-05 06:30:44"}
{"level":"info","message":"Created client session e4a083e1c2f1400e591832b2","timestamp":"2026-07-05 06:30:50"}
{"level":"info","message":"Created client session 10ee0f21a3e29b89436a9232","timestamp":"2026-07-05 06:30:52"}
{"level":"info","message":"Created client session 6934be94583c383187f0faf4","timestamp":"2026-07-05 06:30:53"}
{"level":"info","message":"Created client session ff7d7bcb1ee2418c19e0452b","timestamp":"2026-07-05 06:30:57"}
{"level":"info","message":"Created client session 414a9226d17ff899241dcd60","timestamp":"2026-07-05 06:31:01"}
{"level":"info","message":"Created client session 33ad825ed5342f9df34b089c","timestamp":"2026-07-05 06:31:02"}
{"level":"info","message":"Created client session da07529d845147c2ede96d59","timestamp":"2026-07-05 06:31:04"}
{"level":"info","message":"Created client session af8a3ea8ec66d33683dc85bb","timestamp":"2026-07-05 06:31:19"}
{"level":"info","message":"Created client session 5bd0e445858f58ab95c4cfa1","timestamp":"2026-07-05 06:31:28"}
{"level":"info","message":"Created client session f1d7b1e7f2578929c9a33ccd","timestamp":"2026-07-05 06:31:31"}
{"level":"info","message":"Created client session 36e62485a963ddbd97967bb0","timestamp":"2026-07-05 06:31:33"}
{"level":"info","message":"Created client session 46657240a0d72781ae9af11c","timestamp":"2026-07-05 06:31:34"}
{"level":"info","message":"Created client session 8b22496b6c402e81d28c0dd3","timestamp":"2026-07-05 06:31:34"}
{"level":"info","message":"Created client session 3343cda4b3ed324ac3190ef0","timestamp":"2026-07-05 06:31:39"}
{"level":"info","message":"Created client session 72d9efc0b0a6ecdfd0ba40ff","timestamp":"2026-07-05 06:31:42"}
{"level":"info","message":"Created client session 532dcb331305d697191fb25c","timestamp":"2026-07-05 06:31:42"}
{"level":"info","message":"Created client session c07866decf35d70bf08d8fcb","timestamp":"2026-07-05 06:31:47"}
{"level":"info","message":"Created client session 902960d64e0321e504975674","timestamp":"2026-07-05 06:31:48"}
{"level":"info","message":"Created client session 41c2546ab1bf3b139636acda","timestamp":"2026-07-05 06:31:50"}
{"level":"info","message":"Created client session d3f5be771eae210fff039e5a","timestamp":"2026-07-05 06:31:58"}
{"level":"info","message":"Created client session 814b7d4f853c46532a4af15b","timestamp":"2026-07-05 06:31:59"}
{"level":"info","message":"Created client session 4cb8a8d3d4fb90c35e48df18","timestamp":"2026-07-05 06:31:59"}
{"level":"info","message":"Created client session b849e208f11cb1fa7c6af626","timestamp":"2026-07-05 06:32:04"}
{"level":"info","message":"Created client session 7238262ef7a62b2d9e1064d6","timestamp":"2026-07-05 06:32:05"}
{"level":"info","message":"Created client session e7545a954b56d2116cd1a9dd","timestamp":"2026-07-05 06:32:13"}
{"level":"info","message":"Created client session ab82e47518adbbfb052eb7ad","timestamp":"2026-07-05 06:32:14"}
{"level":"info","message":"Created client session 596854d39c0026ded5276ddd","timestamp":"2026-07-05 06:32:16"}
{"level":"info","message":"Created client session a0be018c41b87b1231a531f1","timestamp":"2026-07-05 06:32:17"}
{"level":"info","message":"Created client session 46cd8d9fcbeb0b32899af87e","timestamp":"2026-07-05 06:32:17"}
{"level":"info","message":"Created client session 217469dabc8a6a547644c0a2","timestamp":"2026-07-05 06:32:20"}
{"level":"info","message":"Created client session 212be046b88ce41ada47eead","timestamp":"2026-07-05 06:32:23"}
{"level":"info","message":"Created client session dffc2a4ba78664cbcdb1a1d0","timestamp":"2026-07-05 06:32:23"}
{"level":"info","message":"Created client session a630c7b75c8808d24661a7c7","timestamp":"2026-07-05 06:32:31"}
{"level":"info","message":"Created client session ca97ec9f245b43b6835bea75","timestamp":"2026-07-05 06:32:35"}
{"level":"info","message":"Created client session 8efebcc3c11af436c8113b17","timestamp":"2026-07-05 06:32:35"}
{"level":"info","message":"Created client session 21dd45c384f4e6a43751f823","timestamp":"2026-07-05 06:32:36"}
{"level":"info","message":"Created client session 0de5ecb5af5b21799250c209","timestamp":"2026-07-05 06:32:37"}
{"level":"info","message":"Created client session 177e2f720dbfb513881b89c8","timestamp":"2026-07-05 06:32:39"}
{"level":"info","message":"Created client session 1c38b6e0eb30d165796a733c","timestamp":"2026-07-05 06:32:41"}
{"level":"info","message":"Created client session a52cb89dd45b0a3f0f53872b","timestamp":"2026-07-05 06:32:41"}
{"level":"info","message":"Created client session 71faf6765e9f2d7cdbd169cc","timestamp":"2026-07-05 06:33:10"}
{"level":"info","message":"Created client session fcb37f353b1d1163c6aae419","timestamp":"2026-07-05 06:33:11"}
{"level":"info","message":"Created client session d402b2b16db1fa0faf6c43f7","timestamp":"2026-07-05 06:33:15"}
{"level":"info","message":"Created client session 346d5b3511643e7d2ae93ef1","timestamp":"2026-07-05 06:33:15"}
{"level":"info","message":"Created client session 03e3605480e770e764c21bc2","timestamp":"2026-07-05 06:33:21"}
{"level":"info","message":"Created client session 963d23b69ad99f4fef381046","timestamp":"2026-07-05 06:33:25"}
{"level":"info","message":"Created client session a6729053da6c93ffe5ce808b","timestamp":"2026-07-05 06:33:28"}
{"level":"info","message":"Created client session dce64e329d447f52d79a9c8e","timestamp":"2026-07-05 06:33:28"}
{"level":"info","message":"Created client session cee74514e919ac9fbba53985","timestamp":"2026-07-05 06:33:38"}
{"level":"info","message":"Created client session d2bfcf44fb59f4dfed714ce7","timestamp":"2026-07-05 06:33:39"}
{"level":"info","message":"Created client session a42b5510a33d6a1ce1142c1b","timestamp":"2026-07-05 06:33:44"}
{"level":"info","message":"Created client session 6023fc015d2aea823baa54be","timestamp":"2026-07-05 06:33:57"}
{"level":"info","message":"Created client session fd95bcc971074748c887d624","timestamp":"2026-07-05 06:33:59"}
{"level":"info","message":"Created client session bc1f8bee39f8515995df105f","timestamp":"2026-07-05 06:33:59"}
{"level":"info","message":"Created client session c7696889a66c13cc56b291dc","timestamp":"2026-07-05 06:34:10"}
{"level":"info","message":"Created client session e41f89d44ddc9e282630adb4","timestamp":"2026-07-05 06:34:15"}
{"level":"info","message":"Created client session 84acda55174df9a3f3f43a5e","timestamp":"2026-07-05 06:34:15"}
{"level":"info","message":"Created client session 4cd3b3bb1549091dba048485","timestamp":"2026-07-05 06:34:17"}
{"level":"info","message":"Created client session 6ae19aa26dfd004d715e7894","timestamp":"2026-07-05 06:34:22"}
{"level":"info","message":"Created client session 8bd596dd1bfdfdaa918f57a0","timestamp":"2026-07-05 06:34:22"}
{"level":"info","message":"Created client session b7e9c9823ef1eab9ada5db5f","timestamp":"2026-07-05 06:34:29"}
{"level":"info","message":"Created client session c74b0eb5e148d1b7e6c01356","timestamp":"2026-07-05 06:34:38"}
{"level":"info","message":"Created client session 5e9c9786608db4056d9a8fb2","timestamp":"2026-07-05 06:34:43"}
{"level":"info","message":"Created client session c87e4d43ece39fe8b386b08b","timestamp":"2026-07-05 06:35:01"}
{"level":"info","message":"Created client session dc1c20eb7a9bfd2ca51a4ab8","timestamp":"2026-07-05 06:35:15"}
{"level":"info","message":"Created client session 5e753ebc6dd69b9a1317d6b5","timestamp":"2026-07-05 06:35:16"}
{"level":"info","message":"Created client session d07625e177db3baf14b9d472","timestamp":"2026-07-05 06:35:18"}
{"level":"info","message":"Created client session d3699f401b032aa7bff84c6a","timestamp":"2026-07-05 06:35:18"}
{"level":"info","message":"Created client session ada5d20baab9c653ad3c3a13","timestamp":"2026-07-05 06:35:29"}
{"level":"info","message":"Created client session 6e32d1885bcd758ec5c64712","timestamp":"2026-07-05 06:35:36"}
{"level":"info","message":"Created client session 4178694ead0f8ddbcf332262","timestamp":"2026-07-05 06:35:47"}
{"level":"info","message":"Created client session d7fde5c4007448e1532cbbf3","timestamp":"2026-07-05 06:35:50"}
{"level":"info","message":"Created client session 3995aba4668edfc7bca353fe","timestamp":"2026-07-05 06:35:56"}
{"level":"info","message":"Created client session 3537c1d79f903a160eb0887a","timestamp":"2026-07-05 06:36:02"}
{"level":"info","message":"Created client session f38b5e923c122863af8e26a7","timestamp":"2026-07-05 06:36:02"}
{"level":"info","message":"Created client session 4191e59ae459d49001b035ba","timestamp":"2026-07-05 06:36:03"}
{"level":"info","message":"Created client session ba68eac1ff254187f975dd57","timestamp":"2026-07-05 06:36:08"}
{"level":"info","message":"Created client session f5c05aa94606fab16563d858","timestamp":"2026-07-05 06:36:17"}
{"level":"info","message":"Created client session 359628554c0e65e9166f1edb","timestamp":"2026-07-05 06:36:23"}
{"level":"info","message":"Created client session 23157ef9646ae451668305aa","timestamp":"2026-07-05 06:36:26"}
{"level":"info","message":"Created client session d7bf9c247c9413e88a309e68","timestamp":"2026-07-05 06:36:27"}
{"level":"info","message":"Created client session fda8140834a6ac8501fc5cd3","timestamp":"2026-07-05 06:36:28"}
{"level":"info","message":"Created client session 35e6b0f0148ceaf4e3ff592a","timestamp":"2026-07-05 06:36:37"}
{"level":"info","message":"Created client session 648610ab87fc2f214f201de0","timestamp":"2026-07-05 06:36:51"}
{"level":"info","message":"Created client session 6640771ebeae467d90963d19","timestamp":"2026-07-05 06:36:58"}
{"level":"info","message":"Created client session cf6df5488f03328b2c0a6363","timestamp":"2026-07-05 06:37:03"}
{"level":"info","message":"Created client session 687e3e0dd73ee3e78c80051e","timestamp":"2026-07-05 06:37:07"}
{"level":"info","message":"Created client session bf6616dbe7d55707d6def0c0","timestamp":"2026-07-05 06:37:07"}
{"level":"info","message":"Created client session c3476b72714864214cf41057","timestamp":"2026-07-05 06:37:07"}
{"level":"info","message":"Created client session 4375fa6ce62b973c62dd1965","timestamp":"2026-07-05 06:37:07"}
{"level":"info","message":"Created client session a0908bd5cc40cbdf0f073dba","timestamp":"2026-07-05 06:37:11"}
{"level":"info","message":"Created client session 4db8d722bc197ae7f5db8066","timestamp":"2026-07-05 06:37:12"}
{"level":"info","message":"Created client session ebe48988516d4d665db9939e","timestamp":"2026-07-05 06:37:22"}
{"level":"info","message":"Created client session 67203ccbcf8cc057d892186b","timestamp":"2026-07-05 06:37:23"}
{"level":"info","message":"Created client session 4ab3f3834fea9f6bbd19d2a1","timestamp":"2026-07-05 06:37:26"}
{"level":"info","message":"Created client session 31ff8601b97af6a1e2b64fe6","timestamp":"2026-07-05 06:37:27"}
{"level":"info","message":"Created client session 27b4e7a4655411414b75a4da","timestamp":"2026-07-05 06:37:38"}
{"level":"info","message":"Created client session 0866a6ed37c090c28e25b811","timestamp":"2026-07-05 06:37:47"}
{"level":"info","message":"Created client session 00ecac0bf32017093d80aa12","timestamp":"2026-07-05 06:37:50"}
{"level":"info","message":"Created client session 3f6da64f1450ebf0b5289b41","timestamp":"2026-07-05 06:38:01"}
{"level":"info","message":"Created client session 7c9b68f8d881427575935616","timestamp":"2026-07-05 06:38:04"}
{"level":"info","message":"Created client session 36bed55f35928ec83a58e134","timestamp":"2026-07-05 06:38:05"}
{"level":"info","message":"Created client session f3a2781207b63875a9471052","timestamp":"2026-07-05 06:38:05"}
{"level":"info","message":"Created client session 15b57e8657416bc3f2d9a636","timestamp":"2026-07-05 06:38:05"}
{"level":"info","message":"Created client session 356e63da2c8d732235348c0a","timestamp":"2026-07-05 06:38:16"}
{"level":"info","message":"Created client session 90a0ed1d517d4cf50a46887b","timestamp":"2026-07-05 06:38:27"}
{"level":"info","message":"Created client session b777315cff8c53fc5ff2d83f","timestamp":"2026-07-05 06:38:31"}
{"level":"info","message":"Created client session f2c15ad87915fd7ef29c657b","timestamp":"2026-07-05 06:38:42"}
{"level":"info","message":"Created client session a1bdfce5f32508d567327370","timestamp":"2026-07-05 06:38:42"}
{"level":"info","message":"Created client session 1a73adf553ab1c360f5f67ec","timestamp":"2026-07-05 06:38:44"}
{"level":"info","message":"Created client session 3c147055d344bd2abd281139","timestamp":"2026-07-05 06:38:49"}
{"level":"info","message":"Created client session 7fefa35eab978a4a0dc0fc59","timestamp":"2026-07-05 06:38:54"}
{"level":"info","message":"Created client session a52e65bba58cc1420ed85733","timestamp":"2026-07-05 06:39:04"}
{"level":"info","message":"Created client session 456918b255542b9c3c330ec6","timestamp":"2026-07-05 06:39:11"}
{"level":"info","message":"Created client session 1554d50e76716c40c54fca8a","timestamp":"2026-07-05 06:39:14"}
{"level":"info","message":"Created client session 3b46948398d2ed00766a84bc","timestamp":"2026-07-05 06:39:16"}
{"level":"info","message":"Created client session ecbd19012f06585976b85590","timestamp":"2026-07-05 06:39:30"}
{"level":"info","message":"Created client session 6ece4ed66dee397d9e31c635","timestamp":"2026-07-05 06:39:32"}
{"level":"info","message":"Created client session c80ff4cb646c3fa39a8bfacb","timestamp":"2026-07-05 06:39:36"}
{"level":"info","message":"Created client session ff66b45efc4349e829a1516d","timestamp":"2026-07-05 06:39:46"}
{"level":"info","message":"Created client session 8cee728f3284a562f783a8ce","timestamp":"2026-07-05 06:39:48"}
{"level":"info","message":"Created client session 5aae2d766adb5920c49fa01b","timestamp":"2026-07-05 06:39:51"}
{"level":"info","message":"Created client session 4a9ad1d2c1f263e8e039add2","timestamp":"2026-07-05 06:40:04"}
{"level":"info","message":"Created client session 5c429b353ebfb6a77d13a249","timestamp":"2026-07-05 06:40:08"}
{"level":"info","message":"Created client session 7b4eadf37f74e8f890a1b849","timestamp":"2026-07-05 06:40:18"}
{"level":"info","message":"Created client session 7e9fc4ef6848a06c2e49ca6c","timestamp":"2026-07-05 06:40:19"}
{"level":"info","message":"Created client session ccb32bfa592c5b49c55126d0","timestamp":"2026-07-05 06:40:29"}
{"level":"info","message":"Created client session 540bc33178fde69e43c7f1bf","timestamp":"2026-07-05 06:40:31"}
{"level":"info","message":"Created client session 835f9ad406f9394d630abb1a","timestamp":"2026-07-05 06:40:40"}
{"level":"info","message":"Created client session 04f13f9d5490945e4c514bd5","timestamp":"2026-07-05 06:40:40"}
{"level":"info","message":"Created client session 6cbe423c7d2fb40fb4d184b2","timestamp":"2026-07-05 06:40:50"}
{"level":"info","message":"Created client session ad3518075911d04753c129f8","timestamp":"2026-07-05 06:41:05"}
{"level":"info","message":"Created client session 412d821944bb942e0cb7ffad","timestamp":"2026-07-05 06:41:05"}
{"level":"info","message":"Created client session f24eca907059f926f620da64","timestamp":"2026-07-05 06:41:06"}
{"level":"info","message":"Created client session 8d69498506b765091dc1b3a8","timestamp":"2026-07-05 06:41:06"}
{"level":"info","message":"Created client session 6d7eb4a1682cbf9b5305a168","timestamp":"2026-07-05 06:41:07"}
{"level":"info","message":"Created client session 808197c1cea46c6d93ca9e60","timestamp":"2026-07-05 06:41:08"}
{"level":"info","message":"Created client session 08c48a4f63061eb1bacfd1c6","timestamp":"2026-07-05 06:41:11"}
{"level":"info","message":"Created client session 53cb82e433bdc4314dfd3677","timestamp":"2026-07-05 06:41:14"}
{"level":"info","message":"Created client session ec6f777b6a153d760a20c0b0","timestamp":"2026-07-05 06:41:22"}
{"level":"info","message":"Created client session c231a80aea209459e9184801","timestamp":"2026-07-05 06:41:23"}
{"level":"info","message":"Created client session 96e3b5c443c8cbd10503e840","timestamp":"2026-07-05 06:41:23"}
{"level":"info","message":"Created client session 8246220817446c272a2db7a9","timestamp":"2026-07-05 06:41:29"}
{"level":"info","message":"Created client session f04526915d8f3dd5565dc942","timestamp":"2026-07-05 06:41:40"}
{"level":"info","message":"Created client session e0e0db6e3c1f7354f1e0b799","timestamp":"2026-07-05 06:41:41"}
{"level":"info","message":"Created client session fac5e859e550c4358d7acacd","timestamp":"2026-07-05 06:41:46"}
{"level":"info","message":"Created client session d790b97f7b751812d68769de","timestamp":"2026-07-05 06:41:47"}
{"level":"info","message":"Created client session 51ed60ab5fe5f197a9e3c742","timestamp":"2026-07-05 06:41:47"}
{"level":"info","message":"Created client session 49d8c59212adef1941617f9e","timestamp":"2026-07-05 06:42:03"}
{"level":"info","message":"Created client session ce4e435090bdac5997b2c952","timestamp":"2026-07-05 06:42:03"}
{"level":"info","message":"Created client session 9a6f90a5adfb630c6cb2494d","timestamp":"2026-07-05 06:42:03"}
{"level":"info","message":"Created client session 0b1f4978400973b567b5e53a","timestamp":"2026-07-05 06:42:07"}
{"level":"info","message":"Created client session 62c0aa8b742a1859fc5d4ffb","timestamp":"2026-07-05 06:42:08"}
{"level":"info","message":"Created client session 85d3f40f183a71487360691e","timestamp":"2026-07-05 06:42:10"}
{"level":"info","message":"Created client session 5196770c73c790df9898b1af","timestamp":"2026-07-05 06:42:16"}
{"level":"info","message":"Created client session b2ba6c68304a87cf0baeaf0b","timestamp":"2026-07-05 06:42:16"}
{"level":"info","message":"Created client session 31af5218861293c831fece85","timestamp":"2026-07-05 06:42:30"}
{"level":"info","message":"Created client session 81c9c3d6431fb3cf2225a4bb","timestamp":"2026-07-05 06:42:31"}
{"level":"info","message":"Created client session 0b47addd77e3167cd2b9b50a","timestamp":"2026-07-05 06:42:37"}
{"level":"info","message":"Created client session db8c7e07b83f1f7dd31bc2be","timestamp":"2026-07-05 06:42:40"}
{"level":"info","message":"Created client session cd6af83c4750040b626d8e9f","timestamp":"2026-07-05 06:42:42"}
{"level":"info","message":"Created client session 2f71b4e8547436145dc14cde","timestamp":"2026-07-05 06:42:43"}
{"level":"info","message":"Created client session 8c2cab1259ddf2df29c75b43","timestamp":"2026-07-05 06:43:00"}
{"level":"info","message":"Created client session 271b8f8dc07cec6d59148429","timestamp":"2026-07-05 06:43:17"}
{"level":"info","message":"Created client session 3b9dae62301042af099112a5","timestamp":"2026-07-05 06:43:21"}
{"level":"info","message":"Created client session 1b21ae5c71202fe4e9decca1","timestamp":"2026-07-05 06:43:29"}
{"level":"info","message":"Created client session bb0ee54c79e2478a8e483505","timestamp":"2026-07-05 06:43:34"}
{"level":"info","message":"Created client session 14c10ef2e82461052b80fc79","timestamp":"2026-07-05 06:43:39"}
{"level":"info","message":"Created client session 0e20a474d0f0fc471e1e4604","timestamp":"2026-07-05 06:43:44"}
{"level":"info","message":"Created client session 1c0e4c38b08415f88b72446a","timestamp":"2026-07-05 06:43:45"}
{"level":"info","message":"Created client session 3196910742e0eb367f86c199","timestamp":"2026-07-05 06:43:50"}
{"level":"info","message":"Created client session be9098163de8d71ec8fcaee8","timestamp":"2026-07-05 06:44:03"}
{"level":"info","message":"Created client session 034da44b7d8225060a6b065c","timestamp":"2026-07-05 06:44:09"}
{"level":"info","message":"Created client session 72f19ac8035986cb66e5425c","timestamp":"2026-07-05 06:44:23"}
{"level":"info","message":"Created client session 9a3a260f40387de60a293a5c","timestamp":"2026-07-05 06:44:26"}
{"level":"info","message":"Created client session 4ec978c95bc53832662999ca","timestamp":"2026-07-05 06:44:32"}
{"level":"info","message":"Created client session 9b82e184d3076f04c7102e3e","timestamp":"2026-07-05 06:44:32"}
{"level":"info","message":"Created client session 7d5c3e7b9469f9f7beefa1f7","timestamp":"2026-07-05 06:44:39"}
{"level":"info","message":"Created client session d86ea0936f505955228e361c","timestamp":"2026-07-05 06:44:40"}
{"level":"info","message":"Created client session cbb3aff7f6cb6b6094ba5f0e","timestamp":"2026-07-05 06:44:46"}
{"level":"info","message":"Created client session 0055d3f0dddf9570c71956a4","timestamp":"2026-07-05 06:44:48"}
{"level":"info","message":"Created client session 99d877751e0efdce36e57184","timestamp":"2026-07-05 06:44:54"}
{"level":"info","message":"Created client session 24b4e9f329abc019ddcaeb0a","timestamp":"2026-07-05 06:44:54"}
{"level":"info","message":"Created client session c817652947adfd37e3d8a38d","timestamp":"2026-07-05 06:44:56"}
{"level":"info","message":"Created client session 6b428bc5e598e83c1e7cb13b","timestamp":"2026-07-05 06:44:57"}
{"level":"info","message":"Created client session a47e1124f7d754007fa46be5","timestamp":"2026-07-05 06:45:03"}
{"level":"info","message":"Created client session 378dfb9a15be37a55de18e77","timestamp":"2026-07-05 06:45:05"}
{"level":"info","message":"Created client session df149261b870417643b1db7f","timestamp":"2026-07-05 06:45:06"}
{"level":"info","message":"Created client session ad49525cb56a4414637c0262","timestamp":"2026-07-05 06:45:06"}
{"level":"info","message":"Created client session 35f2cdeea77aad0f2b04ccf0","timestamp":"2026-07-05 06:45:23"}
{"level":"info","message":"Created client session ad0436c7dae08d2bd968112e","timestamp":"2026-07-05 06:45:27"}
{"level":"info","message":"Created client session 2f89a35887caccdbadacc88a","timestamp":"2026-07-05 06:45:36"}
{"level":"info","message":"Created client session 87e9e05db542adeab4c13589","timestamp":"2026-07-05 06:45:40"}
{"level":"info","message":"Created client session a2d3c10c887583c54bdd84f6","timestamp":"2026-07-05 06:45:43"}
{"level":"info","message":"Created client session 247a329e2e3d468af8fffae2","timestamp":"2026-07-05 06:45:43"}
{"level":"info","message":"Created client session d64320539122b0e4934d4508","timestamp":"2026-07-05 06:45:43"}
{"level":"info","message":"Created client session c4b93d3130221a59ad41e79c","timestamp":"2026-07-05 06:45:52"}
{"level":"info","message":"Created client session e85c17239cadd9cc82e6de6c","timestamp":"2026-07-05 06:46:01"}
{"level":"info","message":"Created client session 46bee05c623aa28d23089519","timestamp":"2026-07-05 06:46:12"}
{"level":"info","message":"Created client session 264238d69e2300b7040d54c2","timestamp":"2026-07-05 06:46:16"}
{"level":"info","message":"Created client session ece77407b64140cbc02e9eea","timestamp":"2026-07-05 06:46:29"}
{"level":"info","message":"Created client session 3128fb56d819f7f2a1c35280","timestamp":"2026-07-05 06:46:30"}
{"level":"info","message":"Created client session 2a384eb7e12f8af22e4f5717","timestamp":"2026-07-05 06:46:31"}
{"level":"info","message":"Created client session a8bf759a0776288227e79591","timestamp":"2026-07-05 06:46:36"}
{"level":"info","message":"Created client session f14ec7ec1991d7956434e1ee","timestamp":"2026-07-05 06:46:39"}
{"level":"info","message":"Created client session e0cab28bf9026a449f6aa151","timestamp":"2026-07-05 06:46:49"}
{"level":"info","message":"Created client session 02a2bb5c80eb8b8a6db22c45","timestamp":"2026-07-05 06:46:49"}
{"level":"info","message":"Created client session a130f7aa9ef8700946d1e283","timestamp":"2026-07-05 06:46:52"}
{"level":"info","message":"Created client session 5de8a2c9eefd8df5cab4e0a7","timestamp":"2026-07-05 06:46:54"}
{"level":"info","message":"Created client session 8071a92b5937bcce7ddb3824","timestamp":"2026-07-05 06:46:54"}
{"level":"info","message":"Created client session 77eb767e2abca7a33e76d180","timestamp":"2026-07-05 06:46:54"}
{"level":"info","message":"Created client session e2872ed47310634d7304cc3f","timestamp":"2026-07-05 06:47:03"}
{"level":"info","message":"Created client session 93c1b45c42695a3165ad2f30","timestamp":"2026-07-05 06:47:03"}
{"level":"info","message":"Created client session dcea92d3a8661403259c3477","timestamp":"2026-07-05 06:47:03"}
{"level":"info","message":"Created client session 612a92a9f19642801eb2517a","timestamp":"2026-07-05 06:47:10"}
{"level":"info","message":"Created client session 90787219a2d1c8ac7ff9b57d","timestamp":"2026-07-05 06:47:10"}
{"level":"info","message":"Created client session 4edefce059b8e0aa641749f3","timestamp":"2026-07-05 06:47:18"}
{"level":"info","message":"Created client session 009b72004a06cd75bdea8517","timestamp":"2026-07-05 06:47:24"}
{"level":"info","message":"Created client session e35ef3098fcaa8323c773c52","timestamp":"2026-07-05 06:47:28"}
{"level":"info","message":"Created client session e9101dda5a1d1829d2d572ac","timestamp":"2026-07-05 06:47:34"}
{"level":"info","message":"Created client session c955f8e7e1d289f5b1b44b7d","timestamp":"2026-07-05 06:47:37"}
{"level":"info","message":"Created client session 3f33163de2a39c49701e221d","timestamp":"2026-07-05 06:47:40"}
{"level":"info","message":"Created client session f57f583ef04fdcbe6af3fa01","timestamp":"2026-07-05 06:47:52"}
{"level":"info","message":"Created client session bb635a883cb09f39c3370ace","timestamp":"2026-07-05 06:47:55"}
{"level":"info","message":"Created client session 5ff4009a90cbf5b5502c379f","timestamp":"2026-07-05 06:47:57"}
{"level":"info","message":"Logged user KozeLkCf7s0I2baM out of active World","timestamp":"2026-07-05 06:47:58"}
{"ip":"92.33.153.201","level":"info","message":"User authentication successful for user Darakoi","session":"4a84f10f0b5f0ec38bc01dcf","timestamp":"2026-07-05 06:48:05"}
{"level":"info","message":"Created client session 6f7db6ad5bf5c944fd58efd0","timestamp":"2026-07-05 06:48:05"}
{"level":"info","message":"No system update for FIST: Ultra Edition is currently available.","timestamp":"2026-07-05 06:48:07"}
{"level":"info","message":"Vended World data to User [KozeLkCf7s0I2baM] in 370ms","timestamp":"2026-07-05 06:48:07"}
{"level":"info","message":"Created client session 162e54c1c09d08454a1701c3","timestamp":"2026-07-05 06:48:09"}
{"level":"info","message":"Created client session ae83a62603e34e87d358084f","timestamp":"2026-07-05 06:48:26"}
{"level":"info","message":"Created client session a944e59bf207d0294d0bea9c","timestamp":"2026-07-05 06:48:27"}
{"level":"info","message":"Created client session 6a45344a3d54a120de289053","timestamp":"2026-07-05 06:48:37"}
{"level":"info","message":"Created client session 4614676f3ee4fa8822fe7612","timestamp":"2026-07-05 06:48:41"}
{"level":"info","message":"Created client session c65556250a9453773019abf1","timestamp":"2026-07-05 06:48:44"}
{"level":"info","message":"Created client session c6883ec313a32f0c50ef34f8","timestamp":"2026-07-05 06:48:52"}
{"level":"info","message":"Created client session b839f63de5066226a7e0bfc6","timestamp":"2026-07-05 06:48:52"}
{"level":"info","message":"Created client session 0794d91569332ee4c0a367d0","timestamp":"2026-07-05 06:48:52"}
{"level":"info","message":"Created client session 6f200461107f951fb4aa79dc","timestamp":"2026-07-05 06:48:54"}
{"level":"info","message":"Created client session 2321278ef7bb15c38090720e","timestamp":"2026-07-05 06:48:56"}
{"level":"info","message":"Created client session 0be33b6f9d631d8b7456d70b","timestamp":"2026-07-05 06:49:09"}
{"level":"info","message":"Created client session c26703234eb7e899d460cbb9","timestamp":"2026-07-05 06:49:17"}
{"level":"info","message":"Created client session 0fc0d8e52456b6f4fcf32d94","timestamp":"2026-07-05 06:49:26"}
{"level":"info","message":"Created client session 5a8f0520ddf6d087390db6c0","timestamp":"2026-07-05 06:49:32"}
{"level":"info","message":"Created client session 8e5b07d7e6f9c0b0940c0cca","timestamp":"2026-07-05 06:49:33"}
{"level":"info","message":"Created client session 8aeaca8dbf879f72ce8fd965","timestamp":"2026-07-05 06:49:46"}
{"level":"info","message":"Created client session ef1b0c9ba85e94b0acfcc071","timestamp":"2026-07-05 06:49:47"}
{"level":"info","message":"Created client session aed8a71dcce8e5dd735538f8","timestamp":"2026-07-05 06:49:47"}
{"level":"info","message":"Created client session 211acd92a28a4c016a54960d","timestamp":"2026-07-05 06:49:58"}
{"level":"info","message":"Created client session fdaf8626571856100d2a1700","timestamp":"2026-07-05 06:50:06"}
{"level":"info","message":"Created client session ff8208da7283fcc0383c982f","timestamp":"2026-07-05 06:50:14"}
{"level":"info","message":"Created client session dbbfb139e8a8c8eaf2477206","timestamp":"2026-07-05 06:50:14"}
{"level":"info","message":"Created client session 8f1be4d1093c1f5d3b3d9856","timestamp":"2026-07-05 06:50:23"}
{"level":"info","message":"Created client session fee16a8023b5557a0c3517df","timestamp":"2026-07-05 06:50:25"}
{"level":"info","message":"Created client session d6f94091f5b7b0c74012ab57","timestamp":"2026-07-05 06:50:34"}
{"level":"info","message":"Created client session 3fe467004dd7bd14d8b53754","timestamp":"2026-07-05 06:50:47"}
{"level":"info","message":"Created client session 063ac67154e1f9c822684eae","timestamp":"2026-07-05 06:50:50"}
{"level":"info","message":"Created client session fe8be0f2027adaf67f88578a","timestamp":"2026-07-05 06:50:56"}
{"level":"info","message":"Created client session c39f3c37abfb0c9de73145ba","timestamp":"2026-07-05 06:51:05"}
{"level":"info","message":"Created client session bc7afdb3432ffe09bcf9a69d","timestamp":"2026-07-05 06:51:20"}
{"level":"info","message":"Created client session 8ad5fe9dc0bac967474c8830","timestamp":"2026-07-05 06:51:23"}
{"level":"info","message":"Created client session 390ff139dce4739c4d8fb92f","timestamp":"2026-07-05 06:51:34"}
{"level":"info","message":"Created client session e800955d7f8f6053cf0e1189","timestamp":"2026-07-05 06:51:38"}
{"level":"info","message":"Created client session 82947b94b6e1f9684a4f815b","timestamp":"2026-07-05 06:51:43"}
{"level":"info","message":"Created client session d3ad27b5a6a7f6d9e1fee740","timestamp":"2026-07-05 06:51:46"}
{"level":"info","message":"Created client session f84c37e4d045d25229f96178","timestamp":"2026-07-05 06:51:51"}
{"level":"info","message":"Created client session 55ed4fcfb50e51887f4a8a25","timestamp":"2026-07-05 06:51:55"}
{"level":"info","message":"Created client session 3baf24be6346c80f6a64d1f3","timestamp":"2026-07-05 06:51:57"}
{"level":"info","message":"Created client session 8fbee296a46075a8a66ea85e","timestamp":"2026-07-05 06:52:07"}
{"level":"info","message":"Created client session e7c6c677927dfe3fb3d1c57f","timestamp":"2026-07-05 06:52:11"}
{"level":"info","message":"Created client session 9ba6d9ec1caa72e16452d96f","timestamp":"2026-07-05 06:52:12"}
{"level":"info","message":"Created client session f116e0a01fe29a3a54dac506","timestamp":"2026-07-05 06:52:23"}
{"level":"info","message":"Created client session 7fbf600a901b757511ce0b4c","timestamp":"2026-07-05 06:52:26"}
{"level":"info","message":"Created client session 1b39a9d002fc4c9f21679bc8","timestamp":"2026-07-05 06:52:28"}
{"level":"info","message":"Created client session 7388a1281420b3c8ba50e0d2","timestamp":"2026-07-05 06:52:34"}
{"level":"info","message":"Created client session b4382fa6521a28e0bd5b705a","timestamp":"2026-07-05 06:52:35"}
{"level":"info","message":"Created client session 5eb22f5ab8a687fa20ac4516","timestamp":"2026-07-05 06:52:53"}
{"level":"info","message":"Created client session 2f79b4b965f8c9952a965f7f","timestamp":"2026-07-05 06:52:54"}
{"level":"info","message":"Created client session 8c4c882d7a7a5a524d12cfaf","timestamp":"2026-07-05 06:52:55"}
{"level":"info","message":"Created client session 4f9cc3e76c3047c2bb3fab3a","timestamp":"2026-07-05 06:52:59"}
{"level":"info","message":"Created client session ba7b1461d0d7500c45b76dda","timestamp":"2026-07-05 06:53:10"}
{"level":"info","message":"Created client session 59ef5e7b7bd1f709f3d521ff","timestamp":"2026-07-05 06:53:18"}
{"level":"info","message":"Created client session 14c3ad7f446c780075a69ad4","timestamp":"2026-07-05 06:53:25"}
{"level":"info","message":"Created client session 1e045cefde496ee64995bed5","timestamp":"2026-07-05 06:53:33"}
{"level":"info","message":"Created client session ff603cabd5f04d3fea46572a","timestamp":"2026-07-05 06:53:42"}
{"level":"info","message":"Created client session ff5eea816e63361822e78272","timestamp":"2026-07-05 06:53:48"}
{"level":"info","message":"Created client session f92c27c0bb6c9666cbc15280","timestamp":"2026-07-05 06:53:59"}
{"level":"info","message":"Created client session b0927751fe685286ccb06b9c","timestamp":"2026-07-05 06:54:04"}
{"level":"info","message":"Created client session 9d1400edb62c826dc4fe424d","timestamp":"2026-07-05 06:54:14"}
{"level":"info","message":"Created client session df3b842d8b0d34f0a64dcfe6","timestamp":"2026-07-05 06:54:24"}
{"level":"info","message":"Created client session c0b7a46111ab29e959ade42e","timestamp":"2026-07-05 06:54:30"}
{"level":"info","message":"Created client session 5d187f4a833f53c01ea120fd","timestamp":"2026-07-05 06:54:40"}
{"level":"info","message":"Created client session 4f1814d22da892db89d8eb84","timestamp":"2026-07-05 06:54:50"}
{"level":"info","message":"Created client session d77bbac9109ba70ec0d40610","timestamp":"2026-07-05 06:54:50"}
{"level":"info","message":"Created client session 2f605ed50995bfdc3e750c52","timestamp":"2026-07-05 06:54:52"}
{"level":"info","message":"Created client session cef35bc45fa3542276b18f65","timestamp":"2026-07-05 06:54:57"}
{"level":"info","message":"Created client session 3f4ccef42f00a6cb436d511c","timestamp":"2026-07-05 06:55:04"}
{"level":"info","message":"Created client session 090aa63132179752ea0812ca","timestamp":"2026-07-05 06:55:04"}
{"level":"info","message":"Created client session f5a60a6f098f4ab01755be97","timestamp":"2026-07-05 06:55:08"}
{"level":"info","message":"Created client session fa2a9cb1cc80587e2c99dd80","timestamp":"2026-07-05 06:55:18"}
{"level":"info","message":"Created client session 76429e503e34f6df2b1a9cec","timestamp":"2026-07-05 06:55:21"}
{"level":"info","message":"Created client session 4aaf2f357ed3c6c38d18ad85","timestamp":"2026-07-05 06:55:25"}
{"level":"info","message":"Created client session 4a7c6fd75a9bd292b448926b","timestamp":"2026-07-05 06:55:32"}
{"level":"info","message":"Created client session 18be606eab8945a98574cd54","timestamp":"2026-07-05 06:55:36"}
{"level":"info","message":"Created client session 886f7124fd657cdb4ee6005b","timestamp":"2026-07-05 06:55:36"}
{"level":"info","message":"Created client session f836b32db00689cbc8dbd696","timestamp":"2026-07-05 06:55:38"}
{"level":"info","message":"Created client session 3c1b765e9c96757703c98cd7","timestamp":"2026-07-05 06:55:41"}
{"level":"info","message":"Created client session ff66fdc752e9068feb0d7019","timestamp":"2026-07-05 06:55:52"}
{"level":"info","message":"Created client session 8e4296aed41293859d480ed0","timestamp":"2026-07-05 06:56:02"}
{"level":"info","message":"Created client session 2658515cbec98fd87222873c","timestamp":"2026-07-05 06:56:03"}
{"level":"info","message":"Created client session 740efd227963e55ed563dbf2","timestamp":"2026-07-05 06:56:05"}
{"level":"info","message":"Created client session d0ed3bef77c4f86e0e09c826","timestamp":"2026-07-05 06:56:07"}
{"level":"info","message":"Created client session bd8958c50b9336ad4b1c6cd9","timestamp":"2026-07-05 06:56:11"}
{"level":"info","message":"Created client session 39a1f5dbb5c26b12a449c393","timestamp":"2026-07-05 06:56:13"}
{"level":"info","message":"Created client session 9bc0a91a14970ef0a604727c","timestamp":"2026-07-05 06:56:13"}
{"level":"info","message":"Created client session 377a1bbbacbceaf8d8585d50","timestamp":"2026-07-05 06:56:20"}
{"level":"info","message":"Created client session 6942cb632edf990ab7d2aa51","timestamp":"2026-07-05 06:56:20"}
{"level":"info","message":"Created client session 482cefee2f5a454c6d9fafad","timestamp":"2026-07-05 06:56:26"}
{"level":"info","message":"Created client session d1ca152d0b16d1aa9f523bf6","timestamp":"2026-07-05 06:56:27"}
{"level":"info","message":"Created client session 617f54793fd1a027669cfc19","timestamp":"2026-07-05 06:56:32"}
{"level":"info","message":"Created client session 44ae37055e69ef5a518d2277","timestamp":"2026-07-05 06:56:32"}
{"level":"info","message":"Created client session 99093412c6635d29db789e15","timestamp":"2026-07-05 06:56:35"}
{"level":"info","message":"Created client session 508d29eacb2a302b46b6b436","timestamp":"2026-07-05 06:56:36"}
{"level":"info","message":"Created client session 96f6b643b45769a2f4dff5f1","timestamp":"2026-07-05 06:56:40"}
{"level":"info","message":"Created client session ab4af045dd2ec27fb22c20c6","timestamp":"2026-07-05 06:56:40"}
{"level":"info","message":"Created client session b51d8cb0314910b4c920399b","timestamp":"2026-07-05 06:56:40"}
{"level":"info","message":"Created client session 5c1e0486dda13d720a279778","timestamp":"2026-07-05 06:56:42"}
{"level":"info","message":"Created client session d43ddca93c3181b260a3c1ee","timestamp":"2026-07-05 06:56:51"}
{"level":"info","message":"Created client session d3d7b30e884cc8a50fdf7eb5","timestamp":"2026-07-05 06:56:54"}
{"level":"info","message":"Created client session e30a4f6958ffcb9cbc4feb17","timestamp":"2026-07-05 06:57:01"}
{"level":"info","message":"Created client session b4e0a1d646b3dabd6b39f315","timestamp":"2026-07-05 06:57:15"}
{"level":"info","message":"Created client session b4c193689a8aec529c16e8d7","timestamp":"2026-07-05 06:57:19"}
{"level":"info","message":"Created client session 040b8421e7938402b3cd5800","timestamp":"2026-07-05 06:57:23"}
{"level":"info","message":"Created client session 7c81a7b3477edb93581789a6","timestamp":"2026-07-05 06:57:24"}
{"level":"info","message":"Created client session cbdbd587b0f2e11ea83bb06d","timestamp":"2026-07-05 06:57:29"}
{"level":"info","message":"Created client session be986f242ff3aa53c9854018","timestamp":"2026-07-05 06:57:32"}
{"level":"info","message":"Created client session eff088535babbe33a011d318","timestamp":"2026-07-05 06:57:32"}
{"level":"info","message":"Created client session 502c3aed800de4e7e9ccce93","timestamp":"2026-07-05 06:57:33"}
{"level":"info","message":"Created client session 5b9663e2b8e09517a2a52747","timestamp":"2026-07-05 06:57:35"}
{"level":"info","message":"Created client session 5d4120fc5503a6a5c8ca6a65","timestamp":"2026-07-05 06:57:35"}
{"level":"info","message":"Created client session f18e4a5a8113fa09cb2a0db1","timestamp":"2026-07-05 06:57:36"}
{"level":"info","message":"Created client session 10f135dd1d21ac3294be272a","timestamp":"2026-07-05 06:57:44"}
{"level":"info","message":"Created client session 8c1ea72b612ce87b8388c6d7","timestamp":"2026-07-05 06:57:45"}
{"level":"info","message":"Created client session 1be5052cc8fa3faf62514702","timestamp":"2026-07-05 06:57:45"}
{"level":"info","message":"Created client session ceb7a0f800030c1de16446fd","timestamp":"2026-07-05 06:57:45"}
{"level":"info","message":"Created client session cf41233b558984cfd350b5aa","timestamp":"2026-07-05 06:57:52"}
{"level":"info","message":"Created client session 4d4a9a80ed1cbeac0665e51e","timestamp":"2026-07-05 06:58:02"}
{"level":"info","message":"Created client session ae3654ff04a1264f869c9c82","timestamp":"2026-07-05 06:58:13"}
{"level":"info","message":"Created client session 2f5d83d1e4e66eeac6b79557","timestamp":"2026-07-05 06:58:13"}
{"level":"info","message":"Created client session e1fb55349f997a007c89c963","timestamp":"2026-07-05 06:58:19"}
{"level":"info","message":"Created client session 672d9e9f7e06f417dcbf47f7","timestamp":"2026-07-05 06:58:20"}
{"level":"info","message":"Created client session 45937748b19877eda7ef3584","timestamp":"2026-07-05 06:58:25"}
{"level":"info","message":"Created client session 6931501ea0155631ec538341","timestamp":"2026-07-05 06:58:25"}
{"level":"info","message":"Created client session 96ec943951ecd7a351562433","timestamp":"2026-07-05 06:58:25"}
{"level":"info","message":"Created client session 4e7e5b9a306bd3ad02d50eb7","timestamp":"2026-07-05 06:58:25"}
{"level":"info","message":"Created client session 39416b5f3f2b89e526edf540","timestamp":"2026-07-05 06:58:26"}
{"level":"info","message":"Created client session 7f129873594c8668f3516fd3","timestamp":"2026-07-05 06:58:27"}
{"level":"info","message":"Created client session 5945b144c309e8d89620bba5","timestamp":"2026-07-05 06:58:31"}
{"level":"info","message":"Created client session 5cbfb53eb87c42968faff350","timestamp":"2026-07-05 06:58:36"}
{"level":"info","message":"Created client session 10aacdde35ca2570c1dab8af","timestamp":"2026-07-05 06:58:37"}
{"level":"info","message":"Created client session 6b9610bdf5d5dc779d7a24c3","timestamp":"2026-07-05 06:58:46"}
{"level":"info","message":"Created client session eee67d2585f1b2198da0d07d","timestamp":"2026-07-05 06:58:48"}
{"level":"info","message":"Created client session 438d913979418c5127284bae","timestamp":"2026-07-05 06:59:03"}
{"level":"info","message":"Created client session 522ecb814f5382242475e6ea","timestamp":"2026-07-05 06:59:09"}
{"level":"info","message":"Created client session d401d268b54475faace61e8d","timestamp":"2026-07-05 06:59:19"}
{"level":"info","message":"Created client session 9626aacd32adbb25b5db9c71","timestamp":"2026-07-05 06:59:34"}
{"level":"info","message":"Created client session 5f18343e32ab3294570998d7","timestamp":"2026-07-05 06:59:50"}
{"level":"info","message":"Created client session 1724abdfe7370a863a66eb79","timestamp":"2026-07-05 06:59:57"}
{"level":"info","message":"Created client session b45222a60ce4e59e4e1020cc","timestamp":"2026-07-05 07:00:03"}
{"level":"info","message":"Created client session 6cb71d77d0accc4170eaa9f0","timestamp":"2026-07-05 07:00:03"}
{"level":"info","message":"Created client session 8760b3426d91e973eccda051","timestamp":"2026-07-05 07:00:11"}
{"level":"info","message":"Created client session 6b54f1423a35d6dd6f6900b4","timestamp":"2026-07-05 07:00:18"}
{"level":"info","message":"Created client session 2ec315c049ad2e5d23067fa4","timestamp":"2026-07-05 07:00:19"}
{"level":"info","message":"Created client session 05ec9047b1089c31ef4a644a","timestamp":"2026-07-05 07:00:28"}
{"level":"info","message":"Created Item with id [y8WtemQMsRw5bZrn] in parent Actor [DjSeodRobay6PwUy]","timestamp":"2026-07-05 07:00:31"}
{"level":"info","message":"Created client session 8248cfb512ba644e81621a40","timestamp":"2026-07-05 07:00:38"}
{"level":"info","message":"Created client session 9ec6c9cbb183f37f71deb5e0","timestamp":"2026-07-05 07:00:41"}
{"level":"info","message":"Created client session 37a4fe88292c9be7ee641175","timestamp":"2026-07-05 07:00:55"}
{"level":"info","message":"Created client session 2640d7ce71013934089589a9","timestamp":"2026-07-05 07:00:55"}
{"level":"info","message":"Created client session 8de960e4e5db370a78172fe0","timestamp":"2026-07-05 07:00:58"}
{"level":"info","message":"Created client session b4b45ae43435cc6570c7854c","timestamp":"2026-07-05 07:01:04"}
{"level":"info","message":"Created client session 9802e9fd1607d53aa5926c02","timestamp":"2026-07-05 07:01:04"}
{"level":"info","message":"Created client session 1bc2f3d4e2563b80994eca68","timestamp":"2026-07-05 07:01:15"}
{"level":"info","message":"Created client session 5c29a9af6e877efede8fa491","timestamp":"2026-07-05 07:01:21"}
{"level":"info","message":"Created client session 31f656d441763e42039179e1","timestamp":"2026-07-05 07:01:23"}
{"level":"info","message":"Created client session 93e8bfa4610b68a7fc749de5","timestamp":"2026-07-05 07:01:23"}
{"level":"info","message":"Created client session 540020d78cdd994f72b1119c","timestamp":"2026-07-05 07:01:24"}
{"level":"info","message":"Created client session d15382d07f347c886be875c0","timestamp":"2026-07-05 07:01:29"}
{"level":"info","message":"Created client session e91561ad36ebe17cb4498fee","timestamp":"2026-07-05 07:01:34"}
{"level":"info","message":"Created client session bfafbf68a1cc7c98a05c9430","timestamp":"2026-07-05 07:01:39"}
{"level":"info","message":"Created client session b94c84008064606cab06db2d","timestamp":"2026-07-05 07:01:39"}
{"level":"info","message":"Created client session 4a4753ad74a3a9247b3be9f2","timestamp":"2026-07-05 07:01:43"}
{"level":"info","message":"Created client session addb93e78c0a383decdd091f","timestamp":"2026-07-05 07:01:46"}
{"level":"info","message":"Created client session 1a77b0f826dda066bda9b766","timestamp":"2026-07-05 07:01:47"}
{"level":"info","message":"Created client session ff6d9b75c5ee222e18bab67a","timestamp":"2026-07-05 07:01:55"}
{"level":"info","message":"Created client session c51532486468e51496b8154e","timestamp":"2026-07-05 07:01:56"}
{"level":"info","message":"Created client session af0dd0982ca45ea4426ae6ad","timestamp":"2026-07-05 07:01:56"}
{"level":"info","message":"Created client session bb05233a048bb069b48c5142","timestamp":"2026-07-05 07:01:56"}
{"level":"info","message":"Created client session 9c73f34d9f2b8e83b2deb5d6","timestamp":"2026-07-05 07:02:12"}
{"level":"info","message":"Created client session a8b8c537f6d8daa9bff35c7c","timestamp":"2026-07-05 07:02:12"}
{"level":"info","message":"Created client session e2da974b05854924d9cbe949","timestamp":"2026-07-05 07:02:14"}
{"level":"info","message":"Created client session 99d1e3d27b9726af1a80fb46","timestamp":"2026-07-05 07:02:17"}
{"level":"info","message":"Created client session 480b52557eafce2e94c18210","timestamp":"2026-07-05 07:02:22"}
{"level":"info","message":"Created client session e12a04115972351c3a89b04c","timestamp":"2026-07-05 07:02:36"}
{"level":"info","message":"Created client session 23d81017cb4420c643237258","timestamp":"2026-07-05 07:02:46"}
{"level":"info","message":"Created client session dd2ef51fdc28f9c3f16ba6f0","timestamp":"2026-07-05 07:02:52"}
{"level":"info","message":"Created client session 8b4ed2c8e810a2504a593584","timestamp":"2026-07-05 07:02:53"}
{"level":"info","message":"Created client session 0d97a0832b27458f6fb47dd3","timestamp":"2026-07-05 07:02:54"}
{"level":"info","message":"Created client session 1c8b835fb8dde89402d765da","timestamp":"2026-07-05 07:02:55"}
{"level":"info","message":"Created client session 9fa72534c78b9b332350824f","timestamp":"2026-07-05 07:03:01"}
{"level":"info","message":"Created client session e78fcaadc22f62021a49a00d","timestamp":"2026-07-05 07:03:04"}
{"level":"info","message":"Created client session ca5344e95bfe9aa95eca2cd1","timestamp":"2026-07-05 07:03:09"}
{"level":"info","message":"Created client session e7b60c6248384183dab49309","timestamp":"2026-07-05 07:03:11"}
{"level":"info","message":"Created client session 22cb9f5516ed11793bd5a6fa","timestamp":"2026-07-05 07:03:19"}
{"level":"info","message":"Created client session 72af1a97394a1469175a0202","timestamp":"2026-07-05 07:03:28"}
{"level":"info","message":"Created client session d7bebbefa7685de26245998f","timestamp":"2026-07-05 07:03:28"}
{"level":"info","message":"Created client session 9f9c32bf9f88fd550f42a919","timestamp":"2026-07-05 07:03:28"}
{"level":"info","message":"Created client session e30b3df390cb070d27777516","timestamp":"2026-07-05 07:03:32"}
{"level":"info","message":"Created client session edfbed53f0f243a5267c42fc","timestamp":"2026-07-05 07:03:47"}
{"level":"info","message":"Created client session 854af9408d1e962872c0e872","timestamp":"2026-07-05 07:03:47"}
{"level":"info","message":"Created client session fcecef9ed4e3719c83c79967","timestamp":"2026-07-05 07:03:49"}
{"level":"info","message":"Created client session c71ad5d9803c9a12a81c85eb","timestamp":"2026-07-05 07:04:03"}
{"level":"info","message":"Created client session 6d384434a4bd5d95cf478774","timestamp":"2026-07-05 07:04:10"}
{"level":"info","message":"Created client session 4f42a7dd5fc6e627ccb630fc","timestamp":"2026-07-05 07:04:13"}
{"level":"info","message":"Created client session 50330712a09de2517ae33fea","timestamp":"2026-07-05 07:04:26"}
{"level":"info","message":"Created client session 1c98dbf32fe60e492ce184e5","timestamp":"2026-07-05 07:04:26"}
{"level":"info","message":"Created client session bea8bd50db25d1965a14e4d4","timestamp":"2026-07-05 07:04:28"}
{"level":"info","message":"Created client session 7b47c6085e34524f9ec37894","timestamp":"2026-07-05 07:04:38"}
{"level":"info","message":"Created client session 9495d759917468aa8165cadd","timestamp":"2026-07-05 07:04:38"}
{"level":"info","message":"Created client session 278e642f56d9b66050c26f29","timestamp":"2026-07-05 07:04:38"}
{"level":"info","message":"Created client session 488e506bd791e1572c8d019d","timestamp":"2026-07-05 07:04:39"}
{"level":"info","message":"Created client session b441633a6b64a24cffd03126","timestamp":"2026-07-05 07:04:39"}
{"level":"info","message":"Created client session 820215ac9d79cd67592c5808","timestamp":"2026-07-05 07:04:46"}
{"level":"info","message":"Created client session 4e62cdbc6d1bd848486b8a2e","timestamp":"2026-07-05 07:04:58"}
{"level":"info","message":"Created client session 9ae93342862e31a5c2dfb36f","timestamp":"2026-07-05 07:05:17"}
{"level":"info","message":"Created client session 68af1ce86a4cb25f568c93c3","timestamp":"2026-07-05 07:05:26"}
{"level":"info","message":"Created client session f7bc3adf7ff143881c29045a","timestamp":"2026-07-05 07:05:27"}
{"level":"info","message":"Created client session 4f62d6f412e22778b03aa727","timestamp":"2026-07-05 07:05:29"}
{"level":"info","message":"Created client session 98c2a109656359aa879635d5","timestamp":"2026-07-05 07:05:29"}
{"level":"info","message":"Created client session 546d8c5cec1575e1c6ee83dc","timestamp":"2026-07-05 07:05:33"}
{"level":"info","message":"Created client session 135d6ceffcd6d19e5ae486cd","timestamp":"2026-07-05 07:05:48"}
{"level":"info","message":"Created client session 56e1fe338aa2c2ce066cea51","timestamp":"2026-07-05 07:05:51"}
{"level":"info","message":"Created client session 6766ed3083e0037b02cda228","timestamp":"2026-07-05 07:05:51"}
{"level":"info","message":"Created client session c744f6172644c085738913ad","timestamp":"2026-07-05 07:06:07"}
{"level":"info","message":"Created client session 80492acc1c98a89dd0607fda","timestamp":"2026-07-05 07:06:11"}
{"level":"info","message":"Created client session 0ddd45d93575e975caf97dbc","timestamp":"2026-07-05 07:06:13"}
{"level":"info","message":"Created client session 73bddc03dfd6662829da673e","timestamp":"2026-07-05 07:06:18"}
{"level":"info","message":"Created client session d572d191d256080289aba2b8","timestamp":"2026-07-05 07:06:18"}
{"level":"info","message":"Created client session daf83b89a4201ff7e5924261","timestamp":"2026-07-05 07:06:20"}
{"level":"info","message":"Created client session 5a1eaf24ae21c6822a66769a","timestamp":"2026-07-05 07:06:23"}
{"level":"info","message":"Created client session b774b909b24a96d2a4ac76e6","timestamp":"2026-07-05 07:06:24"}
{"level":"info","message":"Created client session 7ef125391886801295517e04","timestamp":"2026-07-05 07:06:24"}
{"level":"info","message":"Created client session f257c11c96983060230c47d6","timestamp":"2026-07-05 07:06:24"}
{"level":"info","message":"Created client session 6a9343785ace44a73f9e3de8","timestamp":"2026-07-05 07:06:28"}
{"level":"info","message":"Created client session ca359fed75f0262fa4859a5a","timestamp":"2026-07-05 07:06:35"}
{"level":"info","message":"Created client session ae304e469120f8904ee234fa","timestamp":"2026-07-05 07:06:40"}
{"level":"info","message":"Created client session 1fd1c27be1245ba4364ed6d8","timestamp":"2026-07-05 07:06:49"}
{"level":"info","message":"Created client session 9ce5ab75678e4db5a43aa705","timestamp":"2026-07-05 07:06:55"}
{"level":"info","message":"Created client session 76508243b57aeb7bfb77c42f","timestamp":"2026-07-05 07:07:06"}
{"level":"info","message":"Created client session e833d416f1023df6a5e3cffd","timestamp":"2026-07-05 07:07:14"}
{"level":"info","message":"Created client session 91841c5f9a038cb3eb3ee9b3","timestamp":"2026-07-05 07:07:15"}
{"level":"info","message":"Created client session 5051862f04a8e85eb4fcfe7b","timestamp":"2026-07-05 07:07:25"}
{"level":"info","message":"Created client session b0ce70ecc978d3903ce67ed6","timestamp":"2026-07-05 07:07:30"}
{"level":"info","message":"Created client session a6f261f2c3e002830e288257","timestamp":"2026-07-05 07:07:31"}
{"level":"info","message":"Created client session 98549578f28135f2f205f310","timestamp":"2026-07-05 07:07:35"}
{"level":"info","message":"Created client session 884c31c75434d2b127cb2d56","timestamp":"2026-07-05 07:07:41"}
{"level":"info","message":"Created client session ad80a2c892707963135a11ed","timestamp":"2026-07-05 07:07:44"}
{"level":"info","message":"Created client session 48a9f19376226b84fa947123","timestamp":"2026-07-05 07:07:48"}
{"level":"info","message":"Created client session 412987c0bcc8e53b80b8c735","timestamp":"2026-07-05 07:07:49"}
{"level":"info","message":"Created client session eef9ba3cbc83ebcaad1f86c1","timestamp":"2026-07-05 07:07:49"}
{"level":"info","message":"Created client session 37d6a9f7170e79cefac705cb","timestamp":"2026-07-05 07:07:54"}
{"level":"info","message":"Created client session 81e95fd8e936504360a2d080","timestamp":"2026-07-05 07:07:57"}
{"level":"info","message":"Created client session fdb4c539501ca5b7a1aeba12","timestamp":"2026-07-05 07:08:00"}
{"level":"info","message":"Created client session f698e07602f8ad08d224c220","timestamp":"2026-07-05 07:08:10"}
{"level":"info","message":"Created client session 370897bac82bdcf97b900912","timestamp":"2026-07-05 07:08:13"}
{"level":"info","message":"Created client session 221ef92e5f1d6f3fbdfb24ec","timestamp":"2026-07-05 07:08:20"}
{"level":"info","message":"Created client session a9eb4704e1057d03c177c2fb","timestamp":"2026-07-05 07:08:20"}
{"level":"info","message":"Created client session 3a03c275f8569a25a40e1bb9","timestamp":"2026-07-05 07:08:24"}
{"level":"info","message":"Created client session ea30c62e100a3ae145c6b1b2","timestamp":"2026-07-05 07:08:24"}
{"level":"info","message":"Created client session 223cf3ec0a0415cf7320cd16","timestamp":"2026-07-05 07:08:33"}
{"level":"info","message":"Created client session 39de695082a8d119c7afac3c","timestamp":"2026-07-05 07:08:37"}
{"level":"info","message":"Created client session 430af62d7dadbffdf380ef4a","timestamp":"2026-07-05 07:08:38"}
{"level":"info","message":"Created client session 16ea9a9a162f38f1b3421241","timestamp":"2026-07-05 07:08:49"}
{"level":"info","message":"Created client session d37dd71e18af2efa33d2f26a","timestamp":"2026-07-05 07:08:55"}
{"level":"info","message":"Created client session 06c30452897a6649908190eb","timestamp":"2026-07-05 07:08:56"}
{"level":"info","message":"Created client session 764ca20954996ae47395cc52","timestamp":"2026-07-05 07:08:56"}
{"level":"info","message":"Created client session 2841ab0fcdb937ddc8ae7a85","timestamp":"2026-07-05 07:09:02"}
{"level":"info","message":"Created client session cc34a98c6700cd3e872ff23a","timestamp":"2026-07-05 07:09:02"}
{"level":"info","message":"Created client session b13957955209cfd76f0f16df","timestamp":"2026-07-05 07:09:04"}
{"level":"info","message":"Created client session 3c4a59bc234cea1f82e3bae7","timestamp":"2026-07-05 07:09:05"}
{"level":"info","message":"Created client session e2f2dbf393521ccf196ad1b9","timestamp":"2026-07-05 07:09:13"}
{"level":"info","message":"Created client session e4924e7402e83aeda8157f2d","timestamp":"2026-07-05 07:09:16"}
{"level":"info","message":"Created client session 0c4c46c255e90e182825c718","timestamp":"2026-07-05 07:09:21"}
{"level":"info","message":"Created client session 60e0ced3f68d3e5f5f00920d","timestamp":"2026-07-05 07:09:26"}
{"level":"info","message":"Created client session e4bf0a058f0bb8d12efcfb33","timestamp":"2026-07-05 07:09:28"}
{"level":"info","message":"Created client session fa0600bb5b60160a7a3b6859","timestamp":"2026-07-05 07:09:32"}
{"level":"info","message":"Created client session a57d0ca848e65c4259a59ec9","timestamp":"2026-07-05 07:09:47"}
{"level":"info","message":"Created client session 48f7688b8ce281b4415230fa","timestamp":"2026-07-05 07:09:53"}
{"level":"info","message":"Created client session 23d8c1b302eeb89eeb6fe463","timestamp":"2026-07-05 07:09:58"}
{"level":"info","message":"Created client session f7fd820d4f35192f054937ba","timestamp":"2026-07-05 07:10:02"}
{"level":"info","message":"Created client session 6efa13896fcee25a6ddae8fc","timestamp":"2026-07-05 07:10:04"}
{"level":"info","message":"Created client session 4b792aa0751685dab31c9d9c","timestamp":"2026-07-05 07:10:06"}
{"level":"info","message":"Created client session 9cf57faee44839c5a9dcd6a2","timestamp":"2026-07-05 07:10:08"}
{"level":"info","message":"Created client session 2e686bf6203c6d1eed682368","timestamp":"2026-07-05 07:10:15"}
{"level":"info","message":"Created client session 5d5fbfd6a97011fab1077710","timestamp":"2026-07-05 07:10:16"}
{"level":"info","message":"Created client session b437a81123f2ed634304f261","timestamp":"2026-07-05 07:10:22"}
{"level":"info","message":"Created client session 91af141151c9e38b7eba1372","timestamp":"2026-07-05 07:10:35"}
{"level":"info","message":"Created client session 6b730a47e7176d16d59d0d37","timestamp":"2026-07-05 07:10:52"}
{"level":"info","message":"Created client session 7e1a0ddcc9f66bba09994984","timestamp":"2026-07-05 07:10:53"}
{"level":"info","message":"Created client session a81ecab22af0f4bfbacdd925","timestamp":"2026-07-05 07:10:54"}
{"level":"info","message":"Created client session a875f43b621a9593c1fbdff0","timestamp":"2026-07-05 07:11:03"}
{"level":"info","message":"Created client session 17bfe9039190672ab27988d4","timestamp":"2026-07-05 07:11:11"}
{"level":"info","message":"Created client session 5d2d12d28dce32486ad55ef1","timestamp":"2026-07-05 07:11:12"}
{"level":"info","message":"Created client session ec011cae98153e8cb1c152bb","timestamp":"2026-07-05 07:11:25"}
{"level":"info","message":"Created client session 61a54d388b22aaa1297e767e","timestamp":"2026-07-05 07:11:25"}
{"level":"info","message":"Created client session 6f1e7fe9923aac1f183a6f81","timestamp":"2026-07-05 07:11:25"}
{"level":"info","message":"Created client session 98754fd06feb556f24013d1b","timestamp":"2026-07-05 07:11:37"}
{"level":"info","message":"Created client session c0d3c1adf4903ab1c2dc55b6","timestamp":"2026-07-05 07:11:38"}
{"level":"info","message":"Created client session be815d5b33c064762c3b0d33","timestamp":"2026-07-05 07:11:39"}
{"level":"info","message":"Created client session af9fef5dd8cb95af4248dd5a","timestamp":"2026-07-05 07:11:40"}
{"level":"info","message":"Created client session fb893bb1d295a99c67a0f49a","timestamp":"2026-07-05 07:11:47"}
{"level":"info","message":"Created client session 975f6dcb874b76083c3dcc2a","timestamp":"2026-07-05 07:11:51"}
{"level":"info","message":"Created client session cef401c19c56194d98f0a179","timestamp":"2026-07-05 07:11:51"}
{"level":"info","message":"Created client session 944f835ac7f6d960fb3f0bc9","timestamp":"2026-07-05 07:11:57"}
{"level":"info","message":"Created client session b399490617a98aac90f30ea4","timestamp":"2026-07-05 07:12:07"}
{"level":"info","message":"Created client session 868ee306ff3fcee78ca248c3","timestamp":"2026-07-05 07:12:14"}
{"level":"info","message":"Created client session d7b0643faf53db8ba5a241d2","timestamp":"2026-07-05 07:12:28"}
{"level":"info","message":"Created client session 2661f818a4bcf39d2cde5fc6","timestamp":"2026-07-05 07:12:41"}
{"level":"info","message":"Created client session e5166cbcde3f4892dbf010e9","timestamp":"2026-07-05 07:12:46"}
{"level":"info","message":"Created client session bfa7657d52b026de6efe8a25","timestamp":"2026-07-05 07:12:47"}
{"level":"info","message":"Created client session d8e97de276e7fce78b7466c4","timestamp":"2026-07-05 07:12:48"}
{"level":"info","message":"Created client session b4b01519731a8630a69fd77a","timestamp":"2026-07-05 07:12:48"}
{"level":"info","message":"Created client session d2375193a0acd62c93e7f6cf","timestamp":"2026-07-05 07:12:52"}
{"level":"info","message":"Created client session ffa7119472f6e38098ca1348","timestamp":"2026-07-05 07:12:58"}
{"level":"info","message":"Created client session 24f3a37b9927230a26fc507a","timestamp":"2026-07-05 07:13:01"}
{"level":"info","message":"Created client session 8cb9d50fa47c732b210349b3","timestamp":"2026-07-05 07:13:10"}
{"level":"info","message":"Created client session 636d5d8ba5f3961d8fd461b6","timestamp":"2026-07-05 07:13:10"}
{"level":"info","message":"Created client session c4aa8ad11dd8b5dce0f4ae9b","timestamp":"2026-07-05 07:13:10"}
{"level":"info","message":"Created client session 5037abc40089db8c1dece275","timestamp":"2026-07-05 07:13:18"}
{"level":"info","message":"Created client session 3a6977933ec5bf5496bcdde0","timestamp":"2026-07-05 07:13:19"}
{"level":"info","message":"Created client session d3dffdbaca4735e7f96e7345","timestamp":"2026-07-05 07:13:19"}
{"level":"info","message":"Created client session 2a81b73861d26b33d6d446f9","timestamp":"2026-07-05 07:13:27"}
{"level":"info","message":"Created client session aca8df82da039082c85b89e6","timestamp":"2026-07-05 07:13:27"}
{"level":"info","message":"Created client session f248f7851406b60ab1f7ebd1","timestamp":"2026-07-05 07:13:30"}
{"level":"info","message":"Created client session 9d266bacb457da2f261130da","timestamp":"2026-07-05 07:13:32"}
{"level":"info","message":"Created client session abdbfc0e76cd993f40e791d6","timestamp":"2026-07-05 07:13:35"}
{"level":"info","message":"Created client session 6db7cb8dbb6b125d95acd6e6","timestamp":"2026-07-05 07:13:35"}
{"level":"info","message":"Created client session a9dd98d60d50021fa52f1e51","timestamp":"2026-07-05 07:13:38"}
{"level":"info","message":"Created client session b0fc820dad8625d6622dac1a","timestamp":"2026-07-05 07:13:44"}
{"level":"info","message":"Created client session f6829bfbd10fec86f0b07358","timestamp":"2026-07-05 07:13:44"}
{"level":"info","message":"Created client session 2731d56e0abc4cc1e66b959e","timestamp":"2026-07-05 07:13:45"}
{"level":"info","message":"Created client session 4beaf369b004babe065fc3e5","timestamp":"2026-07-05 07:13:46"}
{"level":"info","message":"Created client session fa270f0d46f4b987c153af6b","timestamp":"2026-07-05 07:13:56"}
{"level":"info","message":"Created client session f372a645ba80b7d24556132f","timestamp":"2026-07-05 07:13:56"}
{"level":"info","message":"Created client session 3c35a529b454f3d5f40e6570","timestamp":"2026-07-05 07:14:04"}
{"level":"info","message":"Created client session 2e04655edecfaae3b6a6628b","timestamp":"2026-07-05 07:14:05"}
{"level":"info","message":"Created client session 577c84c411f791a59201064a","timestamp":"2026-07-05 07:14:05"}
{"level":"info","message":"Created client session 1612199e7bc43ba34a7d08dd","timestamp":"2026-07-05 07:14:19"}
{"level":"info","message":"Created client session 81fc24e938a3cf05189602e5","timestamp":"2026-07-05 07:14:22"}
{"level":"info","message":"Created client session 180f1798fd1f0a9f10723f49","timestamp":"2026-07-05 07:14:23"}
{"level":"info","message":"Created client session a7cb0b4d9a5e96d24bdc9cb1","timestamp":"2026-07-05 07:14:25"}
{"level":"info","message":"Created client session 6c5731a20889a9fa97c8e71c","timestamp":"2026-07-05 07:14:39"}
{"level":"info","message":"Created client session c13a63bf76f699e3ebc20a57","timestamp":"2026-07-05 07:14:41"}
{"level":"info","message":"Created client session cc8eb464310504c2fc6f61fa","timestamp":"2026-07-05 07:14:41"}
{"level":"info","message":"Created client session e34077c7740d19133a5f96b8","timestamp":"2026-07-05 07:14:45"}
{"level":"info","message":"Created client session dc8cc443f51da2ac3da3f005","timestamp":"2026-07-05 07:14:45"}
{"level":"info","message":"Created client session 6858ce194bdc35c560ce3a4c","timestamp":"2026-07-05 07:14:45"}
{"level":"info","message":"Created client session b3f95671cb580f20d668f05c","timestamp":"2026-07-05 07:14:51"}
{"level":"info","message":"Created client session 344fd1e2152ac25408ae8334","timestamp":"2026-07-05 07:14:52"}
{"level":"info","message":"Created client session 85b722d50da706acbbdc71db","timestamp":"2026-07-05 07:14:52"}
{"level":"info","message":"Created client session 3067bdcfd3996d7ae3d7d6f3","timestamp":"2026-07-05 07:14:53"}
{"level":"info","message":"Created client session 98b7ee91fdcac722ac8e6706","timestamp":"2026-07-05 07:14:53"}
{"level":"info","message":"Created client session f997676d25d48c531cc133d6","timestamp":"2026-07-05 07:14:53"}
{"level":"info","message":"Created client session ecb6c69964d61fe3732c9c6e","timestamp":"2026-07-05 07:14:53"}
{"level":"info","message":"Created client session 2f8e684b159102fd97a56a49","timestamp":"2026-07-05 07:14:56"}
{"level":"info","message":"Created client session ece7d15263d04ff75ea56e4a","timestamp":"2026-07-05 07:15:02"}
{"level":"info","message":"Created client session 52bb7bca8aacb0729ce593a0","timestamp":"2026-07-05 07:15:02"}
{"level":"info","message":"Created client session 53feb30a482c39a36d5685cd","timestamp":"2026-07-05 07:15:07"}
{"level":"info","message":"Created client session f01d497388d23db374ba7aa5","timestamp":"2026-07-05 07:15:13"}
{"level":"info","message":"Created client session 6f752d92b8b6a8e446d07b86","timestamp":"2026-07-05 07:15:23"}
{"level":"info","message":"Created client session 97724a30d029fb0b98e07206","timestamp":"2026-07-05 07:15:23"}
{"level":"info","message":"Created client session 16074694c213df559c41409a","timestamp":"2026-07-05 07:15:25"}
{"level":"info","message":"Created client session 3bbc5a4aea0d38abae36fdb1","timestamp":"2026-07-05 07:15:25"}
{"level":"info","message":"Created client session 7190b14898924fe3858ae889","timestamp":"2026-07-05 07:15:26"}
{"level":"info","message":"Created client session 7845a15ea35bdfdb0b4e88c1","timestamp":"2026-07-05 07:15:47"}
{"level":"info","message":"Created client session d6419bcef387b2966ca7d172","timestamp":"2026-07-05 07:16:02"}
{"level":"info","message":"Created client session 3969b3a2f048afd6bf63e065","timestamp":"2026-07-05 07:16:11"}
{"level":"info","message":"Created client session 99a93c103dcfc2ae65ecbe06","timestamp":"2026-07-05 07:16:25"}
{"level":"info","message":"Created client session c0ab3f6ce47e4108cd9b2b14","timestamp":"2026-07-05 07:16:26"}
{"level":"info","message":"Created client session 024fccd277484e4696faaf76","timestamp":"2026-07-05 07:16:26"}
{"level":"info","message":"Created client session 77477fb27fd439f2e1877092","timestamp":"2026-07-05 07:16:26"}
{"level":"info","message":"Created client session 95a1a1a60e2c36d8f629a30c","timestamp":"2026-07-05 07:16:34"}
{"level":"info","message":"Created client session e654aac7f4a0df422c550842","timestamp":"2026-07-05 07:16:38"}
{"level":"info","message":"Created client session 33b73185566967c4c062702d","timestamp":"2026-07-05 07:16:42"}
{"level":"info","message":"Created client session 65510788726fe880407d7af9","timestamp":"2026-07-05 07:16:43"}
{"level":"info","message":"Created client session 68c6faa9cfa7bc5332eeff7e","timestamp":"2026-07-05 07:16:45"}
{"level":"info","message":"Created client session 886860de1976bdd93dd516ef","timestamp":"2026-07-05 07:16:49"}
{"level":"info","message":"Created client session 54cf0491f62ae8903c3d3164","timestamp":"2026-07-05 07:16:50"}
{"level":"info","message":"Created client session 0ee9d5db31b501826a25a924","timestamp":"2026-07-05 07:16:59"}
{"level":"info","message":"Created client session 2145e4a07dc6dae964276d38","timestamp":"2026-07-05 07:17:03"}
{"level":"info","message":"Created client session 2d2a12e6464e90193f18940a","timestamp":"2026-07-05 07:17:09"}
{"level":"info","message":"Created client session 56152d3807b0b5f3ee866023","timestamp":"2026-07-05 07:17:11"}
{"level":"info","message":"Created client session b18a73cc1ef737e52a98b2e0","timestamp":"2026-07-05 07:17:11"}
{"level":"info","message":"Created client session b7cc4a9fb9fcb77d5176d79b","timestamp":"2026-07-05 07:17:16"}
{"level":"info","message":"Created client session a0409bbc25423b4bd4e607e4","timestamp":"2026-07-05 07:17:29"}
{"level":"info","message":"Created client session 24eb980d9baa9f83f703ec96","timestamp":"2026-07-05 07:17:30"}
{"level":"info","message":"Created client session aebc528ce187035260733a24","timestamp":"2026-07-05 07:17:34"}
{"level":"info","message":"Created client session 0b25cbbd9abcc76b551818d6","timestamp":"2026-07-05 07:17:47"}
{"level":"info","message":"Created client session 93f063ac653a7d80e75ffb29","timestamp":"2026-07-05 07:17:52"}
{"level":"info","message":"Created client session af0fc7300818dcebe7f70091","timestamp":"2026-07-05 07:17:53"}
{"level":"info","message":"Created client session cda685ee3c524af50a29960e","timestamp":"2026-07-05 07:17:54"}
{"level":"info","message":"Created client session 29cc84d100f03817424d3b18","timestamp":"2026-07-05 07:17:58"}
{"level":"info","message":"Created client session 30b1ccffecf97f9f0b8d6ce8","timestamp":"2026-07-05 07:18:07"}
{"level":"info","message":"Created client session 09414e6da83703a811136af9","timestamp":"2026-07-05 07:18:13"}
{"level":"info","message":"Created client session 22f76b757eb84a9b89c190b2","timestamp":"2026-07-05 07:18:14"}
{"level":"info","message":"Created client session 4236a362c9fe757785e81ae7","timestamp":"2026-07-05 07:18:18"}
{"level":"info","message":"Created client session d2557397aee011fa86d5fd3a","timestamp":"2026-07-05 07:18:19"}
{"level":"info","message":"Created client session 10b86e9389ac8a27e0f7785a","timestamp":"2026-07-05 07:18:23"}
{"level":"info","message":"Created client session 4fd2fb3b84a20abfaba7325e","timestamp":"2026-07-05 07:18:25"}
{"level":"info","message":"Created client session 550d538cfe18a0d8db081f22","timestamp":"2026-07-05 07:18:25"}
{"level":"info","message":"Created client session a8fb1f834a4304bce3113bfe","timestamp":"2026-07-05 07:18:32"}
{"level":"info","message":"Created client session 9d704967e995a687672ff3fd","timestamp":"2026-07-05 07:18:32"}
{"level":"info","message":"Created client session 223ea3b663ed583792d379e0","timestamp":"2026-07-05 07:18:40"}
{"level":"info","message":"Created client session e438bd1219aff4caacd70db0","timestamp":"2026-07-05 07:18:53"}
{"level":"info","message":"Created client session 24ae26c31d3e057037f490fb","timestamp":"2026-07-05 07:18:56"}
{"level":"info","message":"Created client session d7be15dbd7f74f0fe0b4d032","timestamp":"2026-07-05 07:19:06"}
{"level":"info","message":"Created client session 3c1003503415172f65a40911","timestamp":"2026-07-05 07:19:10"}
{"level":"info","message":"Created client session c838b7f0de627d2dca1ca5db","timestamp":"2026-07-05 07:19:14"}
{"level":"info","message":"Created client session 76eefff346d318496fd26549","timestamp":"2026-07-05 07:19:15"}
{"level":"info","message":"Created client session 7185c81f44ab89d527bfd02f","timestamp":"2026-07-05 07:19:24"}
{"level":"info","message":"Created client session 1fd94d8d07a4da02e17605f4","timestamp":"2026-07-05 07:19:25"}
{"level":"info","message":"Created client session 89950efc16d659d2455da8b9","timestamp":"2026-07-05 07:19:33"}
{"level":"info","message":"Created client session 8969a9ccbf69e6e429ec7508","timestamp":"2026-07-05 07:19:39"}
{"level":"info","message":"Created client session 2c97ea52b495271eeba178ee","timestamp":"2026-07-05 07:19:44"}
{"level":"info","message":"Created client session 654cb3c2c33bd54346ac9770","timestamp":"2026-07-05 07:19:47"}
{"level":"info","message":"Created client session 028371c84b6eab54912f7443","timestamp":"2026-07-05 07:19:49"}
{"level":"info","message":"Created client session 2195274b05923ae81ca92fef","timestamp":"2026-07-05 07:19:49"}
{"level":"info","message":"Created client session f7bb639149cb960158eb94b4","timestamp":"2026-07-05 07:20:04"}
{"level":"info","message":"Created client session e9df7df0c9825341938af996","timestamp":"2026-07-05 07:20:15"}
{"level":"info","message":"Created client session b8323a1ba8b65f9292131022","timestamp":"2026-07-05 07:20:19"}
{"level":"info","message":"Created client session 8e0745dbd2d1d76f01c62c71","timestamp":"2026-07-05 07:20:22"}
{"level":"info","message":"Created client session db5ae73ef644f3055fe1e56d","timestamp":"2026-07-05 07:20:32"}
{"level":"info","message":"Created client session 7d3069c18eac1af361bb37ab","timestamp":"2026-07-05 07:20:33"}
{"level":"info","message":"Created client session f2dfdbde779a130d7dedd2b0","timestamp":"2026-07-05 07:20:39"}
{"level":"info","message":"Created client session d0520e8678e127c67bc94d71","timestamp":"2026-07-05 07:20:47"}
{"level":"info","message":"Created client session 63397c6db64014ce946405a6","timestamp":"2026-07-05 07:20:53"}
{"level":"info","message":"Created client session 018535b9b532c03d99bbbb76","timestamp":"2026-07-05 07:20:54"}
{"level":"info","message":"Created client session df055b49cf5f47ef377143c5","timestamp":"2026-07-05 07:20:58"}
{"level":"info","message":"Created client session e75bc73b8e71199dc75d5571","timestamp":"2026-07-05 07:20:58"}
{"level":"info","message":"Created client session aeec683815b2f18676dcfa65","timestamp":"2026-07-05 07:21:00"}
{"level":"info","message":"Created client session 54ca9ddba39066e145a52297","timestamp":"2026-07-05 07:21:00"}
{"level":"info","message":"Created client session 6749e2a8b55a5a19b3896b36","timestamp":"2026-07-05 07:21:01"}
{"level":"info","message":"Created client session 81b2eab56a8a6fda5f410d28","timestamp":"2026-07-05 07:21:01"}
{"level":"info","message":"Created client session 26de4437aae4716f3375e0e2","timestamp":"2026-07-05 07:21:01"}
{"level":"info","message":"Created client session 3c6cb9ff436f67f2a60bfa02","timestamp":"2026-07-05 07:21:01"}
{"level":"info","message":"Created client session 4d744d88205559f81dc671ca","timestamp":"2026-07-05 07:21:01"}
{"level":"info","message":"Created client session 22de4706fddccd3106c2a182","timestamp":"2026-07-05 07:21:02"}
{"level":"info","message":"Created client session 8bba59b8c85b407306a27763","timestamp":"2026-07-05 07:21:22"}
{"level":"info","message":"Created client session 6b1e02fb90f2eae8827a1d01","timestamp":"2026-07-05 07:21:39"}
{"level":"info","message":"Created client session 7b58f9584b9c01ca717201d6","timestamp":"2026-07-05 07:21:42"}
{"level":"info","message":"Created client session 27b33afb0906e4fb1c5a594a","timestamp":"2026-07-05 07:21:48"}
{"level":"info","message":"Created client session 5e1c7fe2cf9dcf8c4183ebdb","timestamp":"2026-07-05 07:21:49"}
{"level":"info","message":"Created client session 377e828fa9aa2042a0e5ba3b","timestamp":"2026-07-05 07:21:52"}
{"level":"info","message":"Created client session 3218dd30fa8271c55ebbed35","timestamp":"2026-07-05 07:22:09"}
{"level":"info","message":"Created client session 8bcbc31848e53d0bd23051c3","timestamp":"2026-07-05 07:22:09"}
{"level":"info","message":"Created client session ffa1b83a19449929f073a599","timestamp":"2026-07-05 07:22:16"}
{"level":"info","message":"Created client session 2be5d2c363eb48ace377e688","timestamp":"2026-07-05 07:22:24"}
{"level":"info","message":"Created client session bf306b095d62c9a94c400b91","timestamp":"2026-07-05 07:22:27"}
{"level":"info","message":"Created client session 2899c3091e71640e58fb65c7","timestamp":"2026-07-05 07:22:28"}
{"level":"info","message":"Created client session 822ff908bc51b4cf16f3719d","timestamp":"2026-07-05 07:22:29"}
{"level":"info","message":"Created client session 7e86a71998c0590fb4b9fd9e","timestamp":"2026-07-05 07:22:29"}
{"level":"info","message":"Created client session 5758e2308d15f764c7cd3f2a","timestamp":"2026-07-05 07:22:38"}
{"level":"info","message":"Created client session 0b9f5720dfc9bc30bf358f82","timestamp":"2026-07-05 07:22:43"}
{"level":"info","message":"Created client session 8b9419cbd5eddcb977827508","timestamp":"2026-07-05 07:22:43"}
{"level":"info","message":"Created client session 45087511ca8f8ca4172b18a2","timestamp":"2026-07-05 07:22:47"}
{"level":"info","message":"Created client session c309a65924b3a31568e3303a","timestamp":"2026-07-05 07:22:47"}
{"level":"info","message":"Created client session bbd461b184a9b4232e24e4bf","timestamp":"2026-07-05 07:22:56"}
{"level":"info","message":"Created client session 506d49cdb90a8547f493aeb2","timestamp":"2026-07-05 07:22:59"}
{"level":"info","message":"Created client session 667ce4b0ccb82c100671b69a","timestamp":"2026-07-05 07:23:00"}
{"level":"info","message":"Created client session 167c2ead5506ee536d7b65cf","timestamp":"2026-07-05 07:23:02"}
{"level":"info","message":"Created client session eef459a37e8ba3ef01a1df3b","timestamp":"2026-07-05 07:23:07"}
{"level":"info","message":"Created client session 1ca40677a6d7a55fc2ffc1f1","timestamp":"2026-07-05 07:23:14"}
{"level":"info","message":"Created client session a01be2635cd97f6d986a9591","timestamp":"2026-07-05 07:23:23"}
{"level":"info","message":"Created client session 993e5f83bc65a6597605efa3","timestamp":"2026-07-05 07:23:30"}
{"level":"info","message":"Created client session 3dabca390b93a8d09272664a","timestamp":"2026-07-05 07:23:34"}
{"level":"info","message":"Created client session cfdfed24122ada148cb5bb53","timestamp":"2026-07-05 07:23:35"}
{"level":"info","message":"Created client session b6ee5980567b0b24841d9cc3","timestamp":"2026-07-05 07:23:36"}
{"level":"info","message":"Created client session 2bb631956a9b092230f4aa4e","timestamp":"2026-07-05 07:23:36"}
{"level":"info","message":"Created client session 78eae22a0cdbb8edbecff1d0","timestamp":"2026-07-05 07:23:36"}
{"level":"info","message":"Created client session a9de3a184a1a2c9b648a87f8","timestamp":"2026-07-05 07:23:37"}
{"level":"info","message":"Created client session 65bcab2d08bce5166cb1400b","timestamp":"2026-07-05 07:23:37"}
{"level":"info","message":"Created client session 5f92c4946c62c42bf506b9fa","timestamp":"2026-07-05 07:23:46"}
{"level":"info","message":"Created client session 45e63696d123dab66b7b922a","timestamp":"2026-07-05 07:23:59"}
{"level":"info","message":"Created client session 1438235b1e8203efb98822a2","timestamp":"2026-07-05 07:23:59"}
{"level":"info","message":"Created client session 85f74330cef58648c2c5260a","timestamp":"2026-07-05 07:24:06"}
{"level":"info","message":"Created client session b63f080b9fa85d2cd6e0346a","timestamp":"2026-07-05 07:24:18"}
{"level":"info","message":"Created client session 3af9ba05436ed5d5824df36a","timestamp":"2026-07-05 07:24:19"}
{"level":"info","message":"Created client session 09dd5e723fbc5dbb4c116f8f","timestamp":"2026-07-05 07:24:22"}
{"level":"info","message":"Created client session 9aaca2e4571edcfcc34d0e59","timestamp":"2026-07-05 07:24:25"}
{"level":"info","message":"Created client session 62022e46338563e9730b05ba","timestamp":"2026-07-05 07:24:28"}
{"level":"info","message":"Created client session 5585b84eb537afef106475d1","timestamp":"2026-07-05 07:24:28"}
{"level":"info","message":"Created client session c0a37927ff7dc2f25e5cfa31","timestamp":"2026-07-05 07:24:32"}
{"level":"info","message":"Created client session d35454a5fcd8e3dc01e658c9","timestamp":"2026-07-05 07:24:33"}
{"level":"info","message":"Created client session b1d1b8115f3fe2d3d94dc9f4","timestamp":"2026-07-05 07:24:36"}
{"level":"info","message":"Created client session baac0bc2b60fd263b3f4529c","timestamp":"2026-07-05 07:24:40"}
{"level":"info","message":"Created client session 43162ee65b0de34fef6836e7","timestamp":"2026-07-05 07:24:44"}
{"level":"info","message":"Created client session 37c3cb79b83b6b495ab708c2","timestamp":"2026-07-05 07:24:45"}
{"level":"info","message":"Created client session 4885daf78f86de255b5ca5dd","timestamp":"2026-07-05 07:24:46"}
{"level":"info","message":"Created client session 45107a601ee0e3234d6a221b","timestamp":"2026-07-05 07:24:49"}
{"level":"info","message":"Created client session bb45ec90dde3bc723fba6dcc","timestamp":"2026-07-05 07:24:51"}
{"level":"info","message":"Created client session 77cb96f2a9cbb9d1f0b7d890","timestamp":"2026-07-05 07:24:54"}
{"level":"info","message":"Created client session b31d9f2cce18523a25ac870e","timestamp":"2026-07-05 07:24:57"}
{"level":"info","message":"Created client session f47f8e16d548630b3486941e","timestamp":"2026-07-05 07:25:04"}
{"level":"info","message":"Created client session 411034ddb37f131d3cc13dcf","timestamp":"2026-07-05 07:25:04"}
{"level":"info","message":"Created client session 5473dacbcfd2d6a850dd4fd8","timestamp":"2026-07-05 07:25:04"}
{"level":"info","message":"Created client session aad0e0507bcc240c347110b3","timestamp":"2026-07-05 07:25:13"}
{"level":"info","message":"Created client session b7a70580fdb0ea4fa2b5efed","timestamp":"2026-07-05 07:25:16"}
{"level":"info","message":"Created client session 72440c8e5b5cd8200a672f89","timestamp":"2026-07-05 07:25:19"}
{"level":"info","message":"Created client session f8e9e6b2ed62450802700f28","timestamp":"2026-07-05 07:25:21"}
{"level":"info","message":"Created client session 8a812e056a089c3009eea2e4","timestamp":"2026-07-05 07:25:22"}
{"level":"info","message":"Created client session 6fa8e0062a82c87f1b50e2ab","timestamp":"2026-07-05 07:25:22"}
{"level":"info","message":"Created client session 7d1f208784ff3134be4bd58d","timestamp":"2026-07-05 07:25:22"}
{"level":"info","message":"Created client session 8f161f9b5389724eb7bdbc16","timestamp":"2026-07-05 07:25:26"}
{"level":"info","message":"Created client session 279fd3374e7ef50e2957bc1e","timestamp":"2026-07-05 07:25:26"}
{"level":"info","message":"Created client session 9036cde324e344098c1a0df4","timestamp":"2026-07-05 07:25:28"}
{"level":"info","message":"Created client session 1578e466903d9179b460b1c4","timestamp":"2026-07-05 07:25:31"}
{"level":"info","message":"Created client session da67a9a09fdb0a05270434c2","timestamp":"2026-07-05 07:25:32"}
{"level":"info","message":"Created client session e826343665f49dc82b0c77f4","timestamp":"2026-07-05 07:25:35"}
{"level":"info","message":"Created client session 68418b20f407d9dc2700aacd","timestamp":"2026-07-05 07:25:35"}
{"level":"info","message":"Created client session 2fee38eb9bb2993b1448d386","timestamp":"2026-07-05 07:25:37"}
{"level":"info","message":"Created client session 6851a543cf118bc87587322b","timestamp":"2026-07-05 07:25:37"}
{"level":"info","message":"Created client session 4c00163498b5dac77e7edf6f","timestamp":"2026-07-05 07:25:38"}
{"level":"info","message":"Created client session 7b3871d028a8a4c810382dc3","timestamp":"2026-07-05 07:25:38"}
{"level":"info","message":"Created client session 04abb958917a2226570ee6c5","timestamp":"2026-07-05 07:25:39"}
{"level":"info","message":"Created client session c2124629b278c2640fd06172","timestamp":"2026-07-05 07:25:48"}
{"level":"info","message":"Created client session b4ded6a8a4d823079be20689","timestamp":"2026-07-05 07:25:49"}
{"level":"info","message":"Created client session 76d95031fb97758906b5dde3","timestamp":"2026-07-05 07:25:50"}
{"level":"info","message":"Created client session 050d70bc6e84650e0e3e616e","timestamp":"2026-07-05 07:26:00"}
{"level":"info","message":"Created client session 49ae69de1c2de189d459cc45","timestamp":"2026-07-05 07:26:01"}
{"level":"info","message":"Created client session 47c80591b60feb4df5ac2554","timestamp":"2026-07-05 07:26:04"}
{"level":"info","message":"Created client session 4c536cffa7b8acba2c495509","timestamp":"2026-07-05 07:26:06"}
{"level":"info","message":"Created client session 0ebb37b8acfe99431505455e","timestamp":"2026-07-05 07:26:11"}
{"level":"info","message":"Created client session 8a6e50b30ef0c31df99ac8fa","timestamp":"2026-07-05 07:26:18"}
{"level":"info","message":"Created client session 57bf2082ef6673ee2207546f","timestamp":"2026-07-05 07:26:23"}
{"level":"info","message":"Created client session 54dbee5c8cceb9f99041e751","timestamp":"2026-07-05 07:26:23"}
{"level":"info","message":"Created client session d61c45ecd48026995087c65f","timestamp":"2026-07-05 07:26:28"}
{"level":"info","message":"Created client session 7aae127ca9cd9dd76f6016b9","timestamp":"2026-07-05 07:26:34"}
{"level":"info","message":"Created client session 8d7b02e73a9df5bc09bc3ab0","timestamp":"2026-07-05 07:26:44"}
{"level":"info","message":"Created client session 0a528c95f19cc1c63c4972c1","timestamp":"2026-07-05 07:26:44"}
{"level":"info","message":"Created client session 4619c11a6cc4d20be62dd487","timestamp":"2026-07-05 07:27:00"}
{"level":"info","message":"Created client session fb5d46f568c6e17102de5eaa","timestamp":"2026-07-05 07:27:02"}
{"level":"info","message":"Created client session 224b44306e6814a9f08abba8","timestamp":"2026-07-05 07:27:04"}
{"level":"info","message":"Created client session 2df9e0a99d42639407e6bfa9","timestamp":"2026-07-05 07:27:14"}
{"level":"info","message":"Created client session f45b322476d531e9624dc7ba","timestamp":"2026-07-05 07:27:15"}
{"level":"info","message":"Created client session 89eac937c5ea3412214aa1a7","timestamp":"2026-07-05 07:27:22"}
{"level":"info","message":"Created client session ee34392d36b6af290516de8a","timestamp":"2026-07-05 07:27:31"}
{"level":"info","message":"Created client session 87cbba3a3014744a58db67e6","timestamp":"2026-07-05 07:27:33"}
{"level":"info","message":"Created client session 673e6e131c8d00887b2c031a","timestamp":"2026-07-05 07:27:37"}
{"level":"info","message":"Created client session ccde7538a39f048dac6808f9","timestamp":"2026-07-05 07:27:47"}
{"level":"info","message":"Created client session 2f37d718d998ced78d6e1025","timestamp":"2026-07-05 07:27:48"}
{"level":"info","message":"Created client session a9805331bf40c393e6151cfe","timestamp":"2026-07-05 07:27:50"}
{"level":"info","message":"Created client session 97a4e20a045ea34f77b64925","timestamp":"2026-07-05 07:27:52"}
{"level":"info","message":"Created client session f9f1e5a4c24acd42362f54dc","timestamp":"2026-07-05 07:28:03"}
{"level":"info","message":"Created client session 4f389e4ef51fb4224cc41044","timestamp":"2026-07-05 07:28:08"}
{"level":"info","message":"Created client session d632f4989822e6ff57622ed2","timestamp":"2026-07-05 07:28:09"}
{"level":"info","message":"Created client session 2535062ea06aabc26159ba39","timestamp":"2026-07-05 07:28:20"}
{"level":"info","message":"Created client session 99df9d4218784fd427a250ee","timestamp":"2026-07-05 07:28:21"}
{"level":"info","message":"Created client session c77e41a400a1c4d17ea38ec5","timestamp":"2026-07-05 07:28:21"}
{"level":"info","message":"Created client session cea9d81d5ea6ebab3342fca3","timestamp":"2026-07-05 07:28:25"}
{"level":"info","message":"Created client session 61d7fefe1ac0eba85e36bdbc","timestamp":"2026-07-05 07:28:32"}
{"level":"info","message":"Created client session 807ebcbc98dde5b16dd3f6fc","timestamp":"2026-07-05 07:28:32"}
{"level":"info","message":"Created client session f2e40b7fb0b7e237a02c35c3","timestamp":"2026-07-05 07:28:32"}
{"level":"info","message":"Created client session 2c761b635c454745e2cb6e7e","timestamp":"2026-07-05 07:28:41"}
{"level":"info","message":"Created client session 427d3c9777b5bf749c7bd968","timestamp":"2026-07-05 07:28:47"}
{"level":"info","message":"Created client session ab2828f51992591f765a1900","timestamp":"2026-07-05 07:28:49"}
{"level":"info","message":"Created client session 83a7aa58a1d328ac85af8afa","timestamp":"2026-07-05 07:28:49"}
{"level":"info","message":"Created client session 95a5bf8144b00b05afc7c087","timestamp":"2026-07-05 07:28:53"}
{"level":"info","message":"Created client session 30c9a88f8733c42285367e27","timestamp":"2026-07-05 07:28:54"}
{"level":"info","message":"Created client session 789431678feb84e2542b20a8","timestamp":"2026-07-05 07:28:55"}
{"level":"info","message":"Created client session 9e6163540dbef2c1fae9ae7e","timestamp":"2026-07-05 07:29:12"}
{"level":"info","message":"Created client session 61f9d81094cd18177524e497","timestamp":"2026-07-05 07:29:18"}
{"level":"info","message":"Created client session 5cf290a54d19ce88d5654513","timestamp":"2026-07-05 07:29:19"}
{"level":"info","message":"Created client session 04b18a84797dc50095fc5ff8","timestamp":"2026-07-05 07:29:24"}
{"level":"info","message":"Created client session 9971710f35fb343f23716686","timestamp":"2026-07-05 07:29:24"}
{"level":"info","message":"Created client session 946efa6cb883476b00cee962","timestamp":"2026-07-05 07:29:28"}
{"level":"info","message":"Created client session c1697935a00b6eaa58ca8900","timestamp":"2026-07-05 07:29:29"}
{"level":"info","message":"Created client session 1782faa0e4671597d598623d","timestamp":"2026-07-05 07:29:40"}
{"level":"info","message":"Created client session 2fcc5d32e8727fd9cece7fc5","timestamp":"2026-07-05 07:29:45"}
{"level":"info","message":"Created client session 173a958849587ffe47a44f1d","timestamp":"2026-07-05 07:29:48"}
{"level":"info","message":"Created client session 62f3b4010cba9e262af8ea5a","timestamp":"2026-07-05 07:29:48"}
{"level":"info","message":"Created client session d686470ea3c8b97ba781c345","timestamp":"2026-07-05 07:29:51"}
{"level":"info","message":"Created client session 6d109e46f20a48869fb2f355","timestamp":"2026-07-05 07:29:51"}
{"level":"info","message":"Created client session cc2a22ed0df8499434381135","timestamp":"2026-07-05 07:29:53"}
{"level":"info","message":"Created client session a0ae645173b0a02fc810c21b","timestamp":"2026-07-05 07:29:56"}
{"level":"info","message":"Created client session 3033b8299e9979373c69cbcf","timestamp":"2026-07-05 07:29:58"}
{"level":"info","message":"Created client session 126b7b6da637dd6c4e4fa5fb","timestamp":"2026-07-05 07:30:02"}
{"level":"info","message":"Created client session 0d5c0506d6c97506ab96d555","timestamp":"2026-07-05 07:30:03"}
{"level":"info","message":"Created client session 9a00ad10b607913319fdca58","timestamp":"2026-07-05 07:30:28"}
{"level":"info","message":"Created client session fb4d2f25839a99c862088943","timestamp":"2026-07-05 07:30:28"}
{"level":"info","message":"Created client session b532b621e1755960fb494310","timestamp":"2026-07-05 07:30:29"}
{"level":"info","message":"Created client session 2c2f283154675b3b112d476d","timestamp":"2026-07-05 07:30:43"}
{"level":"info","message":"Created client session a7a5eaf187d41070c7905166","timestamp":"2026-07-05 07:30:43"}
{"level":"info","message":"Created client session f842e7c19af326818d571456","timestamp":"2026-07-05 07:30:57"}
{"level":"info","message":"Created client session 6076d501e1d86702217c18ef","timestamp":"2026-07-05 07:31:00"}
{"level":"info","message":"Created client session e75d12499ae66bebae66898c","timestamp":"2026-07-05 07:31:03"}
{"level":"info","message":"Created client session 69f17dd341129bf194df4a37","timestamp":"2026-07-05 07:31:11"}
{"level":"info","message":"Created client session a6d068f461b055d025fce57e","timestamp":"2026-07-05 07:31:13"}
{"level":"info","message":"Created client session 2fa60a181b43720df1239718","timestamp":"2026-07-05 07:31:17"}
{"level":"info","message":"Created client session 56a89d59fb021472ecd0445b","timestamp":"2026-07-05 07:31:19"}
{"level":"info","message":"Created client session d2709cf486876c6aa10a5e18","timestamp":"2026-07-05 07:31:20"}
{"level":"info","message":"Created client session 5b04b3d1c889763c4606fdca","timestamp":"2026-07-05 07:31:26"}
{"level":"info","message":"Created client session fbd22d9836660d5799bd1fa3","timestamp":"2026-07-05 07:31:26"}
{"level":"info","message":"Created client session 6fa3ddddfcc87f728f6eaaa9","timestamp":"2026-07-05 07:31:28"}
{"level":"info","message":"Created client session dd6994294e35b83f184ff907","timestamp":"2026-07-05 07:31:28"}
{"level":"info","message":"Created client session f8e531a8ff7a6f27571e4bee","timestamp":"2026-07-05 07:31:29"}
{"level":"info","message":"Created client session 5d8042697df8d182f0e10c61","timestamp":"2026-07-05 07:31:31"}
{"level":"info","message":"Created client session db474fcc6f38a891b4644b1a","timestamp":"2026-07-05 07:31:35"}
{"level":"info","message":"Created client session e8694ead3d1a1f62e5fdaea8","timestamp":"2026-07-05 07:31:35"}
{"level":"info","message":"Created client session b746df603089b77226cab03a","timestamp":"2026-07-05 07:31:36"}
{"level":"info","message":"Created client session 08d5e02ccb6dc4f41fc3c04d","timestamp":"2026-07-05 07:31:47"}
{"level":"info","message":"Created client session b3a3245c05ef0fb93e6aed3f","timestamp":"2026-07-05 07:31:51"}
{"level":"info","message":"Created client session 5ee3c08dd0b4195e56057492","timestamp":"2026-07-05 07:31:52"}
{"level":"info","message":"Created client session 97acfad1859f854df687e309","timestamp":"2026-07-05 07:32:03"}
{"level":"info","message":"Created client session df1effef7a9fb9575722f983","timestamp":"2026-07-05 07:32:13"}
{"level":"info","message":"Created client session a46c2f6adaf636941e1e3c35","timestamp":"2026-07-05 07:32:16"}
{"level":"info","message":"Created client session 54b4aabad4fe31a430e02538","timestamp":"2026-07-05 07:32:17"}
{"level":"info","message":"Created client session e3cd1f22c134267563ca314b","timestamp":"2026-07-05 07:32:19"}
{"level":"info","message":"Created client session 020a67c3137432f1fdbf851f","timestamp":"2026-07-05 07:32:20"}
{"level":"info","message":"Created client session aa7b15484326e9de3ab96e46","timestamp":"2026-07-05 07:32:22"}
{"level":"info","message":"Created client session cd876d467973467e237b775b","timestamp":"2026-07-05 07:32:24"}
{"level":"info","message":"Created client session 1a49ae9d15606b893c41a46f","timestamp":"2026-07-05 07:32:30"}
{"level":"info","message":"Created client session a36849fd0c90c5c0f8d2f9d8","timestamp":"2026-07-05 07:32:38"}
{"level":"info","message":"Created client session b9cc084f0f2cfa8b54d68183","timestamp":"2026-07-05 07:32:39"}
{"level":"info","message":"Created client session 23250cee8814e126d0fd5cea","timestamp":"2026-07-05 07:32:47"}
{"level":"info","message":"Created client session 2d981260a101603fb740fe8e","timestamp":"2026-07-05 07:32:55"}
{"level":"info","message":"Created client session 7c05d9679dc78739d137273d","timestamp":"2026-07-05 07:32:55"}
{"level":"info","message":"Created client session 32f43b947ffbd976859845c7","timestamp":"2026-07-05 07:32:59"}
{"level":"info","message":"Created client session f4481db08a7a8b7d1e499748","timestamp":"2026-07-05 07:32:59"}
{"level":"info","message":"Created client session 8b8388ca29e9f215ddc26508","timestamp":"2026-07-05 07:33:08"}
{"level":"info","message":"Created client session 97a49494131f149c73f7940c","timestamp":"2026-07-05 07:33:09"}
{"level":"info","message":"Created client session ea7b1556b39e6a2af9e479cb","timestamp":"2026-07-05 07:33:09"}
{"level":"info","message":"Created client session 2bbed846015cd0db5b86d7c9","timestamp":"2026-07-05 07:33:11"}
{"level":"info","message":"Created client session 90e616cd272cecbc9cac3749","timestamp":"2026-07-05 07:33:18"}
{"level":"info","message":"Created client session 914e10a3cbbe6c313021cb2a","timestamp":"2026-07-05 07:33:19"}
{"level":"info","message":"Created client session 2eff7364eec3c9ffeb3b708a","timestamp":"2026-07-05 07:33:24"}
{"level":"info","message":"Created client session 9ad51eb7611b3d2259cdd7f6","timestamp":"2026-07-05 07:33:28"}
{"level":"info","message":"Created client session 54471a90d968cd39c2baad0b","timestamp":"2026-07-05 07:33:34"}
{"level":"info","message":"Created client session 4d34d6c6812a3155a7eee595","timestamp":"2026-07-05 07:33:35"}
{"level":"info","message":"Created client session 0c3bf13bbbf380eaa743b2c9","timestamp":"2026-07-05 07:33:35"}
{"level":"info","message":"Created client session 3e0f1e9f090ba0cbe23aa7f8","timestamp":"2026-07-05 07:33:35"}
{"level":"info","message":"Created client session fa5325973e3b276c0b2f0e68","timestamp":"2026-07-05 07:33:39"}
{"level":"info","message":"Created client session 5ca04401d1683acf1f661cb1","timestamp":"2026-07-05 07:33:49"}
{"level":"info","message":"Created client session fcd5b8cf85ddfb04eed2b076","timestamp":"2026-07-05 07:33:50"}
{"level":"info","message":"Created client session 4c449a6ca840d23d540e2439","timestamp":"2026-07-05 07:33:53"}
{"level":"info","message":"Created client session afa438b69af9c03fbfe40515","timestamp":"2026-07-05 07:33:53"}
{"level":"info","message":"Created client session 8df7d68fe7ad9e66ac136ca1","timestamp":"2026-07-05 07:33:57"}
{"level":"info","message":"Created client session bb5824a80b116fc3f1052bef","timestamp":"2026-07-05 07:34:00"}
{"level":"info","message":"Created client session 46132a887e59c870efe04bef","timestamp":"2026-07-05 07:34:00"}
{"level":"info","message":"Created client session 8759ca38f2c88b10e574b0c8","timestamp":"2026-07-05 07:34:01"}
{"level":"info","message":"Created client session c8b535f17edc225995859908","timestamp":"2026-07-05 07:34:02"}
{"level":"info","message":"Created client session 3224e2924e86db1bed88b7cb","timestamp":"2026-07-05 07:34:03"}
{"level":"info","message":"Created client session ac0156303a991590e319bb79","timestamp":"2026-07-05 07:34:17"}
{"level":"info","message":"Created client session 8f4156fcc4cdc1e8951d2872","timestamp":"2026-07-05 07:34:24"}
{"level":"info","message":"Created client session 196d4238c041db5fa9ddf51f","timestamp":"2026-07-05 07:34:25"}
{"level":"info","message":"Created client session 89967874ea9f311a0430ada0","timestamp":"2026-07-05 07:34:25"}
{"level":"info","message":"Created client session 39b48b1e88035ad92e0441b4","timestamp":"2026-07-05 07:34:25"}
{"level":"info","message":"Created client session 9c83eeb555898503e6715014","timestamp":"2026-07-05 07:34:26"}
{"level":"info","message":"Created client session ba7cf2524e1c2e30ee172985","timestamp":"2026-07-05 07:34:37"}
{"level":"info","message":"Created client session 1084a852280e000537d568bf","timestamp":"2026-07-05 07:34:41"}
{"level":"info","message":"Created client session 896e4395eea002f9609fabc8","timestamp":"2026-07-05 07:34:42"}
{"level":"info","message":"Created client session 7ada3e50cb4991390ef93f1d","timestamp":"2026-07-05 07:34:42"}
{"level":"info","message":"Created client session 8c5bd1a7d0bca37fe93e54b7","timestamp":"2026-07-05 07:34:45"}
{"level":"info","message":"Created client session 5ef9c7ffe36896c5e99f2866","timestamp":"2026-07-05 07:34:45"}
{"level":"info","message":"Created client session 9e610c3726f252b46c80508e","timestamp":"2026-07-05 07:34:49"}
{"level":"info","message":"Created client session b11e1387128f8e40e4279b94","timestamp":"2026-07-05 07:34:50"}
{"level":"info","message":"Created client session 1aab251ef6b7a3298082c353","timestamp":"2026-07-05 07:34:50"}
{"level":"info","message":"Created client session 092880b3e254be310dd1f6c8","timestamp":"2026-07-05 07:34:50"}
{"level":"info","message":"Created client session 893aa0cef5653421a75d1833","timestamp":"2026-07-05 07:35:01"}
{"level":"info","message":"Created client session 23bf3bf65e7bd2472d63e3d0","timestamp":"2026-07-05 07:35:16"}
{"level":"info","message":"Created client session 6cb4e83747719bc1033bc48f","timestamp":"2026-07-05 07:35:16"}
{"level":"info","message":"Created client session 8d73b35fe46226fd1e9c4412","timestamp":"2026-07-05 07:35:18"}
{"level":"info","message":"Created client session f8c4ea46f150809a50bb443a","timestamp":"2026-07-05 07:35:20"}
{"level":"info","message":"Created client session 9e3bfdf9cc73d21ac5fd28f4","timestamp":"2026-07-05 07:35:21"}
{"level":"info","message":"Created client session af2c919ba4c096d8f9bf1fba","timestamp":"2026-07-05 07:35:27"}
{"level":"info","message":"Created client session b633a5523f0346cbc0da4785","timestamp":"2026-07-05 07:35:33"}
{"level":"info","message":"Created client session 7aa1f9af301e3724094ced82","timestamp":"2026-07-05 07:35:35"}
{"level":"info","message":"Created client session 867c32218d7562684bdc8f87","timestamp":"2026-07-05 07:35:38"}
{"level":"info","message":"Created client session db1f210b472c38b557966870","timestamp":"2026-07-05 07:35:40"}
{"level":"info","message":"Created client session 862cabb5e086c8027ccbb149","timestamp":"2026-07-05 07:35:47"}
{"level":"info","message":"Created client session 8fd95dbeec4c10e581357c99","timestamp":"2026-07-05 07:35:48"}
{"level":"info","message":"Created client session b1e29976bc03f76c03f63c8c","timestamp":"2026-07-05 07:35:50"}
{"level":"info","message":"Created client session 0ea70dbf64d4a382e48d5f31","timestamp":"2026-07-05 07:35:54"}
{"level":"info","message":"Created client session 25dd642ed0d6b32b052ed5e9","timestamp":"2026-07-05 07:35:59"}
{"level":"info","message":"Created client session ee59781cfc6a90ffe904bd5b","timestamp":"2026-07-05 07:35:59"}
{"level":"info","message":"Created client session ce64529b84f3f335997d544d","timestamp":"2026-07-05 07:36:01"}
{"level":"info","message":"Created client session 1c9303afb3ab6ccbb2b0d257","timestamp":"2026-07-05 07:36:03"}
{"level":"info","message":"Created client session a267155a723a100b89d1c134","timestamp":"2026-07-05 07:36:03"}
{"level":"info","message":"Created client session 56ed590b064f98c662aca4e8","timestamp":"2026-07-05 07:36:03"}
{"level":"info","message":"Created client session 76f2e45ec06bed782f8a0913","timestamp":"2026-07-05 07:36:09"}
{"level":"info","message":"Created client session 0141623b4cd70da722b9c4c4","timestamp":"2026-07-05 07:36:16"}
{"level":"info","message":"Created client session a518e800158a33cc25265859","timestamp":"2026-07-05 07:36:31"}
{"level":"info","message":"Created client session bb3b93faeeddfbf5214ceae0","timestamp":"2026-07-05 07:36:31"}
{"level":"info","message":"Created client session 2401f18bc62085331389c640","timestamp":"2026-07-05 07:36:36"}
{"level":"info","message":"Created client session c32833577c4534710c2ac784","timestamp":"2026-07-05 07:36:42"}
{"level":"info","message":"Created client session a8c125166c60fa98141a5938","timestamp":"2026-07-05 07:36:52"}
{"level":"info","message":"Created client session c536110c158fb2f1d33235bc","timestamp":"2026-07-05 07:36:58"}
{"level":"info","message":"Created client session 2201bb0b3c83b4a520951b16","timestamp":"2026-07-05 07:36:59"}
{"level":"info","message":"Created client session f329777ae739960cf1b9bc42","timestamp":"2026-07-05 07:37:23"}
{"level":"info","message":"Created client session 773055c9aee8ee6019ef3092","timestamp":"2026-07-05 07:37:30"}
{"level":"info","message":"Created client session 38d5adbd9d1fadf3dc234c72","timestamp":"2026-07-05 07:37:32"}
{"level":"info","message":"Created client session badffb5fc9246297703df7d9","timestamp":"2026-07-05 07:37:32"}
{"level":"info","message":"Created client session 54ce8d2fc2dfd04757db1556","timestamp":"2026-07-05 07:37:37"}
{"level":"info","message":"Created client session e1ad65d30ec704bb0b2d161d","timestamp":"2026-07-05 07:37:37"}
{"level":"info","message":"Created client session 0214bd55158ba4994ed64bda","timestamp":"2026-07-05 07:37:40"}
{"level":"info","message":"Created client session e2589139123bd560e43eb4d5","timestamp":"2026-07-05 07:37:46"}
{"level":"info","message":"Created client session 95a346317e66eaf020ebb4ef","timestamp":"2026-07-05 07:37:46"}
{"level":"info","message":"Created client session 3698b9dd12bc9b0e98eabaed","timestamp":"2026-07-05 07:37:47"}
{"level":"info","message":"Created client session 4cc9b46a7e9683608861e1bb","timestamp":"2026-07-05 07:37:58"}
{"level":"info","message":"Created client session 8f1d4816b796c7225d34a071","timestamp":"2026-07-05 07:38:02"}
{"level":"info","message":"Created client session 22fb007267af5593b88f81b8","timestamp":"2026-07-05 07:38:22"}
{"level":"info","message":"Created client session 66b368b7621e2ab10dcd1bb3","timestamp":"2026-07-05 07:38:29"}
{"level":"info","message":"Created client session c56288319a6ee49b542253b4","timestamp":"2026-07-05 07:38:36"}
{"level":"info","message":"Created client session 881827aa0a2becc8902315e2","timestamp":"2026-07-05 07:38:41"}
{"level":"info","message":"Created client session 34fae7418a103520b731ef84","timestamp":"2026-07-05 07:38:41"}
{"level":"info","message":"Created client session 9cc044f42718a13e5ba54f4f","timestamp":"2026-07-05 07:38:43"}
{"level":"info","message":"Created client session 5c73d2859f76a24ae1a819b3","timestamp":"2026-07-05 07:38:43"}
{"level":"info","message":"Created client session 8c9d26565764b120e1209cee","timestamp":"2026-07-05 07:38:45"}
{"level":"info","message":"Created client session 5830d606b5b2fb4622576db2","timestamp":"2026-07-05 07:38:49"}
{"level":"info","message":"Created client session 02ca53f4dd774e017bb4894d","timestamp":"2026-07-05 07:38:49"}
{"level":"info","message":"Created client session 243f3299955ee99c9293cf53","timestamp":"2026-07-05 07:38:50"}
{"level":"info","message":"Created client session ef6fd9d1b4406184b7443148","timestamp":"2026-07-05 07:38:51"}
{"level":"info","message":"Created client session cad0b9bc9401438940f32410","timestamp":"2026-07-05 07:39:02"}
{"level":"info","message":"Created client session 50af7b6d7cead2563277ed7a","timestamp":"2026-07-05 07:39:06"}
{"level":"info","message":"Created client session 0ae6277ef82ed84b6ded107d","timestamp":"2026-07-05 07:39:06"}
{"level":"info","message":"Created client session 7688b5dda1270aaebc9579f9","timestamp":"2026-07-05 07:39:14"}
{"level":"info","message":"Created client session fca2f087602254df6bcf0f68","timestamp":"2026-07-05 07:39:21"}
{"level":"info","message":"Created client session 798f98560f621b1bc82e74eb","timestamp":"2026-07-05 07:39:23"}
{"level":"info","message":"Created client session 04cbc273935a3156c0f6b68e","timestamp":"2026-07-05 07:39:33"}
{"level":"info","message":"Created client session bebeb23098bcf1ea5d3355b7","timestamp":"2026-07-05 07:39:36"}
{"level":"info","message":"Created client session eaaa3aab8e9b13266eb90ec1","timestamp":"2026-07-05 07:39:40"}
{"level":"info","message":"Created client session 42c971b371a8e03ad89b9a70","timestamp":"2026-07-05 07:39:49"}
{"level":"info","message":"Created client session 3b2af8e657e4c26f42884b6a","timestamp":"2026-07-05 07:39:58"}
{"level":"info","message":"Created client session 5c28ff4ee2521519ec3922b3","timestamp":"2026-07-05 07:40:11"}
{"level":"info","message":"Created client session 6a609c2a5ca1dc9c9ad2a703","timestamp":"2026-07-05 07:40:12"}
{"level":"info","message":"Created client session d3b79eb547c0cf9893d73a2f","timestamp":"2026-07-05 07:40:22"}
{"level":"info","message":"Created client session b3cd3c95ebfb6dabd405e884","timestamp":"2026-07-05 07:40:22"}
{"level":"info","message":"Created client session 671503d3960326ac66712151","timestamp":"2026-07-05 07:40:43"}
{"level":"info","message":"Created client session f4b4add2cc9556e1f26579ca","timestamp":"2026-07-05 07:40:46"}
{"level":"info","message":"Created client session ac392e4ef400bff4e6f7a5d4","timestamp":"2026-07-05 07:40:49"}
{"level":"info","message":"Created client session 56547d5eb2ab69b3fdea388d","timestamp":"2026-07-05 07:40:50"}
{"level":"info","message":"Created client session c17008531fa58b008af43cc2","timestamp":"2026-07-05 07:41:00"}
{"level":"info","message":"Created client session 6e71aa4d8df4541352b9cfa1","timestamp":"2026-07-05 07:41:10"}
{"level":"info","message":"Created client session 655e5924a50730cd30101d7a","timestamp":"2026-07-05 07:41:16"}
{"level":"info","message":"Created client session 3ccb44b0a91ca882db3a7c8e","timestamp":"2026-07-05 07:41:27"}
{"level":"info","message":"Created client session 9afcb3f6a1a03fe6dbaee320","timestamp":"2026-07-05 07:41:30"}
{"level":"info","message":"Created client session f7abf5d78192b1ea81d70fec","timestamp":"2026-07-05 07:41:50"}
{"level":"info","message":"Created client session 3086d8a0ffca308a0283518d","timestamp":"2026-07-05 07:41:55"}
{"level":"info","message":"Created client session aaa5320bf2230bc3ff52bfa6","timestamp":"2026-07-05 07:42:06"}
{"level":"info","message":"Created client session 32dc23c1d57eb1b009e009e0","timestamp":"2026-07-05 07:42:06"}
{"level":"info","message":"Created client session 11599085f1dd535fb6982a72","timestamp":"2026-07-05 07:42:15"}
{"level":"info","message":"Created client session 8f48f5a35b7bb4ae6ce67101","timestamp":"2026-07-05 07:42:17"}
{"level":"info","message":"Created client session 33cffe8634191ba5a73b46df","timestamp":"2026-07-05 07:42:19"}
{"level":"info","message":"Created client session 94420060a2bc7fab97e096d8","timestamp":"2026-07-05 07:42:27"}
{"level":"info","message":"Created client session 7cbccfc8d805a5a063afb07c","timestamp":"2026-07-05 07:42:33"}
{"level":"info","message":"Created client session ffb1819e3f7daf4a68e5e01e","timestamp":"2026-07-05 07:42:33"}
{"level":"info","message":"Created client session b6124f1c510389ac5701d670","timestamp":"2026-07-05 07:42:33"}
{"level":"info","message":"Created client session 34232a486449ee7158ada5f8","timestamp":"2026-07-05 07:42:37"}
{"level":"info","message":"Created client session 1adc04a999e1dc774f6ec554","timestamp":"2026-07-05 07:42:38"}
{"level":"info","message":"Created client session 190e1299f23d67dbe83c28ed","timestamp":"2026-07-05 07:42:47"}
{"level":"info","message":"Created client session 726300594bc01c926e2d0a65","timestamp":"2026-07-05 07:43:05"}
{"level":"info","message":"Created client session 1fcf36efd98efa94b50d3654","timestamp":"2026-07-05 07:43:07"}
{"level":"info","message":"Created client session 969abe1a01583f7aa1870974","timestamp":"2026-07-05 07:43:16"}
{"level":"info","message":"Created client session 2a4e39ccac6f7f3c74691dc2","timestamp":"2026-07-05 07:43:22"}
{"level":"info","message":"Created client session 961d2b20f4250c79c05adb81","timestamp":"2026-07-05 07:43:25"}
{"level":"info","message":"Created client session 14037ac15be7b0b1cda08264","timestamp":"2026-07-05 07:43:35"}
{"level":"info","message":"Created client session 73e038e5d59590b0553c6996","timestamp":"2026-07-05 07:43:36"}
{"level":"info","message":"Created client session 35e0ae3d9858462abc0b8b1d","timestamp":"2026-07-05 07:43:36"}
{"level":"info","message":"Created client session b1f3e96262dacb59403619a4","timestamp":"2026-07-05 07:43:50"}
{"level":"info","message":"Created client session 42969252081484b8da5f006e","timestamp":"2026-07-05 07:43:51"}
{"level":"info","message":"Created client session 1b61093bdafe4761d244efbb","timestamp":"2026-07-05 07:43:54"}
{"level":"info","message":"Created client session 0f411db228b09c22b22890e2","timestamp":"2026-07-05 07:43:55"}
{"level":"info","message":"Created client session e00b4ce7250d2d0b85b9b403","timestamp":"2026-07-05 07:43:55"}
{"level":"info","message":"Created client session caa0e61e38774489fe3d2ed2","timestamp":"2026-07-05 07:44:05"}
{"level":"info","message":"Created client session ab30b19451f9b1153e4951b3","timestamp":"2026-07-05 07:44:14"}
{"level":"info","message":"Created client session 0aed5442d253a7f0e6c2805a","timestamp":"2026-07-05 07:44:15"}
{"level":"info","message":"Created client session e03c23862c005eb7e1035d80","timestamp":"2026-07-05 07:44:29"}
{"level":"info","message":"Created client session c58b0f6b2770496494b130fb","timestamp":"2026-07-05 07:44:29"}
{"level":"info","message":"Created client session 0cd9eed95687aea1eae64473","timestamp":"2026-07-05 07:44:36"}
{"level":"info","message":"Created client session 35458f924852e1f9fa391b82","timestamp":"2026-07-05 07:44:36"}
{"level":"info","message":"Created client session 228ab01be9ce7331b800127e","timestamp":"2026-07-05 07:44:37"}
{"level":"info","message":"Created client session 8408d7853ca488dfe4e7914b","timestamp":"2026-07-05 07:44:37"}
{"level":"info","message":"Created client session bb3f6529d119e84dbb5ba3fd","timestamp":"2026-07-05 07:44:37"}
{"level":"info","message":"Created client session af40b03fc3e422bc38a890e2","timestamp":"2026-07-05 07:44:43"}
{"level":"info","message":"Created client session cf75b796e24da9251a74936b","timestamp":"2026-07-05 07:44:44"}
{"level":"info","message":"Created client session 81cb880c01bec978cca5a57f","timestamp":"2026-07-05 07:44:45"}
{"level":"info","message":"Created client session 6f6369a188692f66521d8497","timestamp":"2026-07-05 07:44:57"}
{"level":"info","message":"Created client session 1b145880691606981b1aba6b","timestamp":"2026-07-05 07:44:58"}
{"level":"info","message":"Created client session 08e430202c47d56341cbd192","timestamp":"2026-07-05 07:45:09"}
{"level":"info","message":"Created client session 25e2d584e2cfd5bd31bfc096","timestamp":"2026-07-05 07:45:15"}
{"level":"info","message":"Created client session 788ee55cf9927c1a3cb30c95","timestamp":"2026-07-05 07:45:17"}
{"level":"info","message":"Created client session 65416351656e4c03522c208f","timestamp":"2026-07-05 07:45:25"}
{"level":"info","message":"Created client session f1f920a175389b8acfdd6b83","timestamp":"2026-07-05 07:45:26"}
{"level":"info","message":"Created client session 403f647e6d8551883409f283","timestamp":"2026-07-05 07:45:30"}
{"level":"info","message":"Created client session 90590b3abb0dfe77cc1d667c","timestamp":"2026-07-05 07:45:30"}
{"level":"info","message":"Created client session 79ef33a11b0dd0999e5040c3","timestamp":"2026-07-05 07:45:40"}
{"level":"info","message":"Created client session e6caf964dfec2c5f705ba2a8","timestamp":"2026-07-05 07:45:40"}
{"level":"info","message":"Created client session c9e5c18935ff4b4d2ca44dce","timestamp":"2026-07-05 07:45:41"}
{"level":"info","message":"Created client session dfafce1e40091232d033fb14","timestamp":"2026-07-05 07:45:42"}
{"level":"info","message":"Created client session 5470a804b4d117198fe4f97f","timestamp":"2026-07-05 07:45:46"}
{"level":"info","message":"Created client session 966eacaa186e4e4b43591698","timestamp":"2026-07-05 07:45:55"}
{"level":"info","message":"Created client session fb503bd4e9cf6fbf14cfff8a","timestamp":"2026-07-05 07:46:14"}
{"level":"info","message":"Created client session 78a7c87e87e93fe113d72169","timestamp":"2026-07-05 07:46:14"}
{"level":"info","message":"Created client session 9f856e18edec643e4f0b562d","timestamp":"2026-07-05 07:46:17"}
{"level":"info","message":"Created client session 1bd95458a8fe3deed421fea0","timestamp":"2026-07-05 07:46:26"}
{"level":"info","message":"Created client session 7218483bb91c4c68c37ea1bd","timestamp":"2026-07-05 07:46:26"}
{"level":"info","message":"Created client session eca0d7b3c7bfc38c114429ac","timestamp":"2026-07-05 07:46:26"}
{"level":"info","message":"Created client session c355c592b5e43035f74c31e1","timestamp":"2026-07-05 07:46:26"}
{"level":"info","message":"Created client session aa693797bf14ec076b717beb","timestamp":"2026-07-05 07:46:30"}
{"level":"info","message":"Created client session 3345656c52acc717c9b058d8","timestamp":"2026-07-05 07:46:33"}
{"level":"info","message":"Created client session 4148883c5e71aa2f6f3e0e94","timestamp":"2026-07-05 07:46:36"}
{"level":"info","message":"Created client session f69c67ad18c8417a4007f650","timestamp":"2026-07-05 07:46:50"}
{"level":"info","message":"Created client session bfdfd887dd205197ee91405c","timestamp":"2026-07-05 07:46:50"}
{"level":"info","message":"Created client session e346f9aa26310ef19f54f7c4","timestamp":"2026-07-05 07:46:52"}
{"level":"info","message":"Created client session 7809db8632103ff92c1dee16","timestamp":"2026-07-05 07:47:01"}
{"level":"info","message":"Created client session 5b4ec1d0fd2bc1623847cc55","timestamp":"2026-07-05 07:47:01"}
{"level":"info","message":"Created client session 0f5b0a5a09f781800e34fc23","timestamp":"2026-07-05 07:47:03"}
{"level":"info","message":"Created client session c689721bb77416bbb59b6049","timestamp":"2026-07-05 07:47:08"}
{"level":"info","message":"Created client session ccec1aa3dee1c7b8be7c1471","timestamp":"2026-07-05 07:47:11"}
{"level":"info","message":"Created client session 130d57ecc055a27560fd4c68","timestamp":"2026-07-05 07:47:17"}
{"level":"info","message":"Created client session 2787f06ba1fb8c47c9f71af2","timestamp":"2026-07-05 07:47:18"}
{"level":"info","message":"Created client session 9a0b9f00b8c598c9e463ea67","timestamp":"2026-07-05 07:47:20"}
{"level":"info","message":"Created client session 777ad1d17cde00a355cffc60","timestamp":"2026-07-05 07:47:26"}
{"level":"info","message":"Created client session 752b23c5cd9a6ab744053a2b","timestamp":"2026-07-05 07:47:34"}
{"level":"info","message":"Created client session 168e2e8cad6c069bdbcde9f9","timestamp":"2026-07-05 07:47:38"}
{"level":"info","message":"Created client session 2cded0752f7a42f48a40fa27","timestamp":"2026-07-05 07:47:41"}
{"level":"info","message":"Created client session ec46aa228777007558acb6c1","timestamp":"2026-07-05 07:47:52"}
{"level":"info","message":"Created client session af370fda2d2b2b07f838f432","timestamp":"2026-07-05 07:47:58"}
{"level":"info","message":"Created client session 18defab42d7a146283045056","timestamp":"2026-07-05 07:48:04"}
{"level":"info","message":"Created client session e8430a94fcdc1ff995418253","timestamp":"2026-07-05 07:48:16"}
{"level":"info","message":"Created client session 3f86e727208dc26ff32c8213","timestamp":"2026-07-05 07:48:31"}
{"level":"info","message":"Created client session 0f5bca300e94418b9481a0ac","timestamp":"2026-07-05 07:48:31"}
{"level":"info","message":"Created client session 5e4774b1dc7ec16c143ed2a1","timestamp":"2026-07-05 07:48:41"}
{"level":"info","message":"Created client session f5e91cecddd830891083ff7a","timestamp":"2026-07-05 07:48:43"}
{"level":"info","message":"Created client session 46ee41f53c9d2894d4d70989","timestamp":"2026-07-05 07:48:44"}
{"level":"info","message":"Created client session d4de5b885c61d13d586c908e","timestamp":"2026-07-05 07:48:54"}
{"level":"info","message":"Created client session 324637f907e2a38dd2ad2f36","timestamp":"2026-07-05 07:49:09"}
{"level":"info","message":"Created client session 766d441a78c78ff2fe60bb6a","timestamp":"2026-07-05 07:49:11"}
{"level":"info","message":"Created client session aef7805ea375df1ee50b560d","timestamp":"2026-07-05 07:49:11"}
{"level":"info","message":"Created client session f14451ba8aacdc2b9368b9b7","timestamp":"2026-07-05 07:49:12"}
{"level":"info","message":"Created client session 31875efad57560678cf00377","timestamp":"2026-07-05 07:49:12"}
{"level":"info","message":"Created client session 63db0dd627befa4c6b6a1aff","timestamp":"2026-07-05 07:49:13"}
{"level":"info","message":"Created client session 83997b3bea67d4a156eb48fc","timestamp":"2026-07-05 07:49:15"}
{"level":"info","message":"Created client session c9718c50df9b765c53ecc246","timestamp":"2026-07-05 07:49:16"}
{"level":"info","message":"Created client session 87eec62fadee0e9381cbd7ab","timestamp":"2026-07-05 07:49:22"}
{"level":"info","message":"Created client session 98146701edb8cc115082e35a","timestamp":"2026-07-05 07:49:22"}
{"level":"info","message":"Created client session d3f795515b4082a622a3ceaf","timestamp":"2026-07-05 07:49:28"}
{"level":"info","message":"Created client session 74c147d0af6ceca25a3c7f24","timestamp":"2026-07-05 07:49:29"}
{"level":"info","message":"Created client session 172d9600a3a51499cdf14d25","timestamp":"2026-07-05 07:49:36"}
{"level":"info","message":"Created client session 0136d4074951f408991a5e23","timestamp":"2026-07-05 07:49:37"}
{"level":"info","message":"Created client session d929c0f0a630d47f01fff073","timestamp":"2026-07-05 07:49:37"}
{"level":"info","message":"Created client session 0f05cb0d8a9424d7888f2a93","timestamp":"2026-07-05 07:49:37"}
{"level":"info","message":"Created client session 2558d15372e14236aa71ec29","timestamp":"2026-07-05 07:49:38"}
{"level":"info","message":"Created client session b2f5cba07ed4b380f2487c3b","timestamp":"2026-07-05 07:49:38"}
{"level":"info","message":"Created client session d45cb5f720930bd266f740cc","timestamp":"2026-07-05 07:49:38"}
{"level":"info","message":"Created client session 8b7a4f287f3751a26cda84d5","timestamp":"2026-07-05 07:49:38"}
{"level":"info","message":"Created client session c97dd77cacc34f59cc96cfde","timestamp":"2026-07-05 07:49:45"}
{"level":"info","message":"Created client session 36f92275036f58ce23df7cd8","timestamp":"2026-07-05 07:49:49"}
{"level":"info","message":"Created client session 66f1cc922a87b6f9a037bec1","timestamp":"2026-07-05 07:50:00"}
{"level":"info","message":"Created client session 75d19e21e85602731784c146","timestamp":"2026-07-05 07:50:03"}
{"level":"info","message":"Created client session b1fdf7a151572b46a08a4851","timestamp":"2026-07-05 07:50:05"}
{"level":"info","message":"Created client session 2b29ec97b7868a58048f439d","timestamp":"2026-07-05 07:50:11"}
{"level":"info","message":"Created client session 3e3be54d5be341f875b624c2","timestamp":"2026-07-05 07:50:16"}
{"level":"info","message":"Created client session 8998ddef91213b6de32cfdf9","timestamp":"2026-07-05 07:50:23"}
{"level":"info","message":"Created client session 75d3b05e6ed13a0ac84c60a9","timestamp":"2026-07-05 07:50:23"}
{"level":"info","message":"Created client session 158f5e754fec71849e9c0ea5","timestamp":"2026-07-05 07:50:35"}
{"level":"info","message":"Created client session 57dba7fa62b6dcf135a075ff","timestamp":"2026-07-05 07:50:37"}
{"level":"info","message":"Created client session e12bab5e3c2aaa8804956035","timestamp":"2026-07-05 07:50:50"}
{"level":"info","message":"Created client session b84af71bd23a1c41207d8dc9","timestamp":"2026-07-05 07:50:52"}
{"level":"info","message":"Created client session 002ec7bd05cc6f8de55c689d","timestamp":"2026-07-05 07:50:52"}
{"level":"info","message":"Created client session 46823ecbb8abd82f392d8627","timestamp":"2026-07-05 07:50:53"}
{"level":"info","message":"Created client session 5570d14a4fa75a56569cbf2b","timestamp":"2026-07-05 07:50:54"}
{"level":"info","message":"Created client session ff40d7e36701fdf1aacf385e","timestamp":"2026-07-05 07:50:54"}
{"level":"info","message":"Created client session b87a39c48fa56d5e49527bbd","timestamp":"2026-07-05 07:51:03"}
{"level":"info","message":"Created client session 8dba9c7c7596b3577d52b9f9","timestamp":"2026-07-05 07:51:03"}
{"level":"info","message":"Created client session 847d84c7eeae13d2661e44fc","timestamp":"2026-07-05 07:51:05"}
{"level":"info","message":"Created client session 144c0c66536210c7b5532f98","timestamp":"2026-07-05 07:51:08"}
{"level":"info","message":"Created client session e4ea15ff5cfd8914a4cb6941","timestamp":"2026-07-05 07:51:21"}
{"level":"info","message":"Created client session 829e50341c1ed6fca00741ee","timestamp":"2026-07-05 07:51:22"}
{"level":"info","message":"Created client session 3b48740a1add7285e584395d","timestamp":"2026-07-05 07:51:25"}
{"level":"info","message":"Created client session 5978d51d9d91c410edef8836","timestamp":"2026-07-05 07:51:27"}
{"level":"info","message":"Created client session 3f6f90cbac1c9010b92e60b6","timestamp":"2026-07-05 07:51:35"}
{"level":"info","message":"Created client session d5ac7ea729ef2b4547fbb600","timestamp":"2026-07-05 07:51:35"}
{"level":"info","message":"Created client session aa5affce58c59fc46e4a43fb","timestamp":"2026-07-05 07:51:41"}
{"level":"info","message":"Created client session 0e9a4bef111c4c556a8e19a8","timestamp":"2026-07-05 07:51:48"}
{"level":"info","message":"Created client session 7313552a7853b621aef6fa78","timestamp":"2026-07-05 07:51:48"}
{"level":"info","message":"Created client session c47405bd70d9f9bda2697d58","timestamp":"2026-07-05 07:51:48"}
{"level":"info","message":"Created client session 5a778932dc9c8188c3163026","timestamp":"2026-07-05 07:51:49"}
{"level":"info","message":"Created client session 1f89435ef0c28d76f157da47","timestamp":"2026-07-05 07:51:49"}
{"level":"info","message":"Created client session c7e3dac960a0dfcfbd03af61","timestamp":"2026-07-05 07:51:58"}
{"level":"info","message":"Created client session 6845ce7fa47cf2da7a34a20f","timestamp":"2026-07-05 07:51:58"}
{"level":"info","message":"Created client session 39b5b711da92a4785e2fc235","timestamp":"2026-07-05 07:52:08"}
{"level":"info","message":"Created client session bbadc96d55c4f963d2807e3d","timestamp":"2026-07-05 07:52:11"}
{"level":"info","message":"Created client session 3ac70b2a79670b5efa2777b5","timestamp":"2026-07-05 07:52:18"}
{"level":"info","message":"Created client session 129894ca46becb549f014ae4","timestamp":"2026-07-05 07:52:22"}
{"level":"info","message":"Created client session f03b136e5572f460a5500afd","timestamp":"2026-07-05 07:52:26"}
{"level":"info","message":"Created client session 51c8b53814869300a274ef8c","timestamp":"2026-07-05 07:52:30"}
{"level":"info","message":"Created client session 758a1abad845417c91c734d0","timestamp":"2026-07-05 07:52:40"}
{"level":"info","message":"Created client session 8601b2530cdcdabce3cdd0bd","timestamp":"2026-07-05 07:52:47"}
{"level":"info","message":"Created client session 09bfca57d828dadcb5e22a66","timestamp":"2026-07-05 07:52:48"}
{"level":"info","message":"Created client session 41c9ffa868c0c46ff713dd7a","timestamp":"2026-07-05 07:53:12"}
{"level":"info","message":"Created client session b38f348a134ea1531b08f9c0","timestamp":"2026-07-05 07:53:18"}
{"level":"info","message":"Created client session ded08e5b0ac0ac3dbe67d232","timestamp":"2026-07-05 07:53:19"}
{"level":"info","message":"Created client session 28129871d19e14980d676e8c","timestamp":"2026-07-05 07:53:19"}
{"level":"info","message":"Created client session 6518daa57770955a05b87787","timestamp":"2026-07-05 07:53:24"}
{"level":"info","message":"Created client session 043eafaeb3ae4509a7adc786","timestamp":"2026-07-05 07:53:34"}
{"level":"info","message":"Created client session f2d625eb132f5ccf273865e2","timestamp":"2026-07-05 07:53:47"}
{"level":"info","message":"Created client session ebc94d51db2e2d92486abed3","timestamp":"2026-07-05 07:53:49"}
{"level":"info","message":"Created client session d2988795bf2efecfc7bb4ffb","timestamp":"2026-07-05 07:53:55"}
{"level":"info","message":"Created client session b33f3d2f2bdda0687b08adfe","timestamp":"2026-07-05 07:54:03"}
{"level":"info","message":"Created client session 61513da4d39309285624afd4","timestamp":"2026-07-05 07:54:08"}
{"level":"info","message":"Created client session 2443c6a3c499ba779648546b","timestamp":"2026-07-05 07:54:09"}
{"level":"info","message":"Created client session 991f46e17d0d7ed4bc182be1","timestamp":"2026-07-05 07:54:12"}
{"level":"info","message":"Created client session 458b1963b68c0a3c45c1b2f1","timestamp":"2026-07-05 07:54:15"}
{"level":"info","message":"Created client session 77360bc5522a9e8fe6a0e11a","timestamp":"2026-07-05 07:54:20"}
{"level":"info","message":"Created client session 1cbe4ce685b3ad0531d99d8c","timestamp":"2026-07-05 07:54:22"}
{"level":"info","message":"Created client session 72eb3c9eb0b0f72b0ec69587","timestamp":"2026-07-05 07:54:36"}
{"level":"info","message":"Created client session 03e7fb428d72df525212299c","timestamp":"2026-07-05 07:54:38"}
{"level":"info","message":"Created client session 7b295d77669adf23c1817a3a","timestamp":"2026-07-05 07:54:40"}
{"level":"info","message":"Created client session e37420f879491dc12b858755","timestamp":"2026-07-05 07:54:47"}
{"level":"info","message":"Created client session 0333325b7523a356ba14038b","timestamp":"2026-07-05 07:54:50"}
{"level":"info","message":"Created client session fb333571e9f9cb468ec5f524","timestamp":"2026-07-05 07:54:51"}
{"level":"info","message":"Created client session e0de4a329c91a3d20f5e64bf","timestamp":"2026-07-05 07:55:01"}
{"level":"info","message":"Created client session c2403a2bf74dd263711fdfed","timestamp":"2026-07-05 07:55:04"}
{"level":"info","message":"Created client session 7a2b84d19662db38511e28f1","timestamp":"2026-07-05 07:55:09"}
{"level":"info","message":"Created client session 1414059ae611f25ededf5f94","timestamp":"2026-07-05 07:55:12"}
{"level":"info","message":"Created client session aceb916b35652d152b4fa4c8","timestamp":"2026-07-05 07:55:18"}
{"level":"info","message":"Created client session 3d2eafc6cfb7cc62e11326ea","timestamp":"2026-07-05 07:55:18"}
{"level":"info","message":"Created client session fb72430b3b73f8c18b206c0d","timestamp":"2026-07-05 07:55:24"}
{"level":"info","message":"Created client session 48cfe6bdc1d50a325765c985","timestamp":"2026-07-05 07:55:25"}
{"level":"info","message":"Created client session d57256cd10091f144236d46b","timestamp":"2026-07-05 07:55:34"}
{"level":"info","message":"Created client session 65e5443710b28779613f94ee","timestamp":"2026-07-05 07:55:34"}
{"level":"info","message":"Created client session 142884ffb4ec518fa8434c15","timestamp":"2026-07-05 07:55:38"}
{"level":"info","message":"Created client session 696d3162a031d7384bfbea76","timestamp":"2026-07-05 07:55:51"}
{"level":"info","message":"Created client session 09d768e4d9f07fb7dfadae91","timestamp":"2026-07-05 07:55:55"}
{"level":"info","message":"Created client session efa8cdaeb3685d85cd5abca9","timestamp":"2026-07-05 07:55:55"}
{"level":"info","message":"Created client session 4fab979f1c2279cab9d9f7ce","timestamp":"2026-07-05 07:56:04"}
{"level":"info","message":"Created client session 20ccd0ac341325c487dc5d2d","timestamp":"2026-07-05 07:56:08"}
{"level":"info","message":"Created client session d75586a6c4de340c42c7f910","timestamp":"2026-07-05 07:56:08"}
{"level":"info","message":"Created client session 20255eb77dfa6479026d02c9","timestamp":"2026-07-05 07:56:12"}
{"level":"info","message":"Created client session 743d7f2c5ac0e458f0d6a576","timestamp":"2026-07-05 07:56:13"}
{"level":"info","message":"Created client session af9beb04fa282f56a42b356b","timestamp":"2026-07-05 07:56:13"}
{"level":"info","message":"Created client session 0e5a7ed25bc003a848a1f67e","timestamp":"2026-07-05 07:56:16"}
{"level":"info","message":"Created client session 972c083fcb7df678cc743f49","timestamp":"2026-07-05 07:56:33"}
{"level":"info","message":"Created client session b2d3035714d1f4e725cebeeb","timestamp":"2026-07-05 07:56:42"}
{"level":"info","message":"Created client session e6be3b037e8530531029b9ca","timestamp":"2026-07-05 07:56:44"}
{"level":"info","message":"Created client session f9ec26ae1c8a966f4304d132","timestamp":"2026-07-05 07:56:45"}
{"level":"info","message":"Created client session 51bfee9e6b9a5da2f423a910","timestamp":"2026-07-05 07:56:59"}
{"level":"info","message":"Created client session da5cfcfc973107ec911fa066","timestamp":"2026-07-05 07:57:03"}
{"level":"info","message":"Created client session 192ecfbbef0df8b83471ee68","timestamp":"2026-07-05 07:57:05"}
{"level":"info","message":"Created client session ee19ac346872a57465f83956","timestamp":"2026-07-05 07:57:13"}
{"level":"info","message":"Created client session ddc6694b5f0032be0db46b80","timestamp":"2026-07-05 07:57:14"}
{"level":"info","message":"Created client session b5e882ef45f3e4c4d0b78856","timestamp":"2026-07-05 07:57:14"}
{"level":"info","message":"Created client session 82d19c74099c431fa5470935","timestamp":"2026-07-05 07:57:17"}
{"level":"info","message":"Created client session de44ff3ba690bdc5ef0211fb","timestamp":"2026-07-05 07:57:20"}
{"level":"info","message":"Created client session 1941328c39637afde9807b95","timestamp":"2026-07-05 07:57:31"}
{"level":"info","message":"Created client session cf59165d2fadd08984cce312","timestamp":"2026-07-05 07:57:36"}
{"level":"info","message":"Created client session b051f439c3542628c21dfd0c","timestamp":"2026-07-05 07:57:37"}
{"level":"info","message":"Created client session 59bba5d27ca68c5f42c1ce95","timestamp":"2026-07-05 07:57:37"}
{"level":"info","message":"Created client session d55c3cd7295172cf3a7fd508","timestamp":"2026-07-05 07:58:04"}
{"level":"info","message":"Created client session a352851f9d3220a611a36117","timestamp":"2026-07-05 07:58:11"}
{"level":"info","message":"Created client session 2c42a85751fd1eab5329adc6","timestamp":"2026-07-05 07:58:12"}
{"level":"info","message":"Created client session 29afc296e277ddeb5819442d","timestamp":"2026-07-05 07:58:26"}
{"level":"info","message":"Created client session 7880a71a47aad14429e2c3ca","timestamp":"2026-07-05 07:58:40"}
{"level":"info","message":"Created client session 9c639246922b5a8daa479afd","timestamp":"2026-07-05 07:58:49"}
{"level":"info","message":"Created client session 81ce654788cffa65d8a979c7","timestamp":"2026-07-05 07:58:49"}
{"level":"info","message":"Created client session c998b6888805718f6130e748","timestamp":"2026-07-05 07:58:50"}
{"level":"info","message":"Created client session deb49b4c93c4f989fdb5fffa","timestamp":"2026-07-05 07:58:59"}
{"level":"info","message":"Created client session 77479be61cf53b256ecdf9f6","timestamp":"2026-07-05 07:59:01"}
{"level":"info","message":"Created client session 7454e6993b27be5d7d20a4f3","timestamp":"2026-07-05 07:59:01"}
{"level":"info","message":"Created client session 9329e6d435569bedf7ca1acd","timestamp":"2026-07-05 07:59:02"}
{"level":"info","message":"Created client session 4cd77b05dedeb28b5a7f8bb5","timestamp":"2026-07-05 07:59:08"}
{"level":"info","message":"Created client session bd552df06447ddb5e9e358ae","timestamp":"2026-07-05 07:59:12"}
{"level":"info","message":"Created client session 2ebeac0377fb7b70e338955c","timestamp":"2026-07-05 07:59:16"}
{"level":"info","message":"Created client session 534fa31ed4f5f66bc3dacf1a","timestamp":"2026-07-05 07:59:27"}
{"level":"info","message":"Created client session c9765c930602a594ffe305c7","timestamp":"2026-07-05 07:59:27"}
{"level":"info","message":"Created client session ed0834347e12963392274f70","timestamp":"2026-07-05 07:59:28"}
{"level":"info","message":"Created client session 23b0ad9dd510ae195ba7def2","timestamp":"2026-07-05 07:59:28"}
{"level":"info","message":"Created client session e5c906a8241171ac75553fdf","timestamp":"2026-07-05 07:59:29"}
{"level":"info","message":"Created client session 746b5a21df7ea08cb98c5b2e","timestamp":"2026-07-05 07:59:37"}
{"level":"info","message":"Created client session 68003ccc83e980940c133ab4","timestamp":"2026-07-05 07:59:37"}
{"level":"info","message":"Created client session a108184a33494199b6be16f6","timestamp":"2026-07-05 07:59:37"}
{"level":"info","message":"Created client session d410bef8fb39267b45293851","timestamp":"2026-07-05 07:59:43"}
{"level":"info","message":"Created client session 811ff0208ebc059c30526beb","timestamp":"2026-07-05 07:59:55"}
{"level":"info","message":"Created client session 62faea9665a28781c0eb065b","timestamp":"2026-07-05 08:00:01"}
{"level":"info","message":"Created client session 5ab15570c54ce74e535719c8","timestamp":"2026-07-05 08:00:03"}
{"level":"info","message":"Created client session 6b2ba8cb558eee4cb91062e1","timestamp":"2026-07-05 08:00:16"}
{"level":"info","message":"Created client session 7b6b70d288b0ba249e04089a","timestamp":"2026-07-05 08:00:16"}
{"level":"info","message":"Created client session 8d5c69c4f8724d1a225ae911","timestamp":"2026-07-05 08:00:19"}
{"level":"info","message":"Created client session 6e72906fd4b710018b74b177","timestamp":"2026-07-05 08:00:29"}
{"level":"info","message":"Created client session 87086535d73f758fd935f180","timestamp":"2026-07-05 08:00:37"}
{"level":"info","message":"Created client session 0e905fde863671ef175329d1","timestamp":"2026-07-05 08:00:50"}
{"level":"info","message":"Created client session c6c7f1560b2e54ace8a244a9","timestamp":"2026-07-05 08:01:02"}
{"level":"info","message":"Created client session 1b617acf0a451dd7618b22d4","timestamp":"2026-07-05 08:01:07"}
{"level":"info","message":"Created client session 503181a541f908a74f5bc001","timestamp":"2026-07-05 08:01:23"}
{"level":"info","message":"Created client session be6afee0871582ec9eab157f","timestamp":"2026-07-05 08:01:24"}
{"level":"info","message":"Created client session 622547f0ec389aea58face5c","timestamp":"2026-07-05 08:01:40"}
{"level":"info","message":"Created client session 63889301117b840dda314ddd","timestamp":"2026-07-05 08:01:52"}
{"level":"info","message":"Created client session 12109481c1b7762f475a9af9","timestamp":"2026-07-05 08:01:55"}
{"level":"info","message":"Created client session a277949db8c63b116a024b6b","timestamp":"2026-07-05 08:02:07"}
{"level":"info","message":"Created client session 60f6995d12d2b2536f7c03b8","timestamp":"2026-07-05 08:02:07"}
{"level":"info","message":"Created client session 566351900266de08da84ec56","timestamp":"2026-07-05 08:02:10"}
{"level":"info","message":"Created client session 246431ecd99a931851fbe47c","timestamp":"2026-07-05 08:02:12"}
{"level":"info","message":"Created client session 1e04f77cfc93447997eb7fd6","timestamp":"2026-07-05 08:02:16"}
{"level":"info","message":"Created client session 06baeb14afcc7acbd11ff9e1","timestamp":"2026-07-05 08:02:20"}
{"level":"info","message":"Created client session a00eaa794bd74682ca2bef0f","timestamp":"2026-07-05 08:02:21"}
{"level":"info","message":"Created client session 23174a2d1b00505df55adfea","timestamp":"2026-07-05 08:02:21"}
{"level":"info","message":"Created client session fe5206a5ae328063c6756158","timestamp":"2026-07-05 08:02:23"}
{"level":"info","message":"Created client session b580a6b344625ceb1f1b9b0f","timestamp":"2026-07-05 08:02:27"}
{"level":"info","message":"Created client session 3d5f781b0e07e46cc4d62b82","timestamp":"2026-07-05 08:02:28"}
{"level":"info","message":"Created client session ddccf98f99e4bb8e1c2f459a","timestamp":"2026-07-05 08:02:30"}
{"level":"info","message":"Created client session 4644cfd1f450b016317c1ed2","timestamp":"2026-07-05 08:02:30"}
{"level":"info","message":"Created client session 34800e7f702e82c972be68ec","timestamp":"2026-07-05 08:02:31"}
{"level":"info","message":"Created client session 5537c55de6aa71a2d93fa37a","timestamp":"2026-07-05 08:02:39"}
{"level":"info","message":"Created client session f849ff2a65eceb9f90e7b09f","timestamp":"2026-07-05 08:02:39"}
{"level":"info","message":"Created client session f60e53a3fab51255da397f07","timestamp":"2026-07-05 08:02:41"}
{"level":"info","message":"Created client session 15b979bde87d2cfa2d37cbe4","timestamp":"2026-07-05 08:02:52"}
{"level":"info","message":"Created client session 3f0f20a6d84a1fdb45930c23","timestamp":"2026-07-05 08:02:54"}
{"level":"info","message":"Created client session 24f8f51a0a79c02b316dc7d2","timestamp":"2026-07-05 08:03:11"}
{"level":"info","message":"Created client session 349acd68e6241ba6dfab0c1a","timestamp":"2026-07-05 08:03:14"}
{"level":"info","message":"Created client session da773b31cb155408fc34c8b3","timestamp":"2026-07-05 08:03:14"}
{"level":"info","message":"Created client session beb8bb1de366961ec579a047","timestamp":"2026-07-05 08:03:17"}
{"level":"info","message":"Created client session ed86ecc3a6f939ea78e8b0bd","timestamp":"2026-07-05 08:03:23"}
{"level":"info","message":"Created client session 082d44f0c6b7ca98521c29ee","timestamp":"2026-07-05 08:03:29"}
{"level":"info","message":"Created client session 6215e585761b9eac3314ff12","timestamp":"2026-07-05 08:03:45"}
{"level":"info","message":"Created client session 37ec9ef2725e3c9ea9cace69","timestamp":"2026-07-05 08:04:01"}
{"level":"info","message":"Created client session 24f6fdc4cbb8b75fcfc8cc6f","timestamp":"2026-07-05 08:04:12"}
{"level":"info","message":"Created client session fedd6c8047f4839b74376f2f","timestamp":"2026-07-05 08:04:12"}
{"level":"info","message":"Created client session f8d37c34c643ad1d6062a607","timestamp":"2026-07-05 08:04:20"}
{"level":"info","message":"Created client session d258d4947ebdb61518cffd4c","timestamp":"2026-07-05 08:04:21"}
{"level":"info","message":"Created client session 0830da479f72e9a370d42f36","timestamp":"2026-07-05 08:04:23"}
{"level":"info","message":"Created client session 297c6209129f64a9ffdbbfaa","timestamp":"2026-07-05 08:04:23"}
{"level":"info","message":"Created client session 47bd2340ec89705bbaad3462","timestamp":"2026-07-05 08:04:24"}
{"level":"info","message":"Created client session 7399e370848d54a494dc29bb","timestamp":"2026-07-05 08:04:24"}
{"level":"info","message":"Created client session 93fc66c0b0fbd8c59d0bae52","timestamp":"2026-07-05 08:04:27"}
{"level":"info","message":"Created client session 67a22b126ff5c74183c14743","timestamp":"2026-07-05 08:04:33"}
{"level":"info","message":"Created client session 3369d7e7ef57c54742d67b32","timestamp":"2026-07-05 08:04:38"}
{"level":"info","message":"Created client session 4aa886f32fdb29172a6684ff","timestamp":"2026-07-05 08:04:49"}
{"level":"info","message":"Created client session 4bae889cfdfc3797a8d555d5","timestamp":"2026-07-05 08:04:49"}
{"level":"info","message":"Created client session ffd41ded5fe20caf7aec0bab","timestamp":"2026-07-05 08:04:51"}
{"level":"info","message":"Created client session c803d29b2683cecc5244098a","timestamp":"2026-07-05 08:05:03"}
{"level":"info","message":"Created client session 8ad702a483cd9baf13e2d020","timestamp":"2026-07-05 08:05:03"}
{"level":"info","message":"Created client session e1ae9d40fea180e41690b4b8","timestamp":"2026-07-05 08:05:04"}
{"level":"info","message":"Created client session 8b0ebcd4831ff5f0ff9cceab","timestamp":"2026-07-05 08:05:04"}
{"level":"info","message":"Created client session 5ad7d9c659761a97c1e6f243","timestamp":"2026-07-05 08:05:04"}
{"level":"info","message":"Created client session bdb494c41fd7d1bb9f263132","timestamp":"2026-07-05 08:05:13"}
{"level":"info","message":"Created client session c03c21069275d92bdfcbffa0","timestamp":"2026-07-05 08:05:14"}
{"level":"info","message":"Created client session 0670ca99189df412e21e06e1","timestamp":"2026-07-05 08:05:14"}
{"level":"info","message":"Created client session 9b3b4348b5c20a6a2ab6bafa","timestamp":"2026-07-05 08:05:15"}
{"level":"info","message":"Created client session fd5e7c2eb0c3386056560c1f","timestamp":"2026-07-05 08:05:20"}
{"level":"info","message":"Created client session ead81d39b676bd6c449affa1","timestamp":"2026-07-05 08:05:24"}
{"level":"info","message":"Created client session 6e444e3a0a85141b89f4d4d4","timestamp":"2026-07-05 08:05:36"}
{"level":"info","message":"Created client session 5d1859f1b4bb5025ff8052f0","timestamp":"2026-07-05 08:05:44"}
{"level":"info","message":"Created client session dbeb01221a1a0c3d7863e2c7","timestamp":"2026-07-05 08:05:50"}
{"level":"info","message":"Created client session 263560b4c37f457ecb7ec296","timestamp":"2026-07-05 08:05:57"}
{"level":"info","message":"Created client session 49ad7638138831047b273d4c","timestamp":"2026-07-05 08:06:02"}
{"level":"info","message":"Created client session 44fb4dd0bdb40956b9f81556","timestamp":"2026-07-05 08:06:10"}
{"level":"info","message":"Created client session fa938f7c37e7fcc294ab4135","timestamp":"2026-07-05 08:06:27"}
{"level":"info","message":"Created client session f5e21b4084f837433de51bdb","timestamp":"2026-07-05 08:06:27"}
{"level":"info","message":"Created client session ba900ccdc678f610831b9a73","timestamp":"2026-07-05 08:06:27"}
{"level":"info","message":"Created client session d730296e41156a7bc5c508ef","timestamp":"2026-07-05 08:06:28"}
{"level":"info","message":"Created client session 973a923169f54c7eb7fde218","timestamp":"2026-07-05 08:06:29"}
{"level":"info","message":"Created client session 13e416ead895bc990684ce6c","timestamp":"2026-07-05 08:06:34"}
{"level":"info","message":"Created client session 450b7545e47794a9b29d9553","timestamp":"2026-07-05 08:06:40"}
{"level":"info","message":"Created client session b3e02997660cad1ea092a0ff","timestamp":"2026-07-05 08:06:40"}
{"level":"info","message":"Created client session aec5274585c0b9455e3e71ee","timestamp":"2026-07-05 08:06:40"}
{"level":"info","message":"Created client session 88459f46ac7cb8d6334345f6","timestamp":"2026-07-05 08:06:42"}
{"level":"info","message":"Created client session 5660f63e10adba54e26419aa","timestamp":"2026-07-05 08:06:42"}
{"level":"info","message":"Created client session 94a4fd924a19659c43edeee4","timestamp":"2026-07-05 08:06:45"}
{"level":"info","message":"Created client session ab1ed13b5e4ae5372c3ed164","timestamp":"2026-07-05 08:06:48"}
{"level":"info","message":"Created client session de6182f1c9dccf09e2cc2e1a","timestamp":"2026-07-05 08:06:49"}
{"level":"info","message":"Created client session 893927f0628d4c142e498c80","timestamp":"2026-07-05 08:06:49"}
{"level":"info","message":"Created client session 44580fba73536047bc5becaa","timestamp":"2026-07-05 08:06:57"}
{"level":"info","message":"Created client session da4b87f0a345eb5f3d6ba96a","timestamp":"2026-07-05 08:07:10"}
{"level":"info","message":"Created client session fc98c2e91aa9444237880111","timestamp":"2026-07-05 08:07:17"}
{"level":"info","message":"Created client session a8b5f4394ee1b08753c6b563","timestamp":"2026-07-05 08:07:26"}
{"level":"info","message":"Created client session 42abfbd6c7691c5c82071ec2","timestamp":"2026-07-05 08:07:31"}
{"level":"info","message":"Created client session 15f2c28f33f9ea90c64cce27","timestamp":"2026-07-05 08:07:34"}
{"level":"info","message":"Created client session 9b5f250bda53ef6053d918f9","timestamp":"2026-07-05 08:07:35"}
{"level":"info","message":"Created client session 3aea109232b63169c41b3eda","timestamp":"2026-07-05 08:07:35"}
{"level":"info","message":"Created client session 70bc384fc6878f0962c84f5d","timestamp":"2026-07-05 08:07:41"}
{"level":"info","message":"Created client session c7b6e4e4ba6d15ba28550a46","timestamp":"2026-07-05 08:07:52"}
{"level":"info","message":"Created client session 61769e93bf35cdb9d58cce43","timestamp":"2026-07-05 08:07:52"}
{"level":"info","message":"Created client session a76073b9d64fcebbd3964909","timestamp":"2026-07-05 08:07:53"}
{"level":"info","message":"Created client session ac7246a087d12c84f1e6d4d1","timestamp":"2026-07-05 08:08:01"}
{"level":"info","message":"Created client session 1284e442323e96599b6c71d7","timestamp":"2026-07-05 08:08:03"}
{"level":"info","message":"Created client session 55e66024ae1fe57d91f7a6a0","timestamp":"2026-07-05 08:08:11"}
{"level":"info","message":"Created client session e25e5dec425a68e4861e3088","timestamp":"2026-07-05 08:08:16"}
{"level":"info","message":"Created client session 5db50037859d6953c69b44ad","timestamp":"2026-07-05 08:08:20"}
{"level":"info","message":"Created client session f697092a48355a0038a93212","timestamp":"2026-07-05 08:08:21"}
{"level":"info","message":"Created client session 1562c133fe0dfed2ef62663a","timestamp":"2026-07-05 08:08:34"}
{"level":"info","message":"Created client session f5c4e6f87b097d01e6a163a0","timestamp":"2026-07-05 08:08:52"}
{"level":"info","message":"Created client session ffc049c393adfd25e4d48c44","timestamp":"2026-07-05 08:08:53"}
{"level":"info","message":"Created client session ca56ddeb26c29f5a609e276f","timestamp":"2026-07-05 08:08:53"}
{"level":"info","message":"Created client session a2fd2138d9c26da64c4985e2","timestamp":"2026-07-05 08:08:53"}
{"level":"info","message":"Created client session 9471cb3e580cea1fdcebae4f","timestamp":"2026-07-05 08:09:05"}
{"level":"info","message":"Created client session a1c32ad0a6990c31953e30a3","timestamp":"2026-07-05 08:09:08"}
{"level":"info","message":"Created client session 51d86cc970c855bcceda76f5","timestamp":"2026-07-05 08:09:09"}
{"level":"info","message":"Created client session 3f7ef05483bf2383e8b70bc0","timestamp":"2026-07-05 08:09:26"}
{"level":"info","message":"Created client session 7508d07e94e038da855e2db9","timestamp":"2026-07-05 08:09:37"}
{"level":"info","message":"Created client session 3bd896a749a671763af0213c","timestamp":"2026-07-05 08:09:37"}
{"level":"info","message":"Created client session 6d513ff70d672a29bf595c31","timestamp":"2026-07-05 08:09:50"}
{"level":"info","message":"Created client session 8cfc8bba556cd8b462aecc59","timestamp":"2026-07-05 08:09:50"}
{"level":"info","message":"Created client session 9589aa57d0f7d86e9da04987","timestamp":"2026-07-05 08:09:52"}
{"level":"info","message":"Created client session 331a71a109cdd3a9a69090b8","timestamp":"2026-07-05 08:09:56"}
{"level":"info","message":"Created client session f0c6c880c9ed413dc464efb7","timestamp":"2026-07-05 08:09:56"}
{"level":"info","message":"Created client session 12cf7a9e8209202095d8057c","timestamp":"2026-07-05 08:10:04"}
{"level":"info","message":"Created client session 935b86d6b9fff0e5bb230a72","timestamp":"2026-07-05 08:10:06"}
{"level":"info","message":"Created client session bb21a8f98dfa172e23186f24","timestamp":"2026-07-05 08:10:11"}
{"level":"info","message":"Created client session 3562f5774d49a170186986e9","timestamp":"2026-07-05 08:10:15"}
{"level":"info","message":"Created client session 7cf6cb976b1dd80eb362402f","timestamp":"2026-07-05 08:10:31"}
{"level":"info","message":"Created client session 4041eae7ee0f2cf32813eb6e","timestamp":"2026-07-05 08:10:31"}
{"level":"info","message":"Created client session fccad2cc4c05f1d49d4f4315","timestamp":"2026-07-05 08:10:41"}
{"level":"info","message":"Created client session e4dc5a84c811629a9e5da2f1","timestamp":"2026-07-05 08:10:42"}
{"level":"info","message":"Created client session df8c0425c245f159ffa07739","timestamp":"2026-07-05 08:10:43"}
{"level":"info","message":"Created client session 8e4451b5670d600604ebae50","timestamp":"2026-07-05 08:10:44"}
{"level":"info","message":"Created client session 0accd47866d9071922abfc7f","timestamp":"2026-07-05 08:10:49"}
{"level":"info","message":"Created client session 9235750b9f28493a8df29f80","timestamp":"2026-07-05 08:10:50"}
{"level":"info","message":"Created client session 3ea8986f34b5296ea14f4b4a","timestamp":"2026-07-05 08:10:50"}
{"level":"info","message":"Created client session 382d039a55851d54ff389ab8","timestamp":"2026-07-05 08:10:52"}
{"level":"info","message":"Created client session d5415cf8432e062f81a93f70","timestamp":"2026-07-05 08:11:01"}
{"level":"info","message":"Created client session e12c0de60abe843c4b25a147","timestamp":"2026-07-05 08:11:04"}
{"level":"info","message":"Created client session dc97c89fbe75f2ff6631441c","timestamp":"2026-07-05 08:11:04"}
{"level":"info","message":"Created client session eb4373bd3e9ffc4d684c1616","timestamp":"2026-07-05 08:11:09"}
{"level":"info","message":"Created client session 34de939349735e94d4a2ac54","timestamp":"2026-07-05 08:11:17"}
{"level":"info","message":"Created client session ae9b0d3ba6383e8c82ce7364","timestamp":"2026-07-05 08:11:19"}
{"level":"info","message":"Created client session 2f51cf262cc8690ee1b54aa5","timestamp":"2026-07-05 08:11:21"}
{"level":"info","message":"Created client session 06a86f2b17a64e13d793948f","timestamp":"2026-07-05 08:11:25"}
{"level":"info","message":"Created client session 13366cbcf7484f6698e70bcd","timestamp":"2026-07-05 08:11:26"}
{"level":"info","message":"Created client session e4f35b7e54d95123eab50992","timestamp":"2026-07-05 08:11:26"}
{"level":"info","message":"Created client session 531411d197268061ec2bc79a","timestamp":"2026-07-05 08:11:28"}
{"level":"info","message":"Created client session 4fdb31a0aedf3d8131102251","timestamp":"2026-07-05 08:11:35"}
{"level":"info","message":"Created client session 22ccd3dc4a5a2693ba09f4c7","timestamp":"2026-07-05 08:11:47"}
{"level":"info","message":"Created client session ed330280ff178c0207e8793f","timestamp":"2026-07-05 08:11:49"}
{"level":"info","message":"Created client session e45f661308c3b0f0fa8e2797","timestamp":"2026-07-05 08:11:54"}
{"level":"info","message":"Created client session b3c90f6152ccb790a1aed6f2","timestamp":"2026-07-05 08:11:59"}
{"level":"info","message":"Created client session 40f197f6b320ae546d84a914","timestamp":"2026-07-05 08:12:04"}
{"level":"info","message":"Created client session 4ecb83b12b6b2c30a2484081","timestamp":"2026-07-05 08:12:04"}
{"level":"info","message":"Created client session e684ce24773de7907bebe1bf","timestamp":"2026-07-05 08:12:14"}
{"level":"info","message":"Created client session 84ae8dab49874d604e9ffe3d","timestamp":"2026-07-05 08:12:14"}
{"level":"info","message":"Created client session ab77d61bdd6851e013c134ce","timestamp":"2026-07-05 08:12:14"}
{"level":"info","message":"Created client session ec8cfd82eef549e766263a42","timestamp":"2026-07-05 08:12:14"}
{"level":"info","message":"Created client session 5a52e75185476b44207ac643","timestamp":"2026-07-05 08:12:22"}
{"level":"info","message":"Created client session 74cc9da7bc8be5170e73a811","timestamp":"2026-07-05 08:12:23"}
{"level":"info","message":"Created client session 5d2df111279b2ce20d608374","timestamp":"2026-07-05 08:12:23"}
{"level":"info","message":"Created client session c6bbeb28afae2ae6987ba396","timestamp":"2026-07-05 08:12:43"}
{"level":"info","message":"Created client session ad734f8e080b9f72f8449430","timestamp":"2026-07-05 08:13:03"}
{"level":"info","message":"Created client session dd6828d4ccb741ce1e125191","timestamp":"2026-07-05 08:13:07"}
{"level":"info","message":"Created client session 557119c8334310fbbbc02653","timestamp":"2026-07-05 08:13:10"}
{"level":"info","message":"Created client session 8dc24a162de28c1c6744a60a","timestamp":"2026-07-05 08:13:14"}
{"level":"info","message":"Created client session bb9d2e28ea93eadb97334328","timestamp":"2026-07-05 08:13:15"}
{"level":"info","message":"Created client session cb868067bf6b6c0457c16e94","timestamp":"2026-07-05 08:13:21"}
{"level":"info","message":"Created client session 29b4f57add29ea2327f65b1a","timestamp":"2026-07-05 08:13:24"}
{"level":"info","message":"Created client session 7e4dba1bba471795d05a6cac","timestamp":"2026-07-05 08:13:25"}
{"level":"info","message":"Created client session baf3430db10b46069935e577","timestamp":"2026-07-05 08:13:31"}
{"level":"info","message":"Created client session bcc3ddebdb56a5db06aabd7b","timestamp":"2026-07-05 08:13:39"}
{"level":"info","message":"Created client session 7ec63c9decaedc952bbb6b8a","timestamp":"2026-07-05 08:13:40"}
{"level":"info","message":"Created client session 8e20034049511ec5c9f7ae5f","timestamp":"2026-07-05 08:13:40"}
{"level":"info","message":"Created client session 96125db46f936b2f5480c924","timestamp":"2026-07-05 08:13:43"}
{"level":"info","message":"Created client session f2dd1fe945fd05c4e9fdd0fb","timestamp":"2026-07-05 08:13:45"}
{"level":"info","message":"Created client session d8f9151dcf0c4b2816c052fa","timestamp":"2026-07-05 08:13:46"}
{"level":"info","message":"Created client session fb5eff77f4e7754f5ff3c84f","timestamp":"2026-07-05 08:13:47"}
{"level":"info","message":"Created client session 260b10be3a4d2fa1ca5e88a6","timestamp":"2026-07-05 08:13:50"}
{"level":"info","message":"Created client session 181b606ecac1f9e8e341cd03","timestamp":"2026-07-05 08:13:53"}
{"level":"info","message":"Created client session e5352b1d97b3f525929fafa8","timestamp":"2026-07-05 08:13:58"}
{"level":"info","message":"Created client session 240780694a3271b68390f232","timestamp":"2026-07-05 08:14:03"}
{"level":"info","message":"Created client session a732037d7f566925a9b52c8b","timestamp":"2026-07-05 08:14:14"}
{"level":"info","message":"Created client session 2980aaddb7f410c9962b2e85","timestamp":"2026-07-05 08:14:29"}
{"level":"info","message":"Created client session 2757a1cd761afe8399e197ce","timestamp":"2026-07-05 08:14:30"}
{"level":"info","message":"Created client session 12ff999954af2ca51c9bf8d7","timestamp":"2026-07-05 08:14:32"}
{"level":"info","message":"Created client session 9a32411e637e7395b8432664","timestamp":"2026-07-05 08:14:32"}
{"level":"info","message":"Created client session 3fabfb68a3604f7d9b9f3e63","timestamp":"2026-07-05 08:14:45"}
{"level":"info","message":"Created client session a553f78c1b04a35d4eb88c80","timestamp":"2026-07-05 08:14:51"}
{"level":"info","message":"Created client session ae69cabe0e69fce16925de86","timestamp":"2026-07-05 08:15:00"}
{"level":"info","message":"Created client session e30ac9e058b9703dc44f8acc","timestamp":"2026-07-05 08:15:03"}
{"level":"info","message":"Created client session 85ce8016c1bfc553482ec285","timestamp":"2026-07-05 08:15:06"}
{"level":"info","message":"Created client session 54d990c3a06cda5343e7e562","timestamp":"2026-07-05 08:15:20"}
{"level":"info","message":"Created client session 61e02850b3e81c0fdbe9461f","timestamp":"2026-07-05 08:15:25"}
{"level":"info","message":"Created client session d51b2452ea90726bcfdfdfe1","timestamp":"2026-07-05 08:15:25"}
{"level":"info","message":"Created client session 40b020c9a3cbbdea9fe98bbb","timestamp":"2026-07-05 08:15:26"}
{"level":"info","message":"Created client session 7f237967d9152d7f608fde68","timestamp":"2026-07-05 08:15:26"}
{"level":"info","message":"Created client session 7e76440861bf6ad8a15289fc","timestamp":"2026-07-05 08:15:27"}
{"level":"info","message":"Created client session 04b4d2f0964edd4a585db926","timestamp":"2026-07-05 08:15:27"}
{"level":"info","message":"Created client session fe05cb8a142d68bab444a126","timestamp":"2026-07-05 08:15:33"}
{"level":"info","message":"Created client session 2b31d95cf503876ad6c4aa34","timestamp":"2026-07-05 08:15:39"}
{"level":"info","message":"Created client session a3ccb1e89b39a74a2e9155a7","timestamp":"2026-07-05 08:15:52"}
{"level":"info","message":"Created client session c878e189de32894ce184c3fa","timestamp":"2026-07-05 08:15:55"}
{"level":"info","message":"Created client session 8b90d59ddac6a0081faf8abc","timestamp":"2026-07-05 08:15:58"}
{"level":"info","message":"Created client session 6b37176d71a03965b1dcb6a8","timestamp":"2026-07-05 08:16:07"}
{"level":"info","message":"Created client session ad173b6176e6dde679722a55","timestamp":"2026-07-05 08:16:11"}
{"level":"info","message":"Created client session 4935aad1b5d5fd74f02b4d81","timestamp":"2026-07-05 08:16:12"}
{"level":"info","message":"Created client session fac6f4f19f04b7f783687fc0","timestamp":"2026-07-05 08:16:17"}
{"level":"info","message":"Created client session 594f542e2863107d6900a631","timestamp":"2026-07-05 08:16:18"}
{"level":"info","message":"Created client session 968608994bc33794a29f0e78","timestamp":"2026-07-05 08:16:18"}
{"level":"info","message":"Created client session 7354533cf545aa9feae94f95","timestamp":"2026-07-05 08:16:18"}
{"level":"info","message":"Created client session aa57b5d64602fbd2c7c27327","timestamp":"2026-07-05 08:16:19"}
{"level":"info","message":"Created client session ba69796ee3a76bc992233200","timestamp":"2026-07-05 08:16:21"}
{"level":"info","message":"Created client session 37e3d267ca2e7fc4d828c965","timestamp":"2026-07-05 08:16:23"}
{"level":"info","message":"Created client session 035b98c2d300311aebe60c16","timestamp":"2026-07-05 08:16:28"}
{"level":"info","message":"Created client session 1a6654b00786f4c68a537f0a","timestamp":"2026-07-05 08:16:30"}
{"level":"info","message":"Created client session 3243f8d6509929d7b5d6c548","timestamp":"2026-07-05 08:16:30"}
{"level":"info","message":"Created client session a1f2b2c4df171fe23e7f9679","timestamp":"2026-07-05 08:16:37"}
{"level":"info","message":"Created client session 7a5840d3069921456a404315","timestamp":"2026-07-05 08:16:37"}
{"level":"info","message":"Created client session 2bc803de68f0c487d51bd503","timestamp":"2026-07-05 08:16:39"}
{"level":"info","message":"Created client session 580f8f54bd094fcf5a4f1345","timestamp":"2026-07-05 08:16:41"}
{"level":"info","message":"Created client session edffbf49a8180edbd44e8d76","timestamp":"2026-07-05 08:16:42"}
{"level":"info","message":"Created client session 1f6a160ecd6ceed6d6bb85f3","timestamp":"2026-07-05 08:16:44"}
{"level":"info","message":"Created client session c9b53319d00afe6339e1c309","timestamp":"2026-07-05 08:16:48"}
{"level":"info","message":"Created client session 0be25992904221ebc05cd17d","timestamp":"2026-07-05 08:16:48"}
{"level":"info","message":"Created client session 644d192f755f0992e985af2c","timestamp":"2026-07-05 08:16:55"}
{"level":"info","message":"Created client session c7399fb87e5d2d1ecbfd5ca0","timestamp":"2026-07-05 08:16:57"}
{"level":"info","message":"Created client session a864c96b346da76c466b28e6","timestamp":"2026-07-05 08:17:00"}
{"level":"info","message":"Created client session 9b824de4b2902d895a34e909","timestamp":"2026-07-05 08:17:11"}
{"level":"info","message":"Created client session b25cef5be6da15aa92dcf240","timestamp":"2026-07-05 08:17:27"}
{"level":"info","message":"Created client session 162c9e03105f0983ea6bccdb","timestamp":"2026-07-05 08:17:31"}
{"level":"info","message":"Created client session aafb2f2b536c863f60de1a7a","timestamp":"2026-07-05 08:17:41"}
{"level":"info","message":"Created client session 1131c8e337a3a5eed7783d5e","timestamp":"2026-07-05 08:17:47"}
{"level":"info","message":"Created client session eeb51872628d2361573456ea","timestamp":"2026-07-05 08:17:54"}
{"level":"info","message":"Created client session d810e3eb7fd241bfcaec306a","timestamp":"2026-07-05 08:18:02"}
{"level":"info","message":"Created client session 12a2b567f27d20014973769a","timestamp":"2026-07-05 08:18:07"}
{"level":"info","message":"Created client session 27bd671f78daf85d27cfbaef","timestamp":"2026-07-05 08:18:16"}
{"level":"info","message":"Created client session 899968fb79f30fe2d15d45c8","timestamp":"2026-07-05 08:18:19"}
{"level":"info","message":"Created client session ba3f85edd53bec0f1419c846","timestamp":"2026-07-05 08:18:34"}
{"level":"info","message":"Created client session e1e92309eeffec57b4f3101f","timestamp":"2026-07-05 08:18:34"}
{"level":"info","message":"Created client session 8ab3d13cc1d1376fd5337948","timestamp":"2026-07-05 08:18:34"}
{"level":"info","message":"Created client session 822a6a9c61c8abad53f7c03c","timestamp":"2026-07-05 08:18:37"}
{"level":"info","message":"Created client session d70c00806e8b6dd9c5eff365","timestamp":"2026-07-05 08:18:38"}
{"level":"info","message":"Created client session f923dd1d9d3a6cdb85a6d106","timestamp":"2026-07-05 08:18:41"}
{"level":"info","message":"Created client session 3760ecf7b180da6f18ffe84a","timestamp":"2026-07-05 08:18:44"}
{"level":"info","message":"Created client session a62bfc63256963fed81177ee","timestamp":"2026-07-05 08:18:54"}
{"level":"info","message":"Created client session b3e6dd317904800dd8b2791d","timestamp":"2026-07-05 08:18:54"}
{"level":"info","message":"Created client session a0613896cf2083926db6ca09","timestamp":"2026-07-05 08:18:54"}
{"level":"info","message":"Created client session fad424ebfdbca5be8cd0f2f9","timestamp":"2026-07-05 08:18:54"}
{"level":"info","message":"Created client session bd55cbdb68c498672d4776e4","timestamp":"2026-07-05 08:18:59"}
{"level":"info","message":"Created client session 015d7c0da96fff31861772e0","timestamp":"2026-07-05 08:19:00"}
{"level":"info","message":"Created client session 41ecb590c9c529a39e4d7099","timestamp":"2026-07-05 08:19:05"}
{"level":"info","message":"Created client session 06d992408d2722f436a1548f","timestamp":"2026-07-05 08:19:08"}
{"level":"info","message":"Created client session f77b87dc3584cea9309128d6","timestamp":"2026-07-05 08:19:10"}
{"level":"info","message":"Created client session e23b45f55919c1043df9313d","timestamp":"2026-07-05 08:19:21"}
{"level":"info","message":"Created client session ac2d54b0d855b10dcdbbf52b","timestamp":"2026-07-05 08:19:25"}
{"level":"info","message":"Created client session 0f24199a98f53495dc7788ed","timestamp":"2026-07-05 08:19:27"}
{"level":"info","message":"Created client session 5fbe7de309ec35860521aad1","timestamp":"2026-07-05 08:19:28"}
{"level":"info","message":"Created client session 6f4cc4bb4a0f5aae156fdd8c","timestamp":"2026-07-05 08:19:38"}
{"level":"info","message":"Created client session b93cc4b179f9348183a9daae","timestamp":"2026-07-05 08:19:54"}
{"level":"info","message":"Created client session 0b507c05a71fa35926ee62f0","timestamp":"2026-07-05 08:19:57"}
{"level":"info","message":"Created client session 4d310a4b819a614b3dc72b71","timestamp":"2026-07-05 08:20:12"}
{"level":"info","message":"Created client session 1ce33d9baad9b6ff942b7201","timestamp":"2026-07-05 08:20:13"}
{"level":"info","message":"Created client session af0e906591c34d0f822c31dd","timestamp":"2026-07-05 08:20:16"}
{"level":"info","message":"Created client session 94f957ac9400d08b08f05ed9","timestamp":"2026-07-05 08:20:20"}
{"level":"info","message":"Created client session 65fbf61e872d23a4cc9b75ac","timestamp":"2026-07-05 08:20:32"}
{"level":"info","message":"Created client session 70f0dca096028c628235c369","timestamp":"2026-07-05 08:20:35"}
{"level":"info","message":"Created client session 0a17e388eca5822a8518bf37","timestamp":"2026-07-05 08:20:36"}
{"level":"info","message":"Created client session 7d515f7b648bf00b32163e0a","timestamp":"2026-07-05 08:20:43"}
{"level":"info","message":"Created client session 3c7d6a6fe669aa7acdd35218","timestamp":"2026-07-05 08:20:47"}
{"level":"info","message":"Created client session 85e4c906bc7fc005f583f37b","timestamp":"2026-07-05 08:20:48"}
{"level":"info","message":"Created client session 6d00c531d32d40773e7b698f","timestamp":"2026-07-05 08:20:56"}
{"level":"info","message":"Created client session 61aa98a8cfef93c4468c14ac","timestamp":"2026-07-05 08:20:57"}
{"level":"info","message":"Created client session 2fa2621fd6d481c295e21323","timestamp":"2026-07-05 08:20:57"}
{"level":"info","message":"Created client session 7459ff229c3226136f07c274","timestamp":"2026-07-05 08:21:04"}
{"level":"info","message":"Created client session d83bc3e4b5587db6e3f62ca5","timestamp":"2026-07-05 08:21:13"}
{"level":"info","message":"Created client session 2b432b3afac59d15fa778e40","timestamp":"2026-07-05 08:21:13"}
{"level":"info","message":"Created client session f42a7d6eec95adb6d64151cf","timestamp":"2026-07-05 08:21:13"}
{"level":"info","message":"Created client session 2c3f2b23c343f45fb8306142","timestamp":"2026-07-05 08:21:14"}
{"level":"info","message":"Created client session 2cd395f57c0a071e6dd5edb8","timestamp":"2026-07-05 08:21:15"}
{"level":"info","message":"Created client session aa3f20a2fe62f6b6ab3e305e","timestamp":"2026-07-05 08:21:15"}
{"level":"info","message":"Created client session 0810cf0ac4eb9d486f0c989d","timestamp":"2026-07-05 08:21:17"}
{"level":"info","message":"Created client session 9f87f75cf2f3a93d1171740b","timestamp":"2026-07-05 08:21:30"}
{"level":"info","message":"Created client session 0386bef96b3290f33983b237","timestamp":"2026-07-05 08:21:31"}
{"level":"info","message":"Created client session 05e2772fa10ce80f98406a73","timestamp":"2026-07-05 08:21:36"}
{"level":"info","message":"Created client session 17922638c6e732dad583b79c","timestamp":"2026-07-05 08:21:41"}
{"level":"info","message":"Created client session 39ccc5053c0b582032f9cba4","timestamp":"2026-07-05 08:21:42"}
{"level":"info","message":"Created client session 04bd6d4959bbebc97339f83f","timestamp":"2026-07-05 08:21:46"}
{"level":"info","message":"Created client session 481ff7e7093747507d208f98","timestamp":"2026-07-05 08:21:46"}
{"level":"info","message":"Created client session 91fef0dc8cb4021b897b1dbf","timestamp":"2026-07-05 08:21:48"}
{"level":"info","message":"Created client session 6b16a0a41232c72b6fd3a719","timestamp":"2026-07-05 08:21:50"}
{"level":"info","message":"Created client session 3f29dc937ef13c0696a0a99e","timestamp":"2026-07-05 08:21:57"}
{"level":"info","message":"Created client session 0ee4d7954196cd8dc9b58cfa","timestamp":"2026-07-05 08:21:57"}
{"level":"info","message":"Created client session 05ab9c70b14ce7f392f83f4d","timestamp":"2026-07-05 08:22:03"}
{"level":"info","message":"Created client session 0cff7421088e4b8bd999c6ae","timestamp":"2026-07-05 08:22:07"}
{"level":"info","message":"Created client session c592dca1af089ead56f57bf4","timestamp":"2026-07-05 08:22:09"}
{"level":"info","message":"Created client session 6a4a05146f1ee8f392e14c6f","timestamp":"2026-07-05 08:22:09"}
{"level":"info","message":"Created client session a7463e120f46d94def2a2726","timestamp":"2026-07-05 08:22:11"}
{"level":"info","message":"Created client session a83570852cfc2112f4987e12","timestamp":"2026-07-05 08:22:19"}
{"level":"info","message":"Created client session 7056b3ebc08bebaea07644b1","timestamp":"2026-07-05 08:22:19"}
{"level":"info","message":"Created client session e3b35edfa69d03c0191443da","timestamp":"2026-07-05 08:22:24"}
{"level":"info","message":"Created client session 7d1138d41821291fb51699c3","timestamp":"2026-07-05 08:22:30"}
{"level":"info","message":"Created client session dedb5b1868ad4250c97453c4","timestamp":"2026-07-05 08:22:41"}
{"level":"info","message":"Created client session 04d7b8074145ded2e865d952","timestamp":"2026-07-05 08:22:57"}
{"level":"info","message":"Created client session 19ecc92868c2a5588f3b92d0","timestamp":"2026-07-05 08:23:07"}
{"level":"info","message":"Created client session 2a5a4e22021e6a540a202e5e","timestamp":"2026-07-05 08:23:26"}
{"level":"info","message":"Created client session 044ea6cd7fd9fb4565bf5471","timestamp":"2026-07-05 08:23:31"}
{"level":"info","message":"Created client session 1518c5033c72b4bb72d55ed8","timestamp":"2026-07-05 08:23:31"}
{"level":"info","message":"Created client session bd5ce1091d69951021b2a5bf","timestamp":"2026-07-05 08:23:41"}
{"level":"info","message":"Created client session f4652043bd10ce622d07d236","timestamp":"2026-07-05 08:23:51"}
{"level":"info","message":"Created client session 7c48a659091ec7c97fb4d68b","timestamp":"2026-07-05 08:23:53"}
{"level":"info","message":"Created client session d5839be8f10cbdef9be9210d","timestamp":"2026-07-05 08:23:53"}
{"level":"info","message":"Created client session af3ce1540753543ae6cd0e43","timestamp":"2026-07-05 08:23:55"}
{"level":"info","message":"Created client session 886dc19ebf542b2ee51a3455","timestamp":"2026-07-05 08:23:56"}
{"level":"info","message":"Created client session fd0606e9762a03695242fdc5","timestamp":"2026-07-05 08:23:59"}
{"level":"info","message":"Created client session 1d6ef33f88421ab4405fc485","timestamp":"2026-07-05 08:24:08"}
{"level":"info","message":"Created client session 3621de147d698fd0330acb08","timestamp":"2026-07-05 08:24:09"}
{"level":"info","message":"Created client session aea72e6d8fd9adce2a23b090","timestamp":"2026-07-05 08:24:11"}
{"level":"info","message":"Created client session 1d900f6ea9dd6bba4bab5711","timestamp":"2026-07-05 08:24:12"}
{"level":"info","message":"Created client session bdb188a74f0387c4b816dcfd","timestamp":"2026-07-05 08:24:12"}
{"level":"info","message":"Created client session ad624f7392f8bd5e4b16f794","timestamp":"2026-07-05 08:24:13"}
{"level":"info","message":"Created client session fdaf16fbfdc3df47b98f1ae5","timestamp":"2026-07-05 08:24:17"}
{"level":"info","message":"Created client session 63f7a9efde5a86fc078d550e","timestamp":"2026-07-05 08:24:18"}
{"level":"info","message":"Created client session 71b4972b04c884c7fc0c8da4","timestamp":"2026-07-05 08:24:29"}
{"level":"info","message":"Created client session de5a61021775ad9f6c23f07e","timestamp":"2026-07-05 08:24:29"}
{"level":"info","message":"Created client session 32666e00f1de14a4ad3d64ab","timestamp":"2026-07-05 08:24:31"}
{"level":"info","message":"Created client session 0d18422275a88a83311c9f1e","timestamp":"2026-07-05 08:24:32"}
{"level":"info","message":"Created client session bc8c1f1abafbfa029bf83337","timestamp":"2026-07-05 08:24:33"}
{"level":"info","message":"Created client session de643b89a9a61719ac7efc0d","timestamp":"2026-07-05 08:25:02"}
{"level":"info","message":"Created client session 68020e68c6665189e6f2a2ad","timestamp":"2026-07-05 08:25:09"}
{"level":"info","message":"Created client session a7fa9e5de4409410afce7aa6","timestamp":"2026-07-05 08:25:13"}
{"level":"info","message":"Created client session 9d257773cda78db17914e1b0","timestamp":"2026-07-05 08:25:17"}
{"level":"info","message":"Created client session 1bdb2200ed3c68c019f388d4","timestamp":"2026-07-05 08:25:23"}
{"level":"info","message":"Created client session 54a1cd521885315b7c020e2b","timestamp":"2026-07-05 08:25:35"}
{"level":"info","message":"Created client session 849ce915eb048aca026563c9","timestamp":"2026-07-05 08:25:36"}
{"level":"info","message":"Created client session 1470dbeda4d459809aebedf5","timestamp":"2026-07-05 08:25:37"}
{"level":"info","message":"Created client session 4f6a88df698299486db4e27c","timestamp":"2026-07-05 08:25:39"}
{"level":"info","message":"Created client session a6aeb240c2e67879727a9958","timestamp":"2026-07-05 08:25:41"}
{"level":"info","message":"Created client session 209b81ad5262e0a3209c92e5","timestamp":"2026-07-05 08:25:42"}
{"level":"info","message":"Created client session 16d95e81b5fae37595e27d14","timestamp":"2026-07-05 08:25:43"}
{"level":"info","message":"Created client session ac7ea2fd68daa3aec74a5c4c","timestamp":"2026-07-05 08:25:46"}
{"level":"info","message":"Created client session 89ee93ca697512a57cdc8497","timestamp":"2026-07-05 08:25:46"}
{"level":"info","message":"Created client session 8813b4ef8bc2c15ceec37135","timestamp":"2026-07-05 08:25:52"}
{"level":"info","message":"Created client session f1a9cde495bb53c9547da586","timestamp":"2026-07-05 08:25:52"}
{"level":"info","message":"Created client session 6ac3a0a7227448ecce39c76b","timestamp":"2026-07-05 08:25:54"}
{"level":"info","message":"Created client session 3146360d9279572d37a76079","timestamp":"2026-07-05 08:25:56"}
{"level":"info","message":"Created client session 94579c54003142bbf94fed49","timestamp":"2026-07-05 08:26:08"}
{"level":"info","message":"Created client session 7646b460249b822ad4dedc9c","timestamp":"2026-07-05 08:26:17"}
{"level":"info","message":"Created client session c8a48b21ea0ddac2b33ded55","timestamp":"2026-07-05 08:26:18"}
{"level":"info","message":"Created client session 5972efbe68be4942bd53f520","timestamp":"2026-07-05 08:26:18"}
{"level":"info","message":"Created client session c4106075e48639ddc82e6b84","timestamp":"2026-07-05 08:26:19"}
{"level":"info","message":"Created client session 2d8d357315b1b6bba6b2c68a","timestamp":"2026-07-05 08:26:20"}
{"level":"info","message":"Created client session 26fe5ebe76eba41137df8ad1","timestamp":"2026-07-05 08:26:38"}
{"level":"info","message":"Created client session e97f526ecf98285834c7c2c8","timestamp":"2026-07-05 08:26:38"}
{"level":"info","message":"Created client session 5199f97351fc0fc791160e55","timestamp":"2026-07-05 08:26:40"}
{"level":"info","message":"Created client session 47f928fdb891c09931d31a5c","timestamp":"2026-07-05 08:26:44"}
{"level":"info","message":"Created client session c786635c427afc63a1de0523","timestamp":"2026-07-05 08:26:57"}
{"level":"info","message":"Created client session 1875637241125b846e636efe","timestamp":"2026-07-05 08:26:58"}
{"level":"info","message":"Created client session 551d9f4645843113ec8ecf26","timestamp":"2026-07-05 08:27:00"}
{"level":"info","message":"Created client session 506e3f6fe5b5d15b1751416f","timestamp":"2026-07-05 08:27:00"}
{"level":"info","message":"Created client session ce250a1d277aec9373fffaca","timestamp":"2026-07-05 08:27:01"}
{"level":"info","message":"Created client session 751334ce3f8c07d514df5101","timestamp":"2026-07-05 08:27:11"}
{"level":"info","message":"Created client session 25942cc05933ba1bc9347482","timestamp":"2026-07-05 08:27:14"}
{"level":"info","message":"Created client session 2e9ba98bf664da693baed146","timestamp":"2026-07-05 08:27:14"}
{"level":"info","message":"Created client session c5459e89e4dcbf82d8895d51","timestamp":"2026-07-05 08:27:14"}
{"level":"info","message":"Created client session 1a64dcff707a9e0d623aad77","timestamp":"2026-07-05 08:27:18"}
{"level":"info","message":"Created client session 11029ce51a24aad56d3ccead","timestamp":"2026-07-05 08:27:18"}
{"level":"info","message":"Created client session d588c2036784ab8b5b6c1d90","timestamp":"2026-07-05 08:27:19"}
{"level":"info","message":"Created client session 3878f923ff4cabaf125ed4eb","timestamp":"2026-07-05 08:27:21"}
{"level":"info","message":"Created client session 92e7fe38bafb1f6b50789263","timestamp":"2026-07-05 08:27:21"}
{"level":"info","message":"Created client session 06989b9bbe187cb552ca249a","timestamp":"2026-07-05 08:27:21"}
{"level":"info","message":"Created client session f336459f46eb060ea2da6b92","timestamp":"2026-07-05 08:27:32"}
{"level":"info","message":"Created client session 36572029543c4828b284c5d2","timestamp":"2026-07-05 08:27:32"}
{"level":"info","message":"Created client session 4baa73212d69397081b657fd","timestamp":"2026-07-05 08:27:34"}
{"level":"info","message":"Created client session 03d026f1504024e005816ce0","timestamp":"2026-07-05 08:27:36"}
{"level":"info","message":"Created client session 66647ff68cface0cc7c13224","timestamp":"2026-07-05 08:27:37"}
{"level":"info","message":"Created client session b6c97b256e69e011fb1f8a6e","timestamp":"2026-07-05 08:27:50"}
{"level":"info","message":"Created client session 20e72af6aacdaee54f0235be","timestamp":"2026-07-05 08:27:58"}
{"level":"info","message":"Created client session 2a90f979af655487c538090b","timestamp":"2026-07-05 08:28:00"}
{"level":"info","message":"Created client session 84d3a8bddbd75c2a59207de9","timestamp":"2026-07-05 08:28:01"}
{"level":"info","message":"Created client session c1bd1249b1eef58ffa75c18e","timestamp":"2026-07-05 08:28:15"}
{"level":"info","message":"Created client session cd4cb777a9be946c6665c69a","timestamp":"2026-07-05 08:28:26"}
{"level":"info","message":"Created client session d0b2f2820191db3adaf68ff4","timestamp":"2026-07-05 08:28:32"}
{"level":"info","message":"Created client session 92b8031fca34bc24ef84fc27","timestamp":"2026-07-05 08:28:36"}
{"level":"info","message":"Created client session 0bdf1c5a0d907f07be239900","timestamp":"2026-07-05 08:28:39"}
{"level":"info","message":"Created client session 6044a88e0bb6f0794e7f2e11","timestamp":"2026-07-05 08:28:50"}
{"level":"info","message":"Created client session 1d0a2045fb76986e2d08df63","timestamp":"2026-07-05 08:28:53"}
{"level":"info","message":"Created client session 75dc11ba930e979a8ef25c16","timestamp":"2026-07-05 08:28:53"}
{"level":"info","message":"Created client session b8aac95d7338f4d41c6eb173","timestamp":"2026-07-05 08:28:59"}
{"level":"info","message":"Created client session fb64904be1928ac4498db866","timestamp":"2026-07-05 08:29:05"}
{"level":"info","message":"Created client session 67efdfbadd0308c64cbc7f1d","timestamp":"2026-07-05 08:29:08"}
{"level":"info","message":"Created client session e1d8ce27ef3fed71c8370f91","timestamp":"2026-07-05 08:29:12"}
{"level":"info","message":"Created client session 91ece8e6d1e3d4429fa567dd","timestamp":"2026-07-05 08:29:12"}
{"level":"info","message":"Created client session 86d842fff5645303d9aa7eba","timestamp":"2026-07-05 08:29:21"}
{"level":"info","message":"Created client session 9e1bb15a9ac4c22b49da6952","timestamp":"2026-07-05 08:29:41"}
{"level":"info","message":"Created client session acf86ca43e005fdc2b408adc","timestamp":"2026-07-05 08:29:55"}
{"level":"info","message":"Created client session b17f965d886958da58975d51","timestamp":"2026-07-05 08:30:01"}
{"level":"info","message":"Created client session 196717167d7b6a38a85c628e","timestamp":"2026-07-05 08:30:01"}
{"level":"info","message":"Created client session ebf289239abe43bcae50cd46","timestamp":"2026-07-05 08:30:02"}
{"level":"info","message":"Created client session f06200b548ab82c1bded411b","timestamp":"2026-07-05 08:30:13"}
{"level":"info","message":"Created client session 1ec0653ebfa6cc4a88824101","timestamp":"2026-07-05 08:30:24"}
{"level":"info","message":"Created client session 38d4d911ef64a06d375a9a78","timestamp":"2026-07-05 08:30:24"}
{"level":"info","message":"Created client session fa5b0856669233db2e102aa6","timestamp":"2026-07-05 08:30:31"}
{"level":"info","message":"Created client session 570e1a84b3636810bb0f5907","timestamp":"2026-07-05 08:30:32"}
{"level":"info","message":"Created client session cfb19c8b26a6eff612bf0c70","timestamp":"2026-07-05 08:30:38"}
{"level":"info","message":"Created client session 0e90014ab5b32b8272d9621c","timestamp":"2026-07-05 08:30:38"}
{"level":"info","message":"Created client session 95be1417355c38bbf493ff80","timestamp":"2026-07-05 08:30:44"}
{"level":"info","message":"Created client session abe635186df32aa68b2f548b","timestamp":"2026-07-05 08:30:45"}
{"level":"info","message":"Created client session ba0db740932e82e538c05e5a","timestamp":"2026-07-05 08:30:57"}
{"level":"info","message":"Created client session 73e55f17d27d7ddd1742257d","timestamp":"2026-07-05 08:31:04"}
{"level":"info","message":"Created client session 9d7b276aa2d9570e2088aa3b","timestamp":"2026-07-05 08:31:04"}
{"level":"info","message":"Created client session 210d08cf9e2313b9c24730f1","timestamp":"2026-07-05 08:31:11"}
{"level":"info","message":"Created client session 96d17e99e8bb21b5979a93a4","timestamp":"2026-07-05 08:31:15"}
{"level":"info","message":"Created client session a0fe806813ae32bd607ad749","timestamp":"2026-07-05 08:31:26"}
{"level":"info","message":"Created client session 0c2362aa5bfecc147f9f5d91","timestamp":"2026-07-05 08:31:28"}
{"level":"info","message":"Created client session 8c12d78c5e2cc84edf175d22","timestamp":"2026-07-05 08:31:30"}
{"level":"info","message":"Created client session 38a9e882303cfb47237bb399","timestamp":"2026-07-05 08:31:32"}
{"level":"info","message":"Created client session bff6aa335c142c973dabfd87","timestamp":"2026-07-05 08:31:32"}
{"level":"info","message":"Created client session 5cd7eb314ec2d47262c8d7d4","timestamp":"2026-07-05 08:31:45"}
{"level":"info","message":"Created client session 87e5d6b1d792151575360540","timestamp":"2026-07-05 08:31:45"}
{"level":"info","message":"Created client session 1c4138e07c92b43459bc1ad0","timestamp":"2026-07-05 08:31:47"}
{"level":"info","message":"Created client session 4def9ba86aa3fcbebec78788","timestamp":"2026-07-05 08:31:51"}
{"level":"info","message":"Created client session 455422282b9a4207cd1141f2","timestamp":"2026-07-05 08:31:55"}
{"level":"info","message":"Created client session 826e8b6dac5748b2426fe91b","timestamp":"2026-07-05 08:32:04"}
{"level":"info","message":"Created client session 150638d8780ddfceb7edcbdd","timestamp":"2026-07-05 08:32:06"}
{"level":"info","message":"Created client session 9022ccdb8fa88d7dc00d1abd","timestamp":"2026-07-05 08:32:10"}
{"level":"info","message":"Created client session bafd2318266989f5a0fa72d6","timestamp":"2026-07-05 08:32:14"}
{"level":"info","message":"Created client session 758e93e992414b799943ca5c","timestamp":"2026-07-05 08:32:20"}
{"level":"info","message":"Created client session 3bfa9222beb3abe3d51f7943","timestamp":"2026-07-05 08:32:22"}
{"level":"info","message":"Created client session 5d82902c10ece26632ced19a","timestamp":"2026-07-05 08:32:33"}
{"level":"info","message":"Created client session 3b3e4c54d841e6180a73422b","timestamp":"2026-07-05 08:32:35"}
{"level":"info","message":"Created client session eb1f3486fa65e8a3f9a9ac38","timestamp":"2026-07-05 08:32:36"}
{"level":"info","message":"Created client session f707b9dd39431faed178e4ee","timestamp":"2026-07-05 08:32:39"}
{"level":"info","message":"Created client session cd26fd6686ca3ea00c61ec25","timestamp":"2026-07-05 08:32:39"}
{"level":"info","message":"Created client session a4516f932b35deadd3927502","timestamp":"2026-07-05 08:32:43"}
{"level":"info","message":"Created client session 47c67ba9d709e9b5c153a872","timestamp":"2026-07-05 08:32:43"}
{"level":"info","message":"Created client session 7a55a781b11eb7f23bb5692b","timestamp":"2026-07-05 08:32:45"}
{"level":"info","message":"Created client session b941e8938459733ed05d684a","timestamp":"2026-07-05 08:32:47"}
{"level":"info","message":"Created client session 072b772b2fed4e7022b2b8bf","timestamp":"2026-07-05 08:32:50"}
{"level":"info","message":"Created client session 4da8cacf674553f55273c84d","timestamp":"2026-07-05 08:32:56"}
{"level":"info","message":"Created client session c7a6951d291c9949b7481b84","timestamp":"2026-07-05 08:32:57"}
{"level":"info","message":"Created client session 6742da27627439fde81cb87c","timestamp":"2026-07-05 08:33:05"}
{"level":"info","message":"Created client session ab08873d4da14a28a80313be","timestamp":"2026-07-05 08:33:08"}
{"level":"info","message":"Created client session 9bfa719b0b83d445492f5f15","timestamp":"2026-07-05 08:33:22"}
{"level":"info","message":"Created client session 8d428cbfb9d2667cb9b4e8e2","timestamp":"2026-07-05 08:33:37"}
{"level":"info","message":"Created client session 69b26d9691769c462ce9ffc4","timestamp":"2026-07-05 08:33:37"}
{"level":"info","message":"Created client session 4e3e6b34b26c7b5135358f9f","timestamp":"2026-07-05 08:33:38"}
{"level":"info","message":"Created client session afdf9bd7a2296dd052f44289","timestamp":"2026-07-05 08:33:38"}
{"level":"info","message":"Created client session c7bd528b068bcdf34d9a5431","timestamp":"2026-07-05 08:33:54"}
{"level":"info","message":"Created client session 9f0fc59b0e44e21015f59dd6","timestamp":"2026-07-05 08:33:58"}
{"level":"info","message":"Created client session d0d378472e75288d3283e3c9","timestamp":"2026-07-05 08:34:11"}
{"level":"info","message":"Created client session 43057b9580e47755fb015110","timestamp":"2026-07-05 08:34:11"}
{"level":"info","message":"Created client session 9c4110def4661e35ec8bc3c3","timestamp":"2026-07-05 08:34:13"}
{"level":"info","message":"Created client session 1701a3e5c3a04ffdc6a8c93b","timestamp":"2026-07-05 08:34:15"}
{"level":"info","message":"Created client session d95efd3fb57fc2126b0d3180","timestamp":"2026-07-05 08:34:15"}
{"level":"info","message":"Created client session 92cf7c0a62512f3a65b1a9f5","timestamp":"2026-07-05 08:34:16"}
{"level":"info","message":"Created client session c71a26cb0deb555ffb8d704f","timestamp":"2026-07-05 08:34:23"}
{"level":"info","message":"Created client session cc27ee4babef8d6fae9b3e4d","timestamp":"2026-07-05 08:34:26"}
{"level":"info","message":"Created client session 91346beaa7dcebf156e64f72","timestamp":"2026-07-05 08:34:30"}
{"level":"info","message":"Created client session 61122af54a143d7c668e5098","timestamp":"2026-07-05 08:34:31"}
{"level":"info","message":"Created client session 72f08a2e849cde7ce552244f","timestamp":"2026-07-05 08:34:35"}
{"level":"info","message":"Created client session 09f087b10cead4a775f26695","timestamp":"2026-07-05 08:34:35"}
{"level":"info","message":"Created client session 306a70fb885f469a35cf919b","timestamp":"2026-07-05 08:34:36"}
{"level":"info","message":"Created client session 1dd89d9e19b6623555bffdef","timestamp":"2026-07-05 08:34:38"}
{"level":"info","message":"Created client session 41bc8f252d0a769c238ff7f8","timestamp":"2026-07-05 08:34:47"}
{"level":"info","message":"Created client session bc5b663c66ce8ae11c980dfc","timestamp":"2026-07-05 08:34:58"}
{"level":"info","message":"Created client session a5b00da50468b8284fae51b8","timestamp":"2026-07-05 08:35:06"}
{"level":"info","message":"Created client session 44f58b78c6fd3a31e922fb19","timestamp":"2026-07-05 08:35:09"}
{"level":"info","message":"Created client session 1e9ea48a586abc4f5479cf25","timestamp":"2026-07-05 08:35:17"}
{"level":"info","message":"Created client session f5585982030444c272226b37","timestamp":"2026-07-05 08:35:31"}
{"level":"info","message":"Created client session fc29f8a23f01ed2bd7c84e7f","timestamp":"2026-07-05 08:35:31"}
{"level":"info","message":"Created client session fca75ca20bcee66179504880","timestamp":"2026-07-05 08:35:36"}
{"level":"info","message":"Created client session 41e2ce7739a65f01538e5bbc","timestamp":"2026-07-05 08:35:37"}
{"level":"info","message":"Created client session e03cc9f4693393004a5b8c1d","timestamp":"2026-07-05 08:35:37"}
{"level":"info","message":"Created client session ddfc49cad68a64cc2253081c","timestamp":"2026-07-05 08:35:43"}
{"level":"info","message":"Created client session 2d37ad40f3e0476b7525676c","timestamp":"2026-07-05 08:35:44"}
{"level":"info","message":"Created client session 75001636deac5ba383a8f543","timestamp":"2026-07-05 08:35:44"}
{"level":"info","message":"Created client session ab653dc8954263d177d9d203","timestamp":"2026-07-05 08:35:58"}
{"level":"info","message":"Created client session 8f03e0bfd2cbff3f30e69609","timestamp":"2026-07-05 08:35:58"}
{"level":"info","message":"Created client session 94246f5bdf3483fa216bd201","timestamp":"2026-07-05 08:35:58"}
{"level":"info","message":"Created client session 97a181c1ec4d40ae7bfa5b67","timestamp":"2026-07-05 08:35:58"}
{"level":"info","message":"Created client session eeaecb18e52f5c58498afe10","timestamp":"2026-07-05 08:36:04"}
{"level":"info","message":"Created client session 82d57dae6a992336d454bc2d","timestamp":"2026-07-05 08:36:05"}
{"level":"info","message":"Created client session c2ce7e69cbaa38624f20777b","timestamp":"2026-07-05 08:36:05"}
{"level":"info","message":"Created client session 7af1f344c71bd6b0374a5a50","timestamp":"2026-07-05 08:36:10"}
{"level":"info","message":"Created client session af0a4c76765cd4f27b8d831e","timestamp":"2026-07-05 08:36:10"}
{"level":"info","message":"Created client session 2381dad1154b8c81a8afb70a","timestamp":"2026-07-05 08:36:14"}
{"level":"info","message":"Created client session c545263f0c383b37eb4282f1","timestamp":"2026-07-05 08:36:15"}
{"level":"info","message":"Created client session 6c6880a01746b7dc290545dd","timestamp":"2026-07-05 08:36:15"}
{"level":"info","message":"Created client session e7b07fcb32c60b21951582fd","timestamp":"2026-07-05 08:36:22"}
{"level":"info","message":"Created client session a6b2b88af118f56eba12fe5c","timestamp":"2026-07-05 08:36:44"}
{"level":"info","message":"Created client session ef5ec7dbe49980f0c0d461c2","timestamp":"2026-07-05 08:36:56"}
{"level":"info","message":"Created client session 587dbc32f2f0571a2792463f","timestamp":"2026-07-05 08:37:00"}
{"level":"info","message":"Created client session 42db1caec1c6ce173d596ccd","timestamp":"2026-07-05 08:37:12"}
{"level":"info","message":"Created client session ca90433d5422c55a918472bb","timestamp":"2026-07-05 08:37:22"}
{"level":"info","message":"Created client session 50a81424915a9d647329cf24","timestamp":"2026-07-05 08:37:29"}
{"level":"info","message":"Created client session b335702fb74d66200d4bb376","timestamp":"2026-07-05 08:37:29"}
{"level":"info","message":"Created client session 784673138b4f885991c28530","timestamp":"2026-07-05 08:37:29"}
{"level":"info","message":"Created client session dc9dafbfea9e434890dedbe7","timestamp":"2026-07-05 08:37:32"}
{"level":"info","message":"Created client session 0fb265652c638a1d1ffde9b0","timestamp":"2026-07-05 08:37:42"}
{"level":"info","message":"Created client session 07a132dc11f7ff7ae2a3d11a","timestamp":"2026-07-05 08:37:43"}
{"level":"info","message":"Created client session cf2854ab3473d395d745dde0","timestamp":"2026-07-05 08:37:43"}
{"level":"info","message":"Created client session ffb2adf2eae7d7e6b88f8868","timestamp":"2026-07-05 08:37:47"}
{"level":"info","message":"Created client session d5a5ef6786c59e843d236e5d","timestamp":"2026-07-05 08:37:51"}
{"level":"info","message":"Created client session 750d6a498cd875cab91c3a1a","timestamp":"2026-07-05 08:37:51"}
{"level":"info","message":"Created client session 55678406ac1ee02fd4c63577","timestamp":"2026-07-05 08:37:51"}
{"level":"info","message":"Created client session d66e701138a66874df5a9ae0","timestamp":"2026-07-05 08:37:58"}
{"level":"info","message":"Created client session 53bbfff4eeed9ffe8faddae8","timestamp":"2026-07-05 08:38:13"}
{"level":"info","message":"Created client session 225a0ffe023ea194a87a5ed3","timestamp":"2026-07-05 08:38:17"}
{"level":"info","message":"Created client session f6294aa017e774c6931c7a7c","timestamp":"2026-07-05 08:38:20"}
{"level":"info","message":"Created client session b1731fcbcb84a7d8970fa8b9","timestamp":"2026-07-05 08:38:27"}
{"level":"info","message":"Created client session 7e231add515f5f5b717f8c93","timestamp":"2026-07-05 08:38:27"}
{"level":"info","message":"Created client session b2cf67e33d7f7f6b1a914c5a","timestamp":"2026-07-05 08:38:27"}
{"level":"info","message":"Created client session 6cba37db081ac80895b0df62","timestamp":"2026-07-05 08:38:28"}
{"level":"info","message":"Created client session 141f2d321075b91374b719ff","timestamp":"2026-07-05 08:38:34"}
{"level":"info","message":"Created client session f0a0f5e94ef32481ca0a69a2","timestamp":"2026-07-05 08:38:45"}
{"level":"info","message":"Created client session 1896c5fc2bd1b3368c607694","timestamp":"2026-07-05 08:38:46"}
{"level":"info","message":"Created client session 5d19e95826d64e7c72e5a7ed","timestamp":"2026-07-05 08:38:54"}
{"level":"info","message":"Created client session 8e1a9c879f178d014b6621e4","timestamp":"2026-07-05 08:39:03"}
{"level":"info","message":"Created client session a999201ef2cf81859f2bd31e","timestamp":"2026-07-05 08:39:04"}
{"level":"info","message":"Created client session f3e64f235412f16a63038692","timestamp":"2026-07-05 08:39:10"}
{"level":"info","message":"Created client session 70fdec62591dfd1fb8d86fb5","timestamp":"2026-07-05 08:39:13"}
{"level":"info","message":"Created client session ec6ca3553de315285a11fe4e","timestamp":"2026-07-05 08:39:21"}
{"level":"info","message":"Created client session f4141ee602370579c436d9ae","timestamp":"2026-07-05 08:39:25"}
{"level":"info","message":"Created client session 2e03758ef48295b3eada89fa","timestamp":"2026-07-05 08:39:27"}
{"level":"info","message":"Created client session d93ecf746e70372109be34a0","timestamp":"2026-07-05 08:39:27"}
{"level":"info","message":"Created client session fbed41ea59f49420ee5ca658","timestamp":"2026-07-05 08:39:38"}
{"level":"info","message":"Created client session 0891eae4a666b56bfd71159d","timestamp":"2026-07-05 08:39:40"}
{"level":"info","message":"Created client session 7fc353b7039646b72b5225c2","timestamp":"2026-07-05 08:39:43"}
{"level":"info","message":"Created client session e16d62baa82babc59498e8f2","timestamp":"2026-07-05 08:39:46"}
{"level":"info","message":"Created client session 094fe777268af9f1dfd2e608","timestamp":"2026-07-05 08:39:53"}
{"level":"info","message":"Created client session 2853fab4d1eb81b27e45ead7","timestamp":"2026-07-05 08:39:56"}
{"level":"info","message":"Created client session 3e7a97f86eb205d9d3ba23c6","timestamp":"2026-07-05 08:40:04"}
{"level":"info","message":"Created client session d95d25e1aa238be034164be0","timestamp":"2026-07-05 08:40:05"}
{"level":"info","message":"Created client session 2f9c0033b30fe8c1e7d6264f","timestamp":"2026-07-05 08:40:05"}
{"level":"info","message":"Created client session 75fe23250b8fbba4333edbc6","timestamp":"2026-07-05 08:40:07"}
{"level":"info","message":"Created client session 152b35a84134113fdedf3946","timestamp":"2026-07-05 08:40:07"}
{"level":"info","message":"Created client session 2a0a79fb2cf9b48b6135497d","timestamp":"2026-07-05 08:40:13"}
{"level":"info","message":"Created client session f8b198e8010c2bc7b393b57a","timestamp":"2026-07-05 08:40:26"}
{"level":"info","message":"Created client session 2c90f41b151c9964a74b0319","timestamp":"2026-07-05 08:40:29"}
{"level":"info","message":"Created client session 3ed6750bc0d762cd8c49bc8f","timestamp":"2026-07-05 08:40:29"}
{"level":"info","message":"Created client session b0e2ebc8d9ce7538d2411ed3","timestamp":"2026-07-05 08:40:41"}
{"level":"info","message":"Created client session 5153d008ccc64dde583871f0","timestamp":"2026-07-05 08:40:47"}
{"level":"info","message":"Created client session 772bf1d09e2b1aa06b575fc7","timestamp":"2026-07-05 08:40:51"}
{"level":"info","message":"Created client session b389f09d14ee7803b1321495","timestamp":"2026-07-05 08:40:57"}
{"level":"info","message":"Created client session aadfc1e61dc1edcac5a8cfd7","timestamp":"2026-07-05 08:40:58"}
{"level":"info","message":"Created client session 1ccaf16d50e8387545be22a5","timestamp":"2026-07-05 08:41:05"}
{"level":"info","message":"Created client session 9cdd0c7a5fbfdbbf10de1698","timestamp":"2026-07-05 08:41:31"}
{"level":"info","message":"Created client session 584913abbdc60e4a70ae1e10","timestamp":"2026-07-05 08:41:38"}
{"level":"info","message":"Created client session 6b00722ca7f9f5cff6e6e6ba","timestamp":"2026-07-05 08:41:43"}
{"level":"info","message":"Created client session f81805b30920cb45ecc21eda","timestamp":"2026-07-05 08:41:50"}
{"level":"info","message":"Created client session 3fbcd5316ab9c2163228de84","timestamp":"2026-07-05 08:41:59"}
{"level":"info","message":"Created client session c3c113864fed6a8af5979582","timestamp":"2026-07-05 08:42:09"}
{"level":"info","message":"Created client session ef5bfb4225bb27b20bba61e7","timestamp":"2026-07-05 08:42:18"}
{"level":"info","message":"Created client session 1cd747c556ff83fa1790040e","timestamp":"2026-07-05 08:42:21"}
{"level":"info","message":"Created client session 08435ed115a3574d5dffc9a8","timestamp":"2026-07-05 08:42:35"}
{"level":"info","message":"Created client session 93da4d3b3bdf27308dcd0d0a","timestamp":"2026-07-05 08:42:38"}
{"level":"info","message":"Created client session cad4a537e7da042dfac07bd5","timestamp":"2026-07-05 08:42:39"}
{"level":"info","message":"Created client session 2231a5f7acd45eb6c3ea0ba2","timestamp":"2026-07-05 08:42:42"}
{"level":"info","message":"Created client session 181b75d142049f9dcbc1acea","timestamp":"2026-07-05 08:42:51"}
{"level":"info","message":"Created client session b8313301d69df894c6d06107","timestamp":"2026-07-05 08:42:53"}
{"level":"info","message":"Created client session cc3b7c2721e250f0c763db30","timestamp":"2026-07-05 08:43:07"}
{"level":"info","message":"Created client session 180e2ebc20cefc038c5c2779","timestamp":"2026-07-05 08:43:21"}
{"level":"info","message":"Created client session 4a4025f47e74a789735866ff","timestamp":"2026-07-05 08:43:30"}
{"level":"info","message":"Created client session 9e4525ebbd9bfc912fe4c960","timestamp":"2026-07-05 08:43:34"}
{"level":"info","message":"Created client session 99d4a404d99855ad6ea57308","timestamp":"2026-07-05 08:43:37"}
{"level":"info","message":"Created client session 1bbf170097d6332e612c076b","timestamp":"2026-07-05 08:43:39"}
{"level":"info","message":"Created client session a8294974523b4a60d341d0d8","timestamp":"2026-07-05 08:43:40"}
{"level":"info","message":"Created client session 7905b1b1ff9d4f891d2f5c3e","timestamp":"2026-07-05 08:43:41"}
{"level":"info","message":"Created client session cb19e80cba47fb2485e2738c","timestamp":"2026-07-05 08:43:56"}
{"level":"info","message":"Created client session 21ad55d089958fc7e98ac101","timestamp":"2026-07-05 08:43:57"}
{"level":"info","message":"Created client session 207e2632eb9dc745c6faa6a9","timestamp":"2026-07-05 08:43:59"}
{"level":"info","message":"Created client session 352435c6476b43909c298b30","timestamp":"2026-07-05 08:43:59"}
{"level":"info","message":"Created client session 441d925e09f2a10eb1cbda8d","timestamp":"2026-07-05 08:44:04"}
{"level":"info","message":"Created client session 463f688ea49a107c4dc9f00b","timestamp":"2026-07-05 08:44:12"}
{"level":"info","message":"Created client session 4e7b82bdbd68191be772ea20","timestamp":"2026-07-05 08:44:15"}
{"level":"info","message":"Created client session 1759af8866315079ed4053a8","timestamp":"2026-07-05 08:44:20"}
{"level":"info","message":"Created client session cff7541fc3e75fe348932513","timestamp":"2026-07-05 08:44:25"}
{"level":"info","message":"Created client session 643012928df1cfa845632cf9","timestamp":"2026-07-05 08:44:27"}
{"level":"info","message":"Created client session 81286cd3bfde29c3b6b54389","timestamp":"2026-07-05 08:44:27"}
{"level":"info","message":"Created client session e0301587d16d0685abeed1b3","timestamp":"2026-07-05 08:44:32"}
{"level":"info","message":"Created client session 8859390539b8fa544fdcd059","timestamp":"2026-07-05 08:44:36"}
{"level":"info","message":"Created client session cca3c2e14dc16b455a937b16","timestamp":"2026-07-05 08:44:43"}
{"level":"info","message":"Created client session af9081235559b4c31bf541f2","timestamp":"2026-07-05 08:44:43"}
{"level":"info","message":"Created client session 67540076749e761b37b3fb9f","timestamp":"2026-07-05 08:44:43"}
{"level":"info","message":"Created client session 824f687edf1692ef691f6bdf","timestamp":"2026-07-05 08:44:43"}
{"level":"info","message":"Created client session 89d7b8064c8f391c8438f439","timestamp":"2026-07-05 08:44:43"}
{"level":"info","message":"Created client session 4ec1cf7ed2eac0a97170b9c6","timestamp":"2026-07-05 08:45:01"}
{"level":"info","message":"Created client session 60b55324248723dd67ad0bb3","timestamp":"2026-07-05 08:45:02"}
{"level":"info","message":"Created client session 96b08fb906559b0af88f3045","timestamp":"2026-07-05 08:45:08"}
{"level":"info","message":"Created client session 963cca3d5a056714d8fa10b3","timestamp":"2026-07-05 08:45:18"}
{"level":"info","message":"Created client session df999533a6c9b0dbef15c967","timestamp":"2026-07-05 08:45:21"}
{"level":"info","message":"Created client session 46278eaa076abd7cb72ebfd9","timestamp":"2026-07-05 08:45:23"}
{"level":"info","message":"Created client session 69e8d4b0b408e3ea4b9dd4d7","timestamp":"2026-07-05 08:45:24"}
{"level":"info","message":"Created client session fbcc338546d1c038d6ea39c1","timestamp":"2026-07-05 08:45:31"}
{"level":"info","message":"Created client session b3495b7638b5b00701d29bd1","timestamp":"2026-07-05 08:45:31"}
{"level":"info","message":"Created client session 8572ea13c80930faf7eb2c80","timestamp":"2026-07-05 08:45:33"}
{"level":"info","message":"Created client session 3860b4c16e02e7cb7f73fe7a","timestamp":"2026-07-05 08:45:37"}
{"level":"info","message":"Created client session ae859b0320b81d84aaa8dbfb","timestamp":"2026-07-05 08:45:48"}
{"level":"info","message":"Created client session 17cf696e3e7d6b7920f72f05","timestamp":"2026-07-05 08:45:51"}
{"level":"info","message":"Created client session 6fa63f49b5d3c6f32d66aaa9","timestamp":"2026-07-05 08:45:51"}
{"level":"info","message":"Created client session 694ee571026924bda4dd10ae","timestamp":"2026-07-05 08:46:07"}
{"level":"info","message":"Created client session 77e3b24d4ed4b432800bc6c9","timestamp":"2026-07-05 08:46:21"}
{"level":"info","message":"Created client session 4e27a6b70eb67cf270325676","timestamp":"2026-07-05 08:46:22"}
{"level":"info","message":"Created client session 2480ac6f18692740e7c2d1ad","timestamp":"2026-07-05 08:46:25"}
{"level":"info","message":"Created client session 0fecb5f09d04783ce02429ea","timestamp":"2026-07-05 08:46:25"}
{"level":"info","message":"Created client session 2b2da96cfb186e53b23ed129","timestamp":"2026-07-05 08:46:36"}
{"level":"info","message":"Created client session e0fa774dc2205b4e4451ecc9","timestamp":"2026-07-05 08:46:42"}
{"level":"info","message":"Created client session a3ab313d3b4933996791f3b0","timestamp":"2026-07-05 08:46:47"}
{"level":"info","message":"Created client session 83b6abe6c4b00ff260270eb1","timestamp":"2026-07-05 08:46:47"}
{"level":"info","message":"Created client session cc992d438cee31ec8724ac5c","timestamp":"2026-07-05 08:46:57"}
{"level":"info","message":"Created client session 8d89631bb0f11766b4ab446f","timestamp":"2026-07-05 08:47:05"}
{"level":"info","message":"Created client session ba29ccd87d2d06db362c84fe","timestamp":"2026-07-05 08:47:06"}
{"level":"info","message":"Created client session 96fbc822e5458a6fb19f2e59","timestamp":"2026-07-05 08:47:09"}
{"level":"info","message":"Created client session e758b1583d57de9675561a24","timestamp":"2026-07-05 08:47:11"}
{"level":"info","message":"Created client session 56e9c1eabe9bfaeff6d8a0a4","timestamp":"2026-07-05 08:47:24"}
{"level":"info","message":"Created client session 459169e343a9b24d26eeaa9e","timestamp":"2026-07-05 08:47:24"}
{"level":"info","message":"Created client session c327b995b84c3cb3d193bc1b","timestamp":"2026-07-05 08:47:25"}
{"level":"info","message":"Created client session db8de0152276410e6f72ccc9","timestamp":"2026-07-05 08:47:29"}
{"level":"info","message":"Created client session 7c4c20557552ed179cf2d794","timestamp":"2026-07-05 08:47:30"}
{"level":"info","message":"Created client session ca0c248c6d2da1fc58f5b9db","timestamp":"2026-07-05 08:47:39"}
{"level":"info","message":"Created client session da33184da940819b04f4ac6c","timestamp":"2026-07-05 08:47:56"}
{"level":"info","message":"Created client session 0f276c9f218f4e54c416a957","timestamp":"2026-07-05 08:48:00"}
{"level":"info","message":"Created client session 6d65f547cabd637e7a782564","timestamp":"2026-07-05 08:48:11"}
{"level":"info","message":"Created client session 2dd7affa7a6633c97a4b128f","timestamp":"2026-07-05 08:48:14"}
{"level":"info","message":"Created client session 76f322199124df9bc97c16c1","timestamp":"2026-07-05 08:48:17"}
{"level":"info","message":"Created client session dc4b37be8b2d11c622f53d9f","timestamp":"2026-07-05 08:48:19"}
{"level":"info","message":"Created client session f8cacfb65c4717b14ca5bd6e","timestamp":"2026-07-05 08:48:30"}
{"level":"info","message":"Created client session 9343bab7c08bdbcc981c76a5","timestamp":"2026-07-05 08:48:34"}
{"level":"info","message":"Created client session 2a8ced9ee5fa924e3d47ae87","timestamp":"2026-07-05 08:48:56"}
{"level":"info","message":"Created client session c84388334766674c1db9f903","timestamp":"2026-07-05 08:48:56"}
{"level":"info","message":"Created client session f0d87ca7a4e264a3c25a2977","timestamp":"2026-07-05 08:49:00"}
{"level":"info","message":"Created client session dc61c7334ddc36cdb85a685e","timestamp":"2026-07-05 08:49:03"}
{"level":"info","message":"Created client session df64e6eef8b083c43e3873c4","timestamp":"2026-07-05 08:49:03"}
{"level":"info","message":"Created client session 9e0739e0e88d63f36596f024","timestamp":"2026-07-05 08:49:07"}
{"level":"info","message":"Created client session 3d3260486576649d4c9b0fa2","timestamp":"2026-07-05 08:49:07"}
{"level":"info","message":"Created client session 22f8d8ff655080acc83734d2","timestamp":"2026-07-05 08:49:15"}
{"level":"info","message":"Created client session 8b2c2385c95e651f66e0a76b","timestamp":"2026-07-05 08:49:15"}
{"level":"info","message":"Created client session 2cef30c892b634effe5f7b3b","timestamp":"2026-07-05 08:49:19"}
{"level":"info","message":"Created client session a7e73cfeb0d7b2253435ad7d","timestamp":"2026-07-05 08:49:20"}
{"level":"info","message":"Created client session d7eec5ec84100088e4d21574","timestamp":"2026-07-05 08:49:22"}
{"level":"info","message":"Created client session 7898bd333dbd0d5698701a99","timestamp":"2026-07-05 08:49:22"}
{"level":"info","message":"Created client session d5d1436314878ef0fdbd828c","timestamp":"2026-07-05 08:49:32"}
{"level":"info","message":"Created client session fe09636cd80c65b3202743b3","timestamp":"2026-07-05 08:49:49"}
{"level":"info","message":"Created client session c678acf2dbe509e706b0edfa","timestamp":"2026-07-05 08:49:50"}
{"level":"info","message":"Created client session 9d7ceeb79c511636a83ed2ac","timestamp":"2026-07-05 08:49:58"}
{"level":"info","message":"Created client session 0093c0de799fff4dfa186da7","timestamp":"2026-07-05 08:49:59"}
{"level":"info","message":"Created client session 7757d314082bd171892d9623","timestamp":"2026-07-05 08:50:03"}
{"level":"info","message":"Created client session 9825b18dab2703c4cfee3de5","timestamp":"2026-07-05 08:50:03"}
{"level":"info","message":"Created client session b8408aa4271b9154cf9b4c6f","timestamp":"2026-07-05 08:50:08"}
{"level":"info","message":"Created client session 54b35132576cc9fde852bf1d","timestamp":"2026-07-05 08:50:09"}
{"level":"info","message":"Created client session d7c3e14ae6e6b1be3bef02ee","timestamp":"2026-07-05 08:50:17"}
{"level":"info","message":"Created client session b78243fe2e20179510d300d2","timestamp":"2026-07-05 08:50:21"}
{"level":"info","message":"Created client session 10ed231023d076b2d6a9aba0","timestamp":"2026-07-05 08:50:25"}
{"level":"info","message":"Created client session 54e6e4e92c8e0838fcfb60ab","timestamp":"2026-07-05 08:50:25"}
{"level":"info","message":"Created client session ce7e52bc8799161fa2868247","timestamp":"2026-07-05 08:50:25"}
{"level":"info","message":"Created client session 091ef240800093ac3e8210b0","timestamp":"2026-07-05 08:50:26"}
{"level":"info","message":"Created client session 7d55f733fdc3a9edb750f3cf","timestamp":"2026-07-05 08:50:39"}
{"level":"info","message":"Created client session 11c558a03db95b373b52be2a","timestamp":"2026-07-05 08:50:47"}
{"level":"info","message":"Created client session cf79370fc948ca9a0c10dadb","timestamp":"2026-07-05 08:50:59"}
{"level":"info","message":"Created client session cf15d3c0e78e6e38819cca93","timestamp":"2026-07-05 08:51:10"}
{"level":"info","message":"Created client session b2bdd68b110b3e4feb2f5b72","timestamp":"2026-07-05 08:51:11"}
{"level":"info","message":"Created client session 77d0fdea644f5c65f9248b16","timestamp":"2026-07-05 08:51:11"}
{"level":"info","message":"Created client session 6673f099009b58c4118bd2fa","timestamp":"2026-07-05 08:51:15"}
{"level":"info","message":"Created client session 9d31ee323ded3e2308612c4e","timestamp":"2026-07-05 08:51:16"}
{"level":"info","message":"Created client session 3c994e28c4eb3ca675b4e943","timestamp":"2026-07-05 08:51:17"}
{"level":"info","message":"Created client session 995c0da55666aa0a426560f4","timestamp":"2026-07-05 08:51:28"}
{"level":"info","message":"Created client session ee9602f0fc90f59a66f1a084","timestamp":"2026-07-05 08:51:36"}
{"level":"info","message":"Created client session 8d7f1715b1393daed5ce2c1c","timestamp":"2026-07-05 08:51:36"}
{"level":"info","message":"Created client session 33d6c3089203198685d37c7e","timestamp":"2026-07-05 08:51:37"}
{"level":"info","message":"Created client session 4b08205b73b1c9c2dc9f9ea9","timestamp":"2026-07-05 08:51:37"}
{"level":"info","message":"Created client session 1ddd13aed76ae891048d152e","timestamp":"2026-07-05 08:51:41"}
{"level":"info","message":"Created client session 2f7995cb493ea9057c909c55","timestamp":"2026-07-05 08:51:41"}
{"level":"info","message":"Created client session f740c501263a4c2bf43859c0","timestamp":"2026-07-05 08:51:43"}
{"level":"info","message":"Created client session 979150d4f836dcc5cd80b5a0","timestamp":"2026-07-05 08:51:44"}
{"level":"info","message":"Created client session 33e8b4009652084978308131","timestamp":"2026-07-05 08:51:48"}
{"level":"info","message":"Created client session bd0e31ed89adf3f348f5f3d8","timestamp":"2026-07-05 08:51:48"}
{"level":"info","message":"Created client session ec1051a0850e6f717ad5d03d","timestamp":"2026-07-05 08:52:00"}
{"level":"info","message":"Created client session 2ee6795fee266fe3c88d6a0b","timestamp":"2026-07-05 08:52:02"}
{"level":"info","message":"Created client session cbce72ef5a6c00cfceb925c6","timestamp":"2026-07-05 08:52:03"}
{"level":"info","message":"Created client session 6c5f92c5a65a77afab7284d8","timestamp":"2026-07-05 08:52:09"}
{"level":"info","message":"Created client session 06c4d46919628166501a5b4f","timestamp":"2026-07-05 08:52:11"}
{"level":"info","message":"Created client session d2f77f20782c2de42e321b20","timestamp":"2026-07-05 08:52:13"}
{"level":"info","message":"Created client session 2c3f947107fda8c3e1412709","timestamp":"2026-07-05 08:52:13"}
{"level":"info","message":"Created client session 422028a516b86531e5ddae62","timestamp":"2026-07-05 08:52:16"}
{"level":"info","message":"Created client session e8da64e120548caf17cb9443","timestamp":"2026-07-05 08:52:20"}
{"level":"info","message":"Created client session 1815968fd635277a2e46a873","timestamp":"2026-07-05 08:52:29"}
{"level":"info","message":"Created client session 17102526d0b85152eaaaacc2","timestamp":"2026-07-05 08:52:29"}
{"level":"info","message":"Created client session ebcfeb5441bda70dfd8cc497","timestamp":"2026-07-05 08:52:30"}
{"level":"info","message":"Created client session 6651c40fb069b6873c1cfb09","timestamp":"2026-07-05 08:52:30"}
{"level":"info","message":"Created client session 7b9403d82bd07f8ebc6ecb7c","timestamp":"2026-07-05 08:52:30"}
{"level":"info","message":"Created client session f82c77a5c47452e62cbb4fc8","timestamp":"2026-07-05 08:52:36"}
{"level":"info","message":"Created client session 9acd2411f801fdda64b8bda7","timestamp":"2026-07-05 08:52:50"}
{"level":"info","message":"Created client session 27361ab200a41b9581cff4bb","timestamp":"2026-07-05 08:52:51"}
{"level":"info","message":"Created client session 136490becde3bd8eee423b66","timestamp":"2026-07-05 08:53:00"}
{"level":"info","message":"Created client session 509cf77a40e214ae982ccbdf","timestamp":"2026-07-05 08:53:01"}
{"level":"info","message":"Created client session c157f94eff1bf44e0d90c7be","timestamp":"2026-07-05 08:53:05"}
{"level":"info","message":"Created client session a0d85f23f63d7a97d958754c","timestamp":"2026-07-05 08:53:07"}
{"level":"info","message":"Created client session 195d5680ae345b47293433ec","timestamp":"2026-07-05 08:53:09"}
{"level":"info","message":"Created client session 4674de03d567d4f005bfe0d4","timestamp":"2026-07-05 08:53:18"}
{"level":"info","message":"Created client session dbae5458e635608e24e80e09","timestamp":"2026-07-05 08:53:18"}
{"level":"info","message":"Created client session 0b2ee829b95f9bf09c25ef47","timestamp":"2026-07-05 08:53:22"}
{"level":"info","message":"Created client session 7821706c2285a7239d62d70b","timestamp":"2026-07-05 08:53:22"}
{"level":"info","message":"Created client session 747e420888426e94e1077738","timestamp":"2026-07-05 08:53:24"}
{"level":"info","message":"Created client session d73e2e9a7d501aa9ce5ebec3","timestamp":"2026-07-05 08:53:26"}
{"level":"info","message":"Created client session 126f71c61719cdd03d53def5","timestamp":"2026-07-05 08:53:35"}
{"level":"info","message":"Created client session a01b3e3ac6d98a979e4a4919","timestamp":"2026-07-05 08:53:38"}
{"level":"info","message":"Created client session 78da5b374cc0d56fa1f31463","timestamp":"2026-07-05 08:53:52"}
{"level":"info","message":"Created client session 392f09239c8f14b1d03f460f","timestamp":"2026-07-05 08:53:55"}
{"level":"info","message":"Created client session 77ef8cbec7f380046c9f5ae8","timestamp":"2026-07-05 08:53:58"}
{"level":"info","message":"Created client session c8c7c238be3bdf4db9432e2e","timestamp":"2026-07-05 08:54:08"}
{"level":"info","message":"Created client session 7022c2ab7973a0b7af2e3c54","timestamp":"2026-07-05 08:54:11"}
{"level":"info","message":"Created client session f815a093139059915a56c1a3","timestamp":"2026-07-05 08:54:11"}
{"level":"info","message":"Created client session fdcdbac612f9f62ece2f09df","timestamp":"2026-07-05 08:54:21"}
{"level":"info","message":"Created client session b1b3d24bd0e504a22c9aabaf","timestamp":"2026-07-05 08:54:24"}
{"level":"info","message":"Created client session 45f040ce6f059ffa75685112","timestamp":"2026-07-05 08:54:27"}
{"level":"info","message":"Created client session f57f82579e2cd9a6e9afb808","timestamp":"2026-07-05 08:54:28"}
{"level":"info","message":"Created client session dbd0820c74551186c4acd484","timestamp":"2026-07-05 08:54:30"}
{"level":"info","message":"Created client session cc5dee4b932e7a402e2f0af4","timestamp":"2026-07-05 08:54:36"}
{"level":"info","message":"Created client session b841fd511436246318186d0f","timestamp":"2026-07-05 08:54:36"}
{"level":"info","message":"Created client session aa98c67154538dddf289e9b5","timestamp":"2026-07-05 08:54:44"}
{"level":"info","message":"Created client session 7be48a9cc42ffb27ef7fb7a3","timestamp":"2026-07-05 08:54:46"}
{"level":"info","message":"Created client session 4e9ab88cfd1db539074b8f4a","timestamp":"2026-07-05 08:54:59"}
{"level":"info","message":"Created client session 38fea2dc39c0b622d08a614c","timestamp":"2026-07-05 08:54:59"}
{"level":"info","message":"Created client session befcf970c44e9b3a20db204f","timestamp":"2026-07-05 08:55:12"}
{"level":"info","message":"Created client session 042d1ae16f573a932f2fbda6","timestamp":"2026-07-05 08:55:14"}
{"level":"info","message":"Created client session 6f15d737d3d92b58efc0af61","timestamp":"2026-07-05 08:55:14"}
{"level":"info","message":"Created client session 97f57b9a005887dae89d634c","timestamp":"2026-07-05 08:55:15"}
{"level":"info","message":"Created client session 70d58d15821a7d4ea50f6533","timestamp":"2026-07-05 08:55:17"}
{"level":"info","message":"Created client session 74caffd566d0334004fa2630","timestamp":"2026-07-05 08:55:28"}
{"level":"info","message":"Created client session 8154b8f29be292d061d34b32","timestamp":"2026-07-05 08:55:30"}
{"level":"info","message":"Created client session 26e110dd2fe1ada0ec4f5ac5","timestamp":"2026-07-05 08:55:34"}
{"level":"info","message":"Created client session 554fb2a707d7188f15ebb1d9","timestamp":"2026-07-05 08:55:34"}
{"level":"info","message":"Created client session e4bf137967dc5f4ca263da21","timestamp":"2026-07-05 08:55:43"}
{"level":"info","message":"Created client session b651d581925799ea384ebf9a","timestamp":"2026-07-05 08:55:43"}
{"level":"info","message":"Created client session 3a2b8c08e42ee266d3333f45","timestamp":"2026-07-05 08:55:49"}
{"level":"info","message":"Created client session 56dba777a9fdb5fa0a198024","timestamp":"2026-07-05 08:55:51"}
{"level":"info","message":"Created client session 4647ad32381f7904d16a2320","timestamp":"2026-07-05 08:55:52"}
{"level":"info","message":"Created client session b0402c5418fe09d229deef7d","timestamp":"2026-07-05 08:55:52"}
{"level":"info","message":"Created client session d1f988b23b4cfba3c655b54a","timestamp":"2026-07-05 08:56:02"}
{"level":"info","message":"Created client session b015a7826a34235809176a6f","timestamp":"2026-07-05 08:56:03"}
{"level":"info","message":"Created client session 3538d91b4699f24968ee2fb6","timestamp":"2026-07-05 08:56:17"}
{"level":"info","message":"Created client session 59852bda785e741c31248785","timestamp":"2026-07-05 08:56:22"}
{"level":"info","message":"Created client session 79d56697f2505b2a3f3af06f","timestamp":"2026-07-05 08:56:24"}
{"level":"info","message":"Created client session 1ee9bbc776126f50e31f813e","timestamp":"2026-07-05 08:56:29"}
{"level":"info","message":"Created client session 94abf93f992132b00b5498a2","timestamp":"2026-07-05 08:56:29"}
{"level":"info","message":"Created client session 00e5c05c77c42c23b047b7f3","timestamp":"2026-07-05 08:56:33"}
{"level":"info","message":"Created client session df84a8c22b08bb6658d3a619","timestamp":"2026-07-05 08:56:33"}
{"level":"info","message":"Created client session 69a43e704d6ed3a17a4d54f9","timestamp":"2026-07-05 08:56:37"}
{"level":"info","message":"Created client session 6727c2c92c039697af7d4af6","timestamp":"2026-07-05 08:56:38"}
{"level":"info","message":"Created client session d7431fe1acc298959bde4f81","timestamp":"2026-07-05 08:56:52"}
{"level":"info","message":"Created client session 460ad1c00772bb71736661cb","timestamp":"2026-07-05 08:56:58"}
{"level":"info","message":"Created client session 62c57f57d689dc68e8174f2b","timestamp":"2026-07-05 08:56:59"}
{"level":"info","message":"Created client session 8e28ff8fea4f30c805a41258","timestamp":"2026-07-05 08:56:59"}
{"level":"info","message":"Created client session 92c81406f35c63cb75a6db33","timestamp":"2026-07-05 08:56:59"}
{"level":"info","message":"Created client session 1ae477b7140c784297129ad5","timestamp":"2026-07-05 08:56:59"}
{"level":"info","message":"Created client session 01336ef58fa0727dc64c02fa","timestamp":"2026-07-05 08:57:06"}
{"level":"info","message":"Created client session 80e4d3bfaf3b645c6f7207ca","timestamp":"2026-07-05 08:57:12"}
{"level":"info","message":"Created client session a9d524e947643b2643a17a2a","timestamp":"2026-07-05 08:57:12"}
{"level":"info","message":"Created client session e19aa7d0f4d89ddda3fb2d12","timestamp":"2026-07-05 08:57:12"}
{"level":"info","message":"Created client session d0fcf5643ad7e9f36f936a85","timestamp":"2026-07-05 08:57:26"}
{"level":"info","message":"Created client session ed0a74056abd40aed0a50862","timestamp":"2026-07-05 08:57:29"}
{"level":"info","message":"Created client session 660fdd94d2311bae3c0dae02","timestamp":"2026-07-05 08:57:34"}
{"level":"info","message":"Created client session 17828d74b8a22deeb37df6c5","timestamp":"2026-07-05 08:57:39"}
{"level":"info","message":"Created client session 6bfc8c42b4a9e24b03ce6a6a","timestamp":"2026-07-05 08:57:39"}
{"level":"info","message":"Created client session 12df3f77e203d87162fe821e","timestamp":"2026-07-05 08:57:40"}
{"level":"info","message":"Created client session 48dd4a4d7cee23a7d4e83d3f","timestamp":"2026-07-05 08:58:01"}
{"level":"info","message":"Created client session 432cf602403691bf81bc872d","timestamp":"2026-07-05 08:58:01"}
{"level":"info","message":"Created client session 1527dc33d3aa02694e71d5f8","timestamp":"2026-07-05 08:58:06"}
{"level":"info","message":"Created client session eeff372686a7c37fcc626590","timestamp":"2026-07-05 08:58:16"}
{"level":"info","message":"Created client session 9d22d41b1f2899181ae449d8","timestamp":"2026-07-05 08:58:17"}
{"level":"info","message":"Created client session 65c9a87cc5261a53d5e5ff9f","timestamp":"2026-07-05 08:58:17"}
{"level":"info","message":"Created client session 65c11784f7799db11cf4d48e","timestamp":"2026-07-05 08:58:30"}
{"level":"info","message":"Created client session fcff418788ee5ce0e25bfb04","timestamp":"2026-07-05 08:58:34"}
{"level":"info","message":"Created client session 6e4b50ae35168462d8b9e900","timestamp":"2026-07-05 08:58:42"}
{"level":"info","message":"Created client session 87866ffc737750245108b0ef","timestamp":"2026-07-05 08:58:46"}
{"level":"info","message":"Created client session 3b1581796f0bdf5692cdeb58","timestamp":"2026-07-05 08:58:59"}
{"level":"info","message":"Created client session e2cdd75439324559a88c9658","timestamp":"2026-07-05 08:59:07"}
{"level":"info","message":"Created client session 19bc8548f31b29a37045dba2","timestamp":"2026-07-05 08:59:10"}
{"level":"info","message":"Created client session 0811cbbd1d622bd04c58390f","timestamp":"2026-07-05 08:59:19"}
{"level":"info","message":"Created client session 06fec512403dac7416754336","timestamp":"2026-07-05 08:59:21"}
{"level":"info","message":"Created client session 583fb0effadaf331d8ac0c0b","timestamp":"2026-07-05 08:59:24"}
{"level":"info","message":"Created client session 58efbb5136ead3afbdcb9b6c","timestamp":"2026-07-05 08:59:25"}
{"level":"info","message":"Created client session 46ecba64efa502ff57911754","timestamp":"2026-07-05 08:59:38"}
{"level":"info","message":"Created client session fd3c48e60ab541a11ef74ace","timestamp":"2026-07-05 08:59:38"}
{"level":"info","message":"Created client session 408adc3b5d378ba602090d55","timestamp":"2026-07-05 08:59:50"}
{"level":"info","message":"Created client session db9c2549ac3e9463fe6a2552","timestamp":"2026-07-05 08:59:54"}
{"level":"info","message":"Created client session 6662b49d7d4ea9a317ef91ba","timestamp":"2026-07-05 08:59:54"}
{"level":"info","message":"Created client session 0ef8d8a8b90c01eaa68d13a6","timestamp":"2026-07-05 08:59:54"}
{"level":"info","message":"Created client session 8c5945e253bc7a4414899425","timestamp":"2026-07-05 09:00:04"}
{"level":"info","message":"Created client session 3a1e5f1f6f3209a8fc5af1a7","timestamp":"2026-07-05 09:00:08"}
{"level":"info","message":"Created client session 3058ece1b75fee7faa69ef0d","timestamp":"2026-07-05 09:00:16"}
{"level":"info","message":"Created client session ca9ba9c913285fcf9ee5f780","timestamp":"2026-07-05 09:00:17"}
{"level":"info","message":"Created client session 95588c67caefa150094aa02b","timestamp":"2026-07-05 09:00:27"}
{"level":"info","message":"Created client session a5a26619465f194f2a347721","timestamp":"2026-07-05 09:00:27"}
{"level":"info","message":"Created client session 0266c25ba1e550b36dfb0594","timestamp":"2026-07-05 09:00:40"}
{"level":"info","message":"Created client session 2c91d6a9846f94e914a9ef1c","timestamp":"2026-07-05 09:00:43"}
{"level":"info","message":"Created client session 07300ff73e0cfb305f61e532","timestamp":"2026-07-05 09:00:44"}
{"level":"info","message":"Created client session 0c8b3b543ae831161a28fcbd","timestamp":"2026-07-05 09:00:47"}
{"level":"info","message":"Created client session 601274f168d0dcc576cd5251","timestamp":"2026-07-05 09:00:49"}
{"level":"info","message":"Created client session adb2c32d6f7714015a1c725a","timestamp":"2026-07-05 09:00:55"}
{"level":"info","message":"Created client session fe26b7a976f70e1a2838519f","timestamp":"2026-07-05 09:00:55"}
{"level":"info","message":"Created client session f8dbe1738c60b202ab962832","timestamp":"2026-07-05 09:00:58"}
{"level":"info","message":"Created client session eec731bbcb9c9e0aa1a59b3d","timestamp":"2026-07-05 09:00:59"}
{"level":"info","message":"Created client session 7788b4f80d3db340e1e42285","timestamp":"2026-07-05 09:01:00"}
{"level":"info","message":"Created client session 53a7c29dae48d631ae0383b9","timestamp":"2026-07-05 09:01:10"}
{"level":"info","message":"Created client session eca9d89a1069f83ab7451288","timestamp":"2026-07-05 09:01:12"}
{"level":"info","message":"Created client session bf96bd46a97b1c63aa4ea853","timestamp":"2026-07-05 09:01:27"}
{"level":"info","message":"Created client session c017d76124dc16197e372bc0","timestamp":"2026-07-05 09:01:33"}
{"level":"info","message":"Created client session 708d7c5faacc74db52c56cc9","timestamp":"2026-07-05 09:01:44"}
{"level":"info","message":"Created client session c789511d3f120897211679c5","timestamp":"2026-07-05 09:01:48"}
{"level":"info","message":"Created client session 3ceda67088506e3fa87f01c6","timestamp":"2026-07-05 09:01:50"}
{"level":"info","message":"Created client session 420b0a4c8ea45b9e7c19de56","timestamp":"2026-07-05 09:01:54"}
{"level":"info","message":"Created client session 50d3a5b729a8c2b7d83f5917","timestamp":"2026-07-05 09:01:55"}
{"level":"info","message":"Created client session e05cd68618cb2149b65c926f","timestamp":"2026-07-05 09:01:56"}
{"level":"info","message":"Created client session 563f212a86c78a8252f90743","timestamp":"2026-07-05 09:01:56"}
{"level":"info","message":"Created client session 0a719a1a9af9ad176f29b83c","timestamp":"2026-07-05 09:01:56"}
{"level":"info","message":"Created client session c67e127225ad8b9cb98f2de0","timestamp":"2026-07-05 09:01:58"}
{"level":"info","message":"Created client session 5a8cf03e4282a3fb6e6980a2","timestamp":"2026-07-05 09:02:00"}
{"level":"info","message":"Created client session 0b97fc87187cdd4d9b78e1a8","timestamp":"2026-07-05 09:02:01"}
{"level":"info","message":"Created client session dd8a05c5c01b4153dcc507ad","timestamp":"2026-07-05 09:02:04"}
{"level":"info","message":"Created client session 51d7c6d73275bf089c605ff4","timestamp":"2026-07-05 09:02:12"}
{"level":"info","message":"Created client session 56bdf5703506588659bb5efa","timestamp":"2026-07-05 09:02:12"}
{"level":"info","message":"Created client session 3454a32550f814fe073fac23","timestamp":"2026-07-05 09:02:12"}
{"level":"info","message":"Created client session 7d7d85df75f3040ef991959f","timestamp":"2026-07-05 09:02:13"}
{"level":"info","message":"Created client session d3f26e99823a05b624698673","timestamp":"2026-07-05 09:02:16"}
{"level":"info","message":"Created client session c9c898d2215df606915d337f","timestamp":"2026-07-05 09:02:21"}
{"level":"info","message":"Created client session f4a38c11e477980e025ccc57","timestamp":"2026-07-05 09:02:33"}
{"level":"info","message":"Created client session f9e8d3ef6dadea65311ec228","timestamp":"2026-07-05 09:02:33"}
{"level":"info","message":"Created client session 038c0b41b105e59c1f652e5b","timestamp":"2026-07-05 09:02:36"}
{"level":"info","message":"Created client session a4a26d701898d8e688e4fbc0","timestamp":"2026-07-05 09:02:37"}
{"level":"info","message":"Created client session 5835e692d6c4a21d612bf46f","timestamp":"2026-07-05 09:02:37"}
{"level":"info","message":"Created client session 6a2566e46cebd2dbda44bb4d","timestamp":"2026-07-05 09:02:39"}
{"level":"info","message":"Created client session 59d6303b1286aa9f92d346b6","timestamp":"2026-07-05 09:02:40"}
{"level":"info","message":"Created client session f2ca75decf35932765beac2c","timestamp":"2026-07-05 09:02:55"}
{"level":"info","message":"Created client session 1b2cf093f9ccd2b018548307","timestamp":"2026-07-05 09:02:56"}
{"level":"info","message":"Created client session 0c8a836cc1fc2d6efdad63d1","timestamp":"2026-07-05 09:03:01"}
{"level":"info","message":"Created client session 940c8780f051cd8ba85e4b70","timestamp":"2026-07-05 09:03:06"}
{"level":"info","message":"Created client session 4398b4175b0c41418b92723a","timestamp":"2026-07-05 09:03:08"}
{"level":"info","message":"Created client session 38d64397666073ef0046d0de","timestamp":"2026-07-05 09:03:11"}
{"level":"info","message":"Created client session 87e41629aae74a666b3b4f35","timestamp":"2026-07-05 09:03:24"}
{"level":"info","message":"Created client session eb0c730869cdd36a0a34dcb0","timestamp":"2026-07-05 09:03:24"}
{"level":"info","message":"Created client session 6285dc46313ac6f885c74fb6","timestamp":"2026-07-05 09:03:26"}
{"level":"info","message":"Created client session 0e97f7b98fbc350664f21e4e","timestamp":"2026-07-05 09:03:33"}
{"level":"info","message":"Created client session 17f3aafe3eeb5326f169ea76","timestamp":"2026-07-05 09:03:33"}
{"level":"info","message":"Created client session f9b19bdc093b39edbe3130fa","timestamp":"2026-07-05 09:03:33"}
{"level":"info","message":"Created client session 39ab754ca9fc792763d90b94","timestamp":"2026-07-05 09:03:54"}
{"level":"info","message":"Created client session eac1beed2c2d1b86f8dd09fb","timestamp":"2026-07-05 09:03:58"}
{"level":"info","message":"Created client session 0d911f2944f94356ba27c562","timestamp":"2026-07-05 09:04:07"}
{"level":"info","message":"Created client session 46cd7ed3bcb99b6fc46ae948","timestamp":"2026-07-05 09:04:07"}
{"level":"info","message":"Created client session fbeeb307512fa224ee1da0d9","timestamp":"2026-07-05 09:04:14"}
{"level":"info","message":"Created client session 7f54f73a7660dd53a55e1c47","timestamp":"2026-07-05 09:04:24"}
{"level":"info","message":"Created client session a4919de3978fe6522c8f3332","timestamp":"2026-07-05 09:04:24"}
{"level":"info","message":"Created client session e602a0c52a6230c3109246d4","timestamp":"2026-07-05 09:04:30"}
{"level":"info","message":"Created client session e5a74ec40ad5efe8b722990a","timestamp":"2026-07-05 09:04:44"}
{"level":"info","message":"Created client session 4af61c8f6b16220ca78a0c24","timestamp":"2026-07-05 09:04:47"}
{"level":"info","message":"Created client session e5eeffe883d1f00971f0cc84","timestamp":"2026-07-05 09:04:49"}
{"level":"info","message":"Created client session 8ac685654c4c7b254adf8b7e","timestamp":"2026-07-05 09:05:00"}
{"level":"info","message":"Created client session ef2bf6ec0eae9a6a6be82e34","timestamp":"2026-07-05 09:05:05"}
{"level":"info","message":"Created client session af600401ecb7a37d7957a154","timestamp":"2026-07-05 09:05:12"}
{"level":"info","message":"Created client session 7823cd7135520d3314991f78","timestamp":"2026-07-05 09:05:13"}
{"level":"info","message":"Created client session 37c15a9afb12abbcd2b1155e","timestamp":"2026-07-05 09:05:13"}
{"level":"info","message":"Created client session 0421a664ae4fa2517a984fbb","timestamp":"2026-07-05 09:05:16"}
{"level":"info","message":"Created client session 19f6d5d96fa219d83728934f","timestamp":"2026-07-05 09:05:21"}
{"level":"info","message":"Created client session 5c64f9b6a55293ceaad9f781","timestamp":"2026-07-05 09:05:28"}
{"level":"info","message":"Created client session ec836866835adbecc1f9f3cf","timestamp":"2026-07-05 09:05:30"}
{"level":"info","message":"Created client session 3584f62934e765d2385376f6","timestamp":"2026-07-05 09:05:30"}
{"level":"info","message":"Created client session 9fcf8316d088e1d6811097ec","timestamp":"2026-07-05 09:05:32"}
{"level":"info","message":"Created client session c3fe4b24bfbaf2c86debfd4f","timestamp":"2026-07-05 09:05:33"}
{"level":"info","message":"Created client session 64cc2b46cbaac7f6c31788fb","timestamp":"2026-07-05 09:05:36"}
{"level":"info","message":"Created client session 676c6f586c4c8f18df767f8b","timestamp":"2026-07-05 09:05:43"}
{"level":"info","message":"Created client session fa4d7f5d971d41955e483bd0","timestamp":"2026-07-05 09:05:43"}
{"level":"info","message":"Created client session f3f5c95e2ee8e11e004926ca","timestamp":"2026-07-05 09:05:43"}
{"level":"info","message":"Created client session 55fa37c1cb201f8eab4ef823","timestamp":"2026-07-05 09:05:43"}
{"level":"info","message":"Created client session 74dc1fdc511440860f36a4bb","timestamp":"2026-07-05 09:05:48"}
{"level":"info","message":"Created client session 3c73bd7931fb21718d893f31","timestamp":"2026-07-05 09:05:51"}
{"level":"info","message":"Created client session abfe1950a02bcea3c9e8e578","timestamp":"2026-07-05 09:05:53"}
{"level":"info","message":"Created client session 845b615a3c373e5cab7920a8","timestamp":"2026-07-05 09:05:59"}
{"level":"info","message":"Created client session d17e50eea4487eba975c5548","timestamp":"2026-07-05 09:06:00"}
{"level":"info","message":"Created client session e6efb81fb937828a09afcd91","timestamp":"2026-07-05 09:06:00"}
{"level":"info","message":"Created client session 257892d20886d4011695f24c","timestamp":"2026-07-05 09:06:00"}
{"level":"info","message":"Created client session f9d1e48ab0040d4b6acb7210","timestamp":"2026-07-05 09:06:01"}
{"level":"info","message":"Created client session 3a90ad6e24d74c6cf2e6bcee","timestamp":"2026-07-05 09:06:05"}
{"level":"info","message":"Created client session b19fdb908c53c0232fbdd453","timestamp":"2026-07-05 09:06:05"}
{"level":"info","message":"Created client session c3fbf6ab4ac6ae0ad14280bd","timestamp":"2026-07-05 09:06:08"}
{"level":"info","message":"Created client session a00f07bb3cc07c9e5b807edb","timestamp":"2026-07-05 09:06:20"}
{"level":"info","message":"Created client session f9f992bb8a447d29dad5ef55","timestamp":"2026-07-05 09:06:21"}
{"level":"info","message":"Created client session b497aaab506106f07dbb1e81","timestamp":"2026-07-05 09:06:22"}
{"level":"info","message":"Created client session f90aa8e53dc0b96ad97e3d68","timestamp":"2026-07-05 09:06:24"}
{"level":"info","message":"Created client session 0dfb8890b42bb127e647bddd","timestamp":"2026-07-05 09:06:25"}
{"level":"info","message":"Created client session 123dd2e8f61e33842c3b5660","timestamp":"2026-07-05 09:06:36"}
{"level":"info","message":"Created client session 4bcbb0ff187b4bac23cc3732","timestamp":"2026-07-05 09:06:37"}
{"level":"info","message":"Created client session 7beb8a4a385c59edd087db70","timestamp":"2026-07-05 09:06:40"}
{"level":"info","message":"Created client session 15cac8e7eb2f778040a009aa","timestamp":"2026-07-05 09:06:41"}
{"level":"info","message":"Created client session a74646ee6a2ae5f81ffd6486","timestamp":"2026-07-05 09:06:42"}
{"level":"info","message":"Created client session b703c8d92c2053a4faf212ba","timestamp":"2026-07-05 09:06:53"}
{"level":"info","message":"Created client session 97465f86b5929cd626f2cf14","timestamp":"2026-07-05 09:06:54"}
{"level":"info","message":"Created client session 38b3354613439f018995cc2b","timestamp":"2026-07-05 09:07:12"}
{"level":"info","message":"Created client session 03b806dcf0550346ec324c9a","timestamp":"2026-07-05 09:07:15"}
{"level":"info","message":"Created client session 0dd24039b32c031978426f6a","timestamp":"2026-07-05 09:07:21"}
{"level":"info","message":"Created client session 01404be74a354dc8e43b1683","timestamp":"2026-07-05 09:07:32"}
{"level":"info","message":"Created client session 62ef4b4e8b687bb8ab50d94b","timestamp":"2026-07-05 09:07:33"}
{"level":"info","message":"Created client session 5bfcaf08312a23884f2b3b54","timestamp":"2026-07-05 09:07:46"}
{"level":"info","message":"Created client session 43e494232ddbe1d83a98735c","timestamp":"2026-07-05 09:07:46"}
{"level":"info","message":"Created client session 295d2d491478b7dff15653b2","timestamp":"2026-07-05 09:07:47"}
{"level":"info","message":"Created client session 351d46ddc9b3b4cf1c9ae2be","timestamp":"2026-07-05 09:07:55"}
{"level":"info","message":"Created client session f0144403987ab256b10344ab","timestamp":"2026-07-05 09:07:59"}
{"level":"info","message":"Created client session 44147d36ef05a95af0a017dc","timestamp":"2026-07-05 09:08:07"}
{"level":"info","message":"Created client session da4ba98a2e35355cd0f16938","timestamp":"2026-07-05 09:08:07"}
{"level":"info","message":"Created client session 9098db1ab42cd656e6db0355","timestamp":"2026-07-05 09:08:14"}
{"level":"info","message":"Created client session de565a95c2531891db5e1e34","timestamp":"2026-07-05 09:08:14"}
{"level":"info","message":"Created client session 200060bab7eea1bdcfa24d97","timestamp":"2026-07-05 09:08:17"}
{"level":"info","message":"Created client session f435141f941d3dcbb0381866","timestamp":"2026-07-05 09:08:28"}
{"level":"info","message":"Created client session fe115ecc5cf727a592f6fe14","timestamp":"2026-07-05 09:08:28"}
{"level":"info","message":"Created client session 9fccc8a894e1bfe71345f4b4","timestamp":"2026-07-05 09:08:31"}
{"level":"info","message":"Created client session ff219f068743285397c8c299","timestamp":"2026-07-05 09:08:36"}
{"level":"info","message":"Created client session fcf6991039404d50819e9e12","timestamp":"2026-07-05 09:08:40"}
{"level":"info","message":"Created client session 99836eef3def56b4bc99d7df","timestamp":"2026-07-05 09:08:41"}
{"level":"info","message":"Created client session 0eeb0144c1add5b0e98f5067","timestamp":"2026-07-05 09:08:43"}
{"level":"info","message":"Created client session 4a4641dbe9e67ed2c86c6eb7","timestamp":"2026-07-05 09:13:21"}
{"level":"info","message":"Created client session cfb807daef74d3fa11df403b","timestamp":"2026-07-05 10:12:21"}
{"level":"info","message":"Created client session 00e7f4fad70d4e554f81069f","timestamp":"2026-07-05 10:19:37"}
{"level":"info","message":"Created client session 55716c820287506bdaa9131a","timestamp":"2026-07-05 10:20:46"}
{"level":"info","message":"Created client session b84af106817e46ced4e38e80","timestamp":"2026-07-05 10:21:12"}
{"level":"info","message":"Created client session f7dc0fdc481f857601dd4a23","timestamp":"2026-07-05 10:21:44"}
{"level":"info","message":"Created client session 33cf3578b883961fa9fd8321","timestamp":"2026-07-05 10:21:48"}
{"level":"info","message":"Created client session 6c3b440fe880b119a0a1b4b1","timestamp":"2026-07-05 10:22:08"}
{"level":"info","message":"Created client session da5f8e84ae1f6931612df756","timestamp":"2026-07-05 10:23:48"}
{"level":"info","message":"Created client session 2fa45be724e9bd98b3138758","timestamp":"2026-07-05 10:24:54"}
{"level":"info","message":"Created client session c25f916a913e768bd4f0e764","timestamp":"2026-07-05 10:25:25"}
{"level":"info","message":"Created client session 41d102bad7b143c84e0e474c","timestamp":"2026-07-05 10:26:32"}
{"level":"info","message":"Created client session 389d9c4aa7aec1cb9ddccbba","timestamp":"2026-07-05 10:28:56"}
{"level":"info","message":"Created client session 026e1bcf46ea4409612362e9","timestamp":"2026-07-05 10:29:25"}
{"level":"info","message":"Created client session 5dba219def6d3b35524b74d5","timestamp":"2026-07-05 10:29:56"}
{"level":"info","message":"Created client session 742595134fc0ccbe6dd9b450","timestamp":"2026-07-05 10:31:28"}
{"level":"info","message":"Created client session 24714555afd0fcdab8648eef","timestamp":"2026-07-05 10:32:29"}
{"level":"info","message":"Created client session 42790ce99836973e84e8a76d","timestamp":"2026-07-05 10:32:36"}
{"level":"info","message":"Created client session d3ea25ca39467c29ef0efe08","timestamp":"2026-07-05 10:32:49"}
{"level":"info","message":"Created client session 328ef98912a55213908b1b8b","timestamp":"2026-07-05 10:33:04"}
{"level":"info","message":"Created client session 696ccf1fc5b505206ddbc1b4","timestamp":"2026-07-05 10:47:27"}
{"level":"info","message":"Created client session e638f756e0c70a995e99a677","timestamp":"2026-07-05 10:53:59"}
{"level":"info","message":"Created client session 667db4cd1bd1eaabd0c3da68","timestamp":"2026-07-05 10:58:33"}
{"level":"info","message":"Created client session 8c5946eaf3d6cd66bd742aa8","timestamp":"2026-07-05 11:03:08"}
{"level":"info","message":"Created client session 7aaf4888a69a0732c734afc7","timestamp":"2026-07-05 11:04:07"}
{"level":"info","message":"Created client session 452e4f0965db4a5f8fdd4453","timestamp":"2026-07-05 11:04:07"}
{"level":"info","message":"Created client session d27be2ccd406c3262c0a636f","timestamp":"2026-07-05 11:04:07"}
{"level":"info","message":"Created client session 5f0bd3925c43a603885a61b5","timestamp":"2026-07-05 11:04:07"}
{"level":"info","message":"Created client session dc5fb13a95f04c0172275cdb","timestamp":"2026-07-05 11:04:07"}
{"level":"info","message":"Created client session c06111fa6fb2e695df335982","timestamp":"2026-07-05 11:04:08"}
{"level":"info","message":"Created client session 296289edbaedbd289dab25f5","timestamp":"2026-07-05 11:04:08"}
{"level":"info","message":"Created client session fc0595fa9cc5d5219973e697","timestamp":"2026-07-05 11:04:08"}
{"level":"info","message":"Created client session 2022278abcdc5876d032192a","timestamp":"2026-07-05 11:04:08"}
{"level":"info","message":"Created client session 7d39b02048ba3ee27b38b905","timestamp":"2026-07-05 11:04:08"}
{"level":"info","message":"Created client session 6761277abe95292458396bab","timestamp":"2026-07-05 11:04:08"}
{"level":"info","message":"Created client session dd28fe3642d54321b4703487","timestamp":"2026-07-05 11:04:08"}
{"level":"info","message":"Created client session c4ebbfab38abc5303f98cfba","timestamp":"2026-07-05 11:04:08"}
{"level":"info","message":"Created client session 17f1912cdda97b403b040e0d","timestamp":"2026-07-05 11:04:09"}
{"level":"info","message":"Created client session ec2d7a195f2ee1308814342d","timestamp":"2026-07-05 11:04:09"}
{"level":"info","message":"Created client session 9b79fffd4ccdb122d391eee7","timestamp":"2026-07-05 11:04:09"}
{"level":"info","message":"Created client session 71d71cee1e84f94c5b6bd149","timestamp":"2026-07-05 11:04:09"}
{"level":"info","message":"Created client session c7fdbcfd184ba399b3d6445c","timestamp":"2026-07-05 11:04:09"}
{"level":"info","message":"Created client session 547a2e7ecdace71f9052138b","timestamp":"2026-07-05 11:04:09"}
{"level":"info","message":"Created client session fa84a51c26cedac028c09028","timestamp":"2026-07-05 11:04:09"}
{"level":"info","message":"Created client session 20bf88f08b3d076eff8e08ac","timestamp":"2026-07-05 11:04:09"}
{"level":"info","message":"Created client session e4c2c669ed69adf77a5f8106","timestamp":"2026-07-05 11:04:10"}
{"level":"info","message":"Created client session a5d857659b8cb160bac30c5a","timestamp":"2026-07-05 11:04:10"}
{"level":"info","message":"Created client session efc8c663534ec7158f3b4e47","timestamp":"2026-07-05 11:04:10"}
{"level":"info","message":"Created client session 9d935353fee8caf40e2c5602","timestamp":"2026-07-05 11:04:10"}
{"level":"info","message":"Created client session 280a24eb82ad6bad55229463","timestamp":"2026-07-05 11:04:10"}
{"level":"info","message":"Created client session 466ef338adf74f85dbf97b17","timestamp":"2026-07-05 11:04:10"}
{"level":"info","message":"Created client session d13817046128058c627e42e5","timestamp":"2026-07-05 11:04:10"}
{"level":"info","message":"Created client session 5644820be217f5702f0f8002","timestamp":"2026-07-05 11:04:10"}
{"level":"info","message":"Created client session 667869200a18a673f7f764f3","timestamp":"2026-07-05 11:04:10"}
{"level":"info","message":"Created client session fe5323e76cf62b114bb7f6ba","timestamp":"2026-07-05 11:04:11"}
{"level":"info","message":"Created client session 776fe336bc2c65a4bb3690af","timestamp":"2026-07-05 11:04:11"}
{"level":"info","message":"Created client session 77b9d58f7b1dcffff2828bc8","timestamp":"2026-07-05 11:04:11"}
{"level":"info","message":"Created client session 3565ffba71df1e3d809a06a3","timestamp":"2026-07-05 11:04:11"}
{"level":"info","message":"Created client session 7b0ea04edd37a069af6972f0","timestamp":"2026-07-05 11:04:11"}
{"level":"info","message":"Created client session 74cf4194a6e47c9aa8fae801","timestamp":"2026-07-05 11:04:11"}
{"level":"info","message":"Created client session 38e49eedf929ea90a23c5c4c","timestamp":"2026-07-05 11:04:12"}
{"level":"info","message":"Created client session bca8afcb17c7cb79bf77f09f","timestamp":"2026-07-05 11:04:12"}
{"level":"info","message":"Created client session 2806bc770cca5ad03a38490e","timestamp":"2026-07-05 11:04:12"}
{"level":"info","message":"Created client session d7d09c7b1575c8903f80e074","timestamp":"2026-07-05 11:04:12"}
{"level":"info","message":"Created client session eb1a69bd1036116564fe3058","timestamp":"2026-07-05 11:04:12"}
{"level":"info","message":"Created client session be11ab3331aee533f835cca0","timestamp":"2026-07-05 11:04:12"}
{"level":"info","message":"Created client session 5463e99d9682264cac103d14","timestamp":"2026-07-05 11:04:12"}
{"level":"info","message":"Created client session 03ee6c00c9e1945a19d80889","timestamp":"2026-07-05 11:04:12"}
{"level":"info","message":"Created client session 0f509d582fb9a367eaa82b3c","timestamp":"2026-07-05 11:04:13"}
{"level":"info","message":"Created client session aae0c7d1343f7d41068c1c2f","timestamp":"2026-07-05 11:04:13"}
{"level":"info","message":"Created client session 661674f12351eb8687d3581a","timestamp":"2026-07-05 11:04:13"}
{"level":"info","message":"Created client session 94f19ba84d9d7e71475d3a02","timestamp":"2026-07-05 11:04:13"}
{"level":"info","message":"Created client session 0bbe77ceb0f63bf11b1fdd5d","timestamp":"2026-07-05 11:04:13"}
{"level":"info","message":"Created client session 3485b174c685aa4617990852","timestamp":"2026-07-05 11:04:13"}
{"level":"info","message":"Created client session 79f1c34f6282771204ba42ac","timestamp":"2026-07-05 11:04:13"}
{"level":"info","message":"Created client session fc9e9bbfe33682175d2e4648","timestamp":"2026-07-05 11:04:14"}
{"level":"info","message":"Created client session d64a42115e570425a3eeffdd","timestamp":"2026-07-05 11:04:14"}
{"level":"info","message":"Created client session 5a73f469c155580337c3e373","timestamp":"2026-07-05 11:04:14"}
{"level":"info","message":"Created client session bca33fbddefa7f363fcbf01c","timestamp":"2026-07-05 11:04:14"}
{"level":"info","message":"Created client session 42ff21bdf3fb48b99a2aa0a2","timestamp":"2026-07-05 11:04:14"}
{"level":"info","message":"Created client session 857aad7cfc95eae6e1759244","timestamp":"2026-07-05 11:04:14"}
{"level":"info","message":"Created client session 12a3fe0af2e6bb898d7f720c","timestamp":"2026-07-05 11:04:14"}
{"level":"info","message":"Created client session ba823a09769ab85dc5a5adea","timestamp":"2026-07-05 11:04:14"}
{"level":"info","message":"Created client session afd58970c0adaff34c5aa70c","timestamp":"2026-07-05 11:53:52"}
{"level":"info","message":"Created client session 4cfcdc55fd76f0d50f28506b","timestamp":"2026-07-05 11:58:34"}
{"level":"info","message":"Created client session c878184db6e400d66f23dddd","timestamp":"2026-07-05 12:00:49"}
{"level":"info","message":"Created client session b7672b65f32eadf612aa93bc","timestamp":"2026-07-05 12:09:53"}
{"level":"info","message":"Created client session f3af486fcd6aba80a21c205b","timestamp":"2026-07-05 12:20:15"}
{"level":"info","message":"Created client session fb23438ef1ed9f282fe498fc","timestamp":"2026-07-05 12:24:09"}
{"level":"info","message":"Created client session dbb6b86d843c46845b34e5c7","timestamp":"2026-07-05 12:38:46"}
{"level":"info","message":"Created client session 094130e97ac0dc27296d977c","timestamp":"2026-07-05 13:14:55"}
{"level":"info","message":"Created client session f61f15dc51fa381adb0162ca","timestamp":"2026-07-05 13:15:04"}
{"level":"info","message":"Created client session 15ab6b5facd32288cbc61794","timestamp":"2026-07-05 13:22:50"}
{"level":"info","message":"Created client session 1d5d760d2df2fdbe11cc94e1","timestamp":"2026-07-05 13:22:51"}
{"level":"info","message":"Created client session 5e8c965ed084c6ace996eb89","timestamp":"2026-07-05 13:22:51"}
{"level":"info","message":"Created client session e6b13d0987ed71dc89996989","timestamp":"2026-07-05 13:22:57"}
{"level":"info","message":"Created client session 70016c379b3bea64f7a30a80","timestamp":"2026-07-05 14:03:14"}
{"level":"info","message":"Created client session 28d6c3d19cbc25d7d3596b12","timestamp":"2026-07-05 14:31:08"}
{"level":"info","message":"Created client session ca746b09136c63d75ddda860","timestamp":"2026-07-05 14:45:59"}
{"level":"info","message":"Created client session baa7560d976e1d9a41f576e2","timestamp":"2026-07-05 15:04:19"}
{"level":"info","message":"Created client session a0d7194ea83040e09146da06","timestamp":"2026-07-05 15:39:34"}
{"level":"info","message":"Created client session 14669827029da83d709f0bd0","timestamp":"2026-07-05 16:24:46"}
{"level":"info","message":"Created client session 32a982f88c40bc1e4cb014ea","timestamp":"2026-07-05 16:31:10"}
{"level":"info","message":"Created client session 94d97dd74cf951ef018bc0fb","timestamp":"2026-07-05 16:37:53"}
{"level":"info","message":"Created client session 9ad87b7fcfafe398b46fd42e","timestamp":"2026-07-05 17:23:10"}
{"level":"info","message":"Created client session f32e19749e95326f32d98064","timestamp":"2026-07-05 17:38:11"}
{"level":"info","message":"Created client session dc1d3114baf6965013e760a6","timestamp":"2026-07-05 17:40:09"}
{"level":"info","message":"Created client session ee0d242f8f574363667eba48","timestamp":"2026-07-05 17:47:16"}
{"level":"info","message":"Created client session 395bd9934f25697448c1f4e9","timestamp":"2026-07-05 17:48:23"}
{"level":"info","message":"Created client session 792b034d845034b765a3d44f","timestamp":"2026-07-05 17:58:09"}
{"level":"info","message":"Created client session dede643da6fbc2a43d8e9948","timestamp":"2026-07-05 17:58:09"}
{"level":"info","message":"Created client session 5311d3c62824306d608d16f2","timestamp":"2026-07-05 19:15:20"}
{"level":"info","message":"Created client session 244ccdbfc016dbf8d6d1a049","timestamp":"2026-07-05 20:04:03"}
{"level":"info","message":"Created client session b3bd2b39cf1ac0e377cb1c17","timestamp":"2026-07-05 20:15:45"}
{"level":"info","message":"Created client session 216ed0d7a3fb7bee93698cd8","timestamp":"2026-07-05 20:16:04"}
{"level":"info","message":"Created client session d5e788215b8a8c0404705300","timestamp":"2026-07-05 20:36:31"}
{"level":"info","message":"Created client session 12b095ef9193fbd1e121a816","timestamp":"2026-07-05 20:37:11"}
{"level":"info","message":"Created client session d582e54ee07bad749bf43bcf","timestamp":"2026-07-05 20:45:00"}
{"level":"info","message":"Created client session 4a27f8914176f52036c080cc","timestamp":"2026-07-05 20:53:39"}
{"level":"info","message":"Created client session 9d2237831b8056411b19abd9","timestamp":"2026-07-05 20:57:27"}
{"level":"info","message":"Created client session c70490453e0522a6890d4b3d","timestamp":"2026-07-05 20:57:28"}
{"level":"info","message":"Created client session b5ff6ef976e3ab68394fb32e","timestamp":"2026-07-05 21:16:24"}
{"level":"info","message":"Created client session 7efd95cdfa00e85cff9ddf9e","timestamp":"2026-07-05 21:44:35"}
{"level":"info","message":"Created client session 3db1de8022a8e97b63874cc5","timestamp":"2026-07-05 22:00:05"}
{"level":"info","message":"Created client session 4b9916098c6718795ab31710","timestamp":"2026-07-05 22:30:13"}
{"level":"info","message":"Created client session 58e468237c5ba83e65b5d940","timestamp":"2026-07-05 22:32:18"}
{"level":"info","message":"Created client session 7e399665be72fe33c1fb7133","timestamp":"2026-07-05 22:46:50"}
{"level":"info","message":"Created client session 52d2930b91efddef369737bb","timestamp":"2026-07-05 22:57:51"}
{"level":"info","message":"Created client session 84cc0987b2127ae05fc076aa","timestamp":"2026-07-05 23:37:37"}
{"level":"info","message":"Created client session 7fa2f15c877bc3f9522bbd2f","timestamp":"2026-07-05 23:57:04"}
